p_start,p_end,e_start,e_end,override_path_rmse,override_path_max_abs,delta_p,delta_e,trajectory_trend_pattern
0.6,0.8805538073526329,0.9,0.9022629977921279,5.474026068584569e-05,0.00013705412507009074,0.2805538073526329,0.0022629977921279076,improvement_only
0.6,0.8808975626816655,0.9,0.9031362210585492,0.0001032472679524782,0.0002726301784341939,0.28089756268166555,0.00313622105854916,improvement_only
0.6,0.8789702683328555,0.9,0.8953688720781905,0.0001042562977838309,0.00021006675229792715,0.27897026833285554,-0.00463112792180953,improvement_only
0.6,0.6016057727437877,0.9,0.294044337284986,0.00013252095991901324,0.00034233994505179777,0.0016057727437877034,-0.605955662715014,disengagement_only
0.6,0.5971250008236144,0.9,0.28925738602729023,0.00016792568109612194,0.00024412686734914812,-0.002874999176385562,-0.6107426139727098,disengagement_only
0.6,0.6013103109105671,0.9,0.2921522060245948,0.00017250635490227332,0.0002203422383998399,0.001310310910567103,-0.6078477939754052,disengagement_only
0.6,0.6030462189902072,0.9,0.2955682183976479,0.00018293556274441095,0.000484527471468682,0.0030462189902071835,-0.6044317816023521,disengagement_only
0.6,0.8800037255430968,0.9,0.8978338830558141,0.00018478326221842506,0.00023409178183830814,0.2800037255430968,-0.002166116944185892,improvement_only
0.6,0.6013330463779302,0.9,0.2920520399195221,0.00019248183213228356,0.00024440348048287985,0.0013330463779301915,-0.6079479600804779,disengagement_only
0.6,0.8778860508766899,0.9,0.8913831833323855,0.00020488517610286097,0.0005090563225014222,0.27788605087668994,-0.00861681666761449,improvement_only
0.6,0.5971373496568095,0.9,0.2876906809748255,0.00022782931438795702,0.000593212038662902,-0.0028626503431904426,-0.6123093190251745,disengagement_only
0.6,0.8792413537093021,0.9,0.8993924904778896,0.00022960038168035821,0.0004205186486694046,0.27924135370930214,-0.0006075095221104165,improvement_only
0.6,0.8791558573240156,0.9,0.8990041099215861,0.0002299012240852635,0.0004376077471782147,0.2791558573240156,-0.0009958900784139413,improvement_only
0.6,0.8800468570665533,0.9,0.8974771598837994,0.00023029436787548428,0.0002927716352125187,0.2800468570665533,-0.002522840116200631,improvement_only
0.6,0.600580368022551,0.9,0.29093101115173714,0.00023871342665536259,0.00034819970494487373,0.0005803680225510144,-0.6090689888482629,disengagement_only
0.6,0.5959479303976697,0.9,0.28648376978242224,0.00026619470576066186,0.0007071102405301344,-0.004052069602330288,-0.6135162302175778,disengagement_only
0.6,0.5967532797058981,0.9,0.28960567532085135,0.0002679995722155066,0.00036902568917257517,-0.0032467202941018902,-0.6103943246791487,disengagement_only
0.6,0.8826681186825465,0.9,0.9125050293268467,0.00028674113804151563,0.0005287974449416227,0.2826681186825465,0.012505029326846717,improvement_only
0.6,0.5996167427460569,0.9,0.2896294614273631,0.0002874151141258273,0.000529754371631358,-0.000383257253943059,-0.6103705385726369,disengagement_only
0.6,0.6022542559144358,0.9,0.2961388614517314,0.0003613909125998904,0.000812968875056802,0.002254255914435843,-0.6038611385482686,disengagement_only
0.6,0.5960771703112028,0.9,0.2858094882943574,0.0003681514040062386,0.0009304210324216355,-0.0039228296887972025,-0.6141905117056425,disengagement_only
0.6,0.5964776761362139,0.9,0.28608271120327433,0.00037893322275245583,0.0009306405785689392,-0.0035223238637860366,-0.6139172887967257,disengagement_only
0.6,0.6080510496667529,0.9,0.2992543581436127,0.00042660330345325033,0.0006158168214679682,0.008051049666752963,-0.6007456418563873,disengagement_only
0.6,0.5989161844817545,0.9,0.28805115277627535,0.0004339868344388556,0.0008466296782809746,-0.0010838155182454345,-0.6119488472237247,disengagement_only
0.6,0.6018638496857683,0.9,0.29622564216271224,0.00043821139332251045,0.0009189521781434729,0.0018638496857683595,-0.6037743578372878,disengagement_only
0.6,0.8823566258269343,0.9,0.9143553806489673,0.00044031151356786194,0.000631973642910344,0.2823566258269343,0.014355380648967242,improvement_only
0.6,0.5953570844341151,0.9,0.28465571493505903,0.0004472125810232988,0.0011246999539798186,-0.00464291556588492,-0.615344285064941,disengagement_only
0.6,0.8799981719030175,0.9,0.8947099599659534,0.0004474090360346026,0.0005666167353992058,0.27999817190301757,-0.00529004003404665,improvement_only
0.6,0.8752863591321675,0.9,0.8800552627499344,0.0004494472404713493,0.0010289798152082474,0.2752863591321675,-0.019944737250065625,improvement_only
0.6,0.5958709587003695,0.9,0.28501055065853875,0.0004607578523409702,0.0011231660748741157,-0.0041290412996304315,-0.6149894493414613,disengagement_only
0.6,0.6068799930997519,0.9,0.2971035332840821,0.0004638954929332137,0.0006627348583207182,0.006879993099751958,-0.6028964667159179,disengagement_only
0.6,0.8809738768219588,0.9,0.8986728061762881,0.0004669612978181583,0.0007373938509507849,0.28097387682195885,-0.0013271938237119363,improvement_only
0.6,0.8833991762880599,0.9,0.910507185749642,0.00046940486815401594,0.001178806644669475,0.2833991762880599,0.010507185749641934,improvement_only
0.6,0.5905327173713866,0.9,0.2820632209455741,0.000472317944192063,0.0009324053635033636,-0.009467282628613405,-0.6179367790544259,disengagement_only
0.6,0.591607105401571,0.9,0.2816602192088781,0.00048334221903161624,0.0012637752567520172,-0.008392894598428957,-0.618339780791122,disengagement_only
0.6,0.8847687541499697,0.9,0.9195154244190904,0.0004868032910869711,0.001235010201917297,0.2847687541499697,0.019515424419090377,improvement_only
0.6,0.8749404972656852,0.9,0.8803303357171086,0.0004902721661969021,0.001268875175870876,0.27494049726568526,-0.019669664282891408,improvement_only
0.6,0.8801482389220248,0.9,0.9064812892121036,0.0004963716517914126,0.0006274822946535641,0.2801482389220248,0.006481289212103558,improvement_only
0.6,0.5913459302640973,0.9,0.2813728968078271,0.0004967711681885731,0.0012973454561926168,-0.008654069735902659,-0.6186271031921728,disengagement_only
0.6,0.6100466064351673,0.9,0.30170781783897904,0.0005004618934090582,0.0007734693803349568,0.010046606435167305,-0.598292182161021,disengagement_only
0.6,0.8818678268882385,0.9,0.913399493415893,0.0005022546302469493,0.0006937761734492065,0.2818678268882385,0.013399493415892971,improvement_only
0.6,0.602414686019794,0.9,0.2913541958599183,0.0005046606496092146,0.0006444013189148556,0.002414686019793999,-0.6086458041400817,disengagement_only
0.6,0.6103290570377454,0.9,0.3032827909098794,0.0005049432017082408,0.0011591716917526695,0.010329057037745448,-0.5967172090901206,disengagement_only
0.6,0.5898033929434324,0.9,0.28141542327233626,0.0005098934016161331,0.0009808895074865515,-0.010196607056567553,-0.6185845767276638,disengagement_only
0.6,0.8846487999996046,0.9,0.9222036026219353,0.0005149156186765855,0.0009138594287910196,0.2846487999996046,0.022203602621935326,improvement_only
0.6,0.6109579723991463,0.9,0.30392739342522274,0.0005331494487068553,0.0012076445013659565,0.01095797239914631,-0.5960726065747772,disengagement_only
0.6,0.8756358294263006,0.9,0.8861430201764199,0.0005491459980287214,0.0014045394015035906,0.2756358294263006,-0.01385697982358014,improvement_only
0.6,0.8742071814972764,0.9,0.8753538773674697,0.0005502457469377074,0.0012328007686137343,0.2742071814972764,-0.0246461226325303,improvement_only
0.6,0.5932659012613775,0.9,0.2873325211092673,0.0005530867090269701,0.0007628414705873332,-0.006734098738622518,-0.6126674788907327,disengagement_only
0.6,0.8752249689117765,0.9,0.8765175483249419,0.000557247493203476,0.0007976758597087741,0.2752249689117765,-0.023482451675058136,improvement_only
0.6,0.8760297543310624,0.9,0.8788098738751629,0.0005572986601687453,0.0008103127476441763,0.27602975433106247,-0.021190126124837172,improvement_only
0.6,0.8852171408601787,0.9,0.9243862972572008,0.0005622062136860578,0.0010835455232299923,0.2852171408601787,0.024386297257200762,improvement_only
0.6,0.6033651890302865,0.9,0.29206671308131776,0.0005638422868248856,0.0007126967410108487,0.003365189030286486,-0.6079332869186822,disengagement_only
0.6,0.6065860148548198,0.9,0.295883952207766,0.0005712244009776092,0.0007772590320513362,0.006586014854819799,-0.604116047792234,disengagement_only
0.6,0.880643615901488,0.9,0.909423888420051,0.0005720273963548673,0.0007307722369424285,0.280643615901488,0.00942388842005093,improvement_only
0.6,0.8768076918363024,0.9,0.8925096072048456,0.0005794625144606697,0.001290319070936491,0.2768076918363024,-0.007490392795154399,improvement_only
0.6,0.6067901316068592,0.9,0.29606956088427583,0.0005812844234973759,0.0007930115323146469,0.006790131606859262,-0.6039304391157242,disengagement_only
0.6,0.6120035012084907,0.9,0.3041659050721149,0.0005813179882494978,0.0010523734045329858,0.012003501208490697,-0.5958340949278851,disengagement_only
0.6,0.8846125953013076,0.9,0.9147740052669509,0.0006135804471357394,0.0015648810998235146,0.28461259530130767,0.01477400526695083,improvement_only
0.6,0.5983718100135346,0.9,0.29369186141262105,0.0006278255302596205,0.000905370113160997,-0.0016281899864654115,-0.606308138587379,disengagement_only
0.6,0.8861903268939622,0.9,0.9257471434298855,0.0006354381634123828,0.0015912427248786498,0.2861903268939622,0.02574714342988549,improvement_only
0.6,0.5888660520311239,0.9,0.27849763957205875,0.0006387438080707144,0.0016651397641879034,-0.011133947968876123,-0.6215023604279413,disengagement_only
0.6,0.8744468935772135,0.9,0.8814735931265457,0.000644627482720564,0.0016849594239506938,0.2744468935772135,-0.018526406873454304,improvement_only
0.6,0.607719998033272,0.9,0.29678416573379296,0.0006455024341599578,0.0008845759304949574,0.0077199980332720575,-0.6032158342662071,disengagement_only
0.6,0.884869781400433,0.9,0.9154608541551784,0.0006564774327180984,0.0016673456776858525,0.28486978140043306,0.015460854155178394,improvement_only
0.6,0.8743930224175427,0.9,0.8723741003439841,0.000657836669360187,0.0009443698829960656,0.2743930224175427,-0.027625899656015918,improvement_only
0.6,0.6101766286714813,0.9,0.2999647758404149,0.000658084194167146,0.0009456155191287785,0.01017662867148128,-0.6000352241595851,disengagement_only
0.6,0.6109239867957886,0.9,0.30582540783403106,0.0006597438153067157,0.0017507853699720577,0.010923986795788654,-0.5941745921659689,disengagement_only
0.6,0.6137409368210079,0.9,0.3062228324412503,0.0006599381252409914,0.0012591693923548197,0.013740936821007965,-0.5937771675587498,disengagement_only
0.6,0.6054576861848406,0.9,0.30113189240284577,0.0006630182294161579,0.0015778104385379133,0.00545768618484066,-0.5988681075971543,disengagement_only
0.6,0.6023353629847968,0.9,0.2981014990524007,0.0006701921188698144,0.0013621120805765996,0.0023353629847968627,-0.6018985009475993,disengagement_only
0.6,0.874705742343618,0.9,0.872908781477726,0.000675728305804368,0.000980904367419877,0.274705742343618,-0.02709121852227403,improvement_only
0.6,0.8780826087426745,0.9,0.8997417564849012,0.0006837434545186176,0.001183334993995061,0.27808260874267454,-0.0002582435150988438,improvement_only
0.6,0.8737631565769778,0.9,0.8784444259497024,0.0006843010051657364,0.0018088802776044521,0.2737631565769778,-0.02155557405029762,improvement_only
0.6,0.8840230905291196,0.9,0.9103326773818908,0.0006905824176385701,0.0015923738670085286,0.28402309052911967,0.010332677381890809,improvement_only
0.6,0.8829801364012695,0.9,0.9051443285010565,0.0006906233675321266,0.0014046506141387333,0.2829801364012695,0.005144328501056505,improvement_only
0.6,0.5961870236134198,0.9,0.28381803702779806,0.0006975749452430315,0.00153523523064783,-0.0038129763865801802,-0.616181962972202,disengagement_only
0.6,0.6145996830515592,0.9,0.30775757780409063,0.0006996074796409507,0.0015044833983275663,0.014599683051559231,-0.5922424221959094,disengagement_only
0.6,0.8867805746299603,0.9,0.9274098340029595,0.0007076353687542324,0.0018253357181331337,0.2867805746299603,0.027409834002959488,improvement_only
0.6,0.8868888684833358,0.9,0.9296987820097374,0.000708850019317347,0.00169151533795249,0.28688886848333583,0.029698782009737412,improvement_only
0.6,0.597462391474268,0.9,0.2849584663613215,0.0007116429658530051,0.0014558656316141783,-0.002537608525731927,-0.6150415336386785,disengagement_only
0.6,0.6134536348372118,0.9,0.3080379570737777,0.0007120232213526941,0.001830046418065584,0.013453634837211847,-0.5919620429262223,disengagement_only
0.6,0.5859559414893115,0.9,0.27682213832915614,0.0007128698512398881,0.0016001854691207323,-0.014044058510688462,-0.6231778616708439,disengagement_only
0.6,0.8788587350405368,0.9,0.8868994013970896,0.0007177867664105778,0.0009274018979220922,0.2788587350405368,-0.013100598602910463,improvement_only
0.6,0.585903026426545,0.9,0.27807423382052265,0.0007192162538706797,0.0012144686041097863,-0.014096973573454963,-0.6219257661794774,disengagement_only
0.6,0.8825429417483598,0.9,0.9026513175773587,0.0007231633315729685,0.0013575489515039035,0.2825429417483598,0.0026513175773587028,improvement_only
0.6,0.6052485651594174,0.9,0.3013828975340077,0.0007332934249550326,0.0016937608419133332,0.0052485651594174065,-0.5986171024659923,disengagement_only
0.6,0.6149340081172403,0.9,0.3089997687957152,0.0007383567641222429,0.0017797094119630097,0.014934008117240327,-0.5910002312042848,disengagement_only
0.6,0.5854092301746375,0.9,0.2763207881754203,0.0007397839263560289,0.0016447583163669427,-0.014590769825362448,-0.6236792118245797,disengagement_only
0.6,0.587794142870849,0.9,0.2767858727560029,0.000744191477771873,0.0019672107280001433,-0.01220585712915101,-0.623214127243997,disengagement_only
0.6,0.6015260092898415,0.9,0.2977261041775062,0.0007460044995762002,0.0014225372509145684,0.001526009289841479,-0.6022738958224938,disengagement_only
0.6,0.5996792982689897,0.9,0.28697047614062465,0.0007482927811322501,0.0013141395693058722,-0.00032070173101028665,-0.6130295238593754,disengagement_only
0.6,0.5904417011008383,0.9,0.28525773862744885,0.0007501157700728539,0.0010437366202052656,-0.00955829889916171,-0.6147422613725512,disengagement_only
0.6,0.5874527817220414,0.9,0.28126003800152705,0.0007503291497338099,0.0010901585783435197,-0.012547218277958572,-0.618739961998473,disengagement_only
0.6,0.8744118397989844,0.9,0.8707241233426726,0.0007546741263196582,0.001097582717671075,0.2744118397989844,-0.02927587665732745,improvement_only
0.6,0.5851226569028469,0.9,0.2773622873062996,0.0007606146380733573,0.0012764469438462378,-0.01487734309715305,-0.6226377126937004,disengagement_only
0.6,0.6122885011323086,0.9,0.3019433130606219,0.000768587515088127,0.0011085148562550717,0.012288501132308616,-0.5980566869393782,disengagement_only
0.6,0.6161545236381684,0.9,0.3093313066664729,0.0007704229791649249,0.0016081089993787712,0.016154523638168383,-0.5906686933335271,disengagement_only
0.6,0.5849291507279164,0.9,0.275602141115606,0.0007707363152150475,0.001767888247002511,-0.015070849272083575,-0.624397858884394,disengagement_only
0.6,0.8740972060370626,0.9,0.8819301535216265,0.0007731634186479159,0.001945530821190783,0.27409720603706267,-0.018069846478373508,improvement_only
0.6,0.6161868709343805,0.9,0.3084458876199513,0.0007827390589034938,0.0013543657685846366,0.016186870934380537,-0.5915541123800487,disengagement_only
0.6,0.8876419196961038,0.9,0.9319233871999286,0.0007921567727801939,0.0019843801847387876,0.28764191969610386,0.0319233871999286,improvement_only
0.6,0.872449315080768,0.9,0.8732875708257338,0.0007927471603147521,0.002104775161449607,0.272449315080768,-0.026712429174266195,improvement_only
0.6,0.8876200973960239,0.9,0.9311119390394218,0.000796510026639891,0.0020420922937510882,0.2876200973960239,0.031111939039421777,improvement_only
0.6,0.5891856899716971,0.9,0.2771702148318603,0.0008056285997975106,0.0021224544550983576,-0.01081431002830291,-0.6228297851681397,disengagement_only
0.6,0.8852316963009182,0.9,0.9295101109956692,0.0008076830387006655,0.0011740005258893682,0.28523169630091827,0.029510110995669137,improvement_only
0.6,0.8791428081848878,0.9,0.9058860456865918,0.0008081547590700826,0.0010969934180682095,0.2791428081848878,0.00588604568659179,improvement_only
0.6,0.8851793798412257,0.9,0.929378469058504,0.000810056110240455,0.0011769043405168156,0.28517937984122577,0.029378469058503942,improvement_only
0.6,0.5897942553126961,0.9,0.2775586453492289,0.000814400205905455,0.002125107979591895,-0.010205744687303842,-0.6224413546507711,disengagement_only
0.6,0.5844758544664924,0.9,0.2772690876220914,0.0008150982988803045,0.001178908621861735,-0.01552414553350756,-0.6227309123779086,disengagement_only
0.6,0.8851990561199112,0.9,0.9145734674784918,0.0008175614388667089,0.0019585372052635247,0.28519905611991125,0.014573467478491753,improvement_only
0.6,0.5855759943895185,0.9,0.27482161502985575,0.0008204846926981066,0.0021269116793912607,-0.014424005610481516,-0.6251783849701442,disengagement_only
0.6,0.8853863208093253,0.9,0.9302647298469615,0.000823753118026531,0.0011976933883350582,0.28538632080932536,0.03026472984696149,improvement_only
0.6,0.616734837193431,0.9,0.3111397657807031,0.0008241848224972647,0.001985720749084291,0.01673483719343105,-0.5888602342192969,disengagement_only
0.6,0.8741832114549022,0.9,0.8688686400152505,0.000827842379790689,0.0012024769617536846,0.2741832114549022,-0.031131359984749474,improvement_only
0.6,0.8843223731441247,0.9,0.9267299263163076,0.0008281850263068192,0.0011881261740112892,0.2843223731441247,0.02672992631630755,improvement_only
0.6,0.6167286914384408,0.9,0.3112503954368193,0.0008290362480874142,0.0020178463989289352,0.0167286914384408,-0.5887496045631807,disengagement_only
0.6,0.6015854092497172,0.9,0.28849371404236046,0.000829956799905702,0.001256989349625079,0.0015854092497171735,-0.6115062859576396,disengagement_only
0.6,0.8741443605552286,0.9,0.8686339545487239,0.0008352346550701429,0.001213072519689412,0.2741443605552286,-0.03136604545127608,improvement_only
0.6,0.600174133658741,0.9,0.2869527962628954,0.0008381735066141258,0.0014186667819698073,0.00017413365874097142,-0.6130472037371046,disengagement_only
0.6,0.8852556277218944,0.9,0.9301215292487232,0.0008415467326130719,0.0012213649198907495,0.2852556277218944,0.030121529248723133,improvement_only
0.6,0.8719525739872261,0.9,0.862584157345008,0.0008427088514751279,0.0013420183206481195,0.27195257398722616,-0.03741584265499198,improvement_only
0.6,0.591509523302256,0.9,0.27872633444236306,0.000843892711353433,0.0021127993983734022,-0.008490476697743943,-0.621273665557637,disengagement_only
0.6,0.5833045391170071,0.9,0.274310242639921,0.0008464985010309648,0.0018442144863635712,-0.016695460882992896,-0.625689757360079,disengagement_only
0.6,0.6168958310218724,0.9,0.31175190525512636,0.0008519856756811237,0.0021209372656304515,0.01689583102187242,-0.5882480947448736,disengagement_only
0.6,0.878422786730176,0.9,0.9033305122920654,0.0008566651695253881,0.0013103895651708497,0.27842278673017606,0.0033305122920653796,improvement_only
0.6,0.5875643901128094,0.9,0.27560328685374486,0.0008577815245365549,0.0022759403411555246,-0.012435609887190613,-0.6243967131462551,disengagement_only
0.6,0.8835532665748775,0.9,0.9056819835922272,0.0008588086064851605,0.0017185842061675921,0.28355326657487756,0.005681983592227158,improvement_only
0.6,0.8713729243443517,0.9,0.861097082033813,0.0008588130981539773,0.0015432504826730364,0.2713729243443517,-0.038902917966187056,improvement_only
0.6,0.5937185868799718,0.9,0.28994440558927603,0.0008662537801146123,0.0011033292146189477,-0.0062814131200281675,-0.610055594410724,disengagement_only
0.6,0.8883592343631603,0.9,0.935002989041078,0.0008706623951408054,0.0021808554110935435,0.28835923436316035,0.035002989041078014,improvement_only
0.6,0.6122161009943993,0.9,0.3008861127878748,0.0008787661317940861,0.0012381944308957615,0.012216100994399293,-0.5991138872121252,disengagement_only
0.6,0.8843433842855112,0.9,0.9275764356738379,0.0008835146575271408,0.0012605734750907593,0.2843433842855112,0.02757643567383783,improvement_only
0.6,0.6016071178136458,0.9,0.2881910184594699,0.0008847305258354667,0.0013488144904029997,0.0016071178136458641,-0.6118089815405301,disengagement_only
0.6,0.5987336735657262,0.9,0.28517616234271637,0.0008884507209185156,0.0016461246416527436,-0.0012663264342738234,-0.6148238376572837,disengagement_only
0.6,0.8830564688924065,0.9,0.9228484696523871,0.0008888261854317469,0.001220071947663326,0.28305646889240654,0.02284846965238707,improvement_only
0.6,0.615058507070109,0.9,0.31116564249030376,0.0008894557286571889,0.002358053302997376,0.015058507070109028,-0.5888343575096963,disengagement_only
0.6,0.8723684162961503,0.9,0.8749127096147515,0.000889592690901612,0.002315673407677521,0.2723684162961503,-0.025087290385248484,improvement_only
0.6,0.6113151671785286,0.9,0.3081425655639207,0.0008954718135284638,0.0023206647626134447,0.011315167178528651,-0.5918574344360793,disengagement_only
0.6,0.8704297826882735,0.9,0.8631278675900704,0.0008978483373551308,0.0023162444359174084,0.27042978268827356,-0.03687213240992959,improvement_only
0.6,0.8709549487653939,0.9,0.8592273304854445,0.0008992549261073226,0.0016075977241220285,0.27095494876539394,-0.04077266951455549,improvement_only
0.6,0.8702028328585515,0.9,0.860907895179179,0.0009007201738028424,0.0022294631265669385,0.2702028328585515,-0.03909210482082104,improvement_only
0.6,0.6179040524006729,0.9,0.30934722009560994,0.0009016306664403011,0.001282763950736343,0.017904052400672943,-0.5906527799043901,disengagement_only
0.6,0.8839215962233715,0.9,0.9263451754697261,0.0009065213141929438,0.001274724628203272,0.28392159622337154,0.026345175469726034,improvement_only
0.6,0.8849988498681645,0.9,0.9121774016394719,0.0009072244918381067,0.002047210764639318,0.2849988498681645,0.012177401639471896,improvement_only
0.6,0.8704075060001066,0.9,0.8584008195614439,0.0009077248367065999,0.0018536203365784043,0.27040750600010666,-0.04159918043855615,improvement_only
0.6,0.6051305748134204,0.9,0.2919281321828734,0.0009110821891415568,0.0011522807178391825,0.0051305748134203855,-0.6080718678171266,disengagement_only
0.6,0.8817223223745677,0.9,0.9178664094302665,0.0009110863187108492,0.001189631863791174,0.28172232237456774,0.017866409430266517,improvement_only
0.6,0.8734268724632972,0.9,0.8809141506081261,0.0009213584457386009,0.0022591828997472474,0.2734268724632972,-0.019085849391873966,improvement_only
0.6,0.6056829064515049,0.9,0.29248408273684423,0.0009235133112859522,0.0011677572482649279,0.005682906451504932,-0.6075159172631558,disengagement_only
0.6,0.88576520798588,0.9,0.9331625040931446,0.0009290123025619435,0.0013481892141645746,0.28576520798588,0.033162504093144585,improvement_only
0.6,0.87030330293124,0.9,0.8637429952797215,0.0009332420207459904,0.0024546594756373885,0.27030330293124005,-0.036257004720278485,improvement_only
0.6,0.8785372361678955,0.9,0.9047537165452918,0.0009341486676507401,0.0013732580647246584,0.2785372361678955,0.004753716545291775,improvement_only
0.6,0.8875884777437275,0.9,0.9262338168031263,0.0009359332029655395,0.002454114513514946,0.28758847774372753,0.02623381680312631,improvement_only
0.6,0.870847149082018,0.9,0.8579140041383365,0.0009393953036655139,0.001540567675232668,0.270847149082018,-0.042085995861663505,improvement_only
0.6,0.8869533294111686,0.9,0.9222796489685023,0.000940436571263228,0.0023947529429072245,0.2869533294111686,0.02227964896850232,improvement_only
0.6,0.5991233362954305,0.9,0.2851946818377813,0.0009523816261561349,0.001718528388631027,-0.0008766637045695136,-0.6148053181622187,disengagement_only
0.6,0.5890781028901549,0.9,0.2759947408771318,0.0009535987504112422,0.0024514548317289275,-0.010921897109845036,-0.6240052591228682,disengagement_only
0.6,0.8699425848081763,0.9,0.862039832388811,0.0009559222837508121,0.0025006689989052755,0.26994258480817634,-0.03796016761118903,improvement_only
0.6,0.8890002477832917,0.9,0.9408912277465888,0.0009575053314271098,0.0020840025226120384,0.2890002477832917,0.04089122774658882,improvement_only
0.6,0.6102100906600879,0.9,0.30760235915146217,0.0009593937379329004,0.00240623057198866,0.010210090660087934,-0.5923976408485379,disengagement_only
0.6,0.6083803291584791,0.9,0.3058951069789505,0.0009628899698609637,0.0023151298447793844,0.008380329158479083,-0.5941048930210495,disengagement_only
0.6,0.5970623676034793,0.9,0.29427531266068907,0.0009657758826194021,0.0013449715559776254,-0.002937632396520673,-0.605724687339311,disengagement_only
0.6,0.5823810753918366,0.9,0.27610130849344094,0.0009706743528206786,0.0014016441807568891,-0.01761892460816339,-0.6238986915065591,disengagement_only
0.6,0.8726604717950852,0.9,0.8779197820697127,0.0009750372408762388,0.002434921416060276,0.27266047179508524,-0.02208021793028736,improvement_only
0.6,0.6175506593767593,0.9,0.3138847449683656,0.0009776636610672007,0.002570357071075502,0.01755065937675937,-0.5861152550316344,disengagement_only
0.6,0.8861879637707959,0.9,0.9173055162415371,0.0009810620150876074,0.002346658784173228,0.2861879637707959,0.01730551624153709,improvement_only
0.6,0.8716620897764797,0.9,0.8729603277342513,0.0009858829764958978,0.00255333619595971,0.27166208977647976,-0.02703967226574877,improvement_only
0.6,0.885956158312136,0.9,0.9159895093804746,0.0009860870382950844,0.0023160310893235447,0.28595615831213606,0.01598950938047461,improvement_only
0.6,0.5947833457113046,0.9,0.2806825631026406,0.0009963574825338503,0.0021770999726342666,-0.005216654288695333,-0.6193174368973594,disengagement_only
0.6,0.8864983359339569,0.9,0.9186689408619846,0.0010010628169220932,0.0024239931318429525,0.2864983359339569,0.018668940861984562,improvement_only
0.6,0.6054269155440619,0.9,0.2916715595512062,0.0010070424681359303,0.0012758250592148912,0.005426915544061939,-0.6083284404487939,disengagement_only
0.6,0.6204648295881976,0.9,0.31223056117472303,0.001012976736593998,0.0014740410820020533,0.02046482958819762,-0.587769438825277,disengagement_only
0.6,0.6215139785222423,0.9,0.31545749923321137,0.0010156535703952686,0.0021319526734027983,0.02151397852224235,-0.5845425007667886,disengagement_only
0.6,0.6212924168833734,0.9,0.3141156133808943,0.0010157135705224879,0.001811731467681571,0.021292416883373466,-0.5858843866191057,disengagement_only
0.6,0.6093746781668602,0.9,0.3072156695416879,0.0010180364935756122,0.0024765105462506154,0.009374678166860217,-0.5927843304583121,disengagement_only
0.6,0.5843537378876728,0.9,0.27954551023095203,0.0010203497956513524,0.0014708160451176455,-0.015646262112327225,-0.620454489769048,disengagement_only
0.6,0.8861358992055909,0.9,0.9358896690045694,0.0010258839633490542,0.0014856267255533573,0.2861358992055909,0.03588966900456936,improvement_only
0.6,0.593747182386084,0.9,0.29097875886121227,0.001028201066310426,0.001299990711498028,-0.00625281761391594,-0.6090212411387878,disengagement_only
0.6,0.889661125770048,0.9,0.9439757839715175,0.0010322930020834288,0.0022501844476572747,0.289661125770048,0.04397578397151747,improvement_only
0.6,0.6171771637206745,0.9,0.31423317057079525,0.0010353565705076319,0.002749275233377785,0.01717716372067457,-0.5857668294292048,disengagement_only
0.6,0.8835584882871653,0.9,0.9033955582911088,0.001037843695656533,0.0019311232796350442,0.28355848828716534,0.0033955582911088245,improvement_only
0.6,0.5917661630404144,0.9,0.28878813088352373,0.001038359170682398,0.0013339820745821573,-0.008233836959585572,-0.6112118691164763,disengagement_only
0.6,0.6207842066782767,0.9,0.31235043597009116,0.0010390397034133303,0.001476161377983759,0.02078420667827674,-0.5876495640299089,disengagement_only
0.6,0.6162956040713226,0.9,0.31359158028876494,0.001041218849048357,0.002764443321001564,0.016295604071322578,-0.5864084197112351,disengagement_only
0.6,0.6215757358063212,0.9,0.3166911909333203,0.0010414693659263853,0.0024574535432262956,0.021575735806321217,-0.5833088090666797,disengagement_only
0.6,0.5800718034498991,0.9,0.27014633051474335,0.0010438645497612888,0.0024890937304740124,-0.01992819655010092,-0.6298536694852567,disengagement_only
0.6,0.8755028145578603,0.9,0.8703254053491556,0.0010451236003428583,0.0014538755557267635,0.2755028145578603,-0.029674594650844432,improvement_only
0.6,0.8684352717076551,0.9,0.853418991562767,0.0010474003292570574,0.002530076336765358,0.26843527170765513,-0.04658100843723301,improvement_only
0.6,0.6222300269440787,0.9,0.31592831080182415,0.0010478175019290096,0.0021030437294637105,0.022230026944078718,-0.5840716891981759,disengagement_only
0.6,0.8739102952090462,0.9,0.8647806572412273,0.0010489331240600773,0.0015053105200796557,0.2739102952090462,-0.0352193427587727,improvement_only
0.6,0.5860882498402851,0.9,0.28205659418346085,0.0010503979693765805,0.0014743815919507908,-0.013911750159714908,-0.6179434058165392,disengagement_only
0.6,0.6222984521969989,0.9,0.3159288879786276,0.0010512842490513971,0.002088069869432274,0.022298452196998886,-0.5840711120213724,disengagement_only
0.6,0.5925792034901172,0.9,0.2783206752496853,0.0010517030150791428,0.0024412514107265137,-0.00742079650988281,-0.6216793247503147,disengagement_only
0.6,0.8892507679379926,0.9,0.9448354838976595,0.0010544028273641486,0.0019037821744027766,0.28925076793799265,0.044835483897659456,improvement_only
0.6,0.8714395418147977,0.9,0.8569199550347815,0.0010607595571406315,0.0015396496625214307,0.2714395418147977,-0.043080044965218556,improvement_only
0.6,0.615928912626374,0.9,0.3044434375726951,0.0010615460927517909,0.0015164121386595508,0.01592891262637397,-0.5955565624273049,disengagement_only
0.6,0.8770254389714286,0.9,0.8756841818100218,0.0010632939905438233,0.0014200867290951047,0.2770254389714286,-0.02431581818997819,improvement_only
0.6,0.5792455353733202,0.9,0.27168082048260667,0.0010640886372079304,0.0018655490751265658,-0.020754464626679736,-0.6283191795173934,disengagement_only
0.6,0.5790688947456272,0.9,0.2698010930725808,0.0010738630197122433,0.002404618455158658,-0.020931105254372806,-0.6301989069274192,disengagement_only
0.6,0.8833403162189094,0.9,0.926389413708756,0.0010822325652127948,0.0014701214720941047,0.2833403162189094,0.026389413708756027,improvement_only
0.6,0.6007840886283854,0.9,0.28609682041949125,0.0010907309278150022,0.0017889497628032491,0.0007840886283854154,-0.6139031795805088,disengagement_only
0.6,0.620534729856287,0.9,0.3110818663647712,0.0010918233251480149,0.0015837289885235473,0.020534729856287015,-0.5889181336352288,disengagement_only
0.6,0.6081521437534523,0.9,0.3065515264426948,0.0010977279214020438,0.0025506061904007338,0.008152143753452301,-0.5934484735573052,disengagement_only
0.6,0.5787003745275664,0.9,0.26924446919351464,0.0010985033365769187,0.002504739485838542,-0.02129962547243358,-0.6307555308064854,disengagement_only
0.6,0.8678669060990885,0.9,0.8526017096069305,0.0011042225590625926,0.0027858483249684762,0.2678669060990885,-0.04739829039306953,improvement_only
0.6,0.6109592775424638,0.9,0.2975925324107235,0.001106983249684962,0.001464158536289395,0.010959277542463841,-0.6024074675892765,disengagement_only
0.6,0.8903870763805513,0.9,0.9468406998324495,0.001107479093189499,0.002481408884311767,0.2903870763805513,0.04684069983244943,improvement_only
0.6,0.5838533447946823,0.9,0.2710165085990547,0.0011081597649683782,0.002942005422765584,-0.01614665520531766,-0.6289834914009453,disengagement_only
0.6,0.598526123967302,0.9,0.2967226483275027,0.0011119422840663782,0.0017557006947857834,-0.001473876032697996,-0.6032773516724973,disengagement_only
0.6,0.8786063873804416,0.9,0.9071650698525155,0.0011121053712531241,0.001558482248694787,0.27860638738044163,0.0071650698525155265,improvement_only
0.6,0.5829957456226346,0.9,0.2785547667274605,0.0011137692643974394,0.0016049686454749357,-0.017004254377365413,-0.6214452332725395,disengagement_only
0.6,0.8904498998579177,0.9,0.9471389181473033,0.0011147283269962065,0.0024971964864765744,0.2904498998579177,0.04713891814730331,improvement_only
0.6,0.867823460661577,0.9,0.8485527521370652,0.0011148300827687003,0.0023966638778709637,0.26782346066157703,-0.051447247862934864,mixed
0.6,0.5780533924797492,0.9,0.26979838566386555,0.0011164755399847791,0.0022136566616454967,-0.021946607520250794,-0.6302016143361344,disengagement_only
0.6,0.6056661852598324,0.9,0.3042262073805584,0.0011224725765031464,0.0024189387040218224,0.005666185259832424,-0.5957737926194416,disengagement_only
0.6,0.596265290330667,0.9,0.2813399172536289,0.0011228866274129439,0.0022759179599121104,-0.0037347096693329807,-0.6186600827463711,disengagement_only
0.6,0.6068395369083349,0.9,0.3054347192104576,0.0011270294917548813,0.0025137461464439237,0.006839536908334942,-0.5945652807895424,disengagement_only
0.6,0.577833657458767,0.9,0.2696464151802123,0.001128256749780618,0.00221858723500834,-0.022166342541232953,-0.6303535848197876,disengagement_only
0.6,0.5792566862833106,0.9,0.2731691604143431,0.0011293182386452477,0.0016217594413752423,-0.02074331371668936,-0.626830839585657,disengagement_only
0.6,0.868004462705594,0.9,0.8552990371454117,0.0011344508610417895,0.002979949540231841,0.26800446270559397,-0.044700962854588355,improvement_only
0.6,0.5807712351834409,0.9,0.27565711685015815,0.0011363484468905438,0.0016525590610138863,-0.019228764816559107,-0.6243428831498419,disengagement_only
0.6,0.8674959054337119,0.9,0.8475693387171094,0.00113729026815333,0.002490178853371744,0.26749590543371193,-0.052430661282890645,mixed
0.6,0.8884573299143117,0.9,0.9273934640382742,0.0011407079590683266,0.0029153051204258845,0.2884573299143117,0.02739346403827414,improvement_only
0.6,0.5875924033680937,0.9,0.27347722794848994,0.0011457115429416547,0.002916367302260206,-0.01240759663190627,-0.6265227720515101,disengagement_only
0.6,0.8889038406840364,0.9,0.9463855800239511,0.0011473763348506694,0.0016364529621764878,0.2889038406840364,0.0463855800239511,improvement_only
0.6,0.8880596885658583,0.9,0.9249381429709901,0.0011476405746732312,0.002874113923247587,0.2880596885658583,0.024938142970990063,improvement_only
0.6,0.8691848959788332,0.9,0.8492447792379012,0.0011532820716949803,0.0016582786871862099,0.2691848959788332,-0.05075522076209882,mixed
0.6,0.8781001027221083,0.9,0.9054584143362326,0.0011538487478355644,0.0017172855312549418,0.2781001027221083,0.00545841433623262,improvement_only
0.6,0.8866924223776333,0.9,0.9398115446926287,0.0011603690128775043,0.001677750729543459,0.28669242237763337,0.03981154469262871,improvement_only
0.6,0.8903158438603066,0.9,0.9494803613991577,0.0011623867950591594,0.0022051298381140366,0.2903158438603066,0.04948036139915768,improvement_only
0.6,0.6092437651921119,0.9,0.29512679553418086,0.0011641595599381454,0.0014939940909321492,0.009243765192111897,-0.6048732044658192,disengagement_only
0.6,0.8683735023628656,0.9,0.8585896053460735,0.0011650514144396556,0.0030950959150079227,0.2683735023628656,-0.041410394653926486,improvement_only
0.6,0.8708083739256806,0.9,0.8717046193465576,0.0011658182400576817,0.0029489022543797705,0.2708083739256806,-0.028295380653442392,improvement_only
0.6,0.5794793059850583,0.9,0.26804147212089735,0.0011690739634913955,0.003017695162044559,-0.02052069401494172,-0.6319585278791027,disengagement_only
0.6,0.623285380757426,0.9,0.3147391775004802,0.0011708009445408223,0.0016729433948347305,0.023285380757426033,-0.5852608224995198,disengagement_only
0.6,0.8689242894301451,0.9,0.8618921429595987,0.0011712095283702255,0.0031001089806990123,0.2689242894301451,-0.038107857040401316,improvement_only
0.6,0.6084499155022323,0.9,0.29413480833147065,0.001172036411037547,0.0014916423194329398,0.008449915502232286,-0.6058651916685294,disengagement_only
0.6,0.6091603348631182,0.9,0.3080742833482164,0.0011799736335810637,0.0027660976522533853,0.00916033486311818,-0.5919257166517836,disengagement_only
0.6,0.6018474000555275,0.9,0.3006459042732921,0.001180562865184863,0.002198522957080673,0.001847400055527526,-0.599354095726708,disengagement_only
0.6,0.6178159733370853,0.9,0.30600349154059164,0.0011854724494385958,0.0016931255147523971,0.01781597333708529,-0.5939965084594083,disengagement_only
0.6,0.8751405193270492,0.9,0.8927152461594419,0.0011919557727951054,0.0023519258785997532,0.2751405193270492,-0.007284753840558156,improvement_only
0.6,0.8877569820583082,0.9,0.9438718299870303,0.0011939804117136218,0.001736398076134349,0.28775698205830824,0.04387182998703032,improvement_only
0.6,0.8898142696856437,0.9,0.9495875260385159,0.001194681675448626,0.0018624282018451649,0.2898142696856437,0.049587526038515906,improvement_only
0.6,0.5775460207873391,0.9,0.2712531265991943,0.0011988586455590636,0.001701161221748848,-0.0224539792126609,-0.6287468734008057,disengagement_only
0.6,0.8776704168581121,0.9,0.9041267272752812,0.0011999356460022288,0.0018622792312699699,0.2776704168581121,0.0041267272752811834,improvement_only
0.6,0.577841811515715,0.9,0.26711775810990956,0.0012021408629841748,0.0029926582059369294,-0.02215818848428497,-0.6328822418900905,disengagement_only
0.6,0.8743444381369232,0.9,0.889207882904198,0.0012032570443899597,0.002505820126624758,0.2743444381369232,-0.010792117095801967,improvement_only
0.6,0.8683686541152493,0.9,0.8460993992803105,0.0012102117030105273,0.0018222358684854834,0.26836865411524935,-0.053900600719689495,mixed
0.6,0.6158324260417508,0.9,0.3146143930797992,0.0012114254141259238,0.0031513976160674195,0.015832426041750836,-0.5853856069202008,disengagement_only
0.6,0.5763736041532079,0.9,0.26718902525410887,0.0012150278522239876,0.0026962831027080025,-0.023626395846792048,-0.6328109747458912,disengagement_only
0.6,0.5847890901048826,0.9,0.2816901843942542,0.0012170506226475172,0.001689462832364097,-0.01521090989511742,-0.6183098156057458,disengagement_only
0.6,0.8888227399189338,0.9,0.947599819184034,0.0012211081016634186,0.0017658586230152873,0.2888227399189338,0.047599819184034,improvement_only
0.6,0.8915189899232391,0.9,0.9499667501850311,0.0012226254806820948,0.0029629856785625824,0.2915189899232391,0.04996675018503105,improvement_only
0.6,0.8829929005916333,0.9,0.9267839405814323,0.0012245550928618942,0.0016294677311887995,0.2829929005916333,0.026783940581432297,improvement_only
0.6,0.8888029928301439,0.9,0.9277796283862776,0.001229666171593548,0.003105781123336482,0.2888029928301439,0.027779628386277566,improvement_only
0.6,0.8668592881526204,0.9,0.8510509166362615,0.0012302762017388014,0.0032271765678843767,0.2668592881526204,-0.04894908336373849,improvement_only
0.6,0.5764844040226416,0.9,0.26980076735386443,0.001232504157751189,0.0019166093797470252,-0.023515595977358417,-0.6301992326461356,disengagement_only
0.6,0.594836480246399,0.9,0.293446523116428,0.0012360455714935984,0.001605308067417821,-0.005163519753600965,-0.6065534768835721,disengagement_only
0.6,0.8739968630897241,0.9,0.8880327365413391,0.001236426801165696,0.0026067647036710773,0.27399686308972415,-0.011967263458660948,improvement_only
0.6,0.8914434466559928,0.9,0.9461831021743108,0.00124220849045156,0.003238105495188298,0.29144344665599287,0.046183102174310764,improvement_only
0.6,0.5815411799464789,0.9,0.26837031328259214,0.001244091481982285,0.0033049496236349646,-0.018458820053521063,-0.6316296867174078,disengagement_only
0.6,0.576970205804869,0.9,0.26623854439025196,0.0012480686439661501,0.003098828907943843,-0.02302979419513096,-0.6337614556097481,disengagement_only
0.6,0.6262051573590911,0.9,0.322164293440605,0.0012482469582133983,0.0029179888942114096,0.026205157359091125,-0.5778357065593951,disengagement_only
0.6,0.5757024062409787,0.9,0.2682916446786157,0.0012494847791459456,0.002232234069262942,-0.024297593759021296,-0.6317083553213843,disengagement_only
0.6,0.6215195498231159,0.9,0.3197566807621055,0.0012498037172430014,0.0033127235449565973,0.02151954982311588,-0.5802433192378945,disengagement_only
0.6,0.5804526855954943,0.9,0.2763609812886947,0.001250631086130094,0.0018070302508809977,-0.019547314404505634,-0.6236390187113053,disengagement_only
0.6,0.8709062466191216,0.9,0.8522184141246828,0.0012534316901364477,0.0018208767616350874,0.27090624661912166,-0.04778158587531722,improvement_only
0.6,0.5828026292702292,0.9,0.2691114003036618,0.0012549266076884273,0.003318087948897208,-0.01719737072977079,-0.6308885996963383,disengagement_only
0.6,0.6180801819215691,0.9,0.3057729223993067,0.001255423582179665,0.0017789161409326182,0.018080181921569127,-0.5942270776006933,disengagement_only
0.6,0.6231033904211337,0.9,0.3209772226200407,0.0012561746780126413,0.0032924310964743964,0.02310339042113374,-0.5790227773799593,disengagement_only
0.6,0.6271365595508848,0.9,0.3220750384767638,0.0012672736662152025,0.0026837552352267646,0.027136559550884787,-0.5779249615232362,disengagement_only
0.6,0.880293381674855,0.9,0.9162021000342169,0.0012673365594612941,0.0016016297309864314,0.28029338167485507,0.01620210003421685,improvement_only
0.6,0.8681523703103813,0.9,0.8597560734236955,0.0012680028852955873,0.003347321008754567,0.2681523703103813,-0.04024392657630449,improvement_only
0.6,0.626363025489866,0.9,0.31893231288621066,0.0012707586874615888,0.0020047562510882855,0.02636302548986602,-0.5810676871137894,disengagement_only
0.6,0.8658162529696389,0.9,0.8447724496804915,0.001271371226388643,0.0031960373771067474,0.26581625296963896,-0.055227550319508545,mixed
0.6,0.5766475866224524,0.9,0.27098514443470745,0.0012786848691341969,0.0018378880666485853,-0.023352413377547565,-0.6290148555652926,disengagement_only
0.6,0.8886971318643258,0.9,0.9262946313826612,0.0012790125304191064,0.0031675792380762846,0.2886971318643258,0.026294631382661193,improvement_only
0.6,0.8659526506865746,0.9,0.8466030638297212,0.001280442703604691,0.003305458277196388,0.2659526506865746,-0.05339693617027885,mixed
0.6,0.57829623181569,0.9,0.2736527977476731,0.0012841339426496487,0.001867544434850793,-0.02170376818430997,-0.6263472022523269,disengagement_only
0.6,0.6000633626382428,0.9,0.2841309750320681,0.0012961692275078832,0.0022146195424294357,6.336263824280319e-05,-0.6158690249679319,disengagement_only
0.6,0.5982069929977406,0.9,0.2974698679275238,0.0012965299296921811,0.002039617588290521,-0.0017930070022593725,-0.6025301320724763,disengagement_only
0.6,0.5911352928380949,0.9,0.2754716170309478,0.0013026986871412583,0.0030038484095480655,-0.008864707161905128,-0.6245283829690522,disengagement_only
0.6,0.6215802792848683,0.9,0.32045262330727875,0.0013138423256315315,0.003490440783133014,0.021580279284868276,-0.5795473766927213,disengagement_only
0.6,0.8713674910790932,0.9,0.8527478255320609,0.0013146064544259034,0.0018995716676384333,0.2713674910790932,-0.04725217446793917,improvement_only
0.6,0.6138169460106153,0.9,0.31352005912528136,0.001318019918741006,0.003288494335206338,0.013816946010615339,-0.5864799408747187,disengagement_only
0.6,0.865377387988699,0.9,0.8385251878800798,0.0013186810721828876,0.002804367599579055,0.26537738798869903,-0.06147481211992023,mixed
0.6,0.6079948681292474,0.9,0.29266892618280443,0.0013197055841428522,0.0016684142118323364,0.007994868129247434,-0.6073310738171955,disengagement_only
0.6,0.8668537253827103,0.9,0.8402093241340949,0.0013204555191959524,0.002111612226356807,0.26685372538271035,-0.05979067586590514,mixed
0.6,0.6076457828753042,0.9,0.3074807813072513,0.0013245970466222786,0.0029237746745599813,0.007645782875304263,-0.5925192186927487,disengagement_only
0.6,0.618300099186916,0.9,0.30550245417226496,0.0013248262597241837,0.0018609746905912938,0.018300099186915997,-0.5944975458277351,disengagement_only
0.6,0.6019363392306672,0.9,0.28591877132814003,0.001325841494288039,0.0020711013284341884,0.0019363392306672722,-0.61408122867186,disengagement_only
0.6,0.8673200545578725,0.9,0.8410246526025424,0.0013294640656328397,0.001921220041978089,0.26732005455787256,-0.05897534739745758,mixed
0.6,0.5821752548655452,0.9,0.2793063842813145,0.0013331045287094012,0.0018769370232087912,-0.017824745134454756,-0.6206936157186855,disengagement_only
0.6,0.6244412392354115,0.9,0.3144107582442782,0.0013342818139993981,0.0019403801847208413,0.024441239235411527,-0.5855892417557218,disengagement_only
0.6,0.6287281516217461,0.9,0.32348351362943384,0.0013364805110904628,0.0027050605538586903,0.028728151621746134,-0.5765164863705662,disengagement_only
0.6,0.8651737339064671,0.9,0.8373891908490061,0.0013406635938294019,0.002805332416969425,0.26517373390646715,-0.06261080915099393,mixed
0.6,0.8923108606219423,0.9,0.949947613844311,0.001341479800796947,0.0034911951691635745,0.29231086062194234,0.04994761384431101,improvement_only
0.6,0.6251758162525025,0.9,0.32347554562425584,0.0013439418009843838,0.0035072756018642015,0.025175816252502536,-0.5765244543757442,disengagement_only
0.6,0.8672908574826627,0.9,0.8567404225786637,0.0013455118949292112,0.0035555050140356204,0.2672908574826627,-0.04325957742133635,improvement_only
0.6,0.5858473501994685,0.9,0.2707095639957633,0.001347542288891889,0.0034123460814080436,-0.014152649800531436,-0.6292904360042367,disengagement_only
0.6,0.8795585506248413,0.9,0.8822490913273526,0.001349886600812919,0.0017065519676841279,0.27955855062484136,-0.017750908672647392,improvement_only
0.6,0.5783806753394981,0.9,0.2655468908361709,0.0013503816437046676,0.0035727405456086186,-0.02161932466050187,-0.6344531091638291,disengagement_only
0.6,0.6289793849279095,0.9,0.3233546875148302,0.0013504105604710908,0.002613425408885428,0.028979384927909524,-0.5766453124851698,disengagement_only
0.6,0.5736733410344408,0.9,0.2659984332994364,0.0013507851164431164,0.002558459315970346,-0.02632665896555919,-0.6340015667005636,disengagement_only
0.6,0.8920130205567272,0.9,0.9464504652750269,0.0013555428594221434,0.0035924664908384973,0.2920130205567272,0.04645046527502683,improvement_only
0.6,0.5770923957158406,0.9,0.26484798082099337,0.001356279469653348,0.0035471626438377812,-0.02290760428415939,-0.6351520191790067,disengagement_only
0.6,0.8732106617859989,0.9,0.8582776180177156,0.0013573668206812233,0.0019159230295115737,0.27321066178599895,-0.041722381982284396,improvement_only
0.6,0.6258480478753369,0.9,0.31643051789059917,0.0013579846848469153,0.0019689553118769354,0.0258480478753369,-0.5835694821094008,disengagement_only
0.6,0.6245199812783524,0.9,0.32323360603184476,0.0013616564896257424,0.003589768371330321,0.02451998127835242,-0.5767663939681553,disengagement_only
0.6,0.8655626743895554,0.9,0.8365018613221644,0.0013703322179812085,0.002484969786239216,0.2655626743895554,-0.0634981386778356,mixed
0.6,0.8683384417217862,0.9,0.8427464518989091,0.0013750761573487532,0.0019917181705014497,0.2683384417217862,-0.057253548101090956,mixed
0.6,0.865210759758242,0.9,0.8454062637504524,0.0013768237870050552,0.003620230228087218,0.26521075975824204,-0.054593736249547664,mixed
0.6,0.8844229964819261,0.9,0.9030999956946691,0.001379251171893523,0.002504686077350632,0.28442299648192615,0.003099995694669122,improvement_only
0.6,0.6280098517033161,0.9,0.3255993616398194,0.001380456776797429,0.0034398219915895978,0.028009851703316158,-0.5744006383601806,disengagement_only
0.6,0.5732289875430996,0.9,0.2660245564903707,0.0013816683028776246,0.0024676559168409218,-0.02677101245690039,-0.6339754435096293,disengagement_only
0.6,0.5957211175241597,0.9,0.27926808264496106,0.0013826961037276798,0.0027757873195375787,-0.0042788824758402955,-0.620731917355039,disengagement_only
0.6,0.8646773355882734,0.9,0.8419042554082085,0.0013838614712329074,0.0035691514690687487,0.26467733558827344,-0.058095744591791565,mixed
0.6,0.5739937215581548,0.9,0.2636157714615667,0.001386897330149076,0.003352460668141738,-0.02600627844184522,-0.6363842285384333,disengagement_only
0.6,0.870195867816935,0.9,0.8722042253975861,0.001389544165351049,0.003373041048871095,0.27019586781693505,-0.027795774602413892,improvement_only
0.6,0.5742545699179177,0.9,0.26856962256060146,0.001390181026383658,0.001981390131003874,-0.0257454300820823,-0.6314303774393986,disengagement_only
0.6,0.6292434013823451,0.9,0.3261056179451235,0.0013911861673100428,0.003295122969060954,0.029243401382345158,-0.5738943820548765,disengagement_only
0.6,0.6169636355440299,0.9,0.317059110605155,0.0013956948851926287,0.0035822094367408686,0.01696363554402991,-0.582940889394845,disengagement_only
0.6,0.6145215643398203,0.9,0.30002403208751616,0.0013978174424342357,0.0018620867680371467,0.014521564339820325,-0.5999759679124839,disengagement_only
0.6,0.5873402634745037,0.9,0.2860183886682922,0.001404534287616537,0.0018344828662624768,-0.012659736525496235,-0.6139816113317078,disengagement_only
0.6,0.8771347364178815,0.9,0.8719780168058289,0.0014063905974498418,0.0018362091512422185,0.27713473641788156,-0.02802198319417115,improvement_only
0.6,0.8640401533658177,0.9,0.8375797600649931,0.0014075378937145988,0.00348984860628207,0.26404015336581776,-0.062420239935006894,mixed
0.6,0.6292367611281064,0.9,0.3265509858871773,0.001408257262576794,0.003416680687909651,0.02923676112810647,-0.5734490141128228,disengagement_only
0.6,0.8684957945953149,0.9,0.8425986556388151,0.001409124986667453,0.0020470112215415504,0.2684957945953149,-0.057401344361184936,mixed
0.6,0.609107717068633,0.9,0.3094944569889472,0.0014101984207669776,0.003180240962798786,0.009107717068633003,-0.5905055430110528,disengagement_only
0.6,0.5739993934754155,0.9,0.263159133122409,0.001411844254910075,0.0034942434429348496,-0.02600060652458447,-0.636840866877591,disengagement_only
0.6,0.6303755648061994,0.9,0.3247796611156249,0.001413937998898258,0.00268034577276402,0.030375564806199407,-0.5752203388843751,disengagement_only
0.6,0.5777280497469974,0.9,0.2645736580399862,0.0014145261029673308,0.0037488392233189644,-0.022271950253002548,-0.6354263419600138,disengagement_only
0.6,0.5942326347484698,0.9,0.29385926560323067,0.001416313293833943,0.0018475891849098203,-0.00576736525153021,-0.6061407343967693,disengagement_only
0.6,0.8812933038960258,0.9,0.8886530873249309,0.001420680247305684,0.0018858026133644068,0.2812933038960258,-0.011346912675069154,improvement_only
0.6,0.8764908135251818,0.9,0.8692682112266796,0.0014275738747236684,0.0018875729152459664,0.2764908135251818,-0.03073178877332039,improvement_only
0.6,0.63083314983926,0.9,0.3258927456406169,0.0014284789229704153,0.002875086335273419,0.03083314983926,-0.5741072543593831,disengagement_only
0.6,0.6066496875086467,0.9,0.29043051279583765,0.0014332588849478988,0.001834333534570659,0.0066496875086466956,-0.6095694872041624,disengagement_only
0.6,0.8914477239119275,0.9,0.940081489784021,0.0014340358813627909,0.0037655953051347335,0.2914477239119275,0.04008148978402093,improvement_only
0.6,0.5977801436609362,0.9,0.28097089044551715,0.0014380002487238844,0.0026818412622265364,-0.0022198563390637416,-0.6190291095544829,disengagement_only
0.6,0.5819775480411615,0.9,0.2670731638218733,0.0014458920434682477,0.003779463206524461,-0.018022451958838448,-0.6329268361781267,disengagement_only
0.6,0.6143116794603881,0.9,0.29940825659027226,0.0014486727569993918,0.001914473079212775,0.014311679460388138,-0.6005917434097278,disengagement_only
0.6,0.5847960565580841,0.9,0.2691875894356083,0.0014491732865132918,0.0036707000441423415,-0.01520394344191589,-0.6308124105643917,disengagement_only
0.6,0.8802836316781013,0.9,0.9183333443099047,0.0014511163937046736,0.00183355695131171,0.28028363167810133,0.01833334430990463,improvement_only
0.6,0.8649389619376341,0.9,0.8330314519760015,0.001452485575016188,0.002487379369495085,0.2649389619376341,-0.06696854802399854,mixed
0.6,0.8829111186415383,0.9,0.8952712314892267,0.0014560125019681958,0.0022688727798675506,0.2829111186415383,-0.004728768510773307,improvement_only
0.6,0.6304073861553147,0.9,0.3279200134701147,0.0014566899977577423,0.003516970571984024,0.030407386155314686,-0.5720799865298853,disengagement_only
0.6,0.8927786720024905,0.9,0.9489384396843406,0.0014646732029524536,0.0038881078195689284,0.2927786720024905,0.04893843968434053,improvement_only
0.6,0.6179982900021977,0.9,0.3039882708289288,0.0014675797321290446,0.002016295879478991,0.01799829000219777,-0.5960117291710711,disengagement_only
0.6,0.8688792910782128,0.9,0.8670352781912104,0.0014689872525474254,0.003650749017553412,0.26887929107821285,-0.03296472180878962,improvement_only
0.6,0.5721302002392973,0.9,0.2621426045338857,0.0014702363684962847,0.0034645413571972317,-0.027869799760702696,-0.6378573954661143,disengagement_only
0.6,0.5861987545743675,0.9,0.28513010037202,0.0014719061782674178,0.0019358814877024066,-0.013801245425632436,-0.61486989962798,disengagement_only
0.6,0.8856468584541792,0.9,0.9403154860204233,0.0014734866903031024,0.0020494589161441368,0.28564685845417925,0.04031548602042323,improvement_only
0.6,0.6047982011712377,0.9,0.30547480570921176,0.0014737615177678924,0.002961682956295092,0.004798201171237748,-0.5945251942907883,disengagement_only
0.6,0.8819273151335839,0.9,0.8907281038944379,0.001475020939137635,0.0020732578621038417,0.28192731513358393,-0.009271896105562116,improvement_only
0.6,0.5734976962635955,0.9,0.2620368897216987,0.001478936248211784,0.0037480951116243694,-0.026502303736404498,-0.6379631102783013,disengagement_only
0.6,0.8654090878661699,0.9,0.8332894572886165,0.0014798273797586297,0.0022401262624715534,0.2654090878661699,-0.06671054271138355,mixed
0.6,0.6267906558416332,0.9,0.3164432373666322,0.0014803400248475976,0.0021528002111049216,0.026790655841633204,-0.5835567626333678,disengagement_only
0.6,0.593571665702732,0.9,0.29353058474415367,0.0014830507887825643,0.0019159593505479189,-0.006428334297267968,-0.6064694152558463,disengagement_only
0.6,0.8656699521220319,0.9,0.8336511754385789,0.0014903140994941596,0.002125593371517853,0.2656699521220319,-0.0663488245614211,mixed
0.6,0.6234495628813533,0.9,0.31128657386531056,0.0014910433352279308,0.002141853047196801,0.02344956288135336,-0.5887134261346895,disengagement_only
0.6,0.5758854043751276,0.9,0.26284626724119287,0.0014914452331965442,0.003937680487834133,-0.024114595624872392,-0.6371537327588072,disengagement_only
0.6,0.6255344290370659,0.9,0.32543111619023896,0.0014915522175010618,0.003958235275200284,0.02553442903706593,-0.5745688838097611,disengagement_only
0.6,0.8705607750434465,0.9,0.8476383580722453,0.0014917801373998442,0.002149924685116905,0.27056077504344656,-0.05236164192775472,mixed
0.6,0.601984109946072,0.9,0.2849341818884934,0.0015000076830935264,0.0023648257733195066,0.00198410994607201,-0.6150658181115066,disengagement_only
0.6,0.8836579325085921,0.9,0.932861495679661,0.0015018653205016374,0.0019993404415390437,0.28365793250859217,0.03286149567966101,improvement_only
0.6,0.5967537726534499,0.9,0.2795683876779319,0.0015027657645860948,0.002889887791682061,-0.0032462273465501124,-0.6204316123220681,disengagement_only
0.6,0.8627579288956881,0.9,0.8300079280536734,0.0015046692151046857,0.003438484235896072,0.26275792889568816,-0.06999207194632662,mixed
0.6,0.5832435384719076,0.9,0.26759854560996915,0.0015047009622296572,0.0038576184589681345,-0.016756461528092403,-0.6324014543900309,disengagement_only
0.6,0.8659156969664267,0.9,0.8527339341983685,0.0015048497533482403,0.003964104010029307,0.2659156969664267,-0.04726606580163151,improvement_only
0.6,0.8710580612098031,0.9,0.8779689928164981,0.0015067553507418282,0.0034246068201699564,0.27105806120980314,-0.022031007183501927,improvement_only
0.6,0.609841725222515,0.9,0.2936264211063145,0.0015081036892261794,0.0019078845720583715,0.00984172522251503,-0.6063735788936855,disengagement_only
0.6,0.8634974013262329,0.9,0.8389969754701583,0.0015098562279535798,0.0039576569564767905,0.2634974013262329,-0.06100302452984174,mixed
0.6,0.6327195103836998,0.9,0.3290323830163675,0.0015130971771210762,0.0032833461438722955,0.0327195103836998,-0.5709676169836325,disengagement_only
0.6,0.8821393329811643,0.9,0.9268169884081434,0.0015131627028850782,0.0019510635805859156,0.28213933298116434,0.026816988408143394,improvement_only
0.6,0.6323921747752257,0.9,0.32964854930273224,0.0015187332823701986,0.003523455901402739,0.03239217477522571,-0.5703514506972678,disengagement_only
0.6,0.8797178790144556,0.9,0.8809048965478561,0.0015190891705630022,0.0019192286841186734,0.27971787901445566,-0.019095103452143936,improvement_only
0.6,0.8761928296890288,0.9,0.8670282075172935,0.0015203431986992911,0.0020123249685130573,0.2761928296890288,-0.03297179248270654,improvement_only
0.6,0.5704889987218933,0.9,0.2620641918647981,0.0015203515387934867,0.00318774066846092,-0.029511001278106685,-0.6379358081352019,disengagement_only
0.6,0.5704530122806829,0.9,0.2626335739771089,0.0015203828872072107,0.0030042418571510354,-0.029546987719317075,-0.6373664260228911,disengagement_only
0.6,0.5765792809688127,0.9,0.2736163153627915,0.0015215661883829282,0.0021963672728305406,-0.023420719031187254,-0.6263836846372085,disengagement_only
0.6,0.863561082830162,0.9,0.8286290744208615,0.0015251978174863406,0.0028263682988078354,0.263561082830162,-0.07137092557913849,mixed
0.6,0.8869604899812651,0.9,0.9133382495511104,0.0015308658275075015,0.0031963017570503377,0.2869604899812651,0.013338249551110404,improvement_only
0.6,0.8636244944744244,0.9,0.840646022122214,0.0015342318103629424,0.004056928585708941,0.2636244944744244,-0.05935397787778607,mixed
0.6,0.5880712793909404,0.9,0.271283720349281,0.0015438948053659405,0.0036624737046255657,-0.011928720609059584,-0.6287162796507191,disengagement_only
0.6,0.862330073396715,0.9,0.8274923144461461,0.001545044810801052,0.0034194874806698083,0.262330073396715,-0.0725076855538539,mixed
0.6,0.6332144448134926,0.9,0.3303140972865664,0.0015456239710063193,0.0035112486642939478,0.03321444481349267,-0.5696859027134336,disengagement_only
0.6,0.5726126005583687,0.9,0.2681506803213558,0.0015466438395140445,0.002239612244195638,-0.027387399441631266,-0.6318493196786442,disengagement_only
0.6,0.5825629518309325,0.9,0.2667673097761574,0.0015495630656905432,0.0039813360635647665,-0.017437048169067437,-0.6332326902238425,disengagement_only
0.6,0.8925699277254971,0.9,0.9448741031124095,0.001552601755283815,0.0040957337375053665,0.29256992772549717,0.04487410311240947,improvement_only
0.6,0.5913004902070231,0.9,0.27408222399250687,0.0015544738370322554,0.003447088347980465,-0.008699509792976845,-0.6259177760074932,disengagement_only
0.6,0.5822455054348363,0.9,0.2664703064067651,0.0015576508031010696,0.004011879217224623,-0.017754494565163648,-0.6335296935932349,disengagement_only
0.6,0.6338316865061597,0.9,0.3294326680762992,0.0015577434176978476,0.0031337898162551725,0.03383168650615975,-0.5705673319237008,disengagement_only
0.6,0.870037186925618,0.9,0.8740062814413592,0.0015661138040754833,0.00365188330097288,0.27003718692561807,-0.025993718558640855,improvement_only
0.6,0.5776756961596186,0.9,0.2754517915331637,0.0015672999015058976,0.0022371080864857507,-0.02232430384038142,-0.6245482084668363,disengagement_only
0.6,0.8774931573159608,0.9,0.9077352805757603,0.0015687508153590215,0.002320001057130372,0.2774931573159608,0.007735280575760228,improvement_only
0.6,0.8619451154274945,0.9,0.8298266709718214,0.0015696606760637597,0.003891404403059101,0.26194511542749455,-0.07017332902817863,mixed
0.6,0.8622334713843808,0.9,0.8258550208174328,0.0015704083992341305,0.003301175758632674,0.2622334713843808,-0.07414497918256724,mixed
0.6,0.879026304697001,0.9,0.9143980350508962,0.0015714685017609639,0.0020377962766669755,0.27902630469700107,0.014398035050896207,improvement_only
0.6,0.8825337429278617,0.9,0.8921696829567503,0.0015746838512943043,0.0023184198393164795,0.2825337429278617,-0.007830317043249768,improvement_only
0.6,0.6290194001845028,0.9,0.3291954615903814,0.001586941233509441,0.00417954547404123,0.029019400184502775,-0.5708045384096186,disengagement_only
0.6,0.8719899680459915,0.9,0.8833950233602049,0.0015902602344274918,0.003392347851448374,0.2719899680459915,-0.0166049766397951,improvement_only
0.6,0.630434016706183,0.9,0.321039386199305,0.0015913482979118087,0.0023084218747598806,0.030434016706183065,-0.5789606138006951,disengagement_only
0.6,0.6009197524767211,0.9,0.28327384722242654,0.0015914682930628311,0.002632963581297526,0.0009197524767211585,-0.6167261527775735,disengagement_only
0.6,0.8884265512045908,0.9,0.91987581835365,0.0015965914623882018,0.0035576395544122397,0.2884265512045908,0.019875818353649932,improvement_only
0.6,0.5730582831300055,0.9,0.2694755873541136,0.0015997134155518449,0.002326574171309742,-0.02694171686999447,-0.6305244126458864,disengagement_only
0.6,0.601208521297439,0.9,0.2835181016245445,0.0016011373540419534,0.0026195968936980063,0.0012085212974389803,-0.6164818983754555,disengagement_only
0.6,0.8850741180430005,0.9,0.9397414983682542,0.0016018634348918157,0.002186448405097907,0.28507411804300054,0.039741498368254136,improvement_only
0.6,0.6067120367797709,0.9,0.2894241497913923,0.0016090239776802668,0.0020878422662432006,0.006712036779770947,-0.6105758502086077,disengagement_only
0.6,0.6077607349845527,0.9,0.30936572823389885,0.0016097084548709058,0.0034354273867421292,0.007760734984552764,-0.5906342717661012,disengagement_only
0.6,0.8691855654118003,0.9,0.8706351699408147,0.001611321279099161,0.0038305049412943326,0.2691855654118003,-0.02936483005918533,improvement_only
0.6,0.8728062106290706,0.9,0.8874085343265308,0.0016127252484534507,0.003285083284031043,0.2728062106290706,-0.012591465673469249,improvement_only
0.6,0.6163972593681826,0.9,0.30087662773803114,0.001613833067732761,0.0021417057936786443,0.016397259368182593,-0.5991233722619689,disengagement_only
0.6,0.8617926706289069,0.9,0.8235884842907241,0.0016143403496166533,0.0033140602831324695,0.2617926706289069,-0.07641151570927596,mixed
0.6,0.861192898122981,0.9,0.825364294161623,0.0016190402204960832,0.003850140907358579,0.2611928981229811,-0.07463570583837698,mixed
0.6,0.5686152391451409,0.9,0.26059459635700993,0.001619353458896058,0.0033024776957538554,-0.031384760854859084,-0.6394054036429901,disengagement_only
0.6,0.6299383777465686,0.9,0.33035469427611613,0.0016265249174470821,0.004279662800760253,0.0299383777465686,-0.5696453057238839,disengagement_only
0.6,0.6354632780616438,0.9,0.3314134517731663,0.0016271504907401997,0.003282795838697533,0.035463278061643844,-0.5685865482268337,disengagement_only
0.6,0.5839920648676048,0.9,0.26735022027948974,0.0016283879305950778,0.004072628630242048,-0.01600793513239518,-0.6326497797205103,disengagement_only
0.6,0.8722644794857843,0.9,0.8515021479773061,0.0016289334105086717,0.002281518816103445,0.27226447948578436,-0.048497852022693966,improvement_only
0.6,0.5777789301323589,0.9,0.27612914618274376,0.0016352348649494575,0.0023126825885455005,-0.022221069867641052,-0.6238708538172563,disengagement_only
0.6,0.8759451066848174,0.9,0.8646676455832474,0.0016392550004880112,0.0021671984955503043,0.2759451066848174,-0.03533235441675264,improvement_only
0.6,0.5721289781181692,0.9,0.26857515093223716,0.0016411983606111655,0.002386732954443388,-0.02787102188183077,-0.6314248490677629,disengagement_only
0.6,0.5940079873019266,0.9,0.2760841154856014,0.0016416567944239017,0.0033775968411673546,-0.005992012698073368,-0.6239158845143986,disengagement_only
0.6,0.6272395106627161,0.9,0.32835716610570703,0.0016420951782474206,0.004362576201534074,0.027239510662716127,-0.5716428338942929,disengagement_only
0.6,0.8613455815910398,0.9,0.8221308594626813,0.0016428725346243948,0.003415761917026472,0.2613455815910398,-0.07786914053731875,mixed
0.6,0.6358699035175116,0.9,0.33243639120974805,0.0016443973992678414,0.003459430555944526,0.035869903517511625,-0.567563608790252,disengagement_only
0.6,0.8774326921850816,0.9,0.8702826395868681,0.0016461726845322605,0.00212296487321037,0.2774326921850816,-0.029717360413131888,improvement_only
0.6,0.8621761532978093,0.9,0.8354559076210829,0.0016490596105328502,0.004356581933096237,0.2621761532978093,-0.06454409237891712,mixed
0.6,0.6346747581520887,0.9,0.327907853636799,0.001654334837950936,0.0025341896899531147,0.03467475815208876,-0.572092146363201,disengagement_only
0.6,0.5965455527945808,0.9,0.27846300232579435,0.001655184594428112,0.0031723743073817645,-0.003454447205419209,-0.6215369976742057,disengagement_only
0.6,0.8677969981417318,0.9,0.83660299886022,0.0016560905954790173,0.0024044199338577876,0.26779699814173186,-0.06339700113977997,mixed
0.6,0.8606425281707719,0.9,0.8228507765517823,0.0016603972186288488,0.0038977905045992356,0.26064252817077194,-0.07714922344821773,mixed
0.6,0.6351915670577696,0.9,0.32883333436492435,0.001663355629956206,0.002661154729834775,0.0351915670577696,-0.5711666656350757,disengagement_only
0.6,0.5809853269365568,0.9,0.264776049370665,0.00166441956334079,0.004290704672837847,-0.019014673063443177,-0.635223950629335,disengagement_only
0.6,0.8774344311537781,0.9,0.9086902191135129,0.0016709739638086404,0.002448795718587138,0.2774344311537781,0.008690219113512865,improvement_only
0.6,0.6074679125683419,0.9,0.28988981019799576,0.001671387384937581,0.0021495105867241904,0.0074679125683418945,-0.6101101898020043,disengagement_only
0.6,0.6223601009971342,0.9,0.3242442512343694,0.0016727782062352402,0.004355738914228663,0.022360100997134258,-0.5757557487656306,disengagement_only
0.6,0.8695014235307237,0.9,0.8730214538305463,0.001675197972374152,0.003879854404722466,0.2695014235307237,-0.02697854616945372,improvement_only
0.6,0.6231717036509417,0.9,0.3250309181171325,0.0016764567082748396,0.004386902175565838,0.023171703650941677,-0.5749690818828675,disengagement_only
0.6,0.6366052491702383,0.9,0.33351663952127014,0.001676462677903104,0.003573903676700685,0.03660524917023833,-0.5664833604787298,disengagement_only
0.6,0.8741453102834509,0.9,0.8943081386569349,0.0016822270483267373,0.0031300926977265164,0.2741453102834509,-0.005691861343065097,improvement_only
0.6,0.6350459739709043,0.9,0.32800440831410327,0.001685179802180243,0.002474614641807371,0.035045973970904365,-0.5719955916858968,disengagement_only
0.6,0.569954428952277,0.9,0.2582572721671224,0.0016864571738357272,0.004273750017892625,-0.030045571047722985,-0.6417427278328776,disengagement_only
0.6,0.5830826757909283,0.9,0.28290871834429004,0.0016867771902105322,0.002244488737365019,-0.01691732420907166,-0.6170912816557099,disengagement_only
0.6,0.8700233926695394,0.9,0.8756571003754029,0.0016903411629697219,0.0038270283678904227,0.27002339266953945,-0.024342899624597125,improvement_only
0.6,0.8602155593383771,0.9,0.8222053105774993,0.0016922988354522027,0.00407410971943914,0.26021555933837714,-0.07779468942250067,mixed
0.6,0.6106473939524322,0.9,0.31284291178786927,0.0016926330039156272,0.003792771209560092,0.010647393952432194,-0.5871570882121308,disengagement_only
0.6,0.6170860650906804,0.9,0.31934769520534206,0.0016980545028475373,0.004191354754763149,0.017086065090680447,-0.5806523047946579,disengagement_only
0.6,0.8937565804703292,0.9,0.9493978462337166,0.0017041506277789083,0.004498929963080628,0.29375658047032926,0.04939784623371657,improvement_only
0.6,0.6372146808234368,0.9,0.33292489718389456,0.0017062311583580926,0.003275434532517524,0.03721468082343682,-0.5670751028161054,disengagement_only
0.6,0.8623375122003681,0.9,0.8380209394431692,0.0017070503741515362,0.0045350425407836015,0.26233751220036816,-0.06197906055683078,mixed
0.6,0.5755830347040424,0.9,0.2607185074928449,0.0017085970994743542,0.004535464502448308,-0.024416965295957604,-0.639281492507155,disengagement_only
0.6,0.6373595073539053,0.9,0.3331506160193741,0.0017116881129237147,0.0033012386232247337,0.037359507353905363,-0.5668493839806259,disengagement_only
0.6,0.5668818697291639,0.9,0.2591143679095499,0.0017127959608782596,0.0034498649321988706,-0.0331181302708361,-0.6408856320904501,disengagement_only
0.6,0.8733494292685032,0.9,0.891144889830926,0.0017150715681857858,0.003316255129389767,0.27334942926850325,-0.008855110169074032,improvement_only
0.6,0.5680588399209835,0.9,0.2629277159856639,0.0017172761695555384,0.0024722109783016782,-0.031941160079016484,-0.6370722840143361,disengagement_only
0.6,0.6369232019802206,0.9,0.33555363321646525,0.0017206488729710223,0.004037753430661012,0.03692320198022059,-0.5644463667835348,disengagement_only
0.6,0.8855924061801175,0.9,0.9041908319317714,0.0017240707722712878,0.00314568347596407,0.2855924061801175,0.004190831931771388,improvement_only
0.6,0.869790557944532,0.9,0.8418864735097478,0.0017271240329788853,0.0024736089811636386,0.269790557944532,-0.058113526490252254,mixed
0.6,0.8815470280525601,0.9,0.9269364757894281,0.0017288899261732127,0.0022009187419932963,0.28154702805256016,0.026936475789428038,improvement_only
0.6,0.8932419189304408,0.9,0.9452937239129695,0.0017307627742376593,0.00450464195243791,0.2932419189304408,0.045293723912969486,improvement_only
0.6,0.8931690995214876,0.9,0.944790300659915,0.0017321069171508075,0.0044991379853966396,0.2931690995214876,0.04479030065991496,improvement_only
0.6,0.8681686842710018,0.9,0.8676250481394668,0.0017350929006822524,0.004142356640357586,0.2681686842710018,-0.032374951860533185,improvement_only
0.6,0.622152459338137,0.9,0.3074483821093168,0.00173655615385488,0.002401044202422681,0.02215245933813703,-0.5925516178906832,disengagement_only
0.6,0.89035713732836,0.9,0.9280646459986467,0.0017372666477141901,0.004090388367869874,0.29035713732836,0.028064645998646665,improvement_only
0.6,0.8734033507545139,0.9,0.8916718483294288,0.0017380787479020793,0.0033345862408187543,0.27340335075451394,-0.008328151670571216,improvement_only
0.6,0.616346981646815,0.9,0.2999480933287383,0.0017395617475665945,0.002279343333414008,0.01634698164681503,-0.6000519066712617,disengagement_only
0.6,0.6310005005240424,0.9,0.3201434955556896,0.0017412516404592302,0.002529475314700519,0.031000500524042462,-0.5798565044443105,disengagement_only
0.6,0.588619645636755,0.9,0.28958953815915417,0.0017418816092058592,0.002203875338443656,-0.011380354363245027,-0.6104104618408459,disengagement_only
0.6,0.6311115141016195,0.9,0.3202757361765368,0.001745072574701794,0.0025352359503214295,0.031111514101619497,-0.5797242638234632,disengagement_only
0.6,0.5782293947534687,0.9,0.26219530384054685,0.0017452425829514106,0.0045676565660566215,-0.021770605246531294,-0.6378046961594532,disengagement_only
0.6,0.8647577748418538,0.9,0.826354627286892,0.0017467973011423734,0.0025305765294222904,0.2647577748418538,-0.073645372713108,mixed
0.6,0.6204376884396191,0.9,0.30509457064057677,0.0017481708833334752,0.002377995948445344,0.02043768843961913,-0.5949054293594233,disengagement_only
0.6,0.632316762890882,0.9,0.3221494837453933,0.0017496792609900775,0.002544669770621677,0.032316762890882034,-0.5778505162546067,disengagement_only
0.6,0.5921348537490558,0.9,0.29354671137190536,0.001750511429227837,0.0022513962492761164,-0.007865146250944144,-0.6064532886280947,disengagement_only
0.6,0.6370559584575549,0.9,0.3307645817174621,0.0017523514504858095,0.002741969678517031,0.03705595845755494,-0.5692354182825379,disengagement_only
0.6,0.8890205584981254,0.9,0.9207028405647887,0.0017528340570803597,0.0038676106698033452,0.28902055849812547,0.02070284056478866,improvement_only
0.6,0.8594375642790182,0.9,0.8171119837912391,0.0017547391096996367,0.003969795326862369,0.2594375642790182,-0.08288801620876096,mixed
0.6,0.5805304957031691,0.9,0.2803653332380225,0.001755584354409818,0.0023821351889601605,-0.01946950429683092,-0.6196346667619775,disengagement_only
0.6,0.5822707572198083,0.9,0.28242374643824303,0.0017566868379735663,0.0023401417143144865,-0.017729242780191723,-0.617576253561757,disengagement_only
0.6,0.8714232217945437,0.9,0.8469653788254174,0.0017568812869804675,0.002466645684947588,0.2714232217945437,-0.053034621174582575,mixed
0.6,0.8888151563828887,0.9,0.9195784705218295,0.0017571291837304456,0.0038339833877392704,0.2888151563828887,0.019578470521829483,improvement_only
0.6,0.6369959357237771,0.9,0.33661005852692094,0.0017594172418407767,0.004299674110339907,0.03699593572377713,-0.5633899414730791,disengagement_only
0.6,0.876337361617937,0.9,0.8647109957665465,0.001760108374202549,0.0022993492735817744,0.276337361617937,-0.03528900423345349,improvement_only
0.6,0.8743886430654055,0.9,0.8963478665425421,0.0017604162951973612,0.003177508926711675,0.27438864306540556,-0.0036521334574579623,improvement_only
0.6,0.5823099368288965,0.9,0.28250918481281656,0.001762653270395697,0.0023459438541957867,-0.017690063171103443,-0.6174908151871834,disengagement_only
0.6,0.6360605291822747,0.9,0.32850501697919954,0.0017627990950689885,0.0025128492251546564,0.03606052918227476,-0.5714949830208005,disengagement_only
0.6,0.8667741031255994,0.9,0.8318523089899018,0.0017654278332035896,0.002564113029909082,0.26677410312559946,-0.06814769101009821,mixed
0.6,0.636851479474794,0.9,0.33673920443889993,0.001767515808112111,0.004367832770763941,0.03685147947479406,-0.5632607955611001,disengagement_only
0.6,0.566292980304094,0.9,0.25702681477734746,0.0017682082331488356,0.003997698178916043,-0.03370701969590595,-0.6429731852226526,disengagement_only
0.6,0.5719783780049124,0.9,0.26969113857266636,0.0017684778332051033,0.002560250669244035,-0.02802162199508762,-0.6303088614273337,disengagement_only
0.6,0.8627992219793014,0.9,0.8419134816859424,0.0017692072927833111,0.004676964116257953,0.2627992219793014,-0.058086518314057645,mixed
0.6,0.5855686852229458,0.9,0.2863142830351686,0.0017698154457181105,0.002282194776209834,-0.014431314777054172,-0.6136857169648314,disengagement_only
0.6,0.5714577400108578,0.9,0.2578578453389091,0.0017701328296983942,0.004669332888384156,-0.02854225998914217,-0.6421421546610909,disengagement_only
0.6,0.6373276134567429,0.9,0.3369571728589234,0.0017702983801896062,0.004313115159119418,0.03732761345674296,-0.5630428271410766,disengagement_only
0.6,0.5791935025088143,0.9,0.26269080136598244,0.0017724608902456836,0.004593694754159897,-0.020806497491185683,-0.6373091986340176,disengagement_only
0.6,0.6388545414710943,0.9,0.3349448124169633,0.0017744966995256832,0.003424106627711393,0.03885454147109435,-0.5650551875830367,disengagement_only
0.6,0.8629779740057347,0.9,0.842958317475899,0.0017750725776025074,0.0046822827172443016,0.26297797400573475,-0.05704168252410102,mixed
0.6,0.6174523024948585,0.9,0.3010697841532575,0.0017771135923441395,0.002345129471088503,0.017452302494858518,-0.5989302158467424,disengagement_only
0.6,0.6390261407714234,0.9,0.3353768208814079,0.0017793085663697053,0.0034973539393750863,0.03902614077142341,-0.5646231791185921,disengagement_only
0.6,0.8839647835237843,0.9,0.896008444721758,0.0017809267399710867,0.002861941859317846,0.2839647835237843,-0.0039915552782420205,improvement_only
0.6,0.5758856938745789,0.9,0.2749116861669525,0.001783214905997343,0.0025204502977226317,-0.024114306125421092,-0.6250883138330475,disengagement_only
0.6,0.5767487218377025,0.9,0.2759880285309242,0.0017835494034216695,0.0025000834569667563,-0.02325127816229744,-0.6240119714690758,disengagement_only
0.6,0.8659160146868445,0.9,0.8290059042372677,0.0017847344654058,0.002595546360475348,0.26591601468684456,-0.0709940957627323,mixed
0.6,0.8928023358355329,0.9,0.9413885757296174,0.001785807872958002,0.004545854770173177,0.29280233583553295,0.041388575729617405,improvement_only
0.6,0.876995164490281,0.9,0.8669121399786824,0.001787433240195352,0.0023113820821131226,0.27699516449028105,-0.03308786002131758,improvement_only
0.6,0.6358828175868932,0.9,0.32770230649227217,0.0017904662102489197,0.0025750107058575,0.03588281758689327,-0.5722976935077279,disengagement_only
0.6,0.8779652178839031,0.9,0.8706394313189306,0.0017925889831020224,0.002287095172936293,0.27796521788390316,-0.0293605686810694,improvement_only
0.6,0.8717413742102053,0.9,0.8849562045945133,0.0018000006036315182,0.0037018487257564348,0.2717413742102053,-0.015043795405486726,improvement_only
0.6,0.632144991693175,0.9,0.32129293175081464,0.0018000656097588257,0.002615110350559724,0.032144991693174974,-0.5787070682491854,disengagement_only
0.6,0.6383780343386322,0.9,0.33795985521412186,0.0018013973906798276,0.004329193562154637,0.03837803433863218,-0.5620401447858782,disengagement_only
0.6,0.6185083752421634,0.9,0.3215134449312267,0.0018069119014140112,0.004473414991124275,0.018508375242163422,-0.5784865550687733,disengagement_only
0.6,0.8592247776769862,0.9,0.8134191960934416,0.001811101121863181,0.0036906796812373466,0.25922477767698626,-0.08658080390655842,mixed
0.6,0.5679158563619063,0.9,0.2560406688437906,0.0018112562555353767,0.004597814117836302,-0.03208414363809364,-0.6439593311562094,disengagement_only
0.6,0.5720083255231033,0.9,0.2577435609325308,0.001811427505112649,0.0048040956302683735,-0.027991674476896655,-0.6422564390674692,disengagement_only
0.6,0.613686217221765,0.9,0.29620827468285166,0.0018142732703329769,0.0023148214355417918,0.013686217221764996,-0.6037917253171483,disengagement_only
0.6,0.5951590877091074,0.9,0.2972452572222884,0.0018165330133375235,0.002608381347831451,-0.004840912290892563,-0.6027547427777116,disengagement_only
0.6,0.5863691205856225,0.9,0.2875355449342242,0.0018197132956221604,0.0023227321795851463,-0.013630879414377461,-0.6124644550657758,disengagement_only
0.6,0.8819237008262332,0.9,0.8865839728137915,0.0018200990004514246,0.002458342688331422,0.2819237008262332,-0.01341602718620849,improvement_only
0.6,0.640073468356617,0.9,0.3369793793578695,0.0018206883849251581,0.00367126726691111,0.04007346835661707,-0.5630206206421305,disengagement_only
0.6,0.8758958096007183,0.9,0.8622622146543443,0.0018248838987887737,0.0023959041315323726,0.27589580960071836,-0.03773778534565575,improvement_only
0.6,0.8680247976126411,0.9,0.8348379161114011,0.0018255767081825245,0.0026331275675939014,0.2680247976126411,-0.0651620838885989,mixed
0.6,0.8655699946892147,0.9,0.8567243345082445,0.0018298706075922828,0.004585863131558066,0.2655699946892147,-0.043275665491755544,improvement_only
0.6,0.6401892813752434,0.9,0.336580268329554,0.0018298843419097828,0.0035394344390946852,0.04018928137524347,-0.563419731670446,disengagement_only
0.6,0.8656145760968805,0.9,0.8569431105994413,0.0018302154916368795,0.004581895331128988,0.26561457609688055,-0.04305688940055874,improvement_only
0.6,0.8612187468007286,0.9,0.8158392041087965,0.0018325044732341153,0.0028146230498083957,0.26121874680072865,-0.08416079589120351,mixed
0.6,0.6317593034604602,0.9,0.32029310612367123,0.0018371712982870382,0.0026608635004160275,0.031759303460460186,-0.5797068938763288,disengagement_only
0.6,0.6360605636131431,0.9,0.32728736876504133,0.0018388102059126033,0.002660575334531623,0.03606056361314314,-0.5727126312349586,disengagement_only
0.6,0.6287960907960398,0.9,0.33158986614308983,0.0018401764714955908,0.004877116856743885,0.02879609079603984,-0.5684101338569102,disengagement_only
0.6,0.5752001114393356,0.9,0.27450875011272013,0.0018414739471120558,0.0026009172732476826,-0.024799888560664396,-0.6254912498872799,disengagement_only
0.6,0.8581750074527231,0.9,0.8130308728649354,0.0018418560116100161,0.004245976967992171,0.25817500745272315,-0.08696912713506466,mixed
0.6,0.6361284381114637,0.9,0.3273552569679571,0.001842348433551777,0.002665787961236593,0.03612843811146371,-0.5726447430320429,disengagement_only
0.6,0.6309246023794163,0.9,0.3335009048649047,0.0018428553590691954,0.00489589439753646,0.0309246023794163,-0.5664990951350953,disengagement_only
0.6,0.8687711519810986,0.9,0.8369779097072025,0.001843738923843981,0.0026455048228562206,0.2687711519810986,-0.06302209029279748,mixed
0.6,0.8857209405221901,0.9,0.9032649827116139,0.0018442445399631043,0.0033103592944174476,0.2857209405221901,0.0032649827116139063,improvement_only
0.6,0.5791552918101361,0.9,0.27934496087792504,0.0018444675784285046,0.0025133484167753906,-0.020844708189863836,-0.620655039122075,disengagement_only
0.6,0.6016465451111653,0.9,0.3043906851945968,0.0018468953687923236,0.0033224636102190397,0.001646545111165354,-0.5956093148054032,disengagement_only
0.6,0.8784927917611189,0.9,0.8720703295863349,0.001848690701308822,0.002347265485911937,0.27849279176111896,-0.02792967041366512,improvement_only
0.6,0.5816058319488124,0.9,0.2822659227547645,0.0018499053472240173,0.0024585626919844117,-0.018394168051187543,-0.6177340772452355,disengagement_only
0.6,0.8801412172515861,0.9,0.9224473702644853,0.0018503690919985738,0.0023409662483172555,0.28014121725158614,0.02244737026448529,improvement_only
0.6,0.6234365022237682,0.9,0.3082909865009278,0.0018504096521168869,0.0025543958683866552,0.023436502223768252,-0.5917090134990722,disengagement_only
0.6,0.6399066209531379,0.9,0.33472691112855557,0.0018510129526752436,0.0031203302516257525,0.039906620953137906,-0.5652730888714445,disengagement_only
0.6,0.6398882494353152,0.9,0.3345101817078897,0.0018566443531176909,0.0030678347986561605,0.039888249435315215,-0.5654898182921103,disengagement_only
0.6,0.5813826319841613,0.9,0.2820555581720882,0.0018574145343320464,0.002471850321872693,-0.018617368015838687,-0.6179444418279119,disengagement_only
0.6,0.6360024452814217,0.9,0.3378266203390108,0.0018641788027575316,0.004855910808959113,0.03600244528142171,-0.5621733796609892,disengagement_only
0.6,0.565796309724524,0.9,0.25493589431317254,0.0018647356983805422,0.004564766790747507,-0.034203690275475984,-0.6450641056868275,disengagement_only
0.6,0.5901429359792604,0.9,0.29205237869506573,0.0018681918351951138,0.0023686411053576995,-0.009857064020739603,-0.6079476213049343,disengagement_only
0.6,0.6413763068184379,0.9,0.3384854824838802,0.001875011947181209,0.0037570944965372166,0.04137630681843796,-0.5615145175161198,disengagement_only
0.6,0.8887650736501351,0.9,0.9176147536978043,0.001878431915704087,0.0039742857814347166,0.28876507365013515,0.017614753697804297,improvement_only
0.6,0.5667962406790166,0.9,0.2548338210898954,0.0018798059500298569,0.004775183280309556,-0.033203759320983406,-0.6451661789101046,disengagement_only
0.6,0.6169625200663061,0.9,0.29974086593425686,0.001882518822114441,0.0024491110583611253,0.016962520066306164,-0.6002591340657432,disengagement_only
0.6,0.6377555910230982,0.9,0.3295962157161601,0.0018861205527290232,0.0027168285655154167,0.03775559102309822,-0.5704037842838399,disengagement_only
0.6,0.5642875174896091,0.9,0.2547816476125372,0.0018888023491768614,0.004344102598332317,-0.03571248251039083,-0.6452183523874628,disengagement_only
0.6,0.8845766971424533,0.9,0.8974236730731722,0.0018902202453041155,0.003117240183208622,0.28457669714245337,-0.0025763269268278544,improvement_only
0.6,0.5655559533889742,0.9,0.25448302069858486,0.0018906101581906306,0.004664126478750724,-0.034444046611025736,-0.6455169793014152,disengagement_only
0.6,0.8574976271060378,0.9,0.8099529515836105,0.001893207090806819,0.004293681789029169,0.25749762710603785,-0.09004704841638955,mixed
0.6,0.8655509466771112,0.9,0.8261815869889662,0.0018969457466396966,0.0027558447246495144,0.2655509466771112,-0.07381841301103387,mixed
0.6,0.5839222482389262,0.9,0.2852446551421651,0.0018976285431091798,0.0024582415088240106,-0.016077751761073733,-0.6147553448578349,disengagement_only
0.6,0.6212603177524224,0.9,0.3050586969809216,0.0018995592495949193,0.002560421393003137,0.02126031775242243,-0.5949413030190784,disengagement_only
0.6,0.8939199691471692,0.9,0.9460768814736205,0.0019025449014114008,0.004887325842153678,0.2939199691471692,0.046076881473620435,improvement_only
0.6,0.6341143349811271,0.9,0.3232510548670501,0.0019036923876190655,0.002765677332955907,0.03411433498112715,-0.5767489451329499,disengagement_only
0.6,0.872670695673616,0.9,0.890439802925411,0.0019040604635016643,0.0036697544849646213,0.272670695673616,-0.009560197074588994,improvement_only
0.6,0.8766315750840166,0.9,0.9079588158209793,0.0019048023738339336,0.0028890024557007843,0.2766315750840166,0.007958815820979237,improvement_only
0.6,0.6049461479822785,0.9,0.2856685936941706,0.0019083992099561233,0.0027451792255010904,0.004946147982278548,-0.6143314063058294,disengagement_only
0.6,0.8598806953563076,0.9,0.8297021234186756,0.0019111702552352572,0.005077120450560635,0.25988069535630764,-0.07029787658132447,mixed
0.6,0.8872447624767876,0.9,0.9096450134829688,0.00191130838968872,0.003706482175215811,0.28724476247678765,0.009645013482968756,improvement_only
0.6,0.8572221198076638,0.9,0.8089754274813927,0.0019123177668863487,0.004342411939251473,0.25722211980766385,-0.0910245725186073,mixed
0.6,0.8574300989213496,0.9,0.8081745802663706,0.0019137030361329698,0.004136704776663086,0.2574300989213496,-0.09182541973362945,mixed
0.6,0.877071614792538,0.9,0.8656633725975498,0.0019179895588153123,0.0024707405386917847,0.27707161479253806,-0.03433662740245025,improvement_only
0.6,0.8833056893262778,0.9,0.8914063998492158,0.0019180602101942805,0.002870497249123846,0.28330568932627787,-0.008593600150784253,improvement_only
0.6,0.8634649571806647,0.9,0.8480373183302017,0.0019187737693490271,0.004931141282727841,0.26346495718066476,-0.05196268166979834,mixed
0.6,0.5813191014237409,0.9,0.2633126764479477,0.001919028222334109,0.004796081648297951,-0.018680898576259097,-0.6366873235520523,disengagement_only
0.6,0.6412737244999596,0.9,0.34162555519029564,0.0019210937846824729,0.004601299672236742,0.041273724499959585,-0.5583744448097043,disengagement_only
0.6,0.6274897069654018,0.9,0.3132719789133803,0.0019213024976035087,0.0027117099781964193,0.027489706965401872,-0.5867280210866197,disengagement_only
0.6,0.570356961384595,0.9,0.2689375810788459,0.0019214384308991808,0.002776001097299141,-0.02964303861540496,-0.6310624189211541,disengagement_only
0.6,0.8938374292471225,0.9,0.9451695388224068,0.0019220243165942535,0.004909164984687103,0.29383742924712253,0.04516953882240682,improvement_only
0.6,0.879954362376525,0.9,0.8770970112203302,0.0019239560746549395,0.0024359594274925844,0.27995436237652505,-0.022902988779669786,improvement_only
0.6,0.8583742806987336,0.9,0.8215502697774233,0.0019256955790803566,0.005062356227338166,0.2583742806987336,-0.07844973022257673,mixed
0.6,0.6088936192923091,0.9,0.31249909836289147,0.0019277378292078579,0.0040792649182179175,0.00889361929230914,-0.5875009016371086,disengagement_only
0.6,0.8859451507904164,0.9,0.903211161849128,0.0019310856603800984,0.003456959373128135,0.2859451507904164,0.0032111618491279526,improvement_only
0.6,0.6426424503218111,0.9,0.34143244877189505,0.0019311595732782493,0.004223748779342645,0.04264245032181113,-0.558567551228105,disengagement_only
0.6,0.8568312190380412,0.9,0.8094820271090237,0.0019347295382444308,0.004619608793360208,0.2568312190380412,-0.0905179728909763,mixed
0.6,0.8663747747861796,0.9,0.8621188582233861,0.0019354266147658678,0.004661767196060984,0.26637477478617966,-0.03788114177661395,improvement_only
0.6,0.8809356452664516,0.9,0.8810159149607661,0.0019365115740330313,0.00248718170807094,0.28093564526645165,-0.018984085039233878,improvement_only
0.6,0.5942332427736516,0.9,0.2745515341446567,0.0019366793881708119,0.0038717646675759526,-0.00576675722634834,-0.6254484658553433,disengagement_only
0.6,0.8624664864368312,0.9,0.8167803239657279,0.0019369431953042233,0.002799962113806981,0.26246648643683124,-0.08321967603427216,mixed
0.6,0.6128007241517192,0.9,0.2943617334741093,0.0019378874488558918,0.002452382116392454,0.012800724151719178,-0.6056382665258907,disengagement_only
0.6,0.8792473217094369,0.9,0.8740483275567862,0.0019381014707001356,0.0024506820264988405,0.2792473217094369,-0.025951672443213836,improvement_only
0.6,0.6167494181126258,0.9,0.29909369241450645,0.0019397830127745384,0.0025117639858640572,0.01674941811262587,-0.6009063075854936,disengagement_only
0.6,0.8701908478758693,0.9,0.8797336826894995,0.0019409167978240132,0.004135575238369021,0.27019084787586933,-0.020266317310500548,improvement_only
0.6,0.8567529243311669,0.9,0.809738549293765,0.0019417252306266322,0.00469226096279618,0.2567529243311669,-0.09026145070623504,mixed
0.6,0.6145861615180855,0.9,0.31846889829922914,0.0019422916184576918,0.004504313354420919,0.01458616151808556,-0.5815311017007709,disengagement_only
0.6,0.8611245720623251,0.9,0.8369028961075893,0.0019427939423606656,0.005126702448530557,0.2611245720623251,-0.06309710389241074,mixed
0.6,0.6429610737781806,0.9,0.3399754707991021,0.001944048848073997,0.0037688886330992932,0.04296107377818059,-0.5600245292008978,disengagement_only
0.6,0.8725539052667168,0.9,0.8485552873239851,0.0019446058567681316,0.0026645462192280145,0.27255390526671686,-0.051444712676014914,mixed
0.6,0.6055278638810713,0.9,0.30908464171476274,0.0019457694185931163,0.003838541618290947,0.005527863881071293,-0.5909153582852373,disengagement_only
0.6,0.5759699435863728,0.9,0.25914166400002325,0.0019463711809212345,0.005089885276464007,-0.02403005641362721,-0.6408583359999768,disengagement_only
0.6,0.8872039835719767,0.9,0.9089777104213446,0.0019471874988645473,0.003739877565611477,0.28720398357197674,0.008977710421344542,improvement_only
0.6,0.8566602189580088,0.9,0.8077477130726238,0.0019474741761910399,0.004525143361025524,0.25666021895800883,-0.09225228692737619,mixed
0.6,0.5704548241936176,0.9,0.26931126177853815,0.0019482579201249269,0.002809998433133426,-0.029545175806382384,-0.6306887382214619,disengagement_only
0.6,0.5811573715090733,0.9,0.2629585087558983,0.001953600601848943,0.004873651818478653,-0.01884262849092666,-0.6370414912441017,disengagement_only
0.6,0.5816946120247147,0.9,0.28307692765842457,0.00195808265220106,0.002575467892014266,-0.018305387975285248,-0.6169230723415755,disengagement_only
0.6,0.857252393641326,0.9,0.8157098538057328,0.001959938720735957,0.0050655389178239085,0.257252393641326,-0.08429014619426722,mixed
0.6,0.870659587906649,0.9,0.8821356081964588,0.0019628400928192614,0.00408840424240875,0.270659587906649,-0.01786439180354127,improvement_only
0.6,0.8813674943278232,0.9,0.8824711798191716,0.0019668129953926165,0.0025589285609469437,0.28136749432782326,-0.017528820180828464,improvement_only
0.6,0.6317828069158554,0.9,0.33546980886029654,0.0019676700566800343,0.005222724056711953,0.031782806915855444,-0.5645301911397035,disengagement_only
0.6,0.8815083572429611,0.9,0.8830212925735882,0.001970610239886679,0.0025780341204015567,0.2815083572429611,-0.016978707426411832,improvement_only
0.6,0.8623934262031375,0.9,0.8159782873253939,0.0019708751741231005,0.002854033152628832,0.26239342620313755,-0.08402171267460612,mixed
0.6,0.5880311531877297,0.9,0.2686080219695944,0.001972945725010253,0.004453223841566933,-0.011968846812270284,-0.6313919780304056,disengagement_only
0.6,0.8566962172693976,0.9,0.8048499183424144,0.0019738314513399946,0.0041851256636432355,0.2566962172693976,-0.09515008165758565,mixed
0.6,0.6383716371545721,0.9,0.3410495259991675,0.00197488169039845,0.005143722475393325,0.03837163715457215,-0.5589504740008325,disengagement_only
0.6,0.564764677153849,0.9,0.2613906327419123,0.00197625504361839,0.002849226802152771,-0.03523532284615094,-0.6386093672580877,disengagement_only
0.6,0.5861340949612015,0.9,0.2882650164007353,0.001980453628574675,0.0025174168779120154,-0.013865905038798476,-0.6117349835992647,disengagement_only
0.6,0.5663771574597171,0.9,0.26396941018644027,0.001981110028485776,0.002880432131333155,-0.033622842540282916,-0.6360305898135598,disengagement_only
0.6,0.8757410836368901,0.9,0.8597699769402317,0.00198497417509064,0.0025969433366078154,0.2757410836368901,-0.040230023059768305,improvement_only
0.6,0.8561230230037704,0.9,0.8056311438360944,0.001985243042832641,0.0045945529227672255,0.25612302300377043,-0.09436885616390567,mixed
0.6,0.8838006663997048,0.9,0.8927665568580063,0.0019861365607778568,0.003055119154148661,0.2838006663997048,-0.007233443141993701,improvement_only
0.6,0.8725197464574456,0.9,0.8907776087712505,0.001986198780245609,0.0037973648790450565,0.2725197464574456,-0.009222391228749571,improvement_only
0.6,0.8571836379080129,0.9,0.8164953626246667,0.001989026088041706,0.005191181774769543,0.2571836379080129,-0.08350463737533331,mixed
0.6,0.5996211183966995,0.9,0.3030818405900124,0.0019908143923019926,0.003374116264689392,-0.0003788816033004627,-0.5969181594099876,disengagement_only
0.6,0.6122122875209446,0.9,0.29333456365764365,0.001991088823227474,0.002517542591168903,0.012212287520944609,-0.6066654363423564,disengagement_only
0.6,0.8812233289985253,0.9,0.8815708762583563,0.0019914659074728464,0.0025758967624689433,0.2812233289985253,-0.018429123741643738,improvement_only
0.6,0.8711962093786741,0.9,0.8431961846156151,0.001991938777619924,0.002765505379116212,0.27119620937867417,-0.05680381538438495,mixed
0.6,0.6213452179946315,0.9,0.30450405186184887,0.001991993333082953,0.0026634067330130184,0.021345217994631516,-0.5954959481381512,disengagement_only
0.6,0.8656353667318462,0.9,0.824908018950368,0.001999246920374246,0.002893957959779092,0.2656353667318462,-0.075091981049632,mixed
0.6,0.5649616689679099,0.9,0.2620437588275528,0.002000344574215267,0.002897293654053834,-0.035038331032090086,-0.6379562411724472,disengagement_only
0.6,0.5972598209013867,0.9,0.30062294584023797,0.002003984302833073,0.003157286792597469,-0.002740179098613238,-0.5993770541597621,disengagement_only
0.6,0.620400609002878,0.9,0.32481665916079705,0.0020088835877209664,0.004958310793818782,0.02040060900287799,-0.575183340839203,disengagement_only
0.6,0.6375515495162042,0.9,0.34089739792614776,0.002012015235813582,0.0052993875358645914,0.03755154951620421,-0.5591026020738523,disengagement_only
0.6,0.5858270173973231,0.9,0.2664388874618893,0.0020130750624602965,0.004689359034380322,-0.014172982602676854,-0.6335611125381106,disengagement_only
0.6,0.8597673730754236,0.9,0.8084170310707395,0.0020163769855094486,0.002857386915323973,0.25976737307542364,-0.09158296892926054,mixed
0.6,0.6286565311281296,0.9,0.3330024766384929,0.00201812620173494,0.005290831138888286,0.028656531128129603,-0.5669975233615071,disengagement_only
0.6,0.877696880719683,0.9,0.9139624726560722,0.002020934457392839,0.0027859476442530506,0.277696880719683,0.0139624726560722,improvement_only
0.6,0.8888854042407744,0.9,0.9162313091589422,0.002022730810209636,0.004173016831011275,0.28888540424077447,0.01623130915894222,improvement_only
0.6,0.8947578799883332,0.9,0.9489613696089434,0.0020239756089916396,0.005200891861136522,0.29475787998833325,0.04896136960894337,improvement_only
0.6,0.8871440161087383,0.9,0.9076557791227091,0.0020265538930481115,0.0038193720175347667,0.2871440161087383,0.007655779122709094,improvement_only
0.6,0.8555784921194931,0.9,0.802220906532221,0.0020320132736726254,0.004522776147577567,0.25557849211949313,-0.09777909346777902,mixed
0.6,0.6167963716221031,0.9,0.29853208251231594,0.002032730403210146,0.0026191417958126295,0.016796371622103123,-0.601467917487684,disengagement_only
0.6,0.5784349800698652,0.9,0.2603240133600916,0.002033649090922748,0.005176311350091306,-0.02156501993013482,-0.6396759866399084,disengagement_only
0.6,0.6429275787952723,0.9,0.3368854454894926,0.002033837929207218,0.002973605637591442,0.042927578795272314,-0.5631145545105074,disengagement_only
0.6,0.8646230450781127,0.9,0.8553925764692406,0.002034437742256858,0.005014235350327773,0.26462304507811274,-0.044607423530759416,improvement_only
0.6,0.5747323729131416,0.9,0.27539213543834873,0.0020352372912871945,0.0028269560902538793,-0.02526762708685837,-0.6246078645616513,disengagement_only
0.6,0.6089514393571989,0.9,0.28932216993956983,0.0020355198573134424,0.002622781435400484,0.008951439357198887,-0.6106778300604302,disengagement_only
0.6,0.873292946588939,0.9,0.8500828288147353,0.0020366247293626054,0.002748645077606471,0.273292946588939,-0.04991717118526473,improvement_only
0.6,0.6220813164476356,0.9,0.32672622208770763,0.0020403781700039226,0.00510042283427381,0.022081316447635668,-0.5732737779122924,disengagement_only
0.6,0.5620487110013932,0.9,0.25193628588551265,0.002041012396938406,0.004845562336787651,-0.03795128899860678,-0.6480637141144874,disengagement_only
0.6,0.6422580636382571,0.9,0.34463325637120834,0.002041028209580478,0.005149170491934391,0.042258063638257126,-0.5553667436287917,disengagement_only
0.6,0.8665964100500877,0.9,0.8272694746705804,0.002043138371076455,0.002944296993023343,0.2665964100500877,-0.07273052532941959,mixed
0.6,0.6302902410595047,0.9,0.33477056609486594,0.0020436090153076675,0.005385267364862889,0.03029024105950473,-0.565229433905134,disengagement_only
0.6,0.5667055885631673,0.9,0.25287720313761153,0.0020441551912491695,0.005372032739111271,-0.03329441143683265,-0.6471227968623885,disengagement_only
0.6,0.6079207184046704,0.9,0.31220103971041113,0.002045014961043332,0.004207301951185183,0.007920718404670457,-0.5877989602895889,disengagement_only
0.6,0.6455965328791978,0.9,0.3444820776470914,0.0020459508276616115,0.0043047706518455076,0.04559653287919785,-0.5555179223529086,disengagement_only
0.6,0.5850513579747285,0.9,0.28746875076703915,0.0020486418631474102,0.0026109366247978882,-0.014948642025271464,-0.6125312492329609,disengagement_only
0.6,0.5971282381932346,0.9,0.30075200044684913,0.002049963335894852,0.003222661805320326,-0.002871761806765405,-0.5992479995531509,disengagement_only
0.6,0.6405720975303766,0.9,0.3437185276900943,0.002051733372568992,0.0053166058902194,0.040572097530376605,-0.5562814723099057,disengagement_only
0.6,0.8567782233836186,0.9,0.8014589249188508,0.002053843474916195,0.0037650490275414616,0.25677822338361866,-0.09854107508114918,mixed
0.6,0.6287719192929779,0.9,0.33342425500916106,0.0020557798764311978,0.005377754923845263,0.028771919292977954,-0.566575744990839,disengagement_only
0.6,0.8613085570770453,0.9,0.8114747800952726,0.002060178773036108,0.0029810477592303875,0.26130855707704537,-0.08852521990472739,mixed
0.6,0.8559743304539081,0.9,0.8002750324722163,0.0020606554874843517,0.004084853485704115,0.25597433045390816,-0.0997249675277837,mixed
0.6,0.8726800323982675,0.9,0.847557464125205,0.002062618553768576,0.002803896674452855,0.27268003239826755,-0.05244253587479497,mixed
0.6,0.8581947600372515,0.9,0.8244272751297446,0.0020626788556814563,0.005479948058423251,0.2581947600372515,-0.07557272487025546,mixed
0.6,0.6264308250352134,0.9,0.31066509335093717,0.002064721546090105,0.0028537537213450814,0.026430825035213434,-0.5893349066490629,disengagement_only
0.6,0.580057376568404,0.9,0.2818839428330916,0.0020650203992088603,0.0027317232927324686,-0.01994262343159603,-0.6181160571669084,disengagement_only
0.6,0.8565208935791478,0.9,0.8006933816246188,0.002065653032268984,0.0038248734550596353,0.25652089357914787,-0.09930661837538124,mixed
0.6,0.8942501231000943,0.9,0.9449359305547724,0.0020680541497495727,0.005201839860326796,0.29425012310009435,0.04493593055477241,improvement_only
0.6,0.8668231273511666,0.9,0.8276275540012376,0.002069189083598525,0.0029756015543131176,0.26682312735116664,-0.07237244599876247,mixed
0.6,0.8548287041634104,0.9,0.800914745135084,0.002073735567345509,0.004798029435475276,0.2548287041634104,-0.09908525486491604,mixed
0.6,0.8587290241972321,0.9,0.8047088639570458,0.0020757268266973898,0.0030244931534145203,0.2587290241972321,-0.09529113604295425,mixed
0.6,0.8555286221497778,0.9,0.809550639328122,0.002080216096544392,0.00536533380556467,0.2555286221497778,-0.09044936067187803,mixed
0.6,0.8557316098782318,0.9,0.8109996130897219,0.002082556650818515,0.005411122129778956,0.25573160987823185,-0.08900038691027812,mixed
0.6,0.8633799455536069,0.9,0.85030555436672,0.002083241821943034,0.00522120933722342,0.2633799455536069,-0.04969444563328007,improvement_only
0.6,0.859186809376128,0.9,0.8055817669408358,0.0020852603139878373,0.002965647605859406,0.25918680937612804,-0.09441823305916419,mixed
0.6,0.859967927685539,0.9,0.8074996476196823,0.0020859559436795824,0.002994002799824619,0.259967927685539,-0.09250035238031773,mixed
0.6,0.8570546905170637,0.9,0.8009417976937934,0.0020862134602745823,0.003553029181348949,0.25705469051706376,-0.09905820230620666,mixed
0.6,0.8778386065511611,0.9,0.8666507889641613,0.002088551822859196,0.0026606090964753637,0.2778386065511611,-0.033349211035838766,improvement_only
0.6,0.5862920565984369,0.9,0.28910472202662757,0.0020886216820032786,0.002643526216771497,-0.013707943401563116,-0.6108952779733725,disengagement_only
0.6,0.5886792287195829,0.9,0.2917659510987065,0.002089957198631959,0.0026472854695687165,-0.011320771280417086,-0.6082340489012935,disengagement_only
0.6,0.8791789416079235,0.9,0.9211638602404967,0.0020899912289780126,0.002674976573827259,0.27917894160792356,0.021163860240496657,improvement_only
0.6,0.5769487620916491,0.9,0.25881706054230674,0.0020921514013089487,0.005366814896620553,-0.02305123790835084,-0.6411829394576933,disengagement_only
0.6,0.6083460953115423,0.9,0.3129486887336488,0.0020942898793609803,0.004326790024102883,0.00834609531154229,-0.5870513112663512,disengagement_only
0.6,0.6158754558952905,0.9,0.32078988730787367,0.0020953254879489394,0.00486418732395541,0.01587545589529049,-0.5792101126921263,disengagement_only
0.6,0.8862790774118942,0.9,0.9026830208689512,0.0020957619929097187,0.0037154076348256265,0.2862790774118942,0.0026830208689512247,improvement_only
0.6,0.8674586332994056,0.9,0.8292727636631154,0.0020984252178189657,0.0030019887095741327,0.26745863329940567,-0.0707272363368846,mixed
0.6,0.6151223645568479,0.9,0.2960650438556503,0.002101029966990671,0.002673161962271131,0.0151223645568479,-0.6039349561443497,disengagement_only
0.6,0.8579316835251696,0.9,0.8240473173967839,0.0021045917904641102,0.005590183728680753,0.2579316835251696,-0.07595268260321608,mixed
0.6,0.6470928520652183,0.9,0.346124789823827,0.002105481155051673,0.004366186582615034,0.047092852065218294,-0.553875210176173,disengagement_only
0.6,0.8844690887772827,0.9,0.9436006013927963,0.0021077385930556567,0.002781641269721663,0.2844690887772827,0.04360060139279631,improvement_only
0.6,0.5832436103318734,0.9,0.2636640863638281,0.0021082036386578973,0.005044774233667837,-0.016756389668126537,-0.6363359136361719,disengagement_only
0.6,0.8768055213283972,0.9,0.9111317900428308,0.0021089972985767454,0.003083802013243875,0.2768055213283972,0.011131790042830825,improvement_only
0.6,0.5744328761989026,0.9,0.2755709498400544,0.0021097983846595516,0.002917680424998792,-0.02556712380109738,-0.6244290501599457,disengagement_only
0.6,0.8664397337497607,0.9,0.8648848779365366,0.0021099199827458873,0.004908826980472042,0.2664397337497607,-0.035115122063463455,improvement_only
0.6,0.6411423610825859,0.9,0.34495798621654095,0.002110189565731437,0.005503145783727015,0.041142361082585954,-0.5550420137834591,disengagement_only
0.6,0.6435391647969676,0.9,0.3466839927638292,0.0021145168745545246,0.005372325856119908,0.04353916479696762,-0.5533160072361708,disengagement_only
0.6,0.854197092906847,0.9,0.8000719251007398,0.002115409882907097,0.0050576880453196416,0.254197092906847,-0.09992807489926026,mixed
0.6,0.6464643537706495,0.9,0.34787848159587076,0.002117971254282671,0.004969995476155675,0.0464643537706495,-0.5521215184041293,disengagement_only
0.6,0.6118327111049099,0.9,0.31674519156077907,0.002118183944780092,0.00463253751070028,0.01183271110490991,-0.583254808439221,disengagement_only
0.6,0.6089720106104853,0.9,0.3137637235444046,0.0021200498529044677,0.004420915808099307,0.00897201061048536,-0.5862362764555954,disengagement_only
0.6,0.5937767085475381,0.9,0.2975521769294204,0.00212294413382389,0.0029863590530743167,-0.006223291452461921,-0.6024478230705796,disengagement_only
0.6,0.6032091042547105,0.9,0.28251747933756244,0.002124005648709118,0.003304570623587494,0.0032091042547105486,-0.6174825206624376,disengagement_only
0.6,0.6468550583236352,0.9,0.34354012221705,0.002125080434874564,0.0037590207188524516,0.046855058323635235,-0.55645987778295,disengagement_only
0.6,0.6441377147376047,0.9,0.34724019613202195,0.002125795938343588,0.005371184772672788,0.04413771473760475,-0.5527598038679781,disengagement_only
0.6,0.5708985927962683,0.9,0.2544328447076515,0.002125805008431717,0.005631427360892255,-0.029101407203731666,-0.6455671552923485,disengagement_only
0.6,0.5624594743909768,0.9,0.2598224722619954,0.002130952840634616,0.003080338373188496,-0.03754052560902321,-0.6401775277380046,disengagement_only
0.6,0.640161775519813,0.9,0.34449900778355325,0.002134392913958456,0.00561972798504945,0.04016177551981304,-0.5555009922164468,disengagement_only
0.6,0.5593736618233303,0.9,0.25353462586979736,0.0021346577005525095,0.003864830082701498,-0.04062633817666972,-0.6464653741302027,disengagement_only
0.6,0.6098900289898248,0.9,0.31482027395229784,0.0021352471040102868,0.004518372300985368,0.009890028989824828,-0.5851797260477022,disengagement_only
0.6,0.5592528199190404,0.9,0.25137884784600184,0.002135891340181471,0.004530048697451855,-0.040747180080959566,-0.6486211521539982,disengagement_only
0.6,0.5806800944235578,0.9,0.2830604984527157,0.00213616508726922,0.002793995361577567,-0.019319905576442142,-0.6169395015472843,disengagement_only
0.6,0.6384587954600673,0.9,0.3430925716485145,0.0021362433010616924,0.005660396852240096,0.03845879546006736,-0.5569074283514855,disengagement_only
0.6,0.8834023477273052,0.9,0.8891732448593823,0.002137549758766835,0.003135408581397617,0.2834023477273052,-0.010826755140617705,improvement_only
0.6,0.8549768961229892,0.9,0.8084565972212306,0.002137579720259022,0.0055559855274207315,0.25497689612298924,-0.09154340277876938,mixed
0.6,0.8682451309731275,0.9,0.8313235551370461,0.0021380698893352285,0.003033702186177961,0.2682451309731275,-0.06867644486295388,mixed
0.6,0.8653432963637336,0.9,0.8219766966581079,0.0021403723951350147,0.003090542569181648,0.26534329636373366,-0.07802330334189211,mixed
0.6,0.8772273390096318,0.9,0.8636371817215139,0.0021409388656448156,0.0027410523287081656,0.2772273390096318,-0.036362818278486086,improvement_only
0.6,0.8763324969331951,0.9,0.9094999099555643,0.002145253704604272,0.0032279071321375807,0.27633249693319517,0.009499909955564267,improvement_only
0.6,0.5619831384602384,0.9,0.25925835293649635,0.00214583729122674,0.003096495887398354,-0.03801686153976158,-0.6407416470635037,disengagement_only
0.6,0.5683829955608771,0.9,0.2683732769762285,0.0021502981542020367,0.0030901897840905357,-0.03161700443912285,-0.6316267230237715,disengagement_only
0.6,0.6247024660191719,0.9,0.33015522282409415,0.0021509677450002656,0.005436060897982237,0.02470246601917192,-0.5698447771759059,disengagement_only
0.6,0.5707695273363388,0.9,0.27141481566184317,0.00215255295202667,0.0030485550879781054,-0.02923047266366119,-0.6285851843381569,disengagement_only
0.6,0.5669616872457437,0.9,0.26654858389162445,0.0021543847016571595,0.0031119671263290793,-0.03303831275425628,-0.6334514161083755,disengagement_only
0.6,0.6186201089930278,0.9,0.29995374704972566,0.0021547587132695585,0.0027899222629064746,0.018620108993027795,-0.6000462529502744,disengagement_only
0.6,0.8546352942990472,0.9,0.7950084747113783,0.0021587196903734684,0.004246405816441784,0.2546352942990472,-0.10499152528862177,mixed
0.6,0.6056986757227907,0.9,0.2849782378423442,0.0021588139534330754,0.0030931100215812746,0.0056986757227907026,-0.6150217621576558,disengagement_only
0.6,0.8549636191711072,0.9,0.795347214867347,0.0021588810699658214,0.004101469231363314,0.2549636191711072,-0.10465278513265297,mixed
0.6,0.8677447740889116,0.9,0.829371512872068,0.0021611256500817817,0.0030755010529882054,0.2677447740889116,-0.07062848712793202,mixed
0.6,0.5628398647650819,0.9,0.2500810459548609,0.002164709270865054,0.005571364831929659,-0.037160135234918124,-0.6499189540451391,disengagement_only
0.6,0.6336100550559699,0.9,0.3389751343368874,0.002164767365520985,0.005727707908330049,0.03361005505596992,-0.5610248656631126,disengagement_only
0.6,0.6315680968144767,0.9,0.33702994737108755,0.002165147442758495,0.005691108932023431,0.0315680968144767,-0.5629700526289125,disengagement_only
0.6,0.8655276063143611,0.9,0.8615102297613417,0.002167803929563643,0.005109642244084084,0.2655276063143611,-0.038489770238658294,improvement_only
0.6,0.8566753739257917,0.9,0.7980391017556495,0.002168256231897858,0.00344545011376432,0.25667537392579176,-0.1019608982443505,mixed
0.6,0.8767305857607014,0.9,0.911525483077573,0.002169956821002537,0.003169503484992009,0.2767305857607014,0.011525483077572951,improvement_only
0.6,0.6483919666058473,0.9,0.34930444722727166,0.0021701268363801683,0.004865819294061491,0.048391966605847325,-0.5506955527727284,disengagement_only
0.6,0.631657891293408,0.9,0.31704463258672777,0.0021708143471369265,0.003071902535676019,0.031657891293408014,-0.5829553674132723,disengagement_only
0.6,0.637729810643643,0.9,0.3260301204213659,0.0021718502790939818,0.0031435468603833727,0.037729810643643,-0.5739698795786341,disengagement_only
0.6,0.6373166240402195,0.9,0.3253392716824274,0.0021769064162492106,0.003147852178156413,0.037316624040219515,-0.5746607283175726,disengagement_only
0.6,0.8532595779491753,0.9,0.7950874167208345,0.0021791893477301656,0.005020898335048984,0.2532595779491753,-0.10491258327916553,mixed
0.6,0.8586420872081001,0.9,0.8292864674262832,0.0021823946411377022,0.005751207573625905,0.2586420872081001,-0.07071353257371682,mixed
0.6,0.5597234658845784,0.9,0.24946199974154673,0.00218287465249445,0.005222794754787291,-0.040276534115421536,-0.6505380002584533,disengagement_only
0.6,0.6445381634975493,0.9,0.33727539919093696,0.002183684722958094,0.003139736002862853,0.044538163497549355,-0.5627246008090631,disengagement_only
0.6,0.8583832770157889,0.9,0.8015711917642994,0.002185909831354157,0.00312414610052944,0.2583832770157889,-0.09842880823570066,mixed
0.6,0.8539906888853314,0.9,0.7933300574791863,0.0021862891341998332,0.004416803200159386,0.2539906888853314,-0.10666994252081374,mixed
0.6,0.5697596045653008,0.9,0.27042488399941134,0.0021868321260713674,0.00310911324782176,-0.03024039543469914,-0.6295751160005887,disengagement_only
0.6,0.8564332865945252,0.9,0.7970726170679087,0.002186868496305638,0.0034738933552372064,0.25643328659452524,-0.10292738293209136,mixed
0.6,0.8531651776914478,0.9,0.7939756347710891,0.0021896611527383557,0.00494804622196382,0.25316517769144786,-0.1060243652289109,mixed
0.6,0.6436742063565917,0.9,0.3356140726862481,0.0021900523216773597,0.0031672898508495195,0.043674206356591694,-0.5643859273137519,disengagement_only
0.6,0.8534013029378847,0.9,0.8000366118363694,0.0021905046821372167,0.005499393546404385,0.25340130293788476,-0.0999633881636306,mixed
0.6,0.8572855606134654,0.9,0.8226917593489675,0.0021908720117947748,0.005813912849876479,0.2572855606134654,-0.07730824065103248,mixed
0.6,0.6387381835405331,0.9,0.34397069520590745,0.0021943945851145437,0.005824141663297283,0.038738183540533155,-0.5560293047940925,disengagement_only
0.6,0.6027121247750005,0.9,0.30759602095788086,0.0021956033818151676,0.004018878925393432,0.0027121247750004907,-0.5924039790421192,disengagement_only
0.6,0.5618509039971704,0.9,0.2597470853901999,0.002197351304404406,0.003185594920507573,-0.03814909600282956,-0.6402529146098002,disengagement_only
0.6,0.6004812383258753,0.9,0.3052407667566611,0.002200324828887941,0.003816996870523698,0.00048123832587532167,-0.5947592332433389,disengagement_only
0.6,0.8658453322792927,0.9,0.8634301426071309,0.0022015559883925,0.00511753014312305,0.26584533227929275,-0.03656985739286911,improvement_only
0.6,0.6494560809381599,0.9,0.34988318956336195,0.002202200098008401,0.004753429034011936,0.049456080938159896,-0.5501168104366381,disengagement_only
0.6,0.6397500606624502,0.9,0.34503528965751085,0.0022104545923356624,0.005859612414477633,0.03975006066245024,-0.5549647103424892,disengagement_only
0.6,0.8528798514215427,0.9,0.7969632072017562,0.0022116262033335986,0.0054441738905779136,0.2528798514215427,-0.10303679279824385,mixed
0.6,0.880510040552533,0.9,0.8759825767080294,0.0022120388111441717,0.0028139506623803823,0.28051004055253304,-0.024017423291970652,improvement_only
0.6,0.884144832662388,0.9,0.9435599539659443,0.002213479187211536,0.0028961864858838837,0.284144832662388,0.043559953965944254,improvement_only
0.6,0.6380990761117862,0.9,0.3261122568989405,0.0022192561792076736,0.0032091199286978234,0.0380990761117862,-0.5738877431010595,disengagement_only
0.6,0.8635092223330036,0.9,0.8529941805420594,0.0022210912255459354,0.005428029138746182,0.26350922233300367,-0.04700581945794058,improvement_only
0.6,0.5790193983229097,0.9,0.25953542514704425,0.0022211380711548456,0.005523080144084105,-0.02098060167709026,-0.6404645748529558,disengagement_only
0.6,0.6412167392505271,0.9,0.3310016682718083,0.0022239511165959625,0.003234095146642635,0.04121673925052716,-0.5689983317281917,disengagement_only
0.6,0.6393184410708489,0.9,0.3279395906215026,0.0022260153363943577,0.0032272112893265703,0.03931844107084892,-0.5720604093784974,disengagement_only
0.6,0.6200711455156138,0.9,0.32598867818380184,0.002227817880687083,0.005356640335913737,0.020071145515613842,-0.5740113218161982,disengagement_only
0.6,0.6109961133542111,0.9,0.29044241103982477,0.0022290744151689432,0.0028387589080458575,0.010996113354211134,-0.6095575889601752,disengagement_only
0.6,0.8542809544607464,0.9,0.7919434622928715,0.002229529920825984,0.004100306435387113,0.2542809544607464,-0.10805653770712853,mixed
0.6,0.5931981398386641,0.9,0.29756107620196487,0.002231093302382872,0.003109490279417454,-0.006801860161335882,-0.6024389237980352,disengagement_only
0.6,0.8537156369864781,0.9,0.7910626712955084,0.0022337799739385895,0.004314695994922013,0.25371563698647814,-0.10893732870449158,mixed
0.6,0.5577115987199471,0.9,0.24925047231578223,0.0022348012519298696,0.004939080233650403,-0.042288401280052845,-0.6507495276842178,disengagement_only
0.6,0.8523500317001885,0.9,0.7932308879274219,0.0022370457398399974,0.005316669699114818,0.25235003170018855,-0.10676911207257811,mixed
0.6,0.8819712321607263,0.9,0.8817407925457811,0.0022427726592266573,0.002964138913811809,0.2819712321607263,-0.01825920745421894,improvement_only
0.6,0.5585141879891189,0.9,0.24839704449929467,0.00224681897491923,0.005351389930695213,-0.041485812010881085,-0.6516029555007053,disengagement_only
0.6,0.894254582800983,0.9,0.9417781310705493,0.002247695819623032,0.005470113724018524,0.29425458280098304,0.041778131070549285,improvement_only
0.6,0.8620749411541901,0.9,0.8467539568483026,0.0022477379172989058,0.005619552096840147,0.26207494115419017,-0.05324604315169745,mixed
0.6,0.8553354816169999,0.9,0.7932792582285559,0.002247885701842962,0.0036643458666858753,0.2553354816169999,-0.10672074177144408,mixed
0.6,0.5632339968522615,0.9,0.26238069780453344,0.0022488203186523587,0.003268802402002474,-0.03676600314773848,-0.6376193021954666,disengagement_only
0.6,0.853359939218147,0.9,0.7900739796614871,0.002249392061748194,0.004400287276419501,0.25335993921814703,-0.10992602033851295,mixed
0.6,0.6377607577771726,0.9,0.3436579435079815,0.0022501000002042265,0.005977054563210349,0.03776075777717258,-0.5563420564920185,disengagement_only
0.6,0.5814959018720982,0.9,0.2847209597482427,0.002251529252627589,0.0029068759145933765,-0.01850409812790177,-0.6152790402517574,disengagement_only
0.6,0.5570479758717264,0.9,0.2503863062122669,0.002252476776847593,0.004459752132369613,-0.04295202412827359,-0.6496136937877331,disengagement_only
0.6,0.6016190020377457,0.9,0.2800841948418914,0.0022526220662279104,0.003693003313384069,0.001619002037745676,-0.6199158051581086,disengagement_only
0.6,0.6441777004271447,0.9,0.34923640078660956,0.002252694426422278,0.005878633463573202,0.04417770042714475,-0.5507635992133905,disengagement_only
0.6,0.559527489833067,0.9,0.24821652496861318,0.0022527109391956156,0.005585045677827125,-0.040472510166932985,-0.6517834750313869,disengagement_only
0.6,0.8801189412018278,0.9,0.8738516388793316,0.0022560074823740014,0.0028591389596028804,0.2801189412018278,-0.02614836112066843,improvement_only
0.6,0.6345551100349305,0.9,0.3204303572164164,0.002259944350523348,0.003223570739306403,0.0345551100349305,-0.5795696427835837,disengagement_only
0.6,0.8939044797030613,0.9,0.9394729787522997,0.002264362905195449,0.00543355807252896,0.2939044797030613,0.039472978752299714,improvement_only
0.6,0.6511244488913506,0.9,0.3516247666498682,0.002265128676346059,0.004787546640394769,0.05112444889135059,-0.5483752333501318,mixed
0.6,0.6238827898471502,0.9,0.305822975529628,0.0022651537034671155,0.0030199288146589287,0.0238827898471502,-0.594177024470372,disengagement_only
0.6,0.8518830008255638,0.9,0.7913408296287645,0.0022670970015925065,0.0053611286024626,0.2518830008255638,-0.10865917037123551,mixed
0.6,0.8625265513371692,0.9,0.8491990433388159,0.002270970325343633,0.005611615195662778,0.2625265513371692,-0.050800956661184116,mixed
0.6,0.860821274548385,0.9,0.8065685823529555,0.0022709901875991446,0.003302561698996842,0.260821274548385,-0.09343141764704455,mixed
0.6,0.5659123252640109,0.9,0.2662210482060826,0.002271733585167072,0.003274498456334235,-0.03408767473598906,-0.6337789517939174,disengagement_only
0.6,0.8671152811999376,0.9,0.870135587334681,0.0022721381351983577,0.005040761861974136,0.26711528119993766,-0.02986441266531903,improvement_only
0.6,0.8713663813854873,0.9,0.8891604804553627,0.0022725960932927117,0.004354755895548013,0.2713663813854873,-0.010839519544637355,improvement_only
0.6,0.8517859613911744,0.9,0.7902407135543091,0.002273968520320706,0.005289744475846098,0.2517859613911744,-0.10975928644569088,mixed
0.6,0.5797581864244322,0.9,0.25976840085577324,0.0022756610724549036,0.005586435271763612,-0.020241813575567758,-0.6402315991442268,disengagement_only
0.6,0.6264317647100083,0.9,0.30906740712598413,0.002276204948765168,0.003087647151185008,0.0264317647100083,-0.5909325928740159,disengagement_only
0.6,0.5627995054844678,0.9,0.2620562178699849,0.002276213543852747,0.0033086459271161606,-0.0372004945155322,-0.6379437821300151,disengagement_only
0.6,0.8949841359058562,0.9,0.9455950059913654,0.002276418834399716,0.005632316293983156,0.29498413590585626,0.045595005991365345,improvement_only
0.6,0.558623806978793,0.9,0.24776886465324577,0.0022786689638945317,0.0055708165925821285,-0.041376193021206986,-0.6522311353467543,disengagement_only
0.6,0.8552217364901878,0.9,0.8141744161250831,0.0022791406944889605,0.006054074873744125,0.25522173649018787,-0.0858255838749169,mixed
0.6,0.8518473372593708,0.9,0.7934513610734026,0.0022802378494185933,0.005620865939474751,0.2518473372593708,-0.10654863892659738,mixed
0.6,0.6512158072034141,0.9,0.35296559877648137,0.0022807386925023216,0.005105831005717848,0.05121580720341412,-0.5470344012235187,mixed
0.6,0.575789757356492,0.9,0.25666979401455253,0.002282235286242178,0.005815933141133711,-0.024210242643508018,-0.6433302059854475,disengagement_only
0.6,0.8645494405556827,0.9,0.8586484310305024,0.0022828069555541207,0.005399571554651789,0.26454944055568275,-0.041351568969497654,improvement_only
0.6,0.6494209920660537,0.9,0.35319015191391545,0.002286691851186559,0.005606638668153335,0.04942099206605377,-0.5468098480860846,disengagement_only
0.6,0.5567097065254093,0.9,0.24844076317002062,0.0022881612067168797,0.005023627196616989,-0.04329029347459068,-0.6515592368299794,disengagement_only
0.6,0.8633535320082641,0.9,0.853296339351658,0.002290840523103568,0.005552915039393758,0.26335353200826417,-0.04670366064834197,improvement_only
0.6,0.8708079410073645,0.9,0.8869054704658144,0.0022909723209917346,0.004475855407575585,0.2708079410073645,-0.013094529534185662,improvement_only
0.6,0.638357455378421,0.9,0.3446147966213282,0.0022910545520285963,0.006085308341282791,0.03835745537842106,-0.5553852033786718,disengagement_only
0.6,0.8902955370658096,0.9,0.9196524785362672,0.0022911259042315726,0.004780488343894537,0.2902955370658096,0.01965247853626717,improvement_only
0.6,0.8794906040914513,0.9,0.870855893672595,0.002292589680813989,0.0028969496861283306,0.2794906040914513,-0.02914410632740505,improvement_only
0.6,0.8677635662479385,0.9,0.8733231369778588,0.0022927891988915538,0.00497282737275917,0.2677635662479385,-0.02667686302214123,improvement_only
0.6,0.8606193949365042,0.9,0.8406854251667151,0.00229305532072212,0.0058295245111264216,0.2606193949365042,-0.05931457483328495,mixed
0.6,0.851543381980894,0.9,0.7882090080635359,0.002294719412399769,0.005192480621150103,0.251543381980894,-0.11179099193646413,mixed
0.6,0.5662630059519018,0.9,0.26689732148390355,0.002297236680713732,0.003301871914461546,-0.03373699404809816,-0.6331026785160965,disengagement_only
0.6,0.8514194551838571,0.9,0.7886276576126456,0.0022983831716816717,0.005308585493742302,0.2514194551838571,-0.11137234238735438,mixed
0.6,0.6501399371712325,0.9,0.35374331859866714,0.002298694455104134,0.005569894955117116,0.05013993717123255,-0.5462566814013329,mixed
0.6,0.5923549545038471,0.9,0.2970430200976206,0.0022988936675911236,0.003132111010382632,-0.007645045496152858,-0.6029569799023794,disengagement_only
0.6,0.8564131235641766,0.9,0.8206502979635502,0.00229893319711891,0.006090732031135193,0.25641312356417667,-0.07934970203644987,mixed
0.6,0.6033395215303915,0.9,0.2816026693731102,0.00230064093249677,0.003593518605969126,0.0033395215303915204,-0.6183973306268898,disengagement_only
0.6,0.5747123466893203,0.9,0.2557391047770642,0.0023027776958055267,0.005908730340941207,-0.025287653310679725,-0.6442608952229358,disengagement_only
0.6,0.8698936577127189,0.9,0.8347856734454044,0.002303743341640225,0.003191474179782494,0.2698936577127189,-0.06521432655459558,mixed
0.6,0.5638977713104659,0.9,0.24901377835792346,0.002304260851080736,0.006093037615016297,-0.036102228689534055,-0.6509862216420765,disengagement_only
0.6,0.8835293492288788,0.9,0.9421110982725862,0.0023044201112301394,0.002983439134472743,0.28352934922887885,0.04211109827258619,improvement_only
0.6,0.8758132893717555,0.9,0.8562514843192014,0.0023048964322077386,0.0029875371942571505,0.27581328937175553,-0.04374851568079863,improvement_only
0.6,0.6337421406439553,0.9,0.318869127692072,0.00230495002186642,0.0032621616449036717,0.03374214064395531,-0.581130872307928,disengagement_only
0.6,0.6038170099117225,0.9,0.2820782154652729,0.0023057130920034986,0.0035510042560892296,0.003817009911722513,-0.6179217845347271,disengagement_only
0.6,0.5668285898754291,0.9,0.25053739413250176,0.002306407677954616,0.0061266806449571665,-0.03317141012457092,-0.6494626058674983,disengagement_only
0.6,0.6434406938169556,0.9,0.34933964394667383,0.0023075442001092225,0.006085607186967185,0.04344069381695559,-0.5506603560533262,disengagement_only
0.6,0.6407320157121592,0.9,0.3292868338872522,0.0023079671382974067,0.003344794746626273,0.04073201571215923,-0.5707131661127478,disengagement_only
0.6,0.8512605170722602,0.9,0.787964181851447,0.0023088987848591284,0.005320611300429073,0.25126051707226027,-0.11203581814855301,mixed
0.6,0.5665043432180452,0.9,0.267310187707157,0.00230939981778975,0.0033130968745187783,-0.033495656781954763,-0.632689812292843,disengagement_only
0.6,0.8795456743533756,0.9,0.8708402699522921,0.0023128746666134367,0.0029222135385091053,0.27954567435337563,-0.029159730047707888,improvement_only
0.6,0.8591761496936398,0.9,0.8012943856327649,0.0023133789949820035,0.003356405846812488,0.2591761496936398,-0.09870561436723513,mixed
0.6,0.6364233743153255,0.9,0.34301657901118143,0.0023152873151662833,0.006129133035661927,0.036423374315325496,-0.5569834209888186,disengagement_only
0.6,0.6210268861987187,0.9,0.3275849693908067,0.0023178007667519415,0.00557797681308006,0.02102688619871873,-0.5724150306091933,disengagement_only
0.6,0.8921027901783151,0.9,0.9286405027377944,0.002320692017752328,0.005175191551651706,0.2921027901783151,0.028640502737794393,improvement_only
0.6,0.5767761024456756,0.9,0.27978311413557955,0.002322395587848194,0.0030913110577746594,-0.023223897554324413,-0.6202168858644205,disengagement_only
0.6,0.8664746499867517,0.9,0.8230401670755234,0.0023263514669100392,0.003315166295623173,0.26647464998675174,-0.07695983292447661,mixed
0.6,0.8855033522172704,0.9,0.8961915447779848,0.0023293519031581215,0.003810435198406459,0.2855033522172704,-0.003808455222015228,improvement_only
0.6,0.884510908352834,0.9,0.8917164783981502,0.0023307441635309584,0.0035943669481100227,0.284510908352834,-0.008283521601849864,improvement_only
0.6,0.5574361960066188,0.9,0.24689155260137383,0.0023318200360755276,0.005645399188819081,-0.04256380399338122,-0.6531084473986262,disengagement_only
0.6,0.6290959451346125,0.9,0.31220593961710214,0.0023319165697426253,0.0032058888864524016,0.029095945134612555,-0.5877940603828979,disengagement_only
0.6,0.6428247228605675,0.9,0.34910116117220197,0.002332428261264994,0.006174224405687295,0.04282472286056749,-0.550898838827798,disengagement_only
0.6,0.8861496313557461,0.9,0.8991036263897674,0.002332528479337067,0.003954668216399962,0.2861496313557461,-0.0008963736102326481,improvement_only
0.6,0.6523319777841736,0.9,0.3506832239494497,0.00233502792870494,0.004251772265836895,0.052331977784173644,-0.5493167760505504,mixed
0.6,0.5581396986957842,0.9,0.246804591134085,0.0023360899433491227,0.0057947483874197375,-0.04186030130421581,-0.653195408865915,disengagement_only
0.6,0.8558845487411141,0.9,0.8188220721909623,0.0023362295192673886,0.006191659426085239,0.2558845487411141,-0.08117792780903776,mixed
0.6,0.8872995970149863,0.9,0.9044008606646752,0.002336836837552721,0.004207552373521786,0.2872995970149863,0.004400860664675155,improvement_only
0.6,0.8526389861591331,0.9,0.8018534155976038,0.00233714363594822,0.0061318867479334405,0.25263898615913316,-0.09814658440239621,mixed
0.6,0.6498628327663126,0.9,0.34478497112717055,0.002338100294618235,0.0033532728779230025,0.04986283276631265,-0.5552150288728295,disengagement_only
0.6,0.8511467200192736,0.9,0.792139927553056,0.002338181634011934,0.005860237769507698,0.25114672001927363,-0.10786007244694407,mixed
0.6,0.6096373948199977,0.9,0.31581768377097175,0.0023404865799346647,0.004856566496835163,0.009637394819997702,-0.5841823162290283,disengagement_only
0.6,0.8677158530196825,0.9,0.8737252596229161,0.002340537780037263,0.005043253061290914,0.2677158530196825,-0.026274740377083883,improvement_only
0.6,0.6126006716306619,0.9,0.3189557979970927,0.002342602256179395,0.005083841326476907,0.01260067163066192,-0.5810442020029073,disengagement_only
0.6,0.6529028661426745,0.9,0.35507583723616215,0.002344470173862184,0.0052228221570250755,0.052902866142674476,-0.5449241627638379,mixed
0.6,0.85271945490579,0.9,0.8026096390799947,0.002346101904523835,0.006172245989898045,0.25271945490579006,-0.0973903609200053,mixed
0.6,0.6227563686115485,0.9,0.3295717114683256,0.002347182394470849,0.005725897580735911,0.022756368611548505,-0.5704282885316745,disengagement_only
0.6,0.6506878212727746,0.9,0.3462349278814525,0.002350340704343636,0.003523203185628293,0.0506878212727746,-0.5537650721185475,mixed
0.6,0.580905589442186,0.9,0.2602147347937531,0.002351539867137354,0.005659674024270381,-0.019094410557814023,-0.6397852652062469,disengagement_only
0.6,0.5874179925493127,0.9,0.2919448075170634,0.0023518627349434634,0.002980416542201464,-0.012582007450687271,-0.6080551924829366,disengagement_only
0.6,0.8851250587272644,0.9,0.9493380012704709,0.002355534941394387,0.0031162674242094235,0.28512505872726446,0.04933800127047083,improvement_only
0.6,0.5670689232391664,0.9,0.25027092396889067,0.00235601327643328,0.006252248343264738,-0.03293107676083362,-0.6497290760311094,disengagement_only
0.6,0.8554082917594585,0.9,0.7908866324570765,0.0023567014379249377,0.0033578207726752962,0.25540829175945856,-0.10911336754292356,mixed
0.6,0.5889014599543742,0.9,0.2670777900862968,0.0023578194738310032,0.005072519390974958,-0.011098540045625827,-0.6329222099137033,disengagement_only
0.6,0.653571628928472,0.9,0.35442003132654154,0.0023592484340174717,0.004891008202566993,0.053571628928472004,-0.5455799686734585,mixed
0.6,0.646093382353938,0.9,0.3522585686221597,0.002363479008496778,0.006189232676759804,0.046093382353938006,-0.5477414313778404,disengagement_only
0.6,0.8513733857939473,0.9,0.7952710025354527,0.0023643799601869076,0.006091615563522751,0.2513733857939473,-0.10472899746454734,mixed
0.6,0.8608179038840157,0.9,0.8050061598418796,0.0023695207205760966,0.0034447576792156487,0.2608179038840157,-0.0949938401581204,mixed
0.6,0.8629851868116627,0.9,0.8527868696561975,0.00237237553254861,0.005718972241349568,0.2629851868116627,-0.04721313034380248,improvement_only
0.6,0.8624651934256515,0.9,0.8504599631697264,0.00237548821519726,0.0057820922053403445,0.26246519342565156,-0.04954003683027364,improvement_only
0.6,0.567445963304746,0.9,0.2503316844579091,0.0023767043153370363,0.0062992967179271026,-0.03255403669525403,-0.6496683155420909,disengagement_only
0.6,0.8694369288596399,0.9,0.8818738066568677,0.002377024508865533,0.004816844855321217,0.2694369288596399,-0.01812619334313237,improvement_only
0.6,0.8693895855607755,0.9,0.8817173441504977,0.002381371777808661,0.004830200857929151,0.2693895855607755,-0.018282655849502283,improvement_only
0.6,0.893868970877841,0.9,0.9373763613717877,0.002381417982482263,0.0055869338512613,0.29386897087784103,0.03737636137178768,improvement_only
0.6,0.8660658029630324,0.9,0.8668627903232233,0.0023823818149967106,0.005340428137448533,0.2660658029630324,-0.03313720967677669,improvement_only
0.6,0.6541587276581753,0.9,0.35462939472173527,0.002383538849596966,0.004798130703480619,0.05415872765817531,-0.5453706052782648,mixed
0.6,0.6228989368975445,0.9,0.3299787866310606,0.002384714064329546,0.005804533734192513,0.02289893689754452,-0.5700212133689394,disengagement_only
0.6,0.5617568757877767,0.9,0.2471914389259887,0.0023911107976390834,0.006297121679331913,-0.03824312421222331,-0.6528085610740113,disengagement_only
0.6,0.8686243694476131,0.9,0.8293285967056293,0.0023926473469269667,0.003336391522724469,0.26862436944761314,-0.07067140329437072,mixed
0.6,0.6492038671814705,0.9,0.35511179389172376,0.0023946479921785335,0.0061514087497444025,0.04920386718147052,-0.5448882061082763,disengagement_only
0.6,0.5585691161903668,0.9,0.2572097803115061,0.0023954225970889923,0.0034726497682071034,-0.04143088380963322,-0.6427902196884939,disengagement_only
0.6,0.5980855468707862,0.9,0.27563097793322666,0.0023957255606033862,0.004297638587615518,-0.001914453129213789,-0.6243690220667734,disengagement_only
0.6,0.8752110502620372,0.9,0.9075843201193403,0.0023971051778344282,0.0037553890756282515,0.2752110502620372,0.007584320119340293,improvement_only
0.6,0.6530423497161245,0.9,0.35722758801517995,0.002397585891300121,0.005732267068178004,0.05304234971612454,-0.5427724119848201,mixed
0.6,0.8854616629077633,0.9,0.895149479264997,0.002398306241780744,0.003878252244553973,0.2854616629077633,-0.004850520735003028,improvement_only
0.6,0.8794412158740872,0.9,0.8693922282828552,0.002399761602318645,0.0030325183636422393,0.2794412158740872,-0.030607771717144794,improvement_only
0.6,0.5564149908919268,0.9,0.2457202465070806,0.0024006976726435553,0.005844325085512275,-0.04358500910807317,-0.6542797534929194,disengagement_only
0.6,0.55946875000586,0.9,0.24618382525972435,0.0024035570475911443,0.0062219939583990636,-0.04053124999413993,-0.6538161747402756,disengagement_only
0.6,0.871453410532685,0.9,0.8911670631454458,0.0024054188200992766,0.004501211260519722,0.271453410532685,-0.008832936854554219,improvement_only
0.6,0.6445591541893534,0.9,0.35148831110996637,0.0024068886142045347,0.006368194926537146,0.04455915418935341,-0.5485116888900337,disengagement_only
0.6,0.8750809699732285,0.9,0.9071397328081399,0.0024075615624049892,0.003794708192877666,0.2750809699732285,0.007139732808139843,improvement_only
0.6,0.6531744572028182,0.9,0.35760064697929395,0.0024094265064090207,0.005793533415044849,0.053174457202818215,-0.5423993530207061,mixed
0.6,0.8497248941517883,0.9,0.7814981228792728,0.002411390664859989,0.00542278042389574,0.24972489415178833,-0.11850187712072724,mixed
0.6,0.6295685335371523,0.9,0.33701888825247034,0.0024119520916156723,0.006159869583253541,0.029568533537152275,-0.5629811117475296,disengagement_only
0.6,0.8496325511277887,0.9,0.7843343830583409,0.0024121411591172385,0.005800196000853131,0.2496325511277887,-0.11566561694165911,mixed
0.6,0.8496945645156398,0.9,0.7856198316096054,0.002414739738506761,0.005914249956758044,0.24969456451563987,-0.11438016839039467,mixed
0.6,0.8841070112557898,0.9,0.8888881666115274,0.0024162240085806343,0.003599983932304804,0.28410701125578985,-0.011111833388472658,improvement_only
0.6,0.6213175446619811,0.9,0.3015270139891341,0.002416818679107485,0.003135520657029711,0.021317544661981103,-0.598472986010866,disengagement_only
0.6,0.621982879315328,0.9,0.30235447415612715,0.002417157749232142,0.0031473284205851826,0.021982879315328052,-0.5976455258438729,disengagement_only
0.6,0.5773228846463642,0.9,0.28103527235455894,0.002418164046843115,0.0031840421744596947,-0.022677115353635813,-0.6189647276454411,disengagement_only
0.6,0.6449871150962977,0.9,0.3348573579475071,0.0024206866235725447,0.0035197686322985255,0.044987115096297714,-0.565142642052493,disengagement_only
0.6,0.6001288657467643,0.9,0.3061686364091995,0.0024211850920622473,0.004161286303691142,0.00012886574676429507,-0.5938313635908006,disengagement_only
0.6,0.6253410622273902,0.9,0.30659115929225805,0.002421490171279072,0.003223869875449037,0.025341062227390188,-0.593408840707742,disengagement_only
0.6,0.8509626263422492,0.9,0.7951630959991598,0.002422066608725674,0.006307944580088126,0.2509626263422492,-0.10483690400084023,mixed
0.6,0.6060182146008344,0.9,0.2837140675219533,0.0024262974885298477,0.0035181369191694817,0.006018214600834404,-0.6162859324780467,disengagement_only
0.6,0.5618236898236801,0.9,0.2622315057207684,0.0024277443916612194,0.003516547119175484,-0.03817631017631984,-0.6377684942792317,disengagement_only
0.6,0.6115068915081802,0.9,0.28979035063652625,0.0024278793976720736,0.0031018816336823296,0.011506891508180184,-0.6102096493634738,disengagement_only
0.6,0.863971394083609,0.9,0.8136747128164203,0.002428568916174553,0.0034948837454678583,0.26397139408360903,-0.08632528718357968,mixed
0.6,0.565301199294622,0.9,0.24864770224958505,0.0024293512784336474,0.006452722401274369,-0.03469880070537801,-0.6513522977504149,disengagement_only
0.6,0.8660952127558181,0.9,0.8676420957137877,0.0024315471380728275,0.005403422118593432,0.26609521275581816,-0.032357904286212325,improvement_only
0.6,0.8756974704861492,0.9,0.9101154092302727,0.0024316392815601543,0.0036919073541021585,0.27569747048614923,0.010115409230272654,improvement_only
0.6,0.8865616651137951,0.9,0.8997140760257489,0.0024352429653914276,0.004159412579113592,0.2865616651137951,-0.00028592397425108995,improvement_only
0.6,0.610908162414724,0.9,0.2890542660394849,0.0024371625652578337,0.0031331032868953113,0.010908162414724032,-0.6109457339605151,disengagement_only
0.6,0.577245685715049,0.9,0.28109125985349637,0.0024405247463292865,0.0032103079018736824,-0.022754314284951005,-0.6189087401465037,disengagement_only
0.6,0.6546989931353007,0.9,0.35881274992095313,0.0024417609260077456,0.005717010175727205,0.05469899313530069,-0.5411872500790469,mixed
0.6,0.8775638138398462,0.9,0.8613925687995865,0.002443330037554388,0.003110386311646285,0.2775638138398462,-0.038607431200413544,improvement_only
0.6,0.8663466588026015,0.9,0.8689388403296001,0.0024445769448727703,0.005384993917666642,0.26634665880260155,-0.031061159670399907,improvement_only
0.6,0.8671861067361751,0.9,0.8238317180964593,0.00244522002585736,0.0034448424547658674,0.26718610673617516,-0.07616828190354075,mixed
0.6,0.872018583758825,0.9,0.8941494744309715,0.002445665246699768,0.004445655992594305,0.27201858375882504,-0.005850525569028542,improvement_only
0.6,0.650576234494774,0.9,0.3442200760976559,0.0024458407258976084,0.0035148759914272465,0.050576234494774,-0.5557799239023441,mixed
0.6,0.5535980606524403,0.9,0.24678043834407418,0.0024460720037672904,0.005017909227674366,-0.04640193934755965,-0.6532195616559259,disengagement_only
0.6,0.5831293931171371,0.9,0.26146657253415506,0.0024483995719952302,0.00568692413433175,-0.016870606882862904,-0.638533427465845,disengagement_only
0.6,0.8880162522027256,0.9,0.906359331524916,0.002448593305510794,0.0044881463281161715,0.28801625220272564,0.006359331524915968,improvement_only
0.6,0.8690554205116724,0.9,0.8810706660837503,0.0024486554700448105,0.004970706169723643,0.2690554205116724,-0.018929333916249735,improvement_only
0.6,0.5555953578135379,0.9,0.24491335662753472,0.0024490015968099093,0.005962423600603228,-0.04440464218646212,-0.6550866433724654,disengagement_only
0.6,0.647093481387037,0.9,0.3379985192375608,0.002450441565741275,0.003562725483312351,0.04709348138703706,-0.5620014807624392,disengagement_only
0.6,0.5536316766262228,0.9,0.24619896245812858,0.0024504482195974128,0.005211217713259886,-0.046368323373777165,-0.6538010375418715,disengagement_only
0.6,0.6102058227073104,0.9,0.31709658563470255,0.0024507214172407826,0.005092647760206848,0.010205822707310408,-0.5829034143652975,disengagement_only
0.6,0.8554933711690772,0.9,0.7891542713935003,0.0024517304305547694,0.0035160210940587966,0.2554933711690772,-0.11084572860649977,mixed
0.6,0.559758868884905,0.9,0.2596430044737922,0.002453665705925625,0.00356771268385353,-0.040241131115094975,-0.6403569955262078,disengagement_only
0.6,0.6478177701770328,0.9,0.35487753780777637,0.0024538303888560387,0.006435869183536641,0.047817770177032815,-0.5451224621922237,disengagement_only
0.6,0.8536107542265133,0.9,0.8101678634818035,0.0024554422313581457,0.006521582374330842,0.25361075422651336,-0.08983213651819655,mixed
0.6,0.871080323527505,0.9,0.837064791369679,0.0024556937894438186,0.0033396648103632687,0.271080323527505,-0.06293520863032098,mixed
0.6,0.8488923038389856,0.9,0.7797342533465393,0.002456879385190462,0.005674035182182374,0.24889230383898564,-0.12026574665346068,mixed
0.6,0.5534086768744482,0.9,0.2465126279094261,0.002457355447281575,0.005071593255246559,-0.04659132312555181,-0.653487372090574,disengagement_only
0.6,0.8668770292594107,0.9,0.8714951482853492,0.0024588375564606854,0.005326167670882759,0.2668770292594107,-0.02850485171465078,improvement_only
0.6,0.616943630895211,0.9,0.32426355249064676,0.002459269911313057,0.005590488859967574,0.016943630895211004,-0.5757364475093533,disengagement_only
0.6,0.8567222789806908,0.9,0.825267398146758,0.002461528123139157,0.006422376408069225,0.2567222789806908,-0.07473260185324204,mixed
0.6,0.5557996978071482,0.9,0.24462888151693046,0.002465405302871474,0.006088755018386793,-0.04420030219285176,-0.6553711184830695,disengagement_only
0.6,0.8775096771111982,0.9,0.9183894106487969,0.0024656586464805123,0.0033333643412288005,0.2775096771111982,0.018389410648796845,improvement_only
0.6,0.8679094883583205,0.9,0.8762130926312909,0.0024677317630071353,0.005179735925276763,0.2679094883583205,-0.023786907368709143,improvement_only
0.6,0.5913858515461571,0.9,0.2687149340643519,0.0024679087841803105,0.005052343887681526,-0.008614148453842896,-0.6312850659356481,disengagement_only
0.6,0.5556081612371008,0.9,0.24454821605521695,0.002470150681531932,0.006081855860172611,-0.044391838762899205,-0.6554517839447831,disengagement_only
0.6,0.8802534380744884,0.9,0.9302699977149815,0.0024719844819767896,0.0031261246329822856,0.28025343807448844,0.03026999771498151,improvement_only
0.6,0.5934536170759561,0.9,0.27064485128165705,0.0024722545715311598,0.0048727717452820285,-0.006546382924043859,-0.629355148718343,disengagement_only
0.6,0.8489923273255481,0.9,0.7772984355763322,0.0024729540113912194,0.005337603766675331,0.2489923273255481,-0.12270156442366786,mixed
0.6,0.8754178570079211,0.9,0.9093848798074806,0.0024730241589495665,0.003799030789781832,0.2754178570079211,0.009384879807480595,improvement_only
0.6,0.8528875311700193,0.9,0.807020519882749,0.0024753092350932974,0.00657615195231151,0.2528875311700193,-0.09297948011725099,mixed
0.6,0.5694164909504844,0.9,0.25082916719341053,0.002476967599033762,0.006489676240591477,-0.030583509049515567,-0.6491708328065895,disengagement_only
0.6,0.6538875398696627,0.9,0.35016544246937464,0.0024778410066049815,0.003739290346686075,0.05388753986966277,-0.5498345575306254,mixed
0.6,0.6566407587398864,0.9,0.359602929269486,0.0024816230907070734,0.005427121556914355,0.05664075873988639,-0.540397070730514,mixed
0.6,0.6548531006535184,0.9,0.36014683441485695,0.002484001784487268,0.006013962589565575,0.05485310065351845,-0.5398531655851431,mixed
0.6,0.6437246224480072,0.9,0.33211447521606186,0.002485428048578101,0.0035983396677964075,0.04372462244800723,-0.5678855247839382,disengagement_only
0.6,0.6162491657516426,0.9,0.3237100047806182,0.002486819469283108,0.005593889120177553,0.01624916575164259,-0.5762899952193818,disengagement_only
0.6,0.6547380901892618,0.9,0.36022804244485557,0.0024887047274533385,0.006063395755774692,0.05473809018926179,-0.5397719575551445,mixed
0.6,0.5960354655901151,0.9,0.27304507127604527,0.002489508223690653,0.004659181723580555,-0.003964534409884868,-0.6269549287239548,disengagement_only
0.6,0.8960546086109495,0.9,0.948241388186554,0.0024899332529948683,0.006121860559690953,0.29605460861094957,0.04824138818655399,improvement_only
0.6,0.6456114415684755,0.9,0.3350719874144459,0.002490405878339389,0.003618324480487045,0.04561144156847552,-0.5649280125855541,disengagement_only
0.6,0.872987355878248,0.9,0.8989596702954316,0.0024911920141306378,0.004315067981083082,0.2729873558782481,-0.0010403297045684656,improvement_only
0.6,0.5555472134289049,0.9,0.24420617946641196,0.0024912412421635058,0.006181256332126461,-0.04445278657109508,-0.655793820533588,disengagement_only
0.6,0.5528253139380785,0.9,0.24573534180437076,0.0024924642041904642,0.005222009553974394,-0.047174686061921434,-0.6542646581956293,disengagement_only
0.6,0.8489445909207692,0.9,0.7759803134923855,0.002492941983890667,0.005211019719339266,0.24894459092076926,-0.12401968650761452,mixed
0.6,0.618456257077272,0.9,0.32608040730324084,0.002494269135871426,0.0057505614404047,0.018456257077272054,-0.5739195926967592,disengagement_only
0.6,0.6453528158316669,0.9,0.3346102896671042,0.0024943174813119476,0.0036222601414051536,0.04535281583166695,-0.5653897103328958,disengagement_only
0.6,0.8687197273518928,0.9,0.8801612455317239,0.002495271037689684,0.005085078256708814,0.26871972735189287,-0.0198387544682761,improvement_only
0.6,0.5538947620084005,0.9,0.24434629198624866,0.0024953535574184006,0.0058536245629143,-0.04610523799159949,-0.6556537080137513,disengagement_only
0.6,0.5659753756721015,0.9,0.26816178604928675,0.0024962956119204114,0.003541643880598272,-0.034024624327898434,-0.6318382139507133,disengagement_only
0.6,0.8816166484081868,0.9,0.936366803041226,0.0024965383974848506,0.0031646206162443125,0.2816166484081868,0.03636680304122597,improvement_only
0.6,0.8600498969108376,0.9,0.8008295888331334,0.0024966182183409446,0.0036269350154478353,0.2600498969108376,-0.09917041116686665,mixed
0.6,0.5769030272328456,0.9,0.2810617136563533,0.002496690842636938,0.003279902425801534,-0.02309697276715439,-0.6189382863436468,disengagement_only
0.6,0.8626403254857441,0.9,0.8529873922201298,0.002496977942194009,0.005946123314285956,0.2626403254857441,-0.047012607779870264,improvement_only
0.6,0.6288377242917487,0.9,0.3105880633495764,0.002501091482605244,0.003385835874993165,0.02883772429174869,-0.5894119366504236,disengagement_only
0.6,0.5985261866837421,0.9,0.27544723065469723,0.0025019883074976473,0.00443613265261214,-0.0014738133162578437,-0.6245527693453028,disengagement_only
0.6,0.8861942764944112,0.9,0.8971726551177572,0.0025035695390864363,0.0041559052612479,0.2861942764944112,-0.0028273448822427882,improvement_only
0.6,0.8548846609668344,0.9,0.7865992267619186,0.0025050496851830553,0.0035941979475666297,0.2548846609668344,-0.1134007732380814,mixed
0.6,0.8489740169579837,0.9,0.7864543745215108,0.0025055335187062636,0.006407075266078727,0.2489740169579837,-0.11354562547848923,mixed
0.6,0.554491638189097,0.9,0.24386345134079548,0.00251235427816656,0.006111120787918603,-0.04550836181090301,-0.6561365486592046,disengagement_only
0.6,0.6129766297265595,0.9,0.29092275000975837,0.002515716663603658,0.003191814586876396,0.012976629726559552,-0.6090772499902417,disengagement_only
0.6,0.8517331959560396,0.9,0.802189131034388,0.00251588839321781,0.006678504398433233,0.2517331959560396,-0.09781086896561197,mixed
0.6,0.5791235771434768,0.9,0.2837051807662616,0.00251663619377299,0.0032532352231463,-0.020876422856523136,-0.6162948192337384,disengagement_only
0.6,0.8651154345494207,0.9,0.8644094945362466,0.0025193552993827226,0.0056609442746759775,0.26511543454942077,-0.03559050546375342,improvement_only
0.6,0.8602276713346546,0.9,0.8424064431781815,0.002520993316719475,0.006245641603775581,0.26022767133465463,-0.05759355682181855,mixed
0.6,0.8599498819247149,0.9,0.8411502173411163,0.002521506847612615,0.006273733253783692,0.2599498819247149,-0.05884978265888374,mixed
0.6,0.8652761139176388,0.9,0.8165102792019283,0.002526880067775107,0.0035971257516733968,0.26527611391763883,-0.08348972079807171,mixed
0.6,0.8501955471037853,0.9,0.7944669009690529,0.002527309990719305,0.006654944620364617,0.25019554710378533,-0.1055330990309471,mixed
0.6,0.552185378465575,0.9,0.2466994219563082,0.002527461120224258,0.004800079987149028,-0.04781462153442495,-0.6533005780436918,disengagement_only
0.6,0.5855136947165294,0.9,0.29089783225923077,0.0025276315521039283,0.003194129335201412,-0.014486305283470613,-0.6091021677407693,disengagement_only
0.6,0.5664724336917352,0.9,0.24854847736100136,0.0025296542931567832,0.00668768367643216,-0.03352756630826481,-0.6514515226389986,disengagement_only
0.6,0.5614742620919528,0.9,0.262754216851002,0.0025337505304222105,0.003659127453000899,-0.03852573790804714,-0.637245783148998,disengagement_only
0.6,0.5900112060761309,0.9,0.26704470198018604,0.002534487181006574,0.0052898182781672826,-0.009988793923869088,-0.632955298019814,disengagement_only
0.6,0.858531875214081,0.9,0.7958448459469054,0.0025365211687457755,0.0036890313488141258,0.25853187521408105,-0.10415515405309461,mixed
0.6,0.8475465290449948,0.9,0.7758675526213998,0.0025374394956039254,0.005957266505162234,0.24754652904499486,-0.12413244737860019,mixed
0.6,0.6361256683040866,0.9,0.3202851525871394,0.0025393189840347908,0.0035703432268928414,0.03612566830408659,-0.5797148474128606,disengagement_only
0.6,0.8706723396747934,0.9,0.8345850371418602,0.002540953597768509,0.0034577563862496774,0.2706723396747934,-0.06541496285813986,mixed
0.6,0.868532926342613,0.9,0.827116230072526,0.0025443629390257258,0.0035291032545949064,0.26853292634261305,-0.07288376992747403,mixed
0.6,0.8551532892524262,0.9,0.8194174987053936,0.0025457992465048084,0.0066771255785903205,0.2551532892524262,-0.08058250129460642,mixed
0.6,0.6322652454115121,0.9,0.31485422824615156,0.0025465482858923255,0.0035082369623352927,0.0322652454115121,-0.5851457717538484,disengagement_only
0.6,0.8789265973153126,0.9,0.9254928403917164,0.00254955699722028,0.003269129763821127,0.27892659731531266,0.025492840391716398,improvement_only
0.6,0.8491401333817667,0.9,0.7735160740144605,0.0025506951814726012,0.004819932967161239,0.24914013338176677,-0.12648392598553948,mixed
0.6,0.650768105733304,0.9,0.3586550695099926,0.002551412066015723,0.006664203214429676,0.050768105733304036,-0.5413449304900074,mixed
0.6,0.6036901146908192,0.9,0.31076685398928605,0.0025525009634085136,0.004719651923565077,0.0036901146908192572,-0.589233146010714,disengagement_only
0.6,0.8738918571646489,0.9,0.8460911787587517,0.002552875715429171,0.003359397697616867,0.2738918571646489,-0.053908821241248295,mixed
0.6,0.6123825799866581,0.9,0.32003801305015234,0.0025530119538095665,0.005436996377788911,0.012382579986658149,-0.5799619869498477,disengagement_only
0.6,0.6550778626466989,0.9,0.3618561440629513,0.0025532326123603563,0.006387097677861553,0.055077862646698894,-0.5381438559370487,mixed
0.6,0.5857807716997169,0.9,0.29135557151825087,0.0025547908644208035,0.003232579774704175,-0.014219228300283104,-0.6086444284817492,disengagement_only
0.6,0.647599352220547,0.9,0.3375594249380139,0.002556097467289327,0.0037162684327155804,0.04759935222054701,-0.5624405750619861,disengagement_only
0.6,0.8963447575070712,0.9,0.9488125795364754,0.002556545700706616,0.006267295596099023,0.29634475750707123,0.04881257953647533,improvement_only
0.6,0.8556121720017285,0.9,0.8217700881818797,0.002557132521939094,0.0066752195843895745,0.2556121720017285,-0.07822991181812033,mixed
0.6,0.5603898561724209,0.9,0.2615462096927963,0.002558185687120784,0.0037000133356588083,-0.0396101438275791,-0.6384537903072037,disengagement_only
0.6,0.6273200921835105,0.9,0.3081727430045324,0.002559091552017764,0.0034163726094812163,0.027320092183510503,-0.5918272569954677,disengagement_only
0.6,0.8585515721045174,0.9,0.8353712358922691,0.002560336554129293,0.006467075977170139,0.2585515721045174,-0.06462876410773088,mixed
0.6,0.8621480182240071,0.9,0.8061710714592407,0.0025618427269799484,0.0036964640457318454,0.26214801822400713,-0.0938289285407593,mixed
0.6,0.5758496080577307,0.9,0.2802964099925894,0.002564374302082002,0.003379628041615984,-0.02415039194226931,-0.6197035900074106,disengagement_only
0.6,0.5965743178718201,0.9,0.2731345119417953,0.0025644493079079876,0.004736021125575696,-0.003425682128179841,-0.6268654880582047,disengagement_only
0.6,0.874569985729299,0.9,0.8484636667967758,0.00256602912405742,0.0033494888330516392,0.274569985729299,-0.05153633320322426,mixed
0.6,0.551537668274463,0.9,0.2465706051433044,0.0025692491396308876,0.0047299539862868945,-0.04846233172553693,-0.6534293948566956,disengagement_only
0.6,0.8794372108833018,0.9,0.9279258506980379,0.0025697227302929598,0.0032698025350526294,0.27943721088330187,0.02792585069803788,improvement_only
0.6,0.5902090345239575,0.9,0.2670059431337904,0.0025719303328865383,0.005338304311415992,-0.009790965476042524,-0.6329940568662096,disengagement_only
0.6,0.8851386207233469,0.9,0.8915472229954909,0.002573037120668308,0.004001487163572778,0.28513862072334695,-0.008452777004509082,improvement_only
0.6,0.5873822936381686,0.9,0.26442019926010285,0.002573936027325451,0.005582678713289532,-0.012617706361831349,-0.6355798007398972,disengagement_only
0.6,0.6067745891660918,0.9,0.28363608745815305,0.00257517148077193,0.003690597212780311,0.00677458916609186,-0.616363912541847,disengagement_only
0.6,0.588462848481319,0.9,0.29442597740241444,0.0025753737200031952,0.0033141468226986215,-0.011537151518680955,-0.6055740225975856,disengagement_only
0.6,0.8771915403373907,0.9,0.9183272146848506,0.0025775011649496306,0.003528117638039091,0.2771915403373907,0.018327214684850546,improvement_only
0.6,0.6031786883817057,0.9,0.27977158505062805,0.0025795712958172705,0.004088755016170176,0.003178688381705763,-0.620228414949372,disengagement_only
0.6,0.553719327070756,0.9,0.2427053032973245,0.002581445632027293,0.0063526667117083935,-0.04628067292924398,-0.6572946967026755,disengagement_only
0.6,0.8805725439801835,0.9,0.932929145037683,0.0025815458762320203,0.0032624356413507027,0.2805725439801835,0.03292914503768296,improvement_only
0.6,0.8723565387667863,0.9,0.840115441025467,0.0025819113005207915,0.00344673740697396,0.27235653876678634,-0.05988455897453304,mixed
0.6,0.6423748112961983,0.9,0.3512912668827753,0.002584238838011341,0.006854336595092797,0.042374811296198356,-0.5487087331172247,disengagement_only
0.6,0.6472826414845267,0.9,0.3367057692857218,0.002585570641533338,0.0037553822277290594,0.047282641484526766,-0.5632942307142782,disengagement_only
0.6,0.6021373684121673,0.9,0.30930911457953325,0.002587336294818411,0.004636867956296253,0.002137368412167273,-0.5906908854204668,disengagement_only
0.6,0.8736901184881394,0.9,0.903240845281016,0.0025918421520679676,0.004294179353692723,0.2736901184881394,0.0032408452810159805,improvement_only
0.6,0.5751464178815264,0.9,0.25412955812903915,0.0025941660646669434,0.0064812072533946274,-0.02485358211847355,-0.6458704418709609,disengagement_only
0.6,0.659793990603617,0.9,0.3631071028605061,0.0025944063386591537,0.005502923941963361,0.05979399060361701,-0.536892897139494,mixed
0.6,0.6501177317098931,0.9,0.3586702310715526,0.0025947430808017356,0.006831350121531632,0.05011773170989309,-0.5413297689284474,mixed
0.6,0.5830951132518364,0.9,0.2886280736048005,0.0025950561978193318,0.0032830887061073566,-0.016904886748163594,-0.6113719263951995,disengagement_only
0.6,0.5910892373421389,0.9,0.2676859148587402,0.002595278324465119,0.005301384733054304,-0.00891076265786106,-0.6323140851412599,disengagement_only
0.6,0.659201646346594,0.9,0.3596104924367568,0.0025952847839690765,0.004784369569623692,0.05920164634659397,-0.5403895075632432,mixed
0.6,0.8948434069182993,0.9,0.9394298915478978,0.0025972492049419417,0.006054628300519102,0.29484340691829936,0.03942989154789778,improvement_only
0.6,0.5607820605788454,0.9,0.24477832084721055,0.0025988975056357197,0.006894496003290479,-0.03921793942115459,-0.6552216791527895,disengagement_only
0.6,0.8836634987303984,0.9,0.8847067625943877,0.002601424806227377,0.0037063497872051737,0.2836634987303984,-0.015293237405612281,improvement_only
0.6,0.8965429394765045,0.9,0.9492127725074239,0.0026015984240779226,0.006365937996442944,0.29654293947650456,0.04921277250742384,improvement_only
0.6,0.846655578052772,0.9,0.7701335268556136,0.0026025933916973736,0.005768311617053934,0.24665557805277205,-0.12986647314438637,mixed
0.6,0.8823325574690324,0.9,0.9406745766068946,0.0026034216545486387,0.0033153464248316944,0.2823325574690324,0.04067457660689455,improvement_only
0.6,0.8706459642644891,0.9,0.8900102006906293,0.0026035994130933163,0.0048885899204796635,0.27064596426448917,-0.009989799309370717,improvement_only
0.6,0.614042429207701,0.9,0.29159527300790167,0.00260430238822159,0.0032993147712177817,0.014042429207701046,-0.6084047269920984,disengagement_only
0.6,0.6563488125292976,0.9,0.3524878714437176,0.0026088662298952383,0.003717891627894848,0.056348812529297576,-0.5475121285562824,mixed
0.6,0.8465093929315499,0.9,0.7748022867464635,0.0026101696941287105,0.006395434212981221,0.24650939293154994,-0.12519771325353657,mixed
0.6,0.8511917784423194,0.9,0.7756379117784393,0.0026110858583639302,0.0039512878749082825,0.25119177844231944,-0.1243620882215607,mixed
0.6,0.5510755946755641,0.9,0.24307021274227936,0.0026111668485595003,0.005785192377388906,-0.04892440532443587,-0.6569297872577207,disengagement_only
0.6,0.8511364994980555,0.9,0.7755126346338759,0.002611233948170913,0.003966994178897759,0.2511364994980555,-0.12448736536612415,mixed
0.6,0.6583938488866481,0.9,0.3568757044781877,0.0026113272037755642,0.004306412127643655,0.058393848886648114,-0.5431242955218123,mixed
0.6,0.8706846947272507,0.9,0.8903391001133905,0.002616652493632097,0.004897521770333452,0.27068469472725076,-0.009660899886609564,improvement_only
0.6,0.6528327312877319,0.9,0.3456882947715857,0.002618587273585142,0.003792150106406711,0.052832731287731916,-0.5543117052284143,mixed
0.6,0.8769738519938542,0.9,0.8570246181638546,0.002618617622849139,0.0033406846852561123,0.27697385199385427,-0.042975381836145465,improvement_only
0.6,0.861316627694684,0.9,0.8028062395899971,0.0026203846268024484,0.0037843546473866063,0.261316627694684,-0.09719376041000294,mixed
0.6,0.8866003368805153,0.9,0.8975576768706872,0.0026216270790793686,0.004376506500082894,0.28660033688051534,-0.0024423231293128067,improvement_only
0.6,0.5507414217536918,0.9,0.24643433369629517,0.002624343403570773,0.004636739791805358,-0.04925857824630819,-0.6535656663037048,disengagement_only
0.6,0.6454733912329153,0.9,0.33339478033670605,0.0026261417615629137,0.0037963974728697503,0.04547339123291527,-0.566605219663294,disengagement_only
0.6,0.872807872910766,0.9,0.8412217847900121,0.0026267723571199476,0.0034875588828696957,0.272807872910766,-0.05877821520998794,mixed
0.6,0.8634649708848005,0.9,0.8093575084203413,0.002629229566333051,0.0037659552618672654,0.2634649708848005,-0.09064249157965876,mixed
0.6,0.8469807442859814,0.9,0.7799606894082232,0.0026335989507788185,0.006743909819689614,0.24698074428598138,-0.12003931059177686,mixed
0.6,0.8484162082402412,0.9,0.7882675637201284,0.0026346632414991117,0.0069246859981483,0.24841620824024124,-0.11173243627987162,mixed
0.6,0.6424461302230072,0.9,0.35183825468040836,0.0026347151159775133,0.006979173194398253,0.04244613022300725,-0.5481617453195917,disengagement_only
0.6,0.5982359448126542,0.9,0.3053974338775084,0.0026358196400811922,0.004342372373681014,-0.0017640551873457921,-0.5946025661224916,disengagement_only
0.6,0.8669674994279705,0.9,0.8206744614893832,0.0026360673135903292,0.003684581740461157,0.2669674994279705,-0.07932553851061686,mixed
0.6,0.8888275347182638,0.9,0.9077817659760739,0.002638081357064851,0.004877946537281505,0.28882753471826383,0.007781765976073829,improvement_only
0.6,0.6507194186373282,0.9,0.3417284082015352,0.0026411959613073096,0.003841009816755503,0.050719418637328206,-0.5582715917984649,mixed
0.6,0.5787425101624254,0.9,0.2566480321062328,0.0026416087677347054,0.006353085635160238,-0.021257489837574584,-0.6433519678937671,disengagement_only
0.6,0.5537371928949794,0.9,0.252890044693125,0.0026418225652281775,0.0038140796179242376,-0.04626280710502062,-0.6471099553068751,disengagement_only
0.6,0.551814108697081,0.9,0.24953080084263354,0.0026431920742256317,0.003819362923342867,-0.04818589130291895,-0.6504691991573665,disengagement_only
0.6,0.6472988509550727,0.9,0.33608287926689073,0.002644599561125976,0.003833253737558745,0.04729885095507269,-0.5639171207331093,disengagement_only
0.6,0.8792280919275601,0.9,0.9279146392463606,0.0026450421170066928,0.0033742086610466238,0.27922809192756015,0.027914639246360617,improvement_only
0.6,0.6429534941529583,0.9,0.32934031800448993,0.0026451758160254443,0.0038002013753522246,0.04295349415295835,-0.5706596819955101,disengagement_only
0.6,0.6610283809563225,0.9,0.3631258871051812,0.0026458468976154233,0.0051938177791522044,0.06102838095632257,-0.5368741128948189,mixed
0.6,0.8525916872116388,0.9,0.7781583420784624,0.0026461819376487525,0.003782685754326054,0.2525916872116388,-0.12184165792153767,mixed
0.6,0.8789570937167154,0.9,0.9267997545213875,0.0026493999865268487,0.0033918239329563116,0.2789570937167154,0.026799754521387498,improvement_only
0.6,0.8759672094436634,0.9,0.8527555090876547,0.0026510964045132726,0.003411710074509078,0.2759672094436634,-0.04724449091234528,improvement_only
0.6,0.6052876111305561,0.9,0.31308138446229117,0.002653389236040232,0.005034784664787517,0.005287611130556091,-0.5869186155377089,disengagement_only
0.6,0.5974993989441961,0.9,0.27350413520926753,0.0026574159064182306,0.004805053478822735,-0.0025006010558038527,-0.6264958647907325,disengagement_only
0.6,0.845494199665548,0.9,0.7681826293318752,0.0026593324626372045,0.006163896656880302,0.24549419966554797,-0.13181737066812482,mixed
0.6,0.6267069171981473,0.9,0.3066658746782386,0.002659606823676044,0.0035171783925773414,0.02670691719814733,-0.5933341253217614,disengagement_only
0.6,0.5979856247007905,0.9,0.27396559344555405,0.002661415313954934,0.004763669233800338,-0.0020143752992094477,-0.626034406554446,disengagement_only
0.6,0.5685126238347885,0.9,0.27245444428830345,0.002662765717802655,0.003668987865243667,-0.03148737616521147,-0.6275455557116966,disengagement_only
0.6,0.5537582104081412,0.9,0.24145602249143325,0.002666272539138783,0.0067620024660691586,-0.04624178959185876,-0.6585439775085667,disengagement_only
0.6,0.8453632013923749,0.9,0.7685972427357757,0.002666494061283448,0.0062833643520734395,0.24536320139237489,-0.13140275726422435,mixed
0.6,0.5759319253550599,0.9,0.25426749145840544,0.0026666143101765354,0.006578617202120635,-0.024068074644940096,-0.6457325085415946,disengagement_only
0.6,0.5655048218144848,0.9,0.24690599035691735,0.0026672751179913036,0.0070353165037909116,-0.034495178185515174,-0.6530940096430826,disengagement_only
0.6,0.8469248817258345,0.9,0.7662656993452694,0.0026683775782316357,0.005170005783151993,0.2469248817258345,-0.13373430065473058,mixed
0.6,0.6232780048048036,0.9,0.302261368272997,0.0026689737185877707,0.003457819200861384,0.023278004804803576,-0.597738631727003,disengagement_only
0.6,0.8830329415734376,0.9,0.9444223345932623,0.002669200854319541,0.0034175456854646513,0.2830329415734376,0.04442233459326228,improvement_only
0.6,0.8544239085665006,0.9,0.7823912795668382,0.0026693108379784456,0.003863805445728008,0.25442390856650066,-0.11760872043316184,mixed
0.6,0.5623900911077852,0.9,0.24502627046792966,0.0026705291227347387,0.007091590568351791,-0.03760990889221483,-0.6549737295320703,disengagement_only
0.6,0.5509540151855511,0.9,0.24836252441355536,0.002670555367250235,0.004048038699463186,-0.049045984814448884,-0.6516374755864447,disengagement_only
0.6,0.8615665418997824,0.9,0.8505842094115171,0.0026706372426991707,0.006330361554108321,0.26156654189978246,-0.04941579058848289,improvement_only
0.6,0.6094989444194758,0.9,0.3177001612179267,0.002672105617232623,0.005420575431771435,0.009498944419475852,-0.5822998387820733,disengagement_only
0.6,0.848742673001825,0.9,0.7910923268153015,0.0026722693180197404,0.007071880802147407,0.24874267300182507,-0.10890767318469852,mixed
0.6,0.6121697437451752,0.9,0.2890216781614268,0.0026733465703918944,0.0034291054073340155,0.01216974374517521,-0.6109783218385731,disengagement_only
0.6,0.5865250138621455,0.9,0.26305771591346727,0.002674137288216189,0.005831973032321747,-0.013474986137854472,-0.6369422840865328,disengagement_only
0.6,0.8621382148964396,0.9,0.8531906786453103,0.0026745637311537357,0.006267579780685512,0.2621382148964396,-0.04680932135468974,improvement_only
0.6,0.8788839630714078,0.9,0.9267915517969775,0.0026754532145332193,0.003429947577249265,0.27888396307140784,0.026791551796977453,improvement_only
0.6,0.6408470685819208,0.9,0.35062003611536374,0.002676870713875314,0.007054550010475641,0.040847068581920776,-0.5493799638846363,disengagement_only
0.6,0.887369856006758,0.9,0.900400424667935,0.002677876905096856,0.004607435115972641,0.287369856006758,0.0004004246679349954,improvement_only
0.6,0.5724741739800295,0.9,0.2771761071151586,0.002678620929691171,0.003583129306124838,-0.027525826019970445,-0.6228238928848414,disengagement_only
0.6,0.6151547979490255,0.9,0.3237979628998009,0.002682910167377974,0.005866444348105487,0.015154797949025522,-0.5762020371001991,disengagement_only
0.6,0.8737891015034697,0.9,0.844134131593339,0.002685702917133258,0.0035250073382126212,0.2737891015034697,-0.05586586840666097,mixed
0.6,0.5692986783051973,0.9,0.2492650757726869,0.0026868377813542414,0.006956190930917205,-0.030701321694802663,-0.6507349242273132,disengagement_only
0.6,0.8617631698002566,0.9,0.8517008490296669,0.0026879466909142356,0.006332506444100605,0.2617631698002566,-0.048299150970333105,improvement_only
0.6,0.560051539480543,0.9,0.2622923618889397,0.002690079883945302,0.0038756258623174056,-0.039948460519456996,-0.6377076381110603,disengagement_only
0.6,0.6330569048802932,0.9,0.3427278582365141,0.002690360921904792,0.006860413341903321,0.033056904880293225,-0.5572721417634859,disengagement_only
0.6,0.8891156231441619,0.9,0.9084815217272361,0.0026906222813059552,0.0049996995874899836,0.28911562314416195,0.008481521727236041,improvement_only
0.6,0.6124446907254273,0.9,0.3209636825895091,0.0026914297754053553,0.005683462316213195,0.01244469072542731,-0.5790363174104909,disengagement_only
0.6,0.6624650119073626,0.9,0.3656300645731404,0.0026935476624602712,0.005445358290135038,0.062465011907362644,-0.5343699354268596,mixed
0.6,0.8449297706740362,0.9,0.7688828834076299,0.002698433578810092,0.0065504203724569,0.2449297706740362,-0.13111711659237013,mixed
0.6,0.5670638765310014,0.9,0.24765795130804283,0.0027012184904308756,0.007069369117014945,-0.032936123468998546,-0.6523420486919572,disengagement_only
0.6,0.5918789977987848,0.9,0.2678008252012955,0.0027014673148995478,0.0054153929279614765,-0.008121002201215144,-0.6321991747987046,disengagement_only
0.6,0.5796320682397512,0.9,0.285427207318208,0.0027019321670237618,0.0034525892865786556,-0.02036793176024876,-0.6145727926817921,disengagement_only
0.6,0.8623708152982162,0.9,0.8546034975685998,0.0027022382693615544,0.006278902805247455,0.26237081529821626,-0.045396502431400254,improvement_only
0.6,0.8736929995963524,0.9,0.8435804555972288,0.0027023493071628205,0.0035488538493357313,0.2736929995963524,-0.05641954440277119,mixed
0.6,0.6261095876713259,0.9,0.30559778654161884,0.0027029921437089176,0.0035525721521788844,0.026109587671325873,-0.5944022134583812,disengagement_only
0.6,0.5929677543813939,0.9,0.26882274793836375,0.002703064725914272,0.005318103783914702,-0.007032245618606048,-0.6311772520616363,disengagement_only
0.6,0.5867288808335124,0.9,0.2932896962100452,0.002704052573134833,0.0034465086137854817,-0.0132711191664876,-0.6067103037899548,disengagement_only
0.6,0.6426694458224599,0.9,0.3283357777545014,0.002707575845278334,0.003873032347606664,0.042669445822459906,-0.5716642222454986,disengagement_only
0.6,0.6423562273222133,0.9,0.3278638817117746,0.0027082557213591275,0.0038695771146991242,0.042356227322213336,-0.5721361182882254,disengagement_only
0.6,0.5663719304996494,0.9,0.2702417002540819,0.0027086350569481073,0.003767668773406452,-0.03362806950035058,-0.6297582997459181,disengagement_only
0.6,0.5580591347433485,0.9,0.2598721144972122,0.0027103650124436908,0.00392058002030185,-0.04194086525665153,-0.6401278855027879,disengagement_only
0.6,0.5598985005683464,0.9,0.2622993621995744,0.0027135414596755492,0.003907126889520246,-0.04010149943165353,-0.6377006378004256,disengagement_only
0.6,0.8694842921570103,0.9,0.8862340719604004,0.002713811229878739,0.005229567771144694,0.2694842921570103,-0.01376592803959964,improvement_only
0.6,0.5504671466916217,0.9,0.24065974021743197,0.0027143520812233915,0.006464280810348985,-0.04953285330837831,-0.659340259782568,disengagement_only
0.6,0.5578499178534623,0.9,0.24231425048156546,0.002715446420552592,0.007179371466193726,-0.042150082146537704,-0.6576857495184345,disengagement_only
0.6,0.6582608369631728,0.9,0.35423909895308303,0.002716065976253295,0.0038686073618511563,0.05826083696317286,-0.545760901046917,mixed
0.6,0.8943356779374626,0.9,0.9347695897406217,0.0027170191788132006,0.006112047613360483,0.2943356779374626,0.03476958974062172,improvement_only
0.6,0.8812035767697268,0.9,0.8728548018765138,0.0027188007311673514,0.0034830359077109296,0.28120357676972685,-0.02714519812348626,improvement_only
0.6,0.5866029291764292,0.9,0.2628586739360005,0.002719215943889215,0.0059059091686425175,-0.013397070823570778,-0.6371413260639995,disengagement_only
0.6,0.8481307664329555,0.9,0.7892953321792933,0.0027200728963482426,0.007201727331073465,0.2481307664329555,-0.11070466782070676,mixed
0.6,0.8616879971808817,0.9,0.8025331780259278,0.002722350047678489,0.0039169018643483156,0.26168799718088176,-0.09746682197407219,mixed
0.6,0.8774568026894325,0.9,0.8576865632784132,0.00272273864896066,0.003462422774159035,0.2774568026894325,-0.04231343672158683,improvement_only
0.6,0.844365959172628,0.9,0.7642980636093627,0.0027242569340294024,0.006308537861336255,0.24436595917262804,-0.13570193639063732,mixed
0.6,0.845502888298032,0.9,0.7623787753371536,0.0027265925965384782,0.005473510922103186,0.24550288829803202,-0.13762122466284643,mixed
0.6,0.8452435604654703,0.9,0.7736448211878079,0.002727895140362918,0.006945010805825158,0.24524356046547036,-0.12635517881219216,mixed
0.6,0.6630689665731778,0.9,0.36904444825830796,0.0027281969717467347,0.006130213615055252,0.06306896657317784,-0.5309555517416921,mixed
0.6,0.6616682023621226,0.9,0.3693056704130365,0.0027313805426240952,0.006556552648223218,0.06166820236212267,-0.5306943295869635,mixed
0.6,0.563169071971743,0.9,0.2449930580308368,0.002731533221897712,0.007235687989627912,-0.03683092802825694,-0.6550069419691632,disengagement_only
0.6,0.5669770284691639,0.9,0.27112616209937074,0.0027315552850037763,0.0037807754128374726,-0.03302297153083611,-0.6288738379006293,disengagement_only
0.6,0.8743479530402225,0.9,0.845652136129156,0.0027334349312439473,0.0035613375211101528,0.2743479530402225,-0.054347863870844004,mixed
0.6,0.6366207359950866,0.9,0.31939496982948906,0.002733510453464328,0.003798888639172271,0.03662073599508664,-0.580605030170511,disengagement_only
0.6,0.8735031858445209,0.9,0.8424981565800191,0.002734374608952559,0.0035948644044001277,0.27350318584452094,-0.05750184341998088,mixed
0.6,0.8877034440018869,0.9,0.9012354189124836,0.002734554456441876,0.004743702229703148,0.28770344400188697,0.0012354189124835768,improvement_only
0.6,0.6307274539134846,0.9,0.34062908966023764,0.0027353420503911353,0.006855770743579875,0.030727453913484637,-0.5593709103397624,disengagement_only
0.6,0.6603877499286053,0.9,0.36886484645502077,0.0027366686263112887,0.006778362798330578,0.060387749928605294,-0.5311351535449793,mixed
0.6,0.8502510887454725,0.9,0.7706958571846656,0.0027371463489411873,0.0038945644370915744,0.2502510887454725,-0.12930414281533442,mixed
0.6,0.8592763573097001,0.9,0.7949764100726096,0.0027386346129045884,0.0039623974562857656,0.2592763573097001,-0.10502358992739047,mixed
0.6,0.5764958588832159,0.9,0.2542388280589364,0.0027406584162707006,0.006687774158464332,-0.023504141116784116,-0.6457611719410636,disengagement_only
0.6,0.6055964399229713,0.9,0.31393615462564495,0.002740691757991177,0.005211637461129265,0.005596439922971319,-0.5860638453743551,disengagement_only
0.6,0.5615733310851471,0.9,0.2646460858978718,0.002741128216846404,0.0039134196756787365,-0.03842666891485291,-0.6353539141021283,disengagement_only
0.6,0.5659305788314684,0.9,0.2699515721886785,0.002741215946701717,0.003813996140271586,-0.03406942116853162,-0.6300484278113215,disengagement_only
0.6,0.6091285370401309,0.9,0.2851965229806507,0.002742518947354396,0.0037172491811729436,0.009128537040130946,-0.6148034770193493,disengagement_only
0.6,0.5552321945979481,0.9,0.2563914554785364,0.002747551543684787,0.003994818786085624,-0.04476780540205183,-0.6436085445214637,disengagement_only
0.6,0.846727392505551,0.9,0.7829007656387101,0.0027483330196784554,0.007227076887579037,0.24672739250555098,-0.11709923436128988,mixed
0.6,0.8889694051393748,0.9,0.9070174635191308,0.0027494628410743038,0.0050351433983555766,0.28896940513937486,0.0070174635191307955,improvement_only
0.6,0.6005849438217913,0.9,0.30860871735413026,0.0027508977144783545,0.0047701648989006695,0.0005849438217913061,-0.5913912826458698,disengagement_only
0.6,0.8655486200355883,0.9,0.8144630679726186,0.002754233187490658,0.003872486393826702,0.2655486200355883,-0.08553693202738144,mixed
0.6,0.6642034174653845,0.9,0.368736776678694,0.0027542450399869307,0.005761752391261532,0.0642034174653845,-0.531263223321306,mixed
0.6,0.6641598601443554,0.9,0.3692737861755889,0.0027543096023361167,0.005904609857719123,0.06415986014435537,-0.5307262138244111,mixed
0.6,0.8723379705845856,0.9,0.8379874471652811,0.002754374473548559,0.0036595793464769544,0.27233797058458564,-0.06201255283471896,mixed
0.6,0.5542915549022137,0.9,0.24051401636026648,0.002755123912310106,0.007155470057086832,-0.045708445097786266,-0.6594859836397335,disengagement_only
0.6,0.6019434759984977,0.9,0.27743111494487527,0.002756651032986535,0.004522403165178462,0.0019434759984977568,-0.6225688850551248,disengagement_only
0.6,0.5589950639331123,0.9,0.2615172333265654,0.002757132817646002,0.003973478497283384,-0.04100493606688771,-0.6384827666734346,disengagement_only
0.6,0.6474859392719364,0.9,0.33519683971631586,0.0027577966211637973,0.003983969876565963,0.04748593927193645,-0.5648031602836842,disengagement_only
0.6,0.8555323946633595,0.9,0.8248161646500997,0.0027596861712360283,0.007059612951467453,0.25553239466335953,-0.07518383534990036,mixed
0.6,0.650822019967822,0.9,0.34046270585056887,0.0027628492489846315,0.004012610823410562,0.050822019967821985,-0.5595372941494312,mixed
0.6,0.6124475287562333,0.9,0.2887793556274645,0.0027633016892114983,0.0035492110826556567,0.01244752875623334,-0.6112206443725355,disengagement_only
0.6,0.8474195382366618,0.9,0.7638734407727642,0.0027672691403095237,0.0046252480330284396,0.24741953823666185,-0.13612655922723582,mixed
0.6,0.6482742851143263,0.9,0.33633043538443175,0.00276779265219587,0.004001746948268964,0.0482742851143263,-0.5636695646155683,disengagement_only
0.6,0.6607022600517396,0.9,0.3581356600770125,0.0027682028145206757,0.004041590642076237,0.06070226005173962,-0.5418643399229875,mixed
0.6,0.6618858774781686,0.9,0.3606734240943625,0.002768366096417655,0.004370879054170412,0.06188587747816865,-0.5393265759056376,mixed
0.6,0.8602285009687405,0.9,0.7973991277080671,0.0027697853128907713,0.003998080565752016,0.2602285009687405,-0.10260087229193293,mixed
0.6,0.8598528991959407,0.9,0.7962503466826596,0.002770571619783435,0.004002615243409446,0.2598528991959407,-0.10374965331734043,mixed
0.6,0.5984640842265828,0.9,0.27379247003333806,0.002772125601067996,0.004905818168975035,-0.0015359157734171625,-0.626207529966662,disengagement_only
0.6,0.8709340912635559,0.9,0.8326961377937253,0.0027740443979899104,0.0037288126970936863,0.27093409126355594,-0.06730386220627471,mixed
0.6,0.877379827193249,0.9,0.8567604846991501,0.002775865730424201,0.003530435320182823,0.27737982719324905,-0.04323951530084991,improvement_only
0.6,0.862135595914522,0.9,0.8545560153563116,0.002776262992617149,0.006414559223894001,0.26213559591452207,-0.04544398464368837,improvement_only
0.6,0.6472566545426117,0.9,0.3346528121405506,0.0027764138884572463,0.004006958113023235,0.04725665454261174,-0.5653471878594494,disengagement_only
0.6,0.6405002499826499,0.9,0.35115208763455097,0.002779020973715223,0.007278882282229671,0.040500249982649894,-0.548847912365449,disengagement_only
0.6,0.6327273296873184,0.9,0.3136927616254489,0.0027813620540822585,0.003777092250406039,0.032727329687318396,-0.5863072383745511,disengagement_only
0.6,0.8433585056461794,0.9,0.7622930269536484,0.0027817316015252202,0.00660763348379817,0.24335850564617945,-0.1377069730463516,mixed
0.6,0.6172622700212684,0.9,0.29422249765048114,0.0027828164165609828,0.0035189949735730808,0.017262270021268455,-0.6057775023495189,disengagement_only
0.6,0.8537683440035402,0.9,0.7786812034879018,0.0027830565460478605,0.004037648142445088,0.2537683440035402,-0.1213187965120982,mixed
0.6,0.6296999386609246,0.9,0.3096555558375976,0.0027847855946690737,0.003715628307474711,0.029699938660924574,-0.5903444441624024,disengagement_only
0.6,0.8715899244129057,0.9,0.8349126288335609,0.0027851842355552845,0.003720835795515548,0.27158992441290575,-0.06508737116643915,mixed
0.6,0.5515876366149257,0.9,0.23946653411822114,0.0027861737973152566,0.007039506497908965,-0.048412363385074264,-0.6605334658817789,disengagement_only
0.6,0.5803822897081479,0.9,0.2867888982738584,0.0027877480313340496,0.0035452655197757976,-0.01961771029185211,-0.6132111017261417,disengagement_only
0.6,0.8538169766872973,0.9,0.8175937440920743,0.0027924846082505173,0.00723876518797284,0.2538169766872973,-0.08240625590792572,mixed
0.6,0.8460410876597879,0.9,0.7807365789769427,0.0027938600942849605,0.00734831395622515,0.24604108765978794,-0.11926342102305731,mixed
0.6,0.5507727930878962,0.9,0.2502641070499117,0.002795546203477126,0.00402402721164416,-0.049227206912103805,-0.6497358929500883,disengagement_only
0.6,0.6649172845879148,0.9,0.37177691165638094,0.002797316681898742,0.006320981076301135,0.06491728458791479,-0.5282230883436191,mixed
0.6,0.6505660940378923,0.9,0.3614653602773589,0.0027983976268782015,0.007430430500976165,0.05056609403789236,-0.5385346397226412,mixed
0.6,0.5600614138622589,0.9,0.24268695803122495,0.002799117942809953,0.00743598038645929,-0.03993858613774104,-0.657313041968775,disengagement_only
0.6,0.5694154399927125,0.9,0.2485678587617903,0.002800690766417715,0.007193683944552762,-0.030584560007287487,-0.6514321412382097,disengagement_only
0.6,0.8733588478866621,0.9,0.9042772942172435,0.002801332346062259,0.004605875800894915,0.2733588478866621,0.0042772942172434325,improvement_only
0.6,0.8818070760583462,0.9,0.9408193543232254,0.002802717429843835,0.0035528489864487534,0.2818070760583462,0.040819354323225365,improvement_only
0.6,0.6487738494713645,0.9,0.3367296710902291,0.0028053601009112986,0.004054927160939054,0.04877384947136454,-0.5632703289097709,disengagement_only
0.6,0.5825848812632576,0.9,0.2588243024804733,0.0028075837208166045,0.006385733108906375,-0.017415118736742397,-0.6411756975195267,disengagement_only
0.6,0.8445779902119238,0.9,0.7733213859458344,0.0028081550354598973,0.007267028670519815,0.24457799021192383,-0.12667861405416558,mixed
0.6,0.8566194169502077,0.9,0.7861605955196544,0.0028098890514299357,0.0040837498727122334,0.25661941695020773,-0.11383940448034557,mixed
0.6,0.8546657032022426,0.9,0.7806660114445785,0.002810283074295325,0.00408566775586755,0.2546657032022426,-0.11933398855542154,mixed
0.6,0.8498912310796456,0.9,0.7683039220614529,0.002810779950722325,0.004003193060173937,0.24989123107964561,-0.1316960779385471,mixed
0.6,0.5904543110310579,0.9,0.2658206679439964,0.0028113403811630537,0.005735797303844187,-0.009545688968942034,-0.6341793320560036,disengagement_only
0.6,0.6396198743199614,0.9,0.3505175132277568,0.002811899820860512,0.007328856961329094,0.03961987431996139,-0.5494824867722432,disengagement_only
0.6,0.6630707679523558,0.9,0.37210602953909344,0.0028129190596622284,0.006882439436424276,0.06307076795235578,-0.5278939704609066,mixed
0.6,0.8560885067874384,0.9,0.7845788447158021,0.0028143465173450723,0.0040921616245123416,0.25608850678743844,-0.11542115528419794,mixed
0.6,0.8942706754253053,0.9,0.9329406337431585,0.002815824586744113,0.006223165510802153,0.2942706754253053,0.032940633743158476,improvement_only
0.6,0.8693105941328866,0.9,0.8264626434363165,0.002815992498527404,0.0038392697488111582,0.2693105941328866,-0.07353735656368354,mixed
0.6,0.8434703814300574,0.9,0.7669493807019943,0.0028166441432257994,0.007104699623635746,0.2434703814300574,-0.13305061929800577,mixed
0.6,0.8428155359510088,0.9,0.7615550607461172,0.0028169639299810167,0.006808787454483933,0.2428155359510088,-0.1384449392538828,mixed
0.6,0.8498567112840594,0.9,0.7680681911267683,0.0028182767329370385,0.00401626798749935,0.2498567112840594,-0.13193180887323175,mixed
0.6,0.6575301614416025,0.9,0.3512030498626834,0.002818830756720213,0.004080927348285607,0.0575301614416025,-0.5487969501373167,mixed
0.6,0.8724323050673773,0.9,0.8375611009154202,0.0028190308367640037,0.0037357714464913983,0.27243230506737737,-0.06243889908457978,mixed
0.6,0.6611073839663153,0.9,0.3710594630651213,0.002820548906395626,0.0071351131301865545,0.06110738396631532,-0.5289405369348787,mixed
0.6,0.8752735021913101,0.9,0.8480922953105752,0.0028224129972201344,0.0036444208124714605,0.2752735021913101,-0.05190770468942485,mixed
0.6,0.8585078397012489,0.9,0.8391254867611183,0.0028248999543315596,0.006902029386111369,0.2585078397012489,-0.06087451323888171,mixed
0.6,0.5728770814325894,0.9,0.2785942029194118,0.002825080287143189,0.003736822725737027,-0.02712291856741056,-0.6214057970805882,disengagement_only
0.6,0.6482831410034346,0.9,0.33575036766333016,0.00282625195302166,0.004079584508337786,0.04828314100343467,-0.5642496323366699,disengagement_only
0.6,0.8772360044470249,0.9,0.8555777026455942,0.0028286403885157485,0.0035992654652806932,0.2772360044470249,-0.04442229735440584,improvement_only
0.6,0.873022567942527,0.9,0.9031317375464435,0.002828661371058302,0.004705461565740199,0.273022567942527,0.0031317375464434694,improvement_only
0.6,0.5964419139111716,0.9,0.3045946083524921,0.00282867761320128,0.004491078109320479,-0.0035580860888283494,-0.5954053916475079,disengagement_only
0.6,0.8925818087856728,0.9,0.923850480929426,0.0028294840048218575,0.005894651860958111,0.29258180878567286,0.023850480929425988,improvement_only
0.6,0.6335228258077679,0.9,0.3442711445504317,0.0028296804067918097,0.0071599727930416746,0.033522825807767886,-0.5557288554495683,disengagement_only
0.6,0.5638186419842801,0.9,0.24463974358273094,0.0028303663223212296,0.007458495657799574,-0.03618135801571987,-0.6553602564172691,disengagement_only
0.6,0.5548484615763688,0.9,0.25674985474538903,0.0028340802883959973,0.004114578211037334,-0.04515153842363118,-0.643250145254611,disengagement_only
0.6,0.6535060811510265,0.9,0.3647151244963104,0.0028355352284425575,0.00750725217011558,0.05350608115102651,-0.5352848755036896,mixed
0.6,0.6475460437419491,0.9,0.35886603402179007,0.0028366675849702087,0.007527287760549201,0.04754604374194915,-0.54113396597821,disengagement_only
0.6,0.5698757032155852,0.9,0.24863778686816213,0.00283876992696124,0.007252014869827406,-0.03012429678441475,-0.651362213131838,disengagement_only
0.6,0.8566392709190811,0.9,0.7857238279281864,0.0028425510197692882,0.00412912720130329,0.2566392709190811,-0.11427617207181362,mixed
0.6,0.8422528748405245,0.9,0.7570569768287623,0.0028425746719070184,0.006567062941950252,0.2422528748405245,-0.14294302317123775,mixed
0.6,0.5522873661532747,0.9,0.23889476960829456,0.0028440120671734117,0.007341707744441733,-0.047712633846725305,-0.6611052303917054,disengagement_only
0.6,0.6666430346006429,0.9,0.37111787127974116,0.0028443967630642788,0.005711487875495996,0.06664303460064291,-0.5288821287202589,mixed
0.6,0.8612791016187881,0.9,0.7995591401162099,0.002847892343800497,0.004088150334407431,0.2612791016187881,-0.10044085988379015,mixed
0.6,0.5740105330319131,0.9,0.25162656674641504,0.0028489717382734416,0.007050547402215279,-0.025989466968086905,-0.648373433253585,disengagement_only
0.6,0.8736701140788911,0.9,0.9062159678568836,0.0028502834030863884,0.004599671566042018,0.2736701140788911,0.0062159678568836085,improvement_only
0.6,0.6503963444488406,0.9,0.36189857667430825,0.0028545702459810553,0.007583731507612851,0.05039634444884067,-0.5381014233256918,mixed
0.6,0.6475186483997927,0.9,0.334285796050776,0.0028549514508256248,0.004110293543598292,0.047518648399792696,-0.565714203949224,disengagement_only
0.6,0.8602115257657867,0.9,0.8471123568415255,0.0028556543834053925,0.006762704275892928,0.26021152576578677,-0.052887643158474495,mixed
0.6,0.8437351071772381,0.9,0.7705075923291002,0.0028565382054006314,0.007387376357392783,0.24373510717723812,-0.12949240767089987,mixed
0.6,0.631602661717979,0.9,0.3116240947644223,0.0028584638406887633,0.003833607578835385,0.031602661717978986,-0.5883759052355777,disengagement_only
0.6,0.879328922084849,0.9,0.8634941490782635,0.002861700335278567,0.003616246163918202,0.27932892208484905,-0.03650585092173653,improvement_only
0.6,0.8418652873014572,0.9,0.7562351165704584,0.002863165564037788,0.006673267189697518,0.24186528730145718,-0.14376488342954163,mixed
0.6,0.8424997960007744,0.9,0.7632542269410073,0.002863874338022458,0.007181429781945969,0.24249979600077443,-0.13674577305899271,mixed
0.6,0.6567615708744683,0.9,0.3681255141770897,0.0028649953073465275,0.007529631386791913,0.056761570874468315,-0.5318744858229103,mixed
0.6,0.5957992958205673,0.9,0.2706031592131558,0.0028653523613438856,0.005329377152872766,-0.004200704179432635,-0.6293968407868442,disengagement_only
0.6,0.8641724614279821,0.9,0.8085016812291178,0.002868127988482537,0.004051357483407153,0.2641724614279821,-0.09149831877088221,mixed
0.6,0.5766429549085924,0.9,0.2831149553290317,0.0028681958809904763,0.0037002328095983306,-0.02335704509140757,-0.6168850446709684,disengagement_only
0.6,0.6621615934989468,0.9,0.35909206690189877,0.0028688488505024495,0.004083393386784012,0.06216159349894679,-0.5409079330981013,mixed
0.6,0.8495304056386953,0.9,0.7994356126632051,0.0028706964008618076,0.007597882775421533,0.24953040563869533,-0.10056438733679496,mixed
0.6,0.8416886962640183,0.9,0.7548877688154887,0.0028740605013076077,0.006603964487023328,0.24168869626401834,-0.14511223118451133,mixed
0.6,0.8643816368911862,0.9,0.8657700926639865,0.0028751634528892092,0.006247726883598981,0.2643816368911862,-0.0342299073360135,improvement_only
0.6,0.5960120846051179,0.9,0.30440347824484065,0.00287526963470676,0.0045267634130075896,-0.00398791539488208,-0.5955965217551593,disengagement_only
0.6,0.6657904213857502,0.9,0.36679721239144436,0.0028756897116729878,0.004878971377072716,0.0657904213857502,-0.5332027876085557,mixed
0.6,0.6628939739238582,0.9,0.3734132669534167,0.0028767303791624823,0.007250036424277212,0.0628939739238582,-0.5265867330465833,mixed
0.6,0.5690333785060312,0.9,0.27453371352423206,0.0028769802484173795,0.003886960186383931,-0.030966621493968782,-0.625466286475768,disengagement_only
0.6,0.5696765013278476,0.9,0.2752864364396923,0.0028787558897614396,0.003870456388478466,-0.030323498672152338,-0.6247135635603077,disengagement_only
0.6,0.8416630386335057,0.9,0.757513268431315,0.0028793086779819958,0.006934777067064302,0.2416630386335057,-0.14248673156868508,mixed
0.6,0.8435697533862854,0.9,0.7705831066214277,0.0028818957004300536,0.00748558484982087,0.2435697533862854,-0.12941689337857232,mixed
0.6,0.8435729807141161,0.9,0.7537494909097784,0.0028823602725480493,0.005472245214986099,0.24357298071411615,-0.14625050909022164,mixed
0.6,0.8419708068421164,0.9,0.760727894201988,0.0028825459086691996,0.007159329675425041,0.24197080684211647,-0.13927210579801197,mixed
0.6,0.590733518179195,0.9,0.2987190619598863,0.00288262467855778,0.003966180298392463,-0.009266481820805028,-0.6012809380401137,disengagement_only
0.6,0.6245438791009865,0.9,0.30239371055828235,0.002882765119083279,0.0037244898378406555,0.024543879100986543,-0.5976062894417177,disengagement_only
0.6,0.6626422968872571,0.9,0.3733510884608482,0.0028828555842240833,0.007300516845064414,0.06264229688725709,-0.5266489115391518,mixed
0.6,0.8495158685434108,0.9,0.7659501656814014,0.0028828644020502487,0.004125981176414606,0.2495158685434108,-0.13404983431859863,mixed
0.6,0.8435262405988837,0.9,0.7536644751782241,0.0028829596455456344,0.005486744382526443,0.24352624059888373,-0.14633552482177592,mixed
0.6,0.6376404304296384,0.9,0.3490497576848476,0.0028864938857184478,0.007427561544172734,0.03764043042963838,-0.5509502423151524,disengagement_only
0.6,0.6416245096396525,0.9,0.32523144567963336,0.0028872400348049563,0.004063700803740883,0.041624509639652474,-0.5747685543203667,disengagement_only
0.6,0.8502661904272159,0.9,0.8031434676511747,0.0028879195615524596,0.007611846407946293,0.2502661904272159,-0.0968565323488253,mixed
0.6,0.6667789082489844,0.9,0.3756118996746092,0.0028892578910209125,0.006769384095718423,0.06677890824898447,-0.5243881003253908,mixed
0.6,0.8626867849578669,0.9,0.858503406823255,0.0028904183958137694,0.0065037381091003765,0.2626867849578669,-0.041496593176745034,improvement_only
0.6,0.5971619993393324,0.9,0.3057425190724401,0.0028914122723991426,0.004672718760792838,-0.002838000660667528,-0.5942574809275599,disengagement_only
0.6,0.8726564221032701,0.9,0.9022854460699171,0.0028922079519787414,0.0048530343513822904,0.2726564221032701,0.0022854460699170964,improvement_only
0.6,0.8415175706387732,0.9,0.752676350301191,0.002892296480865772,0.006426947065944044,0.24151757063877322,-0.14732364969880907,mixed
0.6,0.6631139995191075,0.9,0.37389599094928283,0.002893408558653892,0.007311187400213498,0.06311399951910757,-0.5261040090507172,mixed
0.6,0.8802351876146194,0.9,0.8667766203156977,0.0028951730805965516,0.003670410116480255,0.2802351876146194,-0.033223379684302334,improvement_only
0.6,0.8865817958879856,0.9,0.8940637674161171,0.002895478522526964,0.004677187522468401,0.2865817958879856,-0.005936232583882872,improvement_only
0.6,0.640768374309563,0.9,0.323930979959663,0.002895827317613919,0.004056412133524395,0.04076837430956304,-0.576069020040337,disengagement_only
0.6,0.5876929097149343,0.9,0.2627864345768264,0.0028964544899819007,0.00612803850950111,-0.012307090285065714,-0.6372135654231736,disengagement_only
0.6,0.6135524327070234,0.9,0.289207877774983,0.00289651797211391,0.0037040850534813263,0.013552432707023443,-0.610792122225017,disengagement_only
0.6,0.6229715892495198,0.9,0.33351936153042816,0.0028965460093594423,0.006757585997936799,0.022971589249519808,-0.5664806384695719,disengagement_only
0.6,0.6038199482603267,0.9,0.27854640577859224,0.002898202273163686,0.004566365324930183,0.003819948260326722,-0.6214535942214078,disengagement_only
0.6,0.6674001445329653,0.9,0.37609715513305475,0.0029015910124330327,0.006723873158502397,0.06740014453296528,-0.5239028448669453,mixed
0.6,0.6531555447194572,0.9,0.34271055727414534,0.0029017919556325452,0.004211403756236604,0.05315554471945727,-0.5572894427258547,mixed
0.6,0.6571996603858838,0.9,0.3690605014529821,0.002905632529227141,0.0076504506798965866,0.057199660385883866,-0.5309394985470179,mixed
0.6,0.5543278783961461,0.9,0.23895756012299302,0.002906638869480342,0.007662718443463723,-0.04567212160385392,-0.661042439877007,disengagement_only
0.6,0.6673636712549886,0.9,0.3763177798783462,0.0029067489398105937,0.006787053116927927,0.06736367125498866,-0.5236822201216538,mixed
0.6,0.5503720443922274,0.9,0.2376532150099349,0.002907253298612405,0.007424597403928659,-0.049627955607772556,-0.6623467849900652,disengagement_only
0.6,0.6301494361143055,0.9,0.3093562449652489,0.002908441689771705,0.0038633894524325862,0.03014943611430554,-0.5906437550347512,disengagement_only
0.6,0.6327405110603814,0.9,0.3127651054337307,0.0029087421716587247,0.003914523387062274,0.03274051106038145,-0.5872348945662693,disengagement_only
0.6,0.8654429144551887,0.9,0.8120812317092843,0.0029149893420672376,0.004071204519935062,0.26544291445518875,-0.08791876829071577,mixed
0.6,0.8589028310718532,0.9,0.8421848748407272,0.0029174168454655677,0.0070027798362998495,0.2589028310718532,-0.057815125159272784,mixed
0.6,0.6579311708822508,0.9,0.3699496677104068,0.0029216579894191584,0.007683271443443523,0.05793117088225086,-0.5300503322895932,mixed
0.6,0.5742536833025697,0.9,0.28077060169035545,0.0029220187126156507,0.00380720282558078,-0.025746316697430327,-0.6192293983096446,disengagement_only
0.6,0.6375236258813414,0.9,0.349210461431394,0.002922589555823206,0.007498483919082671,0.037523625881341394,-0.550789538568606,disengagement_only
0.6,0.5580891907631877,0.9,0.24059751853661368,0.002923983645616729,0.007768173932815148,-0.04191080923681223,-0.6594024814633863,disengagement_only
0.6,0.6540500422690539,0.9,0.3662607382582946,0.0029240081871925983,0.00775812822585642,0.054050042269053966,-0.5337392617417054,mixed
0.6,0.8534215775804386,0.9,0.8180096857184764,0.0029254429387777312,0.007511895336759611,0.2534215775804386,-0.08199031428152359,mixed
0.6,0.8817427092477073,0.9,0.9420174700484973,0.002926475625024669,0.003706175382664101,0.2817427092477073,0.04201747004849732,improvement_only
0.6,0.8608330726938678,0.9,0.8508278524510962,0.0029272835018466013,0.006793247048976964,0.2608330726938678,-0.049172147548903866,improvement_only
0.6,0.8975870084275347,0.9,0.9498243030477496,0.0029287372035944176,0.007009713129176184,0.2975870084275347,0.04982430304774954,improvement_only
0.6,0.6224474376557732,0.9,0.3331786548124945,0.0029298337077468387,0.006786504938126908,0.022447437655773173,-0.5668213451875055,disengagement_only
0.6,0.6458510143413336,0.9,0.35800809682154267,0.002929986264495851,0.007731824011072669,0.04585101434133365,-0.5419919031784574,disengagement_only
0.6,0.5677282777617808,0.9,0.2465010913468372,0.002931955975629891,0.007546173183463109,-0.03227172223821917,-0.6534989086531628,disengagement_only
0.6,0.8841202499765487,0.9,0.8826849855725126,0.002932926904160233,0.004173429309957344,0.2841202499765487,-0.017315014427487396,improvement_only
0.6,0.8515107519477595,0.9,0.8096003677726501,0.0029338508366163157,0.007647868561091203,0.2515107519477595,-0.09039963222734992,mixed
0.6,0.5679433238857465,0.9,0.2736587874216685,0.002933945972850417,0.0039776176090786375,-0.032056676114253446,-0.6263412125783315,disengagement_only
0.6,0.5969549099756222,0.9,0.27132858367715484,0.0029352915957672637,0.005336356759186409,-0.0030450900243778056,-0.6286714163228452,disengagement_only
0.6,0.6389759885568423,0.9,0.3210735401871469,0.0029353855343579077,0.004070972101198944,0.03897598855684237,-0.5789264598128532,disengagement_only
0.6,0.5954462011732713,0.9,0.26984607764904134,0.002935473507923985,0.005484460155521148,-0.004553798826728683,-0.6301539223509587,disengagement_only
0.6,0.6586868180376693,0.9,0.35162300606673735,0.0029359249152080716,0.004264064969520781,0.058686818037669286,-0.5483769939332627,mixed
0.6,0.8519822588797034,0.9,0.8117630967035325,0.002936682783630995,0.007626368896246988,0.2519822588797034,-0.0882369032964675,mixed
0.6,0.6694221778274871,0.9,0.375744852238582,0.002938047395877989,0.006106488984279956,0.06942217782748716,-0.524255147761418,mixed
0.6,0.5590333822493998,0.9,0.2630817394986747,0.00293863453361653,0.004193102568000623,-0.040966617750600176,-0.6369182605013253,disengagement_only
0.6,0.6202785974952,0.9,0.2967849674593984,0.002942146585904987,0.003732743445590908,0.0202785974952,-0.6032150325406016,disengagement_only
0.6,0.574556822397903,0.9,0.2514297342639179,0.0029464863995762288,0.007207357095136369,-0.025443177602097022,-0.6485702657360821,disengagement_only
0.6,0.6689226092257584,0.9,0.3725132616314081,0.0029481340257878825,0.005456635699124385,0.06892260922575844,-0.527486738368592,mixed
0.6,0.8523684488584796,0.9,0.813684754541659,0.0029483289534498517,0.00762472726265126,0.25236844885847964,-0.08631524545834102,mixed
0.6,0.574031737141868,0.9,0.25099824176612107,0.0029505794414001873,0.007247918064446773,-0.02596826285813203,-0.649001758233879,disengagement_only
0.6,0.8487009352798156,0.9,0.7625585490369082,0.002954093023627195,0.004233238342593537,0.24870093527981563,-0.1374414509630918,mixed
0.6,0.661208764900837,0.9,0.37340377166908123,0.002956192035200235,0.007688185212808507,0.06120876490083704,-0.5265962283309188,mixed
0.6,0.8438715261774606,0.9,0.774615935547686,0.002957630747796072,0.007803882026451964,0.24387152617746066,-0.12538406445231398,mixed
0.6,0.8755734078846359,0.9,0.8476265209491392,0.0029590401525935303,0.00380432009312906,0.2755734078846359,-0.05237347905086087,mixed
0.6,0.8406291232363282,0.9,0.7478379579601311,0.0029600480759238773,0.006306893305683292,0.24062912323632824,-0.15216204203986894,mixed
0.6,0.6677689141122336,0.9,0.37824891806177685,0.0029609142117140554,0.0071487233290935814,0.06776891411223362,-0.5217510819382232,mixed
0.6,0.8417794738036354,0.9,0.7638432217812671,0.00296173295663529,0.007637405755043625,0.2417794738036354,-0.13615677821873295,mixed
0.6,0.5935315437783435,0.9,0.2678364946089834,0.002962512102696877,0.005714674515436724,-0.006468456221656482,-0.6321635053910166,disengagement_only
0.6,0.6658889962531332,0.9,0.36476232538340825,0.002964020132146573,0.0043573979178582745,0.06588899625313327,-0.5352376746165918,mixed
0.6,0.864140470215421,0.9,0.8071733712676799,0.002964023522847058,0.004170240421126931,0.264140470215421,-0.09282662873232017,mixed
0.6,0.8580269742739624,0.9,0.7880321648860611,0.0029643257836605326,0.0042830914233667194,0.2580269742739624,-0.11196783511393893,mixed
0.6,0.8430598035375734,0.9,0.7707838147032949,0.002965709042220226,0.0077847124637485665,0.2430598035375734,-0.1292161852967051,mixed
0.6,0.5642789227723214,0.9,0.2696068378418494,0.0029658783603850585,0.004104093134256692,-0.03572107722767859,-0.6303931621581507,disengagement_only
0.6,0.8839155339866251,0.9,0.8813770930449845,0.0029677670571407106,0.004166296627766838,0.28391553398662517,-0.01862290695501556,improvement_only
0.6,0.8451909220272746,0.9,0.7812929497559203,0.0029683616804948207,0.007878798322372593,0.24519092202727466,-0.11870705024407968,mixed
0.6,0.6189281798951208,0.9,0.32967879850602333,0.002972667217690284,0.006638697842736241,0.018928179895120856,-0.5703212014939767,disengagement_only
0.6,0.8572051622095397,0.9,0.8355036001754033,0.002974308203776227,0.00726895674402861,0.2572051622095397,-0.06449639982459676,mixed
0.6,0.8397900410780779,0.9,0.7501388266504806,0.0029750819687604565,0.007027185688893461,0.2397900410780779,-0.14986117334951943,mixed
0.6,0.8755970503093533,0.9,0.9160825906003691,0.0029753299029184836,0.004335189407658202,0.27559705030935333,0.016082590600369095,improvement_only
0.6,0.6702518831328399,0.9,0.3753891185602257,0.002977133007194948,0.005802589641962508,0.07025188313283992,-0.5246108814397743,mixed
0.6,0.8454361514400941,0.9,0.7826859412375327,0.0029780480626805206,0.0079093253163591,0.24543615144009412,-0.11731405876246737,mixed
0.6,0.8764930300133232,0.9,0.9200134265389591,0.0029786675443323344,0.004139783726610391,0.27649303001332326,0.0200134265389591,improvement_only
0.6,0.8930036895945177,0.9,0.9238579051963618,0.0029843640123939134,0.006166849911572417,0.2930036895945177,0.023857905196361773,improvement_only
0.6,0.8398376556199042,0.9,0.7465795358187556,0.0029858422841053866,0.006567545464242458,0.23983765561990422,-0.15342046418124444,mixed
0.6,0.5870149804132913,0.9,0.26164240920834103,0.0029865316124947443,0.006345499063782331,-0.012985019586708724,-0.638357590791659,disengagement_only
0.6,0.8433007199651271,0.9,0.7498898625559296,0.0029865800729873084,0.005153939723134049,0.24330071996512714,-0.15011013744407042,mixed
0.6,0.8854071814824176,0.9,0.8876346906240464,0.0029900521448599565,0.004522060384945306,0.2854071814824176,-0.012365309375953593,improvement_only
0.6,0.6636595700228888,0.9,0.3760624468977151,0.0029910390663824863,0.007700128030452585,0.0636595700228888,-0.523937553102285,mixed
0.6,0.650801205368951,0.9,0.3380260747591516,0.002991513466750999,0.004313676214596107,0.05080120536895105,-0.5619739252408484,mixed
0.6,0.6189167540527987,0.9,0.29483524157013735,0.00299255227508716,0.0037848883934935296,0.01891675405279869,-0.6051647584298627,disengagement_only
0.6,0.8912144783143823,0.9,0.9147278124418718,0.0029927013577001845,0.005796322281798258,0.2912144783143823,0.014727812441871824,improvement_only
0.6,0.599019649411121,0.9,0.2730458487598444,0.002993439839898018,0.005229327398609249,-0.0009803505888790198,-0.6269541512401556,disengagement_only
0.6,0.5997130976132126,0.9,0.3091061226179316,0.0029942249375037385,0.00510285385824491,-0.0002869023867874132,-0.5908938773820684,disengagement_only
0.6,0.8894278913238313,0.9,0.9060416936870628,0.0029942629352717686,0.005411524629475278,0.2894278913238313,0.006041693687062755,improvement_only
0.6,0.8596648355979998,0.9,0.7925611521044039,0.0029962056212463305,0.004307368860808458,0.2596648355979998,-0.1074388478955961,mixed
0.6,0.8400411256509606,0.9,0.7453259570358945,0.0029989030716073587,0.006308310347766494,0.24004112565096059,-0.15467404296410547,mixed
0.6,0.6691067066263138,0.9,0.3709846133700893,0.003001701712161322,0.00503927048999564,0.0691067066263138,-0.5290153866299108,mixed
0.6,0.8741620196599539,0.9,0.9101515141041093,0.0030020176964854718,0.004673654977848357,0.2741620196599539,0.010151514104109305,improvement_only
0.6,0.8394887350457976,0.9,0.7456323553509883,0.003002161110583252,0.006633998337227803,0.2394887350457976,-0.15436764464901176,mixed
0.6,0.610120110073791,0.9,0.3203874621201414,0.0030031929993661944,0.006042714546798111,0.010120110073790989,-0.5796125378798587,disengagement_only
0.6,0.840207114290289,0.9,0.7450229850138061,0.0030043744572001417,0.006184790736931206,0.24020711429028907,-0.15497701498619387,mixed
0.6,0.8565193151500891,0.9,0.8329293050015765,0.003005231113058087,0.007385780029246336,0.2565193151500891,-0.06707069499842355,mixed
0.6,0.8444628005546938,0.9,0.7516829919601986,0.0030061528637994415,0.004757097127712495,0.24446280055469383,-0.1483170080398014,mixed
0.6,0.8392089002044875,0.9,0.7460765796822233,0.0030078021950951644,0.006834497441967513,0.23920890020448748,-0.15392342031777673,mixed
0.6,0.6653901841651814,0.9,0.37777507014292533,0.003008336433995989,0.007662823354686182,0.06539018416518139,-0.5222249298570747,mixed
0.6,0.55398828639728,0.9,0.2572747642179394,0.003009102182098209,0.004350534486495472,-0.04601171360271994,-0.6427252357820606,disengagement_only
0.6,0.6692226041341899,0.9,0.3803008471724393,0.003010376314837051,0.007259455183007024,0.0692226041341899,-0.5196991528275607,mixed
0.6,0.6379578765862797,0.9,0.35036273724751055,0.0030111378899173313,0.007695875923167533,0.03795787658627969,-0.5496372627524895,disengagement_only
0.6,0.6618264684999179,0.9,0.37477184186578705,0.0030117980732661644,0.007864260508038345,0.06182646849991791,-0.525228158134213,mixed
0.6,0.8447647977405044,0.9,0.7521086479521215,0.0030152537361923786,0.004648703139695565,0.24476479774050441,-0.1478913520478785,mixed
0.6,0.6136708659112295,0.9,0.288584592079262,0.003018497582621737,0.0038740795172472198,0.013670865911229568,-0.611415407920738,disengagement_only
0.6,0.6551477515976389,0.9,0.34463326448615195,0.0030213316015532273,0.004381785616203948,0.05514775159763896,-0.5553667355138481,mixed
0.6,0.6701474286393329,0.9,0.3729271342007595,0.0030216398635975906,0.005236953244407178,0.07014742863933288,-0.5270728657992405,mixed
0.6,0.6350531671051775,0.9,0.3473398403975591,0.0030221895523989133,0.007605800687873171,0.035053167105177474,-0.552660159602441,disengagement_only
0.6,0.5929441611836817,0.9,0.301946807072953,0.0030231257900981347,0.004455915652422482,-0.007055838816318327,-0.598053192927047,disengagement_only
0.6,0.8514792043491023,0.9,0.7685014776209766,0.003023480139559821,0.004392151395460453,0.2514792043491023,-0.13149852237902337,mixed
0.6,0.6416364988778978,0.9,0.3543877294403,0.003024355899015211,0.00784361652825974,0.041636498877897776,-0.5456122705597,disengagement_only
0.6,0.5577402500416287,0.9,0.2621725166632939,0.0030246464190067796,0.00431859900876469,-0.04225974995837123,-0.6378274833367061,disengagement_only
0.6,0.658297651061049,0.9,0.3716031778613525,0.003024932000085442,0.008000406902495594,0.058297651061049005,-0.5283968221386475,mixed
0.6,0.5658971241506539,0.9,0.2719142190262883,0.0030257020712824417,0.004130686913593223,-0.034102875849346126,-0.6280857809737117,disengagement_only
0.6,0.8783320902910392,0.9,0.8575667883426437,0.00302663537645939,0.0038286165804206906,0.2783320902910392,-0.04243321165735636,improvement_only
0.6,0.8437356445411655,0.9,0.7758414473434059,0.0030273461969075838,0.008023869068590705,0.24373564454116547,-0.12415855265659415,mixed
0.6,0.6720694669924283,0.9,0.37939552160052303,0.003028676382186908,0.0062847181494068705,0.07206946699242833,-0.520604478399477,mixed
0.6,0.5855555891239647,0.9,0.2939372994048901,0.0030295091197262455,0.0038707875581009965,-0.014444410876035318,-0.6060627005951099,disengagement_only
0.6,0.8392123073989238,0.9,0.7515785167996858,0.003030047749471723,0.007506988035329287,0.23921230739892385,-0.14842148320031423,mixed
0.6,0.5676059966438389,0.9,0.24574785815986339,0.00303121083093323,0.007760591274239614,-0.03239400335616105,-0.6542521418401366,disengagement_only
0.6,0.8897522950102421,0.9,0.9070890361181647,0.003033056325044404,0.005525970521438883,0.28975229501024213,0.007089036118164693,improvement_only
0.6,0.8627507472338755,0.9,0.8606453491697629,0.003034038021983283,0.006692505240830787,0.2627507472338755,-0.03935465083023715,improvement_only
0.6,0.6471904647843346,0.9,0.3321082692364342,0.003035324155933955,0.004326697238472427,0.04719046478433464,-0.5678917307635658,disengagement_only
0.6,0.6631791723667305,0.9,0.3763773725146455,0.003037773158695722,0.00790399040411921,0.06317917236673054,-0.5236226274853546,mixed
0.6,0.629725729960907,0.9,0.30789211402043604,0.003037829359906562,0.003998735874057913,0.029725729960907055,-0.592107885979564,disengagement_only
0.6,0.8694844268455888,0.9,0.8243707584971166,0.0030395192218427283,0.0041030654586868,0.2694844268455888,-0.07562924150288342,mixed
0.6,0.8590637632518353,0.9,0.7901235687255979,0.003039983914151108,0.004373575305601368,0.25906376325183533,-0.10987643127440216,mixed
0.6,0.6618656932711334,0.9,0.375207148690382,0.003039999926914184,0.00796135785839977,0.06186569327113345,-0.5247928513096181,mixed
0.6,0.5911968992936413,0.9,0.26515330416831373,0.0030426297601737224,0.006071621923736836,-0.008803100706358702,-0.6348466958316863,disengagement_only
0.6,0.5891157343856004,0.9,0.2979100355188923,0.003044372536380564,0.004077777618293088,-0.01088426561439959,-0.6020899644811077,disengagement_only
0.6,0.8445545091090488,0.9,0.7509552572667135,0.003044815619914244,0.004622378594742488,0.24455450910904886,-0.1490447427332865,mixed
0.6,0.8682087017679122,0.9,0.819851738076934,0.003045202577461454,0.004154919944743485,0.2682087017679122,-0.08014826192306601,mixed
0.6,0.639750940744081,0.9,0.35256697184604247,0.0030479601823595304,0.007834013671031842,0.03975094074408103,-0.5474330281539576,disengagement_only
0.6,0.6705365027011183,0.9,0.3819694093261097,0.0030482401963476875,0.007311178313698791,0.07053650270111833,-0.5180305906738903,mixed
0.6,0.5698860590901877,0.9,0.2472578779841858,0.003049413703553902,0.007683078995615211,-0.03011394090981223,-0.6527421220158143,disengagement_only
0.6,0.8463442875206114,0.9,0.7884607572960451,0.0030501346796526973,0.008090657170013893,0.24634428752061144,-0.11153924270395488,mixed
0.6,0.8791638448084432,0.9,0.9324148474764655,0.0030505582821313388,0.003889389910271157,0.27916384480844325,0.0324148474764655,improvement_only
0.6,0.8388192746495025,0.9,0.7420956938173044,0.003050701010973249,0.006549022484440753,0.23881927464950248,-0.15790430618269558,mixed
0.6,0.8382814340201947,0.9,0.7448231404174295,0.0030528195433110867,0.007164442527991588,0.23828143402019475,-0.15517685958257055,mixed
0.6,0.8394149076180638,0.9,0.7543826252884088,0.003052963040278045,0.0077436487541707455,0.23941490761806383,-0.1456173747115912,mixed
0.6,0.8405534536657306,0.9,0.7608013225930041,0.0030535088735175416,0.007923013559729214,0.24055345366573067,-0.13919867740699587,mixed
0.6,0.8420152514248612,0.9,0.768364217010007,0.003057832594425832,0.008056521517021575,0.24201525142486124,-0.131635782989993,mixed
0.6,0.6596669255568889,0.9,0.3516931484438577,0.0030619340219241852,0.004453118384496413,0.059666925556888906,-0.5483068515561423,mixed
0.6,0.6008401051676218,0.9,0.31072532182112805,0.0030620820044824186,0.005327613964126093,0.0008401051676217852,-0.589274678178872,disengagement_only
0.6,0.8437042471172719,0.9,0.7486310493882823,0.003065061454390537,0.004791807940752679,0.2437042471172719,-0.15136895061171773,mixed
0.6,0.8662402705760613,0.9,0.8128732939555985,0.003065916920030225,0.004239808525822092,0.26624027057606137,-0.08712670604440154,mixed
0.6,0.8444373612711205,0.9,0.7501990029529048,0.003066405697762613,0.004594045559318888,0.24443736127112048,-0.14980099704709526,mixed
0.6,0.8531952315377261,0.9,0.7725320574543374,0.003066547612386858,0.004459171175346194,0.25319523153772616,-0.12746794254566263,mixed
0.6,0.8964830227958389,0.9,0.9412718645012179,0.0030673762800139713,0.006980948656644281,0.29648302279583894,0.04127186450121789,improvement_only
0.6,0.8540915561146075,0.9,0.8231813229766819,0.003067484932374362,0.0077081873394992395,0.25409155611460754,-0.07681867702331813,mixed
0.6,0.8580687613639962,0.9,0.7867062769864022,0.0030685937605383637,0.0044240417527951215,0.25806876136399626,-0.11329372301359786,mixed
0.6,0.8650744365927835,0.9,0.8089261051829759,0.0030693997429244503,0.00427381540856131,0.2650744365927835,-0.0910738948170241,mixed
0.6,0.6518377064230889,0.9,0.36554652561154644,0.0030699746688561936,0.008144126992306405,0.051837706423088936,-0.5344534743884536,mixed
0.6,0.5836675791828619,0.9,0.2921283116533146,0.003072972557921369,0.003895192433980399,-0.016332420817138038,-0.6078716883466855,disengagement_only
0.6,0.8389449117351714,0.9,0.7526306549454305,0.003073606148652721,0.007776804143590749,0.2389449117351714,-0.14736934505456956,mixed
0.6,0.8478046685049129,0.9,0.758041175533844,0.0030745030769410908,0.004425493190135493,0.2478046685049129,-0.14195882446615604,mixed
0.6,0.5690879558940145,0.9,0.2759047169161693,0.0030745794334415496,0.0041000925246909015,-0.03091204410598547,-0.6240952830838307,disengagement_only
0.6,0.8433467266634556,0.9,0.7752483744769778,0.003077022480882645,0.008164120602227404,0.24334672666345558,-0.12475162552302221,mixed
0.6,0.8392321036898273,0.9,0.7545353541456923,0.003077523310123133,0.007858896645814795,0.23923210368982728,-0.14546464585430774,mixed
0.6,0.5527454000000249,0.9,0.25630299991143535,0.0030803826662290927,0.004454985498383274,-0.047254599999975055,-0.6436970000885647,disengagement_only
0.6,0.663233585266297,0.9,0.3770540017049825,0.0030807583206005364,0.008055927037677546,0.06323358526629708,-0.5229459982950175,mixed
0.6,0.8557446144471033,0.9,0.8306521854684987,0.00308302529591611,0.007584757747265192,0.2557446144471033,-0.0693478145315013,mixed
0.6,0.635211598447312,0.9,0.3479811535393931,0.00308550616483518,0.007737453674460909,0.03521159844731203,-0.552018846460607,disengagement_only
0.6,0.5987718358276328,0.9,0.27224150352586896,0.0030875970706185922,0.005415913894894722,-0.0012281641723671521,-0.6277584964741311,disengagement_only
0.6,0.6728193857152018,0.9,0.38399453003130524,0.0030909714226644634,0.00718484165266442,0.07281938571520186,-0.5160054699686948,mixed
0.6,0.5626078612305219,0.9,0.2685294883617033,0.003090979472176099,0.004281951628178321,-0.03739213876947811,-0.6314705116382967,disengagement_only
0.6,0.5923872561220088,0.9,0.3017492188210644,0.0030924298598830452,0.004515271120896752,-0.007612743877991157,-0.5982507811789356,disengagement_only
0.6,0.8549690138239943,0.9,0.827399514806632,0.0030927111234868966,0.007672992463834433,0.2549690138239943,-0.07260048519336804,mixed
0.6,0.6694403417082806,0.9,0.38251489680821754,0.003093913638768197,0.007735944474373868,0.06944034170828062,-0.5174851031917824,mixed
0.6,0.8495724448308741,0.9,0.8037242631320148,0.003094383994323347,0.008068835784459466,0.24957244483087415,-0.09627573686798518,mixed
0.6,0.6443673821444407,0.9,0.35788997840665304,0.0030957182605806147,0.008073044731585849,0.04436738214444069,-0.542110021593347,disengagement_only
0.6,0.8413779264240084,0.9,0.7431011771872764,0.0030972484733008915,0.005341586493417011,0.24137792642400846,-0.1568988228127236,mixed
0.6,0.5640406265647604,0.9,0.24286077328141767,0.003098927811471542,0.00805719088095061,-0.03595937343523958,-0.6571392267185824,disengagement_only
0.6,0.6706843250730995,0.9,0.37196032535692314,0.0030989871263058916,0.004864259167230461,0.07068432507309952,-0.5280396746430769,mixed
0.6,0.5609358239077342,0.9,0.2666309457356869,0.003101735347023444,0.00432896441715791,-0.03906417609226576,-0.6333690542643131,disengagement_only
0.6,0.8595831732662874,0.9,0.7908872535983958,0.003101976190916478,0.00444675905318298,0.25958317326628744,-0.10911274640160418,mixed
0.6,0.8794441416723823,0.9,0.8611233711487329,0.0031022686337134433,0.00391973588146774,0.2794441416723823,-0.03887662885126708,improvement_only
0.6,0.8418868329073216,0.9,0.7690417019927054,0.0031040898451792287,0.008207350409814324,0.2418868329073216,-0.13095829800729464,mixed
0.6,0.8919623241784674,0.9,0.916930441220845,0.003105196162799659,0.0060865719561328385,0.29196232417846746,0.01693044122084497,improvement_only
0.6,0.5572858196483679,0.9,0.2386923900157942,0.003105689956049791,0.008242322038431962,-0.0427141803516321,-0.6613076099842058,disengagement_only
0.6,0.8796856505895314,0.9,0.9353301921925822,0.0031070527547234212,0.0039405057189342285,0.27968565058953143,0.035330192192582155,improvement_only
0.6,0.6190352748980573,0.9,0.3306588151308589,0.0031075229428829893,0.0068851293775117894,0.01903527489805734,-0.5693411848691412,disengagement_only
0.6,0.8376876325529171,0.9,0.7380657298608372,0.003111958404878663,0.006638694460298494,0.23768763255291714,-0.16193427013916284,mixed
0.6,0.6538759671554993,0.9,0.3680993502438722,0.0031132461648623916,0.008266615618133272,0.05387596715549936,-0.5319006497561278,mixed
0.6,0.8678959179764667,0.9,0.8179407945365207,0.003113665649284005,0.004248472106801959,0.2678959179764667,-0.08205920546347933,mixed
0.6,0.859033103860926,0.9,0.7890098826753722,0.00311543456000941,0.004473150523357533,0.25903310386092604,-0.11099011732462782,mixed
0.6,0.6217530705436206,0.9,0.29742932866714744,0.003115787747269517,0.003956054790070163,0.021753070543620634,-0.6025706713328526,disengagement_only
0.6,0.8927649442555612,0.9,0.9208101679202061,0.0031166369355076,0.006271707539919388,0.2927649442555612,0.02081016792020607,improvement_only
0.6,0.8922039136870324,0.9,0.9179800281480277,0.0031168737515149332,0.0061519416750421135,0.29220391368703247,0.017980028148027682,improvement_only
0.6,0.873374972124155,0.9,0.8374990091232757,0.003117141518422938,0.004064661951975024,0.27337497212415507,-0.06250099087672434,mixed
0.6,0.6197283764983328,0.9,0.33147057991263784,0.003117235627864136,0.0069489046956189016,0.01972837649833281,-0.5685294200873622,disengagement_only
0.6,0.8380358476887564,0.9,0.7377248911405543,0.0031174115876308095,0.006416739554144568,0.2380358476887564,-0.16227510885944574,mixed
0.6,0.8532703857257582,0.9,0.8203377816959236,0.003117425786516379,0.007860870214940252,0.2532703857257582,-0.07966221830407638,mixed
0.6,0.6683081843142512,0.9,0.3666003114889553,0.0031190980969366816,0.004448252616830406,0.06830818431425123,-0.5333996885110448,mixed
0.6,0.6091573181625496,0.9,0.28293617011733463,0.0031194874209412283,0.004362166236593357,0.00915731816254961,-0.6170638298826654,disengagement_only
0.6,0.5631694062028737,0.9,0.2421396657556277,0.003120463698612226,0.008136793560735753,-0.036830593797126276,-0.6578603342443723,disengagement_only
0.6,0.8773028534320952,0.9,0.9251960398656668,0.00312096523224722,0.004145666511390811,0.27730285343209526,0.025196039865666764,improvement_only
0.6,0.6469674582135512,0.9,0.360886328974406,0.0031215463813000456,0.008192095899414609,0.046967458213551194,-0.539113671025594,disengagement_only
0.6,0.8374334518105885,0.9,0.7374394036100576,0.003122005249526975,0.00669247887672228,0.2374334518105885,-0.16256059638994247,mixed
0.6,0.6441319056595681,0.9,0.32687209714061205,0.0031222640864300632,0.004372480884586083,0.04413190565956815,-0.573127902859388,disengagement_only
0.6,0.6719286738168023,0.9,0.3741091905008168,0.003124272947957946,0.005055240690456014,0.07192867381680235,-0.5258908094991832,mixed
0.6,0.6072044159137617,0.9,0.31797543492168645,0.0031244477082274665,0.006009297028814475,0.0072044159137617525,-0.5820245650783136,disengagement_only
0.6,0.8727613899379935,0.9,0.8351439579043385,0.0031247466189275297,0.004097120815325733,0.2727613899379935,-0.06485604209566154,mixed
0.6,0.6662012928278985,0.9,0.3804712413446186,0.003127519188746618,0.00810527834734498,0.06620129282789855,-0.5195287586553814,mixed
0.6,0.6749424450879798,0.9,0.3847158488098955,0.003127615686476779,0.006785513693131878,0.07494244508797987,-0.5152841511901045,mixed
0.6,0.6742494148426015,0.9,0.37996748366142397,0.003128530669703979,0.005841915937059405,0.0742494148426015,-0.5200325163385761,mixed
0.6,0.8395476184554163,0.9,0.7389251945611093,0.003129399311394454,0.005782867021048493,0.23954761845541628,-0.16107480543889074,mixed
0.6,0.6741745712684637,0.9,0.3856641919407262,0.003129910439643185,0.007218082399249259,0.07417457126846372,-0.5143358080592738,mixed
0.6,0.8385307251529202,0.9,0.7530047119314818,0.0031307755186453794,0.00804103447372223,0.23853072515292018,-0.14699528806851825,mixed
0.6,0.852980202777602,0.9,0.8192787483235313,0.00313123518343643,0.00790792429623724,0.252980202777602,-0.08072125167646871,mixed
0.6,0.8660492271685314,0.9,0.8763051592383923,0.0031331483649880924,0.00633027891371396,0.2660492271685314,-0.02369484076160777,improvement_only
0.6,0.6681504823422246,0.9,0.36601076991631976,0.003134757034237867,0.004485203943793786,0.06815048234222465,-0.5339892300836803,mixed
0.6,0.6569699460507548,0.9,0.3463514910421991,0.0031354223711151786,0.004543304219643052,0.05696994605075478,-0.5536485089578009,mixed
0.6,0.8534854136633643,0.9,0.772289909383207,0.0031364433287547604,0.004556170743918203,0.2534854136633643,-0.12771009061679306,mixed
0.6,0.8502143833494293,0.9,0.7632303743013482,0.0031368261606871312,0.00455780198974276,0.25021438334942936,-0.1367696256986518,mixed
0.6,0.8533657495150458,0.9,0.8210560152512162,0.003137437103932864,0.007887013534279785,0.25336574951504587,-0.07894398474878384,mixed
0.6,0.8746581694744143,0.9,0.9139296097424694,0.003139544208865778,0.004726823277083347,0.27465816947441435,0.013929609742469373,improvement_only
0.6,0.8795118391485588,0.9,0.9349656755283705,0.0031396741592501546,0.003986223211841888,0.2795118391485588,0.03496567552837049,improvement_only
0.6,0.8693529951990847,0.9,0.8908070753923196,0.003139844023115643,0.00577496413275197,0.26935299519908473,-0.009192924607680397,improvement_only
0.6,0.8532833777173102,0.9,0.820737408735925,0.003140161054421567,0.007898448360906835,0.25328337771731024,-0.07926259126407498,mixed
0.6,0.6277113775198456,0.9,0.34026470718594326,0.0031403317246594398,0.007476322453666973,0.027711377519845648,-0.5597352928140568,disengagement_only
0.6,0.8404146755641257,0.9,0.7630535094212121,0.003142866651120617,0.00827103439825369,0.24041467556412577,-0.13694649057878794,mixed
0.6,0.5937283304148937,0.9,0.30350065122174746,0.003142878602719281,0.004747607916635893,-0.0062716695851062765,-0.5964993487782526,disengagement_only
0.6,0.8832399740033996,0.9,0.8763598527039382,0.0031437389293551546,0.0042216357821921735,0.2832399740033996,-0.023640147296061786,improvement_only
0.6,0.6701523631047112,0.9,0.38410687587527526,0.0031449198865341295,0.007928790484636822,0.07015236310471118,-0.5158931241247248,mixed
0.6,0.6696070248673496,0.9,0.3686997319384332,0.00314496425739218,0.004466974697572901,0.0696070248673496,-0.5313002680615668,mixed
0.6,0.6653444574182906,0.9,0.37995121715873215,0.003145094866367442,0.00820645868457276,0.06534445741829065,-0.5200487828412679,mixed
0.6,0.6725487646173135,0.9,0.37496453727846835,0.003145220581535141,0.005097466042356974,0.07254876461731352,-0.5250354627215317,mixed
0.6,0.8521497814096056,0.9,0.8158979446760497,0.0031473262480666312,0.008000462074225695,0.25214978140960564,-0.08410205532395032,mixed
0.6,0.8427713477516269,0.9,0.7446468309862034,0.003147633133675067,0.004802340655750026,0.2427713477516269,-0.1553531690137966,mixed
0.6,0.6334139202611109,0.9,0.3119135901147442,0.0031480152311736628,0.0041945662288114804,0.033413920261110897,-0.5880864098852558,disengagement_only
0.6,0.5833184753424462,0.9,0.25741721774755455,0.0031482462540180878,0.006943128687614902,-0.016681524657553792,-0.6425827822524455,disengagement_only
0.6,0.6737601364379119,0.9,0.3777492395047304,0.0031494010356219173,0.005443294644741331,0.0737601364379119,-0.5222507604952696,mixed
0.6,0.6717077080196242,0.9,0.37296928296220394,0.0031499724698839564,0.0048397513489794874,0.07170770801962423,-0.5270307170377961,mixed
0.6,0.8710376693324867,0.9,0.828566281878882,0.0031508444912268893,0.004187807452339681,0.27103766933248674,-0.07143371812111798,mixed
0.6,0.8367051643420865,0.9,0.7428347984924701,0.0031516070660124375,0.00773910842348971,0.23670516434208655,-0.15716520150752988,mixed
0.6,0.6599690987185274,0.9,0.37478859617853555,0.003152391929174727,0.008355678865809069,0.0599690987185274,-0.5252114038214645,mixed
0.6,0.6684336649590051,0.9,0.38289675877741014,0.0031553843625749746,0.00809794009260531,0.06843366495900516,-0.5171032412225899,mixed
0.6,0.8367666937364743,0.9,0.7351851801892914,0.0031560244656668427,0.0067565471766636576,0.2367666937364743,-0.16481481981070867,mixed
0.6,0.8724798873701142,0.9,0.9046756927942143,0.0031592119689262178,0.005201799294988874,0.2724798873701142,0.0046756927942143145,improvement_only
0.6,0.6722607854250218,0.9,0.3859164583677445,0.0031592177594654785,0.007795134453578739,0.07226078542502179,-0.5140835416322556,mixed
0.6,0.8369659163048955,0.9,0.7453901157860297,0.0031612910301570605,0.007920697323654524,0.2369659163048955,-0.15460988421397037,mixed
0.6,0.8737651741522796,0.9,0.8384207037048954,0.0031620244350982025,0.004106850123100275,0.27376517415227963,-0.06157929629510461,mixed
0.6,0.602353009077601,0.9,0.3129602555329972,0.0031631051238118313,0.005642995279030949,0.0023530090776010537,-0.5870397444670028,disengagement_only
0.6,0.5873139613494608,0.9,0.2608647848598461,0.0031639505837891186,0.00663267387033703,-0.012686038650539189,-0.6391352151401539,disengagement_only
0.6,0.5588589303688599,0.9,0.23913850643706472,0.003164905746501102,0.00836294337188137,-0.04114106963114006,-0.6608614935629353,disengagement_only
0.6,0.6276453266099593,0.9,0.30436121334638233,0.0031653563884467243,0.004099923218607443,0.02764532660995933,-0.5956387866536177,disengagement_only
0.6,0.6397274688247988,0.9,0.32030489360688713,0.003165933641056966,0.0043455629732229994,0.03972746882479883,-0.5796951063931128,disengagement_only
0.6,0.8483119265532191,0.9,0.7994104030538747,0.003166490218682836,0.008276820783328559,0.2483119265532191,-0.10058959694612535,mixed
0.6,0.8375306615963065,0.9,0.7490567485851892,0.003166627858778202,0.008079695544472076,0.23753066159630654,-0.1509432514148108,mixed
0.6,0.8573099311218525,0.9,0.7830489238669786,0.003167972331129718,0.004565748478487647,0.2573099311218525,-0.11695107613302147,mixed
0.6,0.5743372503878358,0.9,0.2824045073066485,0.003168287166926922,0.004085384207390241,-0.025662749612164193,-0.6175954926933516,disengagement_only
0.6,0.6343390375097987,0.9,0.31296610806232056,0.003171496628243289,0.004237884138910297,0.03433903750979872,-0.5870338919376794,disengagement_only
0.6,0.8408113866376405,0.9,0.7657797160516818,0.003172504196189582,0.008390184958018798,0.24081138663764057,-0.1342202839483182,mixed
0.6,0.5504867307525287,0.9,0.2541905174334729,0.0031728921733576486,0.004598583197106237,-0.04951326924747124,-0.6458094825665271,disengagement_only
0.6,0.608994046337474,0.9,0.282432269204002,0.0031731559691700016,0.0044727881723325424,0.008994046337474026,-0.617567730795998,disengagement_only
0.6,0.8768397465944653,0.9,0.8499833311523005,0.003173532102738092,0.004038651865132636,0.2768397465944653,-0.05001666884769951,mixed
0.6,0.6286189020183478,0.9,0.34147920585050145,0.003173965645553511,0.007588037743168324,0.028618902018347825,-0.5585207941494985,disengagement_only
0.6,0.5592053568749845,0.9,0.2392621153611146,0.0031759817279478227,0.008381557718631694,-0.04079464312501546,-0.6607378846388854,disengagement_only
0.6,0.6515172192759161,0.9,0.36624554119514996,0.003178091565361558,0.008403640648389527,0.051517219275916126,-0.5337544588048501,mixed
0.6,0.847216564617488,0.9,0.7546580742375562,0.003178202901725133,0.004591344897348415,0.24721656461748798,-0.14534192576244387,mixed
0.6,0.6750259325934094,0.9,0.37996548391928187,0.0031792081612198966,0.005634904987546568,0.0750259325934094,-0.5200345160807182,mixed
0.6,0.8413743154428973,0.9,0.7408767517665793,0.0031798021136597407,0.005074224862657156,0.24137431544289734,-0.15912324823342072,mixed
0.6,0.6738207900664334,0.9,0.37694969447879323,0.003179915060806836,0.00523670441564239,0.07382079006643338,-0.5230503055212068,mixed
0.6,0.6696800754161224,0.9,0.3681826463377633,0.003180518852527472,0.004542278422140278,0.06968007541612242,-0.5318173536622367,mixed
0.6,0.84773791111055,0.9,0.7971507729385919,0.003181516776559736,0.008334597022614687,0.24773791111055,-0.10284922706140809,mixed
0.6,0.8768042958888713,0.9,0.8497381129268257,0.003182695510585789,0.004050783132243552,0.27680429588887134,-0.05026188707317436,mixed
0.6,0.8748078272020482,0.9,0.9150974129924869,0.0031835281576804214,0.004745097547944721,0.2748078272020482,0.015097412992486903,improvement_only
0.6,0.8598887110268572,0.9,0.7907448623049644,0.003184536788341947,0.004547304951030284,0.2598887110268572,-0.10925513769503559,mixed
0.6,0.6769408793122886,0.9,0.3860964975345397,0.003191135986012026,0.006573361471224837,0.07694087931228866,-0.5139035024654603,mixed
0.6,0.6298297311507426,0.9,0.3429145530708201,0.00319140866867652,0.007684886142492076,0.02982973115074261,-0.5570854469291799,disengagement_only
0.6,0.8362603844476709,0.9,0.7429222375670502,0.0031936140389443664,0.007981283470823913,0.23626038444767095,-0.1570777624329498,mixed
0.6,0.6220525728386456,0.9,0.29727908534974695,0.003194249069308092,0.004052808289120358,0.02205257283864559,-0.602720914650253,disengagement_only
0.6,0.8362713188049166,0.9,0.7325773095790725,0.003194280696799855,0.006686514835367446,0.23627131880491659,-0.1674226904209275,mixed
0.6,0.5973459827867639,0.9,0.3077267713944294,0.003194759988460432,0.0052124622081625716,-0.002654017213236104,-0.5922732286055706,disengagement_only
0.6,0.8577784302676948,0.9,0.841086904737044,0.0031957312027991844,0.007545358958462173,0.25777843026769487,-0.05891309526295607,mixed
0.6,0.5822349642339951,0.9,0.2912931781548659,0.003196367571005094,0.004044581346959786,-0.017765035766004855,-0.6087068218451341,disengagement_only
0.6,0.6565761688664374,0.9,0.34505732530978844,0.003197446541778398,0.004622558537722199,0.05657616886643746,-0.5549426746902115,mixed
0.6,0.5846456334666515,0.9,0.2582829795415283,0.003197922207297794,0.006921895856912608,-0.01535436653334843,-0.6417170204584717,disengagement_only
0.6,0.870465708865606,0.9,0.8963599457003475,0.0031984017088306587,0.00564014457429432,0.27046570886560606,-0.0036400542996525287,improvement_only
0.6,0.8402371461799465,0.9,0.738057805343223,0.0031989571447055653,0.00532053293949139,0.24023714617994651,-0.16194219465677706,mixed
0.6,0.6083454152604297,0.9,0.2815611166544727,0.003200578032522569,0.004592097277973245,0.008345415260429756,-0.6184388833455273,disengagement_only
0.6,0.8708936014757387,0.9,0.827447001103557,0.003201475113773589,0.00425446712176164,0.2708936014757387,-0.07255299889644307,mixed
0.6,0.8734536767671395,0.9,0.909417168227185,0.0032015897946530785,0.00505255092906487,0.2734536767671395,0.009417168227184969,improvement_only
0.6,0.6752055232586773,0.9,0.3887102701619126,0.0032031913568254843,0.007662766862470721,0.07520552325867735,-0.5112897298380874,mixed
0.6,0.6705935047132362,0.9,0.3855938386877912,0.0032036063395225233,0.008167918891298448,0.07059350471323622,-0.5144061613122088,mixed
0.6,0.8678497396142705,0.9,0.8850252487614261,0.0032042925758974158,0.006119674437851497,0.2678497396142705,-0.014974751238573947,improvement_only
0.6,0.8807674464760974,0.9,0.9411425354542767,0.0032049056795915975,0.004050624855519658,0.2807674464760974,0.04114253545427671,improvement_only
0.6,0.6603480174072708,0.9,0.3758151287528857,0.00320752764918203,0.008510598786010432,0.060348017407270804,-0.5241848712471143,mixed
0.6,0.6115245942207617,0.9,0.3231564976519862,0.0032078268434505334,0.006508411065406811,0.011524594220761686,-0.5768435023480138,disengagement_only
0.6,0.6731621845023896,0.9,0.38768146712286605,0.0032080657246457574,0.00797308934757096,0.07316218450238965,-0.512318532877134,mixed
0.6,0.8492018147833008,0.9,0.759338660662243,0.003208335483783914,0.0046611342601727,0.24920181478330083,-0.14066133933775704,mixed
0.6,0.86994068328495,0.9,0.8942001376029272,0.0032092371694840203,0.0057513426082275165,0.26994068328495,-0.0057998623970728636,improvement_only
0.6,0.6586410471086751,0.9,0.34826329298962166,0.0032099668876493766,0.004652394721592734,0.058641047108675126,-0.5517367070103784,mixed
0.6,0.8473555478985664,0.9,0.7959740790168546,0.003210063907798298,0.00841045981509822,0.2473555478985664,-0.10402592098314545,mixed
0.6,0.8670856999577784,0.9,0.8817681127491058,0.0032103347109969558,0.006257395181409747,0.2670856999577784,-0.018231887250894196,improvement_only
0.6,0.5966680520652274,0.9,0.2694242662713754,0.0032109403371602912,0.005838567441994777,-0.003331947934772539,-0.6305757337286246,disengagement_only
0.6,0.6734659152874019,0.9,0.37528914494790677,0.0032133543557428964,0.004934179663175886,0.07346591528740187,-0.5247108550520933,mixed
0.6,0.572600833867193,0.9,0.28074893248339766,0.003213419682989048,0.0041691169192877575,-0.027399166132807018,-0.6192510675166023,disengagement_only
0.6,0.6218677190973823,0.9,0.33441615470270175,0.003214203926243452,0.007261641890917686,0.021867719097382277,-0.5655838452972983,disengagement_only
0.6,0.6045846867357028,0.9,0.2774573212711242,0.0032153382462864516,0.0050278152617627275,0.004584686735702781,-0.6225426787288758,disengagement_only
0.6,0.6769600571967017,0.9,0.3838066115284581,0.0032179255891021164,0.006027472200261147,0.07696005719670174,-0.516193388471542,mixed
0.6,0.6622566172597274,0.9,0.37789688633556745,0.0032185562898716614,0.00852148976594927,0.06225661725972742,-0.5221031136644325,mixed
0.6,0.5957245032115384,0.9,0.3061181650995428,0.0032200282524409763,0.005090432941108419,-0.004275496788461619,-0.5938818349004572,disengagement_only
0.6,0.5620123902665093,0.9,0.26874435036799255,0.003220283265731494,0.0044400947888035835,-0.03798760973349069,-0.6312556496320074,disengagement_only
0.6,0.8652544863209292,0.9,0.8739176540679857,0.003220732099544807,0.006568714788099339,0.2652544863209292,-0.026082345932014306,improvement_only
0.6,0.6507343900117918,0.9,0.3658056372240309,0.0032210926339039016,0.008492386687763726,0.05073439001179181,-0.5341943627759691,mixed
0.6,0.8699207674602056,0.9,0.823737410746088,0.003221255665541155,0.004307968889507213,0.26992076746020566,-0.07626258925391205,mixed
0.6,0.8356961436787943,0.9,0.7411010656725392,0.0032214089910068376,0.008047044766352679,0.23569614367879432,-0.15889893432746083,mixed
0.6,0.6167816251797242,0.9,0.29087010307770517,0.0032232827000938853,0.00408829448627801,0.016781625179724258,-0.6091298969222949,disengagement_only
0.6,0.6024948803095052,0.9,0.27522879826049906,0.003223695557984559,0.005264312541027508,0.0024948803095051764,-0.624771201739501,disengagement_only
0.6,0.8348100492658553,0.9,0.7322973687351322,0.0032255218368855594,0.007400690072221494,0.23481004926585536,-0.16770263126486784,mixed
0.6,0.5553649787873172,0.9,0.2608568097093198,0.003225997878285036,0.0045998188518168726,-0.04463502121268281,-0.6391431902906802,disengagement_only
0.6,0.896657788096193,0.9,0.9397777945309684,0.0032284119584528076,0.007219120865252129,0.29665778809619303,0.03977779453096841,improvement_only
0.6,0.8404995607657498,0.9,0.7658031336832734,0.003229606830776111,0.00856018666944583,0.24049956076574985,-0.13419686631672667,mixed
0.6,0.8366653973609304,0.9,0.747188329762512,0.0032310158388154397,0.00830107955444212,0.2366653973609304,-0.15281167023748798,mixed
0.6,0.5712015774447994,0.9,0.24706705099256354,0.003231751637327179,0.007969956278390783,-0.028798422555200598,-0.6529329490074365,disengagement_only
0.6,0.8796707036309798,0.9,0.8604723662200551,0.003235001725296011,0.0040917820995394205,0.2796707036309798,-0.03952763377994495,improvement_only
0.6,0.6653514515954665,0.9,0.35932836294650583,0.003235681810334586,0.004701070293752607,0.06535145159546651,-0.5406716370534942,mixed
0.6,0.6624722883392696,0.9,0.3543427735607117,0.0032360871183136257,0.004705821725792425,0.062472288339269655,-0.5456572264392883,mixed
0.6,0.5533534488193319,0.9,0.2355495384862602,0.0032371073878880497,0.008599332317177119,-0.04664655118066807,-0.6644504615137399,disengagement_only
0.6,0.8419405603253345,0.9,0.7726261676773003,0.0032412033575622626,0.008610863075513758,0.2419405603253345,-0.12737383232269972,mixed
0.6,0.8518285253493841,0.9,0.7660108970205561,0.0032425429490998466,0.00471279209209946,0.25182852534938416,-0.13398910297944389,mixed
0.6,0.6483794121710603,0.9,0.3320402356257273,0.003242784408947322,0.004585733696184036,0.04837941217106034,-0.5679597643742726,disengagement_only
0.6,0.667574654032014,0.9,0.38349711789343577,0.003243260926043652,0.008473884644349977,0.06757465403201401,-0.5165028821065643,mixed
0.6,0.6484907823427785,0.9,0.3635897068164149,0.0032438960140438477,0.008499490442043706,0.04849078234277848,-0.5364102931835851,disengagement_only
0.6,0.6533537752605268,0.9,0.3688290778187773,0.003244032660332569,0.008585535958202106,0.05335377526052687,-0.5311709221812227,mixed
0.6,0.5906021194572971,0.9,0.2634133180119303,0.0032442105694551015,0.006477268949317022,-0.009397880542702852,-0.6365866819880697,disengagement_only
0.6,0.8574318068103765,0.9,0.8402424280129509,0.0032444535863050783,0.007656715642277628,0.2574318068103765,-0.05975757198704912,mixed
0.6,0.8417935067575595,0.9,0.7720756367451498,0.003246169564384167,0.00862392167261361,0.2417935067575595,-0.12792436325485024,mixed
0.6,0.6650675476159115,0.9,0.38109250438871844,0.0032472957387606268,0.008559097999962406,0.06506754761591149,-0.5189074956112816,mixed
0.6,0.8575226444499149,0.9,0.7825763158237575,0.0032501254129268828,0.0046719184919166434,0.2575226444499149,-0.1174236841762425,mixed
0.6,0.6046054961089482,0.9,0.31591808628969054,0.00325032018965845,0.005997773362002773,0.004605496108948226,-0.5840819137103095,disengagement_only
0.6,0.6004711881603645,0.9,0.31144612153230256,0.0032513952299188893,0.005616650436827492,0.0004711881603645107,-0.5885538784676975,disengagement_only
0.6,0.6786748744704584,0.9,0.39048308793378184,0.0032516438851766982,0.007135249952577638,0.0786748744704584,-0.5095169120662182,mixed
0.6,0.8502853302933121,0.9,0.809413408207774,0.003251778384930086,0.008320876828271706,0.2502853302933121,-0.09058659179222606,mixed
0.6,0.8772544000654807,0.9,0.92653424779956,0.003252828180929693,0.004312071824943781,0.27725440006548074,0.02653424779955993,improvement_only
0.6,0.5591718920617599,0.9,0.2656660854119953,0.003256203114066216,0.004542383002801187,-0.0408281079382401,-0.6343339145880047,disengagement_only
0.6,0.8348783372924015,0.9,0.7381658986217368,0.0032566753942027222,0.008102685360346196,0.23487833729240148,-0.16183410137826326,mixed
0.6,0.8709798271302057,0.9,0.899303699358166,0.0032576162883991493,0.005612860121126884,0.27097982713020574,-0.0006963006418340134,improvement_only
0.6,0.8358582260233218,0.9,0.7288212479782705,0.0032597189308311227,0.006429221268317548,0.23585822602332185,-0.1711787520217295,mixed
0.6,0.5526496823735171,0.9,0.23500409822337565,0.0032604132548463382,0.008659548429139657,-0.047350317626482896,-0.6649959017766244,disengagement_only
0.6,0.5731433220985419,0.9,0.281655812894932,0.003261894906618574,0.0042146129904285234,-0.02685667790145807,-0.618344187105068,disengagement_only
0.6,0.8396566060465824,0.9,0.7352276464618794,0.0032619156469730704,0.00527450377807559,0.23965660604658245,-0.1647723535381206,mixed
0.6,0.8419244393100612,0.9,0.7730303660373441,0.0032628859727910765,0.00866834963956467,0.24192443931006125,-0.12696963396265593,mixed
0.6,0.5638205612368068,0.9,0.2415890376829444,0.003263056156798438,0.008420790015649951,-0.036179438763193184,-0.6584109623170556,disengagement_only
0.6,0.6745160089884396,0.9,0.37639551054201104,0.003263313633695972,0.004921454184453444,0.07451600898843957,-0.523604489457989,mixed
0.6,0.5711319262047375,0.9,0.24681406327534602,0.0032635489161288215,0.008036389035510752,-0.02886807379526246,-0.653185936724654,disengagement_only
0.6,0.8734479515205397,0.9,0.8360340739836543,0.0032645267764937727,0.004242299054451504,0.2734479515205397,-0.06396592601634576,mixed
0.6,0.6671432064796031,0.9,0.3620964815396678,0.0032664262327603438,0.00473923555722594,0.06714320647960315,-0.5379035184603322,mixed
0.6,0.6481990648809128,0.9,0.3634758193682431,0.0032672644543160533,0.00854455139652946,0.048199064880912856,-0.5365241806317569,disengagement_only
0.6,0.8566142149149942,0.9,0.7795704687387903,0.0032689811513692143,0.0047086797454840845,0.25661421491499425,-0.1204295312612097,mixed
0.6,0.6500366038240714,0.9,0.3342621327888934,0.0032699497001531888,0.004643984406831114,0.05003660382407138,-0.5657378672111066,mixed
0.6,0.6783621637473246,0.9,0.38543602929139875,0.003270847796119415,0.006033927625489793,0.07836216374732463,-0.5145639707086013,mixed
0.6,0.8602652884548936,0.9,0.7907841594999883,0.003272285046382094,0.004650369059161802,0.2602652884548936,-0.10921584050001176,mixed
0.6,0.652758722332205,0.9,0.33834970593752856,0.003272653550268797,0.00468519565392575,0.05275872233220502,-0.5616502940624715,mixed
0.6,0.8737943970638533,0.9,0.8372195208922578,0.003273397411744237,0.0042443279576324655,0.27379439706385333,-0.0627804791077422,mixed
0.6,0.6380359561012919,0.9,0.31713506544611053,0.003277991010979042,0.0044330492290502455,0.03803595610129196,-0.5828649345538894,disengagement_only
0.6,0.5643662927514422,0.9,0.24184953312182703,0.003279201671442439,0.008431038571645677,-0.035633707248557744,-0.658150466878173,disengagement_only
0.6,0.6064631110181579,0.9,0.3181061412404297,0.003279545711910144,0.006211612245248327,0.0064631110181578855,-0.5818938587595703,disengagement_only
0.6,0.6142575453093251,0.9,0.28762039349627766,0.003281052088725392,0.004232478362581865,0.014257545309325104,-0.6123796065037224,disengagement_only
0.6,0.8430953095663889,0.9,0.7786069520233649,0.003281326818097889,0.008703027463912133,0.24309530956638892,-0.12139304797663508,mixed
0.6,0.6775379402061341,0.9,0.3827642070824985,0.003282810727648277,0.00562649631265677,0.07753794020613414,-0.5172357929175015,mixed
0.6,0.6517395198178777,0.9,0.367451870680379,0.0032828692125267175,0.008652794155681293,0.05173951981787772,-0.532548129319621,mixed
0.6,0.6371431048916589,0.9,0.315883282742432,0.0032842030429787753,0.004419277034502789,0.03714310489165895,-0.5841167172575681,disengagement_only
0.6,0.6041344914666246,0.9,0.3156128232454078,0.00328467634971236,0.0060142897740424195,0.00413449146662459,-0.5843871767545923,disengagement_only
0.6,0.5879712373109746,0.9,0.2980838508727556,0.0032856953107404333,0.00437798595223704,-0.012028762689025418,-0.6019161491272444,disengagement_only
0.6,0.8339019431900221,0.9,0.726580596019806,0.0032861182515472884,0.0071443435405057765,0.2339019431900221,-0.17341940398019406,mixed
0.6,0.8702012071556136,0.9,0.8239447208353978,0.0032876610507022595,0.004381592906191056,0.2702012071556136,-0.0760552791646022,mixed
0.6,0.5758832653896269,0.9,0.2848612437676236,0.00328895528989544,0.004193961154308284,-0.024116734610373114,-0.6151387562323765,disengagement_only
0.6,0.8779607433140441,0.9,0.8529730951753778,0.0032925115266699816,0.004165393769002573,0.2779607433140441,-0.04702690482462224,improvement_only
0.6,0.5940658506957022,0.9,0.304752565936196,0.0032938073572901737,0.005044157180490089,-0.005934149304297809,-0.5952474340638041,disengagement_only
0.6,0.6496089729051358,0.9,0.3334008035786299,0.003295463198996113,0.004666494136969179,0.04960897290513577,-0.5665991964213701,disengagement_only
0.6,0.6596354795186905,0.9,0.34895089443782235,0.0032962511627667164,0.004770909050769878,0.059635479518690526,-0.5510491055621777,mixed
0.6,0.8798758990671777,0.9,0.9383878080188176,0.003296691225716166,0.004177482204705402,0.2798758990671777,0.03838780801881758,improvement_only
0.6,0.8450691364357086,0.9,0.7470490523227281,0.003297825106579185,0.004757083389617611,0.2450691364357086,-0.1529509476772719,mixed
0.6,0.8375653106799962,0.9,0.7300991949063373,0.0032987328148490914,0.005716397077240448,0.2375653106799962,-0.16990080509366268,mixed
0.6,0.601244116782995,0.9,0.31256572420944606,0.0032990592372756523,0.005771852236444774,0.001244116782995075,-0.587434275790554,disengagement_only
0.6,0.6637065542366373,0.9,0.35567097521883434,0.003300074432725249,0.004798511916836834,0.06370655423663729,-0.5443290247811656,mixed
0.6,0.8332791863400738,0.9,0.7300220912137978,0.003302492876532452,0.00789713483795762,0.23327918634007383,-0.16997790878620223,mixed
0.6,0.550956514514845,0.9,0.2559919342985266,0.003303134480075056,0.004764027735560478,-0.049043485485155025,-0.6440080657014734,disengagement_only
0.6,0.8457985236704216,0.9,0.7908257304424178,0.003303287359650106,0.008670803911970781,0.24579852367042165,-0.10917426955758225,mixed
0.6,0.8647118585791119,0.9,0.8725858418491881,0.0033042710189782757,0.006761220160262205,0.26471185857911195,-0.02741415815081194,improvement_only
0.6,0.8368591524254289,0.9,0.7508943049029133,0.0033068045145931368,0.008660016387574937,0.23685915242542888,-0.1491056950970867,mixed
0.6,0.6703771011704474,0.9,0.387153199423662,0.0033082368169119235,0.008601723913850945,0.07037710117044738,-0.512846800576338,mixed
0.6,0.6260667802723335,0.9,0.3396160736553506,0.003309288684140574,0.00769177306180302,0.026066780272333556,-0.5603839263446494,disengagement_only
0.6,0.6513918419679374,0.9,0.3359414513902626,0.003309355961745177,0.004710467188816458,0.051391841967937446,-0.5640585486097374,mixed
0.6,0.6666854743888376,0.9,0.3835671825973018,0.0033120238990952803,0.008729631281173822,0.06668547438883765,-0.5164328174026982,mixed
0.6,0.6759277349414183,0.9,0.3920821687897621,0.0033128682769637797,0.008264891258043139,0.07592773494141836,-0.5079178312102379,mixed
0.6,0.6635731527158957,0.9,0.3803872405213685,0.003313552937854284,0.008784608458206694,0.0635731527158957,-0.5196127594786315,mixed
0.6,0.6580896618119553,0.9,0.3462763290241728,0.003313781588454997,0.004786368346459652,0.058089661811955295,-0.5537236709758272,mixed
0.6,0.6720463433727899,0.9,0.38881478942380343,0.0033142255947386902,0.008547410253830517,0.07204634337278992,-0.5111852105761966,mixed
0.6,0.6561907421429363,0.9,0.3725565902093945,0.003314363257117048,0.008787449254849006,0.05619074214293629,-0.5274434097906056,mixed
0.6,0.8357684043183914,0.9,0.7264456791242073,0.003316092154531286,0.006178189932246947,0.2357684043183914,-0.1735543208757927,mixed
0.6,0.6569771065717475,0.9,0.3444724219587596,0.0033174310926616796,0.00478352558046477,0.05697710657174748,-0.5555275780412404,mixed
0.6,0.8756029112205942,0.9,0.8435283007265936,0.0033176433220767068,0.0042457189576459164,0.2756029112205942,-0.05647169927340645,mixed
0.6,0.8889731489471114,0.9,0.8997560283681805,0.0033183298061417545,0.005674484734417423,0.28897314894711146,-0.00024397163181955062,improvement_only
0.6,0.6794050475249901,0.9,0.38617351585121185,0.0033219966088824473,0.005925431131510811,0.07940504752499011,-0.5138264841487882,mixed
0.6,0.8595557399004478,0.9,0.7879011054267535,0.003322570367538714,0.004729038887665321,0.2595557399004478,-0.11209889457324651,mixed
0.6,0.5951217483772486,0.9,0.30608005985709485,0.003324827485265157,0.005208412242640292,-0.004878251622751351,-0.5939199401429052,disengagement_only
0.6,0.8777706594059358,0.9,0.8518442978359813,0.003324897607424022,0.004209211423761766,0.2777706594059358,-0.048155702164018765,improvement_only
0.6,0.833094981377587,0.9,0.7237349466627078,0.0033264030475041394,0.007193845791928277,0.233094981377587,-0.17626505333729225,mixed
0.6,0.8438037638061225,0.9,0.7433409796643426,0.003327416459127393,0.004784003622787497,0.24380376380612256,-0.15665902033565737,mixed
0.6,0.568693428034222,0.9,0.27709383474964866,0.0033278054958813487,0.004388753054572286,-0.03130657196577802,-0.6229061652503514,disengagement_only
0.6,0.832922092992037,0.9,0.7238309375799552,0.00332789440486243,0.007293620030728837,0.23292209299203703,-0.17616906242004482,mixed
0.6,0.680562349965346,0.9,0.38928646935483735,0.0033283216889594468,0.006339793166245972,0.08056234996534606,-0.5107135306451627,mixed
0.6,0.5987734963020482,0.9,0.3100674743736606,0.0033295059159279376,0.005585776801115272,-0.0012265036979517419,-0.5899325256263395,disengagement_only
0.6,0.6542065966696898,0.9,0.37055905627368546,0.003329750825830046,0.008801404605358776,0.054206596669689855,-0.5294409437263146,mixed
0.6,0.6781559561362418,0.9,0.3940170677638729,0.0033298272578814094,0.00810860318596443,0.07815595613624182,-0.5059829322361271,mixed
0.6,0.8595363938512385,0.9,0.7877283957016509,0.0033312099690482057,0.004740334162638721,0.2595363938512385,-0.11227160429834915,mixed
0.6,0.8654712482482613,0.9,0.8762171343669591,0.0033313956075665782,0.006675649488580349,0.2654712482482613,-0.023782865633040884,improvement_only
0.6,0.8628489172241881,0.9,0.8648546297326086,0.003332781917094287,0.007079570535376889,0.26284891722418813,-0.035145370267391396,improvement_only
0.6,0.6390175695379267,0.9,0.35397082974244176,0.00333330630314476,0.008383783600596745,0.03901756953792668,-0.5460291702575583,disengagement_only
0.6,0.6675801476040123,0.9,0.3847913281097124,0.003336089026346537,0.008786506826537782,0.06758014760401232,-0.5152086718902876,mixed
0.6,0.8355944031548223,0.9,0.7457304059314529,0.0033360893139968884,0.008678880790244536,0.23559440315482227,-0.15426959406854712,mixed
0.6,0.872516596228304,0.9,0.9069324249701926,0.003336970358315558,0.005402507017984781,0.27251659622830404,0.00693242497019253,improvement_only
0.6,0.8393613918853688,0.9,0.7327488000462935,0.0033373518859020576,0.005122911136434843,0.23936139188536887,-0.16725119995370652,mixed
0.6,0.836365824510338,0.9,0.749509754378672,0.0033378813897384867,0.008746885019235817,0.23636582451033805,-0.15049024562132807,mixed
0.6,0.8411773929551236,0.9,0.7713289771028252,0.003338133455629521,0.008866425093938146,0.24117739295512364,-0.1286710228971748,mixed
0.6,0.551909480346417,0.9,0.25750209703354543,0.0033391641068294983,0.0047962405894050875,-0.04809051965358302,-0.6424979029664546,disengagement_only
0.6,0.8323182130510483,0.9,0.7253905151248637,0.0033417282343144003,0.007798249619619058,0.23231821305104827,-0.17460948487513628,mixed
0.6,0.8712272418149377,0.9,0.8269740684907456,0.00334286446682257,0.0044166931590053915,0.27122724181493774,-0.0730259315092544,mixed
0.6,0.6758771050095543,0.9,0.3775273729522951,0.003343126135577671,0.00483095927112781,0.07587710500955436,-0.5224726270477049,mixed
0.6,0.6020510537136183,0.9,0.31371959714694786,0.003346125171278675,0.005928264151280699,0.002051053713618356,-0.5862804028530522,disengagement_only
0.6,0.6768247526851133,0.9,0.37944066899379314,0.003346694030172771,0.0050324891203145095,0.07682475268511335,-0.5205593310062069,mixed
0.6,0.8596087562869469,0.9,0.7877039409083206,0.0033506509535224205,0.0047632117430683185,0.2596087562869469,-0.11229605909167939,mixed
0.6,0.8553680144498137,0.9,0.8328013834815766,0.003352380037992831,0.008042816198133546,0.2553680144498137,-0.0671986165184234,mixed
0.6,0.8980160655782746,0.9,0.9454473340868682,0.0033533494873152626,0.007651219416034152,0.29801606557827465,0.045447334086868185,improvement_only
0.6,0.6752084170838413,0.9,0.3759290066578237,0.0033548399469944894,0.004767894899724456,0.0752084170838413,-0.5240709933421763,mixed
0.6,0.8409262654643613,0.9,0.7358411442402875,0.003356980943581789,0.00476200177822772,0.24092626546436136,-0.16415885575971256,mixed
0.6,0.8464565244338615,0.9,0.794593076772088,0.003357097343184778,0.00874913863558538,0.24645652443386157,-0.10540692322791201,mixed
0.6,0.8368672617996251,0.9,0.7524310907026527,0.0033572632989204913,0.008846611800419374,0.23686726179962514,-0.14756890929734734,mixed
0.6,0.5746435861019437,0.9,0.2839148304421646,0.0033584038661632586,0.004293516638560285,-0.025356413898056318,-0.6160851695578354,disengagement_only
0.6,0.6734896447545238,0.9,0.3724772527980057,0.0033585384261363184,0.004817948228501179,0.0734896447545238,-0.5275227472019943,mixed
0.6,0.6821969598656125,0.9,0.3950663931771574,0.0033588747530676377,0.007237974496411087,0.08219695986561248,-0.5049336068228426,mixed
0.6,0.6734344026567595,0.9,0.39087378322335875,0.0033603217588727315,0.008660889185137494,0.07343440265675949,-0.5091262167766413,mixed
0.6,0.646699857318405,0.9,0.328580462572076,0.003362273184672325,0.004688698886348819,0.04669985731840498,-0.5714195374279241,disengagement_only
0.6,0.680386432342539,0.9,0.3961584774219017,0.003363046004950536,0.007993921802812193,0.08038643234253906,-0.5038415225780983,mixed
0.6,0.6688421421024219,0.9,0.3864433424065863,0.0033638358841301297,0.008846058053167655,0.0688421421024219,-0.5135566575934137,mixed
0.6,0.6657671776788471,0.9,0.3584024617612368,0.0033650690575346707,0.004893886463603364,0.0657671776788471,-0.5415975382387632,mixed
0.6,0.8337286102831107,0.9,0.7216944413178117,0.0033652141474614333,0.006614940809384684,0.23372861028311076,-0.17830555868218834,mixed
0.6,0.8489634777985668,0.9,0.75617719093129,0.0033655281162686154,0.004894755059772993,0.24896347779856687,-0.14382280906871003,mixed
0.6,0.6374649140998847,0.9,0.31571110625373433,0.0033660139276142464,0.0045140580929981244,0.03746491409988473,-0.5842888937462657,disengagement_only
0.6,0.6426799773843268,0.9,0.3582576179196879,0.0033673727250015098,0.008591410275306938,0.04267997738432683,-0.5417423820803121,disengagement_only
0.6,0.8342339836751321,0.9,0.7222283158738496,0.003368002109887785,0.006426920718336948,0.23423398367513215,-0.1777716841261504,mixed
0.6,0.833253680293491,0.9,0.7350426886901146,0.003369442556822616,0.008546391103278789,0.23325368029349103,-0.16495731130988545,mixed
0.6,0.8431468495226442,0.9,0.78055128994556,0.0033700608530697384,0.008907863155443146,0.2431468495226442,-0.11944871005444002,mixed
0.6,0.6806454493814565,0.9,0.38762925047401464,0.003370091834564795,0.005930108068952389,0.08064544938145657,-0.5123707495259854,mixed
0.6,0.6746964894709848,0.9,0.39223249573103536,0.0033718861633265556,0.008638550420714264,0.07469648947098484,-0.5077675042689647,mixed
0.6,0.6662538176933052,0.9,0.38388632123022437,0.0033719991906460355,0.008923279117546451,0.06625381769330518,-0.5161136787697757,mixed
0.6,0.5505888241488215,0.9,0.23305610642955188,0.0033723969105064248,0.00895282575484288,-0.04941117585117849,-0.6669438935704481,disengagement_only
0.6,0.8776402050608381,0.9,0.9296283086532122,0.003373938881614046,0.004410212163486277,0.2776402050608381,0.0296283086532122,improvement_only
0.6,0.6488477641223317,0.9,0.33160155000943914,0.003374046303393045,0.004741671941806275,0.048847764122331716,-0.5683984499905609,disengagement_only
0.6,0.6788032109243911,0.9,0.3830949051447936,0.0033744711886587154,0.005365146462060794,0.07880321092439113,-0.5169050948552064,mixed
0.6,0.6405866703542439,0.9,0.3198826455348871,0.003374879245504724,0.0045936939203637395,0.0405866703542439,-0.5801173544651129,disengagement_only
0.6,0.6756074758400517,0.9,0.39310880817493954,0.0033753661565055224,0.008596179069113696,0.07560747584005167,-0.5068911918250605,mixed
0.6,0.5530490851662454,0.9,0.23424355405998748,0.0033778534464360566,0.00897080491268512,-0.046950914833754576,-0.6657564459400125,disengagement_only
0.6,0.8598904407533272,0.9,0.8526494447033022,0.003379622288908341,0.007551530969542974,0.25989044075332723,-0.04735055529669785,improvement_only
0.6,0.8749342888875751,0.9,0.8402564784749419,0.0033797364816055544,0.004343356215845334,0.2749342888875751,-0.05974352152505813,mixed
0.6,0.6829102116343012,0.9,0.3948823751088254,0.0033803549410144724,0.006998041877909589,0.08291021163430123,-0.5051176248911746,mixed
0.6,0.8330185596220226,0.9,0.7343121124695756,0.0033807449837294674,0.008574667083711268,0.23301855962202267,-0.1656878875304244,mixed
0.6,0.8774527756721238,0.9,0.8499382690892423,0.0033810219803493092,0.004286198098422039,0.2774527756721238,-0.05006173091075772,mixed
0.6,0.5527080493007127,0.9,0.258836938495349,0.003381305355634402,0.0048330233343414075,-0.047291950699287266,-0.6411630615046511,disengagement_only
0.6,0.554789301737485,0.9,0.26137340078503835,0.003381855098582472,0.004789749163033791,-0.045210698262515,-0.6386265992149617,disengagement_only
0.6,0.8321295900200668,0.9,0.7195631436964143,0.0033840456462296757,0.007150983394100779,0.23212959002006683,-0.18043685630358575,mixed
0.6,0.866339995428868,0.9,0.8806382197159932,0.0033847265592715737,0.006600658128087161,0.266339995428868,-0.019361780284006813,improvement_only
0.6,0.5668779640776208,0.9,0.27541864714014674,0.0033852170280619276,0.004495328298158768,-0.03312203592237917,-0.6245813528598533,disengagement_only
0.6,0.8338560676774541,0.9,0.7389235823312853,0.0033857468733505276,0.008726604581380387,0.23385606767745415,-0.16107641766871472,mixed
0.6,0.6734011135846633,0.9,0.3718454940340795,0.003386323944345925,0.004873398647558896,0.07340111358466328,-0.5281545059659205,mixed
0.6,0.8423232652240237,0.9,0.7773161766006152,0.003387377837654153,0.008968435396457974,0.2423232652240237,-0.12268382339938477,mixed
0.6,0.55657464481286,0.9,0.2635521279244749,0.003387651246961883,0.004751702296435928,-0.04342535518713997,-0.6364478720755251,disengagement_only
0.6,0.8774058634542219,0.9,0.8496695108286143,0.0033882797839621943,0.004296255475090827,0.2774058634542219,-0.05033048917138572,mixed
0.6,0.8868999965262836,0.9,0.8893971378584193,0.003388379028120971,0.00529245505450536,0.2868999965262836,-0.010602862141580682,improvement_only
0.6,0.863345923516482,0.9,0.7992472053678352,0.0033883858964421478,0.0047144287680104535,0.263345923516482,-0.1007527946321648,mixed
0.6,0.6436169752868137,0.9,0.3594608482954975,0.003389141995872357,0.008668629550016987,0.04361697528681374,-0.5405391517045025,disengagement_only
0.6,0.8312606825539047,0.9,0.7221837220722512,0.003389867187932251,0.00792438905392906,0.23126068255390475,-0.1778162779277488,mixed
0.6,0.8429565373610126,0.9,0.74006755092859,0.0033902230216426837,0.004876998552003409,0.24295653736101264,-0.15993244907141002,mixed
0.6,0.8337571938894611,0.9,0.7206754734404704,0.0033904316683718745,0.006471733834254145,0.23375719388946115,-0.17932452655952957,mixed
0.6,0.6733774887852129,0.9,0.3717196109252602,0.0033913259314672364,0.00488322853218881,0.07337748878521289,-0.5282803890747398,mixed
0.6,0.5802951178144092,0.9,0.29033251865376114,0.003391668881580768,0.004285558330310385,-0.019704882185590744,-0.6096674813462388,disengagement_only
0.6,0.6462095959568043,0.9,0.32763339090689514,0.0033918852285088324,0.004715890167200587,0.046209595956804295,-0.5723666090931049,disengagement_only
0.6,0.8905146001993772,0.9,0.9060570421690352,0.0033943023183067075,0.006099417325477072,0.29051460019937725,0.006057042169035132,improvement_only
0.6,0.5722496582826337,0.9,0.2814868052849836,0.003394886221987375,0.004382945016860096,-0.027750341717366234,-0.6185131947150164,disengagement_only
0.6,0.6824817462272017,0.9,0.39787540429053025,0.0033952860925643377,0.00781164655553801,0.08248174622720172,-0.5021245957094698,mixed
0.6,0.681059479445119,0.9,0.39757778529350385,0.003395911091826786,0.008138343914731783,0.08105947944511904,-0.5024222147064962,mixed
0.6,0.6830951971173826,0.9,0.39759486272890804,0.0033960546859264367,0.007575753747461195,0.08309519711738267,-0.502405137271092,mixed
0.6,0.8316361118874191,0.9,0.7269216554567967,0.0033964169312231075,0.008340365940726069,0.23163611188741917,-0.17307834454320337,mixed
0.6,0.6077643493336671,0.9,0.27975100564559063,0.00339642641350306,0.00499266753677266,0.007764349333667098,-0.6202489943544094,disengagement_only
0.6,0.8759420170054287,0.9,0.843888343935971,0.00339765080392704,0.004335174529156743,0.27594201700542875,-0.056111656064029014,mixed
0.6,0.6215659471791392,0.9,0.33527751566621095,0.0033980563267950767,0.007569075507953799,0.021565947179139178,-0.564722484333789,disengagement_only
0.6,0.606200416099894,0.9,0.3185458143003066,0.003400252970635911,0.006395704530209878,0.006200416099893968,-0.5814541856996934,disengagement_only
0.6,0.8641059204965484,0.9,0.8016100348228303,0.003400522150476157,0.00471104865555752,0.26410592049654846,-0.09838996517716969,mixed
0.6,0.834446333456883,0.9,0.7423780159936995,0.0034008852249211986,0.008856161916070165,0.23444633345688304,-0.15762198400630056,mixed
0.6,0.8310017886108315,0.9,0.7198834042212139,0.0034023123414164093,0.00776013944770379,0.23100178861083154,-0.18011659577878614,mixed
0.6,0.6700962166396119,0.9,0.36550216489613596,0.0034030080156413805,0.004940090868635866,0.07009621663961196,-0.5344978351038641,mixed
0.6,0.6390317861448226,0.9,0.3545196048807685,0.0034044523995327308,0.008524412034125656,0.03903178614482261,-0.5454803951192315,disengagement_only
0.6,0.574017663512397,0.9,0.28350566690388956,0.0034046366752577277,0.004358547076760783,-0.025982336487602953,-0.6164943330961105,disengagement_only
0.6,0.6630029464693855,0.9,0.35329125695131736,0.003404680163057547,0.004936676347213953,0.06300294646938553,-0.5467087430486827,mixed
0.6,0.6567957006596329,0.9,0.3741022436273057,0.003405725284254407,0.009016471320311165,0.05679570065963291,-0.5258977563726943,mixed
0.6,0.8953611366839146,0.9,0.9301807261028181,0.0034060074563242978,0.007165055038420923,0.2953611366839146,0.03018072610281808,improvement_only
0.6,0.8318949555375607,0.9,0.7179808255336826,0.00340718742302577,0.007067147274999824,0.23189495553756068,-0.18201917446631743,mixed
0.6,0.601703081140112,0.9,0.27332448821094796,0.0034072798865022757,0.00566174406552708,0.0017030811401119728,-0.6266755117890521,disengagement_only
0.6,0.672547007168875,0.9,0.3907779977665846,0.003407539573323989,0.008880777408521806,0.07254700716887508,-0.5092220022334154,mixed
0.6,0.593034770959032,0.9,0.2647498607930657,0.0034075702048473808,0.0065317099767192854,-0.0069652290409679685,-0.6352501392069343,disengagement_only
0.6,0.683829837484083,0.9,0.3963986950206768,0.003408224047154757,0.007094594828256112,0.08382983748408301,-0.5036013049793232,mixed
0.6,0.834323388533211,0.9,0.7420605821646952,0.0034089597318585772,0.008880063750930561,0.234323388533211,-0.15793941783530485,mixed
0.6,0.8561116067214847,0.9,0.836767013378226,0.0034090404145289597,0.008048412906200647,0.2561116067214847,-0.06323298662177401,mixed
0.6,0.6798639277345572,0.9,0.39725705631776875,0.003409243308685851,0.008395990145689286,0.0798639277345572,-0.5027429436822313,mixed
0.6,0.5988694771511502,0.9,0.27044265903185083,0.003409249386597357,0.0059576097570258335,-0.0011305228488497354,-0.6295573409681492,disengagement_only
0.6,0.6387338797208408,0.9,0.3542265679773424,0.0034092506920710072,0.008521306218856856,0.03873387972084086,-0.5457734320226576,disengagement_only
0.6,0.5550632355396848,0.9,0.23508595601085078,0.0034113099263699763,0.009030271193621958,-0.04493676446031514,-0.6649140439891492,disengagement_only
0.6,0.6809861550340807,0.9,0.3980450210588353,0.003411882757924672,0.008267761056851924,0.08098615503408069,-0.5019549789411647,mixed
0.6,0.8655192207710867,0.9,0.8061898864497469,0.0034131661907653883,0.0046878602279915305,0.2655192207710867,-0.09381011355025315,mixed
0.6,0.8366330603888174,0.9,0.7250980551608373,0.0034135118355626834,0.005570915684360883,0.23663306038881737,-0.17490194483916277,mixed
0.6,0.6816014784016501,0.9,0.3984217409996271,0.003413618060886198,0.008184042724841634,0.08160147840165011,-0.5015782590003729,mixed
0.6,0.6368215426536938,0.9,0.35216032957786525,0.003415281868016416,0.008449534960037725,0.03682154265369386,-0.5478396704221348,disengagement_only
0.6,0.5824979218861499,0.9,0.29289142051948724,0.00341692804836316,0.004338631132598025,-0.017502078113850073,-0.6071085794805128,disengagement_only
0.6,0.8530893715774913,0.9,0.7670770467084131,0.00341717824868279,0.004941108816309686,0.25308937157749134,-0.13292295329158688,mixed
0.6,0.6768510976372142,0.9,0.3950258533814397,0.0034184365859580377,0.008706778181408886,0.0768510976372142,-0.5049741466185603,mixed
0.6,0.6550560411758253,0.9,0.34049965642955776,0.003419687818764888,0.0048915585764016944,0.0550560411758253,-0.5595003435704422,mixed
0.6,0.5907063512435619,0.9,0.26247447622131326,0.0034208480284105493,0.006774859983147502,-0.009293648756438122,-0.6375255237786868,disengagement_only
0.6,0.6634392087509879,0.9,0.3538257659060733,0.003421578249695862,0.004961706000957189,0.06343920875098796,-0.5461742340939267,mixed
0.6,0.676053545441024,0.9,0.3943673349987561,0.0034218749412157573,0.008771403326690824,0.07605354544102405,-0.5056326650012439,mixed
0.6,0.6610238466185208,0.9,0.34986799393449597,0.003422281951022167,0.004947255199362316,0.06102384661852078,-0.550132006065504,mixed
0.6,0.567120540323059,0.9,0.24284254856844517,0.003422569696224435,0.008586488666699643,-0.03287945967694095,-0.6571574514315548,disengagement_only
0.6,0.8506553289488388,0.9,0.8136094717378981,0.003423324748390096,0.008591861961942782,0.2506553289488388,-0.08639052826210192,mixed
0.6,0.6834053062809039,0.9,0.3992482074851465,0.0034233898761852183,0.00787238685151212,0.08340530628090392,-0.5007517925148535,mixed
0.6,0.6749442176100927,0.9,0.39335704826721407,0.0034234994326459056,0.008837658640830776,0.07494421761009273,-0.506642951732786,mixed
0.6,0.8304873150228046,0.9,0.7195982322756695,0.0034241168345361685,0.007982702243281264,0.23048731502280462,-0.18040176772433048,mixed
0.6,0.5627931943355309,0.9,0.27105142133179083,0.003425940910243048,0.0046427929004870805,-0.0372068056644691,-0.6289485786682092,disengagement_only
0.6,0.8806553313438448,0.9,0.8622167219796396,0.0034259618840869676,0.004351944983687406,0.2806553313438448,-0.03778327802036041,improvement_only
0.6,0.8306860012085692,0.9,0.7226157742863661,0.0034262145342263193,0.008270434176797098,0.2306860012085692,-0.17738422571363388,mixed
0.6,0.8703613158013069,0.9,0.898610470087431,0.0034263058318140956,0.005932379965386814,0.27036131580130696,-0.0013895299125690208,improvement_only
0.6,0.8463149387742871,0.9,0.7480593669564461,0.0034267757310332543,0.004978653141054362,0.24631493877428712,-0.15194063304355387,mixed
0.6,0.8406676149536452,0.9,0.7709393009626881,0.0034273512851068786,0.009094311293475127,0.2406676149536452,-0.12906069903731188,mixed
0.6,0.8777248078889117,0.9,0.9306231360530755,0.003427433739907023,0.004467167753555185,0.27772480788891174,0.030623136053075428,improvement_only
0.6,0.554395013629822,0.9,0.2612518004149783,0.0034279860849052678,0.004850479499633492,-0.04560498637017796,-0.6387481995850217,disengagement_only
0.6,0.5807935144854331,0.9,0.25357949493556897,0.003428643654593276,0.007652686841295178,-0.01920648551456683,-0.646420505064431,disengagement_only
0.6,0.8390328772145721,0.9,0.7299146290598615,0.0034302914301949424,0.00494372669372975,0.23903287721457211,-0.17008537094013854,mixed
0.6,0.8356506615048398,0.9,0.7489298333093206,0.0034318521556556208,0.009049584211667405,0.23565066150483982,-0.1510701666906794,mixed
0.6,0.8677810253491596,0.9,0.8874746458744451,0.0034328373244128904,0.006413437853040216,0.2677810253491596,-0.012525354125554888,improvement_only
0.6,0.8399811704991166,0.9,0.768121248269104,0.0034348585239461246,0.009120916626636666,0.2399811704991166,-0.13187875173089603,mixed
0.6,0.6740728617990476,0.9,0.37233251389070754,0.003435267915890061,0.0049538187976598536,0.0740728617990476,-0.5276674861092925,mixed
0.6,0.610566626666076,0.9,0.3235068463826752,0.003435436749575542,0.006824122202224059,0.010566626666075996,-0.5764931536173248,disengagement_only
0.6,0.8623345072518892,0.9,0.8639096396619969,0.0034354822307319723,0.007290478760358071,0.2623345072518892,-0.03609036033800317,improvement_only
0.6,0.8546168731354413,0.9,0.7713156258908676,0.003435670873866094,0.004953766351573186,0.25461687313544135,-0.12868437410913247,mixed
0.6,0.6264613859563034,0.9,0.30106568204362355,0.0034356784325479273,0.0043879225612348804,0.02646138595630343,-0.5989343179563764,disengagement_only
0.6,0.6520069501895813,0.9,0.36912652830873843,0.003437415793625502,0.009008691729550183,0.05200695018958135,-0.5308734716912615,mixed
0.6,0.8676555524098757,0.9,0.8870015703123209,0.0034388265455383917,0.006442828687313051,0.2676555524098757,-0.01299842968767917,improvement_only
0.6,0.5713746942167209,0.9,0.24590221195077275,0.0034389448198946086,0.008361040327362998,-0.028625305783279043,-0.6540977880492272,disengagement_only
0.6,0.6832361274783648,0.9,0.39998855787587084,0.003439561145213513,0.00809123276873222,0.08323612747836484,-0.5000114421241292,mixed
0.6,0.672026571048015,0.9,0.3907727139675957,0.0034425901431697735,0.009021873998253854,0.07202657104801502,-0.5092272860324043,mixed
0.6,0.646799721617517,0.9,0.32805654884121355,0.0034436838148494873,0.004785248696876437,0.046799721617517,-0.5719434511587864,disengagement_only
0.6,0.8483800599314842,0.9,0.8042440409484863,0.00344564982070289,0.008800043711834155,0.24838005993148426,-0.09575595905151368,mixed
0.6,0.6551470250293844,0.9,0.3726723181230703,0.003446133247109416,0.009088733496986218,0.0551470250293844,-0.5273276818769297,mixed
0.6,0.8522752544215932,0.9,0.7642861075640586,0.0034474507793356745,0.004987496113734946,0.25227525442159326,-0.13571389243594145,mixed
0.6,0.5743048282492684,0.9,0.2481202871101351,0.003449469828124694,0.008182271363565807,-0.02569517175073155,-0.6518797128898649,disengagement_only
0.6,0.6835750769541535,0.9,0.40059985436230616,0.003452345075633521,0.00813784320576208,0.08357507695415356,-0.49940014563769386,mixed
0.6,0.8499150659636479,0.9,0.7574810501069623,0.0034531716343211916,0.005016016488746694,0.24991506596364788,-0.1425189498930377,mixed
0.6,0.8362027400934652,0.9,0.7231833198393914,0.003453414466606697,0.005550645538256349,0.2362027400934652,-0.17681668016060859,mixed
0.6,0.6695633148365241,0.9,0.36388015259702144,0.0034536818914163675,0.005021396937884337,0.06956331483652411,-0.5361198474029786,mixed
0.6,0.8298273565506535,0.9,0.71626117118194,0.003453876191877575,0.007884251541928289,0.22982735655065356,-0.18373882881806003,mixed
0.6,0.5831632042474019,0.9,0.2938443343349092,0.0034552528449265105,0.004406931470985559,-0.01683679575259811,-0.6061556656650908,disengagement_only
0.6,0.6185916818600969,0.9,0.33239149248997824,0.00345571854048887,0.007467731005130124,0.018591681860096965,-0.5676085075100218,disengagement_only
0.6,0.8592826741253653,0.9,0.8510162391090684,0.00345642514424624,0.007737073001412437,0.2592826741253653,-0.048983760890931594,improvement_only
0.6,0.860391422574417,0.9,0.8558151548950317,0.003458453889413841,0.00759354696885553,0.26039142257441705,-0.04418484510496834,improvement_only
0.6,0.8660405861905572,0.9,0.8074084000952642,0.0034584727956502325,0.004727315563099049,0.26604058619055726,-0.09259159990473587,mixed
0.6,0.6417254436304146,0.9,0.3579125240607028,0.0034591890719117284,0.00874079078448381,0.04172544363041464,-0.5420874759392973,disengagement_only
0.6,0.5651585251477802,0.9,0.2412086838570734,0.0034592256682636144,0.008766635276528448,-0.03484147485221978,-0.6587913161429266,disengagement_only
0.6,0.638588533543948,0.9,0.31652558621603877,0.0034603077712163444,0.004641043016002794,0.03858853354394798,-0.5834744137839613,disengagement_only
0.6,0.8462778584508287,0.9,0.7474124304861078,0.0034604675062833348,0.005029729275755734,0.24627785845082872,-0.15258756951389219,mixed
0.6,0.8523040422943897,0.9,0.7641667490092987,0.003461727425790875,0.00500727722917077,0.25230404229438974,-0.13583325099070132,mixed
0.6,0.6155058670547814,0.9,0.3290557450116134,0.0034617842859943817,0.007254559808334393,0.015505867054781408,-0.5709442549883866,disengagement_only
0.6,0.8314169689269718,0.9,0.7296553027528978,0.0034625552788628395,0.00880180483114304,0.23141696892697183,-0.17034469724710222,mixed
0.6,0.8407490908334839,0.9,0.7720208358152713,0.0034643718948352913,0.009181722357505612,0.24074909083348395,-0.12797916418472877,mixed
0.6,0.8312910099030002,0.9,0.7290834041053825,0.0034645755696219188,0.008792881403225122,0.23129100990300022,-0.1709165958946175,mixed
0.6,0.556794587827658,0.9,0.23570139750644348,0.0034648945262719553,0.009118091502927361,-0.04320541217234197,-0.6642986024935565,disengagement_only
0.6,0.6604279482989952,0.9,0.3484331267667493,0.0034686752909948554,0.005005324295690283,0.06042794829899523,-0.5515668732332507,mixed
0.6,0.835371756101923,0.9,0.7487132516998233,0.003470480569856629,0.009168675984390778,0.23537175610192307,-0.15128674830017674,mixed
0.6,0.8555453325179928,0.9,0.7736197963719688,0.0034707055484174726,0.004989084693752449,0.25554533251799283,-0.12638020362803126,mixed
0.6,0.6804663328531853,0.9,0.3843899389589226,0.0034718727022364166,0.005221768156508572,0.08046633285318527,-0.5156100610410774,mixed
0.6,0.8527644191174066,0.9,0.7653265850843343,0.0034743308567002735,0.005022053635042573,0.25276441911740666,-0.13467341491566576,mixed
0.6,0.6665905881023564,0.9,0.385479890437193,0.0034750645607369846,0.009220635402694716,0.06659058810235641,-0.514520109562807,mixed
0.6,0.8305946337095708,0.9,0.7132195980735104,0.003475661998299225,0.007108455060744118,0.23059463370957078,-0.1867804019264896,mixed
0.6,0.8548190228434216,0.9,0.8321831947554267,0.003479632471853557,0.008293850519067503,0.2548190228434216,-0.06781680524457334,mixed
0.6,0.8349633308622462,0.9,0.7471846589870274,0.0034817613011302313,0.00919085373490347,0.2349633308622462,-0.15281534101297267,mixed
0.6,0.5517269081211285,0.9,0.23271971804979277,0.0034820400902905685,0.009247411533550215,-0.04827309187887152,-0.6672802819502073,disengagement_only
0.6,0.6846202741560904,0.9,0.3938510807720287,0.0034822791051725564,0.006287362921767209,0.08462027415609041,-0.5061489192279713,mixed
0.6,0.8382963623742548,0.9,0.7270907293906266,0.0034830696140324582,0.004972158372400698,0.23829636237425478,-0.17290927060937344,mixed
0.6,0.5807363752592151,0.9,0.291365645567393,0.0034841116320485184,0.004409625922301708,-0.019263624740784913,-0.608634354432607,disengagement_only
0.6,0.6804922343699916,0.9,0.38416840607828306,0.003484344013828402,0.005163036396982595,0.08049223436999164,-0.515831593921717,mixed
0.6,0.8973996530669129,0.9,0.9400014507823323,0.003484579695811836,0.007688853014665972,0.29739965306691296,0.040001450782332304,improvement_only
0.6,0.833592941944907,0.9,0.7410637001081477,0.0034850453692553294,0.009133398117574465,0.23359294194490698,-0.15893629989185232,mixed
0.6,0.6828948273570068,0.9,0.4013649722122842,0.003485602526191213,0.008506085886481413,0.08289482735700682,-0.49863502778771585,mixed
0.6,0.6593324749858269,0.9,0.377685523764963,0.0034875146920419113,0.009242490067933734,0.059332474985826944,-0.522314476235037,mixed
0.6,0.8526535794849327,0.9,0.7648099135096728,0.0034881462311564175,0.005041806276657013,0.2526535794849327,-0.13519008649032727,mixed
0.6,0.8346134307202564,0.9,0.718985297012325,0.0034898618133535914,0.005827211114935366,0.23461343072025642,-0.18101470298767497,mixed
0.6,0.6009348816646501,0.9,0.27204624583784826,0.0034906682199817743,0.0058846204400435365,0.0009348816646501668,-0.6279537541621518,disengagement_only
0.6,0.8366200481774605,0.9,0.7231571499036306,0.003491061829314777,0.005336137717002393,0.23662004817746052,-0.17684285009636946,mixed
0.6,0.682816685186164,0.9,0.4014742383302704,0.0034913907772267227,0.008553393191471331,0.08281668518616403,-0.4985257616697296,mixed
0.6,0.6354459143964676,0.9,0.3121116175777503,0.0034927645318865766,0.004620008679596416,0.035445914396467604,-0.5878883824222497,disengagement_only
0.6,0.6529094768193955,0.9,0.33658763587587714,0.0034927844796775126,0.004946525673739821,0.05290947681939551,-0.5634123641241229,mixed
0.6,0.6694573840144252,0.9,0.3631955322868053,0.003492889793564458,0.005079925437310506,0.06945738401442525,-0.5368044677131947,mixed
0.6,0.6669999911559935,0.9,0.38614262332688687,0.0034940127152135905,0.009271274121299689,0.06699999115599353,-0.5138573766731132,mixed
0.6,0.674881101964763,0.9,0.394432815715813,0.0034947334458356504,0.009110621833280708,0.07488110196476305,-0.505567184284187,mixed
0.6,0.8294797628335013,0.9,0.7205460364437302,0.003496968254079252,0.008612837081073105,0.22947976283350136,-0.17945396355626986,mixed
0.6,0.6386308085605986,0.9,0.35476658196556393,0.003497666274003216,0.0086888648318868,0.03863080856059864,-0.545233418034436,disengagement_only
0.6,0.8719505571223903,0.9,0.9063875593250722,0.00349978518946789,0.005707570995191008,0.27195055712239036,0.0063875593250721785,improvement_only
0.6,0.8310327946491899,0.9,0.712482155918202,0.003500333740886304,0.006795104682655123,0.2310327946491899,-0.18751784408179806,mixed
0.6,0.6668558973073715,0.9,0.38606086545725227,0.003500379787204033,0.009290339079819632,0.06685589730737151,-0.5139391345427478,mixed
0.6,0.6846673368831447,0.9,0.40283810313448926,0.0035007561546759013,0.008347989337783523,0.08466733688314476,-0.49716189686551077,mixed
0.6,0.6314842527739116,0.9,0.306892224747464,0.0035058277549976234,0.004552907010543061,0.03148425277391165,-0.593107775252536,disengagement_only
0.6,0.8932300002056395,0.9,0.9178304033187507,0.0035079906476087647,0.006823969585291925,0.2932300002056395,0.01783040331875063,improvement_only
0.6,0.5929348583411074,0.9,0.30478774662773334,0.0035090993466107665,0.005295804546116389,-0.007065141658892604,-0.5952122533722667,disengagement_only
0.6,0.8361814123493154,0.9,0.7532514374965623,0.0035092058141019734,0.009310125020539933,0.23618141234931544,-0.1467485625034377,mixed
0.6,0.8419669403936884,0.9,0.7780662654944436,0.003509893893220462,0.009252797413725006,0.24196694039368838,-0.12193373450555645,mixed
0.6,0.6701109456043427,0.9,0.36411490399058155,0.003510335077487562,0.005105128855846575,0.07011094560434272,-0.5358850960094185,mixed
0.6,0.8640675099747454,0.9,0.8723562811305691,0.003513195633145375,0.0071306558495801975,0.2640675099747454,-0.027643718869430955,improvement_only
0.6,0.8565625374165948,0.9,0.8401000025631484,0.003514331351687734,0.008152268904410592,0.25656253741659485,-0.05989999743685159,mixed
0.6,0.8291626075411953,0.9,0.7198339864224215,0.0035143465315328375,0.008680532734767377,0.22916260754119533,-0.18016601357757855,mixed
0.6,0.8307447591151084,0.9,0.7285146525203858,0.0035144192235204916,0.008998592625561574,0.2307447591151084,-0.1714853474796142,mixed
0.6,0.6338793667545913,0.9,0.3099131501978192,0.003514457777883839,0.004611835184670898,0.033879366754591356,-0.5900868498021808,disengagement_only
0.6,0.8465197305634965,0.9,0.7471958043680875,0.0035146968916762453,0.005111344740583418,0.24651973056349652,-0.1528041956319125,mixed
0.6,0.6462543040002523,0.9,0.3267029549352169,0.0035150379248942622,0.004858287942188871,0.04625430400025232,-0.5732970450647832,disengagement_only
0.6,0.6826072241011236,0.9,0.40195583412619673,0.0035159792674409208,0.008724072928705279,0.08260722410112364,-0.4980441658738033,mixed
0.6,0.658629981204698,0.9,0.37723600869418117,0.0035212960433338254,0.009316304451679941,0.05862998120469798,-0.5227639913058189,mixed
0.6,0.670662370357238,0.9,0.36492790607783665,0.003522261071559786,0.005122162110724943,0.07066237035723799,-0.5350720939221634,mixed
0.6,0.8482594085971233,0.9,0.7517941822058325,0.003524862885394831,0.005123954905969452,0.24825940859712337,-0.14820581779416753,mixed
0.6,0.8609619158324444,0.9,0.7897908459370124,0.0035249278084933285,0.004944348198249404,0.26096191583244444,-0.11020915406298759,mixed
0.6,0.6793454506730268,0.9,0.3810020117089452,0.0035254027974294467,0.00502781204533187,0.07934545067302679,-0.5189979882910548,mixed
0.6,0.6723501046907058,0.9,0.3922602209993111,0.0035258057715201983,0.009289416451090549,0.0723501046907058,-0.5077397790006889,mixed
0.6,0.8906888122458003,0.9,0.9051801910089364,0.003526449831435381,0.006285772822378535,0.29068881224580034,0.005180191008936408,improvement_only
0.6,0.8832341888222563,0.9,0.8717419968635862,0.0035267893543417484,0.004672038626904129,0.28323418882225637,-0.0282580031364138,improvement_only
0.6,0.5609519552102838,0.9,0.269627422428658,0.003527177174073507,0.004801284313023846,-0.03904804478971613,-0.630372577571342,disengagement_only
0.6,0.6851629956611752,0.9,0.3935891236888983,0.0035275790847923523,0.006077385686678122,0.08516299566117524,-0.5064108763111017,mixed
0.6,0.8417721059200243,0.9,0.7345685151907003,0.003529190943924099,0.005095062177399523,0.2417721059200243,-0.1654314848092997,mixed
0.6,0.6186714068111577,0.9,0.33294685761735154,0.0035297110737768896,0.0076029783514827975,0.018671406811157754,-0.5670531423826485,disengagement_only
0.6,0.6686879144197782,0.9,0.3614126351728111,0.003530053991576333,0.005132410275617505,0.06868791441977817,-0.5385873648271889,mixed
0.6,0.8449359847002832,0.9,0.7427159564674061,0.0035301750375984703,0.005129212364979541,0.24493598470028322,-0.15728404353259395,mixed
0.6,0.6872788346429408,0.9,0.4045751583243003,0.003530737732638404,0.008009202073227306,0.08727883464294084,-0.4954248416756997,mixed
0.6,0.6868219479885449,0.9,0.3978191580272798,0.0035330516538005733,0.006589951854947262,0.08682194798854492,-0.5021808419727203,mixed
0.6,0.8279583452471421,0.9,0.7105145543972546,0.003533611897570555,0.008071815309117769,0.2279583452471421,-0.18948544560274538,mixed
0.6,0.8333241322502588,0.9,0.7152304047793399,0.0035336310202976136,0.006000457898109962,0.23332413225025883,-0.18476959522066017,mixed
0.6,0.6859177527482334,0.9,0.3952845076227327,0.0035338011134364725,0.006259137596796471,0.08591775274823343,-0.5047154923772673,mixed
0.6,0.8282242291775974,0.9,0.7089670407999792,0.003535230519381923,0.007738022352765689,0.22822422917759744,-0.19103295920002084,mixed
0.6,0.8923726987049934,0.9,0.9132125616723344,0.0035353847780365505,0.006667251918231448,0.2923726987049934,0.013212561672334422,improvement_only
0.6,0.5724954801351749,0.9,0.28262636996368024,0.0035356813350303456,0.004537398434323658,-0.02750451986482505,-0.6173736300363197,disengagement_only
0.6,0.6546755357868685,0.9,0.3729698172625635,0.0035364584987160326,0.009286619792330614,0.05467553578686857,-0.5270301827374365,mixed
0.6,0.8861722780112065,0.9,0.8843250487791169,0.003537135573883341,0.0052942554520999385,0.2861722780112065,-0.015674951220883138,improvement_only
0.6,0.8551904669001549,0.9,0.8345442608751668,0.0035372433457211247,0.008340417946693407,0.2551904669001549,-0.06545573912483327,mixed
0.6,0.8854369462653211,0.9,0.8810884166676304,0.003537434035778189,0.005130990096735885,0.2854369462653211,-0.01891158333236964,improvement_only
0.6,0.8477558583306832,0.9,0.7501580028286805,0.00354111000253698,0.005148561058263695,0.24775585833068325,-0.14984199717131952,mixed
0.6,0.6857741468614756,0.9,0.3946176646053241,0.0035422154460068287,0.006145527272951257,0.08577414686147566,-0.5053823353946759,mixed
0.6,0.6092837571278666,0.9,0.28050748173220125,0.0035425670181759065,0.005075744630727547,0.009283757127866665,-0.6194925182677988,disengagement_only
0.6,0.5629833537606063,0.9,0.2720450113581516,0.0035429707926534202,0.004760420718705888,-0.03701664623939371,-0.6279549886418484,disengagement_only
0.6,0.8283421348251114,0.9,0.7168436625487998,0.0035438257125943885,0.008704733569580625,0.22834213482511145,-0.1831563374512002,mixed
0.6,0.6802692366324665,0.9,0.4005312808202646,0.0035442951310294415,0.00904883332667003,0.08026923663246655,-0.4994687191797354,mixed
0.6,0.6856491054746122,0.9,0.39413664512435476,0.0035473794537925736,0.006069411323296886,0.08564910547461224,-0.5058633548756453,mixed
0.6,0.8364149381291881,0.9,0.7214055083867613,0.003547847617738126,0.005221870390242578,0.23641493812918812,-0.1785944916132387,mixed
0.6,0.8791980418842141,0.9,0.8548741016184388,0.003548774453843414,0.004484230456971466,0.27919804188421415,-0.045125898381561225,improvement_only
0.6,0.5985735189703987,0.9,0.2693241727986645,0.0035487903179735694,0.006227059812070043,-0.0014264810296013009,-0.6306758272013355,disengagement_only
0.6,0.890907618718648,0.9,0.9059357392169594,0.0035487985213296727,0.006359161652488399,0.290907618718648,0.005935739216959335,improvement_only
0.6,0.8486428523413265,0.9,0.7524980380243895,0.0035489642823636,0.005155876312707697,0.24864285234132655,-0.1475019619756105,mixed
0.6,0.6569596074664006,0.9,0.3422098091677005,0.0035504696068155506,0.0050729890575908765,0.05695960746640061,-0.5577901908322995,mixed
0.6,0.685704686929717,0.9,0.4050651496398387,0.003550796798950976,0.008567706110338275,0.085704686929717,-0.4949348503601613,mixed
0.6,0.8410540737284751,0.9,0.7323496830168238,0.003552475954949465,0.005123092618312564,0.2410540737284751,-0.16765031698317623,mixed
0.6,0.6847824427823594,0.9,0.3918314777597358,0.0035561341746108196,0.005776827659878858,0.08478244278235947,-0.5081685222402642,mixed
0.6,0.8348467629718641,0.9,0.7177657008746833,0.0035563035393595807,0.00555658725780267,0.23484676297186413,-0.18223429912531675,mixed
0.6,0.851108563155725,0.9,0.7593672449482958,0.0035569120757816285,0.005145776515480538,0.25110856315572505,-0.14063275505170425,mixed
0.6,0.6721110270559923,0.9,0.3924806860523799,0.0035618201986764115,0.009407869195575819,0.07211102705599237,-0.5075193139476202,mixed
0.6,0.6850874279994422,0.9,0.4050008028237922,0.0035621206106249913,0.00872789916390973,0.08508742799944224,-0.49499919717620783,mixed
0.6,0.8466240238519643,0.9,0.7467373311565944,0.003562146697921691,0.005180648660213866,0.24662402385196436,-0.15326266884340567,mixed
0.6,0.6819867332915314,0.9,0.38561578917779593,0.0035634718953273165,0.005097813659334455,0.08198673329153139,-0.5143842108222041,mixed
0.6,0.6857250757481781,0.9,0.39376840059154317,0.0035651334708375476,0.005963757993983215,0.08572507574817811,-0.5062315994084569,mixed
0.6,0.6495424998754442,0.9,0.3674709205049467,0.003565284324202851,0.009222767323092546,0.049542499875444235,-0.5325290794950533,disengagement_only
0.6,0.6872754562010155,0.9,0.3976384990173989,0.003565664492048441,0.006422307731664273,0.08727545620101551,-0.5023615009826011,mixed
0.6,0.837860866722105,0.9,0.7617352113317841,0.0035671131664151874,0.00947231298013057,0.23786086672210505,-0.1382647886682159,mixed
0.6,0.5849165564218463,0.9,0.2964142446375556,0.003567124229383615,0.004626993783808292,-0.015083443578153721,-0.6035857553624444,disengagement_only
0.6,0.8415528909669749,0.9,0.7333338736308864,0.0035674491309586522,0.005156023826812239,0.24155289096697496,-0.1666661263691136,mixed
0.6,0.6328867141966706,0.9,0.30825033771879473,0.003569005806985868,0.004649683404032101,0.03288671419667066,-0.5917496622812053,disengagement_only
0.6,0.5852476799332405,0.9,0.25662580423775916,0.003569220341645777,0.007528438569996354,-0.014752320066759528,-0.6433741957622409,disengagement_only
0.6,0.8313986145170276,0.9,0.7105576403935748,0.0035692214298638104,0.006366278249043622,0.2313986145170276,-0.1894423596064252,mixed
0.6,0.6846384250599048,0.9,0.4048667114000459,0.003569609609219088,0.008824249737555273,0.08463842505990482,-0.49513328859995415,mixed
0.6,0.6879931044976731,0.9,0.3994578504566212,0.003570052508233384,0.006638101168068372,0.08799310449767317,-0.5005421495433788,mixed
0.6,0.6862596372985077,0.9,0.4060500332075556,0.003571448917560175,0.008636499617519583,0.08625963729850772,-0.4939499667924444,mixed
0.6,0.8793847603013062,0.9,0.8553470169425152,0.0035721307167615214,0.004513958082100589,0.2793847603013062,-0.044652983057484774,improvement_only
0.6,0.8720001559570373,0.9,0.8270808294085029,0.0035721648092249887,0.00466829000123406,0.2720001559570373,-0.0729191705914971,mixed
0.6,0.6701338176360361,0.9,0.3633832313156805,0.0035726428952214356,0.005195236039757217,0.0701338176360361,-0.5366167686843195,mixed
0.6,0.8271573982786173,0.9,0.7109559622448889,0.003573034095362582,0.008527994379063875,0.22715739827861736,-0.18904403775511114,mixed
0.6,0.867387631300161,0.9,0.8106565368908926,0.003573080057237513,0.0048203534042662866,0.2673876313001611,-0.08934346310910746,mixed
0.6,0.8375170791350194,0.9,0.7233627450701086,0.003574572178705315,0.005083410454577997,0.2375170791350194,-0.17663725492989146,mixed
0.6,0.8791086201941762,0.9,0.8542023734239119,0.003575447194996775,0.004518410205632817,0.27910862019417626,-0.0457976265760881,improvement_only
0.6,0.8944105300026484,0.9,0.9228634564297953,0.0035764926042038824,0.007160101164659802,0.2944105300026484,0.02286345642979526,improvement_only
0.6,0.6664917019092732,0.9,0.357158920057288,0.003577967067683014,0.005186271700976269,0.06649170190927323,-0.542841079942712,mixed
0.6,0.8954484631615487,0.9,0.9281726959361628,0.0035798937532101394,0.007388955772508296,0.2954484631615487,0.028172695936162784,improvement_only
0.6,0.8458017764074177,0.9,0.7442325758085472,0.003579962201263373,0.005206447873190939,0.24580177640741774,-0.15576742419145284,mixed
0.6,0.6532268385080113,0.9,0.37173598899468896,0.0035806383692152948,0.009353004790774444,0.053226838508011354,-0.5282640110053111,mixed
0.6,0.64629124618723,0.9,0.363960463670919,0.003582111705863264,0.009154806066220239,0.04629124618723002,-0.5360395363290811,disengagement_only
0.6,0.8319801809396629,0.9,0.7112435307288643,0.00358215079510286,0.006164541845917998,0.23198018093966288,-0.18875646927113576,mixed
0.6,0.8416406527866006,0.9,0.7779747501144696,0.003582278705430185,0.00941944900478911,0.24164065278660063,-0.12202524988553043,mixed
0.6,0.8543219104109364,0.9,0.7684390767008711,0.003582869295671989,0.005152801012869052,0.25432191041093644,-0.13156092329912894,mixed
0.6,0.6056731976916049,0.9,0.27640323715212023,0.003583160283076236,0.005540724370759614,0.005673197691604903,-0.6235967628478798,disengagement_only
0.6,0.8337256974422356,0.9,0.7443631917903943,0.003583441319898372,0.009481561313137432,0.2337256974422356,-0.15563680820960568,mixed
0.6,0.8446962580924574,0.9,0.7412156532848387,0.003583546935736842,0.005209127106915734,0.24469625809245743,-0.15878434671516128,mixed
0.6,0.8267397750367742,0.9,0.7079702192999873,0.003583798842294114,0.008343857817225936,0.22673977503677423,-0.19202978070001275,mixed
0.6,0.5669116221470555,0.9,0.2416562981653281,0.0035848959577474346,0.008922463099088146,-0.033088377852944495,-0.658343701834672,disengagement_only
0.6,0.6624065897959257,0.9,0.382074966476762,0.003585426360496195,0.009510943285315793,0.062406589795925727,-0.517925033523238,mixed
0.6,0.6679002199235977,0.9,0.3881856454248197,0.00358603133997414,0.00952331368632739,0.06790021992359774,-0.5118143545751803,mixed
0.6,0.8348728783559627,0.9,0.7171122648339445,0.0035861765350052527,0.005461401579705538,0.2348728783559627,-0.1828877351660555,mixed
0.6,0.8459166239627005,0.9,0.7444079945172273,0.003588576635151553,0.005219129165638103,0.24591662396270053,-0.15559200548277274,mixed
0.6,0.6200907318433126,0.9,0.3348814927552961,0.0035889220894877185,0.007806022909871424,0.02009073184331267,-0.5651185072447039,disengagement_only
0.6,0.6230106667478446,0.9,0.29586573823013396,0.0035891877220667477,0.004539975104532579,0.023010666747844577,-0.6041342617698661,disengagement_only
0.6,0.8424511663051208,0.9,0.7352063333281972,0.0035916096338801974,0.005206242715920489,0.24245116630512087,-0.16479366667180284,mixed
0.6,0.8774417656463513,0.9,0.9313614294682396,0.0035948868014630984,0.004704573354610969,0.27744176564635137,0.03136142946823961,improvement_only
0.6,0.6543711343604797,0.9,0.37315055364744154,0.003595319226102847,0.009411627335421335,0.05437113436047969,-0.5268494463525585,mixed
0.6,0.8632161536050047,0.9,0.8696987908085104,0.0035962842598075023,0.007369509976390215,0.2632161536050047,-0.030301209191489598,improvement_only
0.6,0.6576061297663887,0.9,0.3427560987658326,0.003598900176268599,0.00513931904546186,0.05760612976638868,-0.5572439012341674,mixed
0.6,0.8495229805164571,0.9,0.8113832835876653,0.003599862540979047,0.008980009557006119,0.24952298051645716,-0.0886167164123347,mixed
0.6,0.6709330202378051,0.9,0.36442153989349513,0.003600687838302147,0.0052362269925994576,0.07093302023780512,-0.5355784601065049,mixed
0.6,0.5887522359737701,0.9,0.30079094676356144,0.003602257337944496,0.004997632474728786,-0.011247764026229845,-0.5992090532364386,disengagement_only
0.6,0.5729055958790376,0.9,0.2834865672964977,0.00360237175309636,0.004603684084590193,-0.027094404120962423,-0.6165134327035023,disengagement_only
0.6,0.886517710782499,0.9,0.8850393316439471,0.003603663825364779,0.005444204101822989,0.286517710782499,-0.01496066835605292,improvement_only
0.6,0.6529302471376751,0.9,0.3716049478271085,0.0036041028510848585,0.009397035661611264,0.052930247137675135,-0.5283950521728915,mixed
0.6,0.8819070479330409,0.9,0.8652433767094109,0.0036053016601087177,0.004638463136078713,0.2819070479330409,-0.03475662329058915,improvement_only
0.6,0.5586993169805641,0.9,0.23589506657670684,0.003605485688716794,0.009370591533381711,-0.0413006830194359,-0.6641049334232931,disengagement_only
0.6,0.8603985352242488,0.9,0.8577010625633797,0.0036057642047697654,0.007792437897129995,0.26039853522424883,-0.042298937436620276,improvement_only
0.6,0.8288286846138233,0.9,0.7228766426860757,0.0036063163934121085,0.009243788480223919,0.22882868461382333,-0.17712335731392437,mixed
0.6,0.5744518979903764,0.9,0.2852195564735913,0.0036075801808963096,0.00459041025166132,-0.02554810200962354,-0.6147804435264087,disengagement_only
0.6,0.8261243007016992,0.9,0.7051742182256163,0.0036086870753927586,0.008280604407034292,0.2261243007016992,-0.1948257817743837,mixed
0.6,0.6221465703559772,0.9,0.3372928812523144,0.003611897549641152,0.007986019195513894,0.022146570355977224,-0.5627071187476856,disengagement_only
0.6,0.6902082453523114,0.9,0.40409738681541496,0.003612928700652853,0.007071200825219337,0.09020824535231142,-0.49590261318458506,mixed
0.6,0.6484973224458833,0.9,0.36669418891579747,0.0036138930327142627,0.009292734362364469,0.04849732244588334,-0.5333058110842026,disengagement_only
0.6,0.6446427801383054,0.9,0.3236456263800385,0.0036155793602631755,0.004941210713415856,0.04464278013830547,-0.5763543736199614,disengagement_only
0.6,0.8371046514491794,0.9,0.7595621872138452,0.0036176794440662195,0.00960602493469448,0.23710465144917947,-0.14043781278615486,mixed
0.6,0.5742943904015079,0.9,0.28512821529814936,0.0036210827086767656,0.004608320744482058,-0.025705609598492107,-0.6148717847018507,disengagement_only
0.6,0.8362656277424974,0.9,0.7194616564571881,0.0036221634722109933,0.005139785669909441,0.23626562774249737,-0.18053834354281195,mixed
0.6,0.6910899634391254,0.9,0.4078905312774723,0.0036225137268419707,0.007679940563605686,0.09108996343912545,-0.4921094687225277,mixed
0.6,0.6065868094505297,0.9,0.3203101311620399,0.003624103389202852,0.006813062777664608,0.006586809450529696,-0.5796898688379601,disengagement_only
0.6,0.6755812119409927,0.9,0.37232404015147846,0.003624912267101356,0.0052626407053360524,0.07558121194099277,-0.5276759598485216,mixed
0.6,0.8336491947303112,0.9,0.7450692039045854,0.003625644755219714,0.009610695474867453,0.2336491947303112,-0.1549307960954146,mixed
0.6,0.8400800350530695,0.9,0.7722157927956019,0.0036264933194496292,0.009567063688693173,0.24008003505306952,-0.1277842072043981,mixed
0.6,0.6230359587357425,0.9,0.33837405190837505,0.0036273549969875565,0.008072135565523636,0.02303595873574249,-0.561625948091625,disengagement_only
0.6,0.8458403551954254,0.9,0.7963209058626393,0.00362735922274767,0.009295592657395435,0.24584035519542546,-0.10367909413736076,mixed
0.6,0.6911815823710309,0.9,0.406745586029715,0.003629295906962239,0.007394825638982139,0.09118158237103091,-0.493254413970285,mixed
0.6,0.6049793232183579,0.9,0.2753942388889671,0.0036299297182154607,0.005695564571730843,0.004979323218357923,-0.6246057611110329,disengagement_only
0.6,0.8262677249272234,0.9,0.7014148008036251,0.003631717035843781,0.007715020387368737,0.22626772492722347,-0.19858519919637496,mixed
0.6,0.5745864416795953,0.9,0.24722211639236572,0.003634394581023918,0.008507630675092082,-0.025413558320404706,-0.6527778836076343,disengagement_only
0.6,0.6276198851699962,0.9,0.34350354253394705,0.0036359682833746187,0.008374757454652465,0.02761988516999625,-0.5564964574660529,disengagement_only
0.6,0.8368023922055078,0.9,0.758665874978069,0.003636271247145649,0.009655377887996003,0.2368023922055078,-0.141334125021931,mixed
0.6,0.8796266219774975,0.9,0.855539669891223,0.0036381908465339605,0.004601757972155174,0.27962662197749755,-0.044460330108777035,improvement_only
0.6,0.8477850401716145,0.9,0.7487683868586725,0.0036392529564764392,0.005285625186715576,0.2477850401716145,-0.1512316131413275,mixed
0.6,0.8288720786015835,0.9,0.724357013603246,0.003639590997464903,0.009413967197834022,0.22887207860158354,-0.17564298639675402,mixed
0.6,0.6779445206532814,0.9,0.3997897327418303,0.0036404737509237346,0.00952602913866496,0.07794452065328139,-0.5002102672581697,mixed
0.6,0.6732700504827289,0.9,0.3947786011080051,0.0036430252387743265,0.009637980698442239,0.07327005048272894,-0.5052213988919949,mixed
0.6,0.559047945852964,0.9,0.2358630827633961,0.0036430520446743405,0.009438351582985754,-0.040952054147035954,-0.664136917236604,disengagement_only
0.6,0.5602288576802343,0.9,0.23663401848892854,0.0036432268787282853,0.009388290979295888,-0.03977114231976564,-0.6633659815110715,disengagement_only
0.6,0.8347461568917762,0.9,0.7501545072045697,0.003643710982823469,0.009677685740403286,0.23474615689177625,-0.14984549279543036,mixed
0.6,0.8358495963263833,0.9,0.7180443283285698,0.0036438483477981617,0.00517024156572235,0.23584959632638336,-0.18195567167143023,mixed
0.6,0.830456917936097,0.9,0.7316884672672695,0.0036445005385320056,0.009553787168446959,0.23045691793609702,-0.16831153273273047,mixed
0.6,0.6908506582396181,0.9,0.4109003492422837,0.003647892132759839,0.008429704240576957,0.09085065823961813,-0.48909965075771633,mixed
0.6,0.6158797933383154,0.9,0.33062695453030366,0.0036483976970415276,0.0076066154167755695,0.015879793338315462,-0.5693730454696964,disengagement_only
0.6,0.6414959172563552,0.9,0.31906010064953205,0.0036488219966218714,0.0049100017578729005,0.041495917256355264,-0.580939899350468,disengagement_only
0.6,0.564154622094924,0.9,0.2392724803243952,0.0036492940763034514,0.009207211970266443,-0.035845377905076026,-0.6607275196756048,disengagement_only
0.6,0.8738696025855,0.9,0.8330886391662161,0.0036493116650664647,0.004707716689967473,0.27386960258549997,-0.0669113608337839,mixed
0.6,0.8507524272270415,0.9,0.7570037347422474,0.0036518010483996698,0.005279406814834103,0.2507524272270415,-0.14299626525775266,mixed
0.6,0.8586814604666958,0.9,0.7809316430097988,0.0036518672514616003,0.005159277066477508,0.2586814604666958,-0.11906835699020124,mixed
0.6,0.6410276012843804,0.9,0.35858425868730015,0.0036518949368946475,0.009091138624722661,0.04102760128438043,-0.5414157413126999,disengagement_only
0.6,0.8290209002604305,0.9,0.7036691369496437,0.0036519446415028125,0.0066555922546153445,0.22902090026043054,-0.1963308630503563,mixed
0.6,0.6792015565315523,0.9,0.3785652939272274,0.003654495589228,0.005279980362832337,0.07920155653155236,-0.5214347060727726,mixed
0.6,0.8263079557622822,0.9,0.7123651855673092,0.0036549650332221447,0.009136167583150057,0.22630795576228224,-0.1876348144326908,mixed
0.6,0.6778793883761689,0.9,0.3760695644314048,0.003656841622996564,0.0052980088789607305,0.07787938837616892,-0.5239304355685952,mixed
0.6,0.6205557781472119,0.9,0.33583322671902127,0.003657944327222797,0.007959316436487202,0.02055577814721188,-0.5641667732809788,disengagement_only
0.6,0.8924392692873071,0.9,0.9119040451148117,0.003658884812531591,0.006821413746165156,0.2924392692873071,0.01190404511481169,improvement_only
0.6,0.6124727511036887,0.9,0.28328762643646804,0.0036597060899418317,0.0049299694414827455,0.012472751103688728,-0.616712373563532,disengagement_only
0.6,0.8278524167632637,0.9,0.7203742017895507,0.003660779781030036,0.009411216522810406,0.22785241676326373,-0.17962579821044933,mixed
0.6,0.5606163063858447,0.9,0.23675202533963247,0.003664064439236664,0.009414994191551826,-0.03938369361415528,-0.6632479746603676,disengagement_only
0.6,0.6856000448900105,0.9,0.40789672032343344,0.0036648857700108083,0.009248864594673917,0.0856000448900105,-0.4921032796765666,mixed
0.6,0.8358853508685343,0.9,0.7176873058053376,0.003665091597699358,0.005213046266506455,0.23588535086853435,-0.18231269419466245,mixed
0.6,0.8247520140572905,0.9,0.7025800913177086,0.003665408674289027,0.008613823089988426,0.2247520140572905,-0.19741990868229142,mixed
0.6,0.6874493953604066,0.9,0.39498121169751954,0.0036654455232471785,0.005765943693112452,0.08744939536040663,-0.5050187883024805,mixed
0.6,0.8706293870881021,0.9,0.8210086192079389,0.003665589957093569,0.004830350017453494,0.27062938708810214,-0.07899138079206114,mixed
0.6,0.850126177417618,0.9,0.7549889532526441,0.0036669169825473643,0.0053038057420771445,0.250126177417618,-0.14501104674735588,mixed
0.6,0.8271763846760557,0.9,0.7174062848498264,0.0036673397499231647,0.00936338631120473,0.22717638467605572,-0.18259371515017364,mixed
0.6,0.8756069883071409,0.9,0.839444674359328,0.0036673524393039596,0.004678917898100848,0.2756069883071409,-0.06055532564067201,mixed
0.6,0.6926936694568524,0.9,0.4099348507346776,0.003668270729719599,0.007682250826065468,0.09269366945685242,-0.4900651492653224,mixed
0.6,0.6751833641771338,0.9,0.39722335065604836,0.0036699306634991238,0.009689560207829545,0.07518336417713378,-0.5027766493439516,mixed
0.6,0.5713804052464735,0.9,0.24448005742561282,0.0036703672587571293,0.008802939228384335,-0.02861959475352649,-0.6555199425743872,disengagement_only
0.6,0.607688225690736,0.9,0.32179127414707487,0.0036704940363842305,0.006987666743985127,0.007688225690736017,-0.5782087258529252,disengagement_only
0.6,0.673242636460092,0.9,0.3951026585409604,0.00367125056440418,0.009722918708126499,0.07324263646009199,-0.5048973414590396,mixed
0.6,0.6925405356455034,0.9,0.40819377065008733,0.0036732305405711707,0.007334064360343506,0.09254053564550346,-0.4918062293499127,mixed
0.6,0.6505497664480141,0.9,0.3315809225043711,0.0036732633139153416,0.005109876049605444,0.05054976644801412,-0.5684190774956289,mixed
0.6,0.858764303009669,0.9,0.7809169735361337,0.0036736679854648437,0.0051840853498971995,0.258764303009669,-0.11908302646386637,mixed
0.6,0.8480611844272085,0.9,0.7490296377498689,0.003674017530590221,0.005331373732446437,0.24806118442720848,-0.15097036225013116,mixed
0.6,0.8905726622278943,0.9,0.9027274902912006,0.0036741159610312836,0.006424578899705699,0.29057266222789435,0.0027274902912005627,improvement_only
0.6,0.8372883833145809,0.9,0.7208375847255001,0.0036742003150468743,0.005265214839520582,0.2372883833145809,-0.17916241527449994,mixed
0.6,0.6921035235990284,0.9,0.40647581799958143,0.0036745020707584135,0.007071488652987429,0.0921035235990284,-0.4935241820004186,mixed
0.6,0.8245076923326634,0.9,0.7019339730885082,0.003675358032764533,0.008648148668068179,0.22450769233266343,-0.19806602691149178,mixed
0.6,0.6894849184742066,0.9,0.39935685123487347,0.003675960008752609,0.0061979961657053495,0.08948491847420659,-0.5006431487651266,mixed
0.6,0.5777917271389493,0.9,0.2893033798430339,0.003678276368100039,0.004650320603132474,-0.02220827286105065,-0.6106966201569661,disengagement_only
0.6,0.6486251014966359,0.9,0.3673591842494256,0.0036784754449601127,0.009430149098438645,0.0486251014966359,-0.5326408157505744,disengagement_only
0.6,0.6918371692468488,0.9,0.4053641663323632,0.0036794057773337084,0.006896359951334197,0.09183716924684882,-0.4946358336676368,mixed
0.6,0.8277230468551752,0.9,0.7205037582417314,0.003680132851352253,0.009493372121913951,0.2277230468551752,-0.17949624175826862,mixed
0.6,0.6808591842705073,0.9,0.3812773299758221,0.0036815060130411578,0.005306717304640746,0.08085918427050731,-0.5187226700241779,mixed
0.6,0.5686385610876479,0.9,0.2792811100273305,0.003684944629255382,0.004781151002464873,-0.0313614389123521,-0.6207188899726694,disengagement_only
0.6,0.686201191228944,0.9,0.39183614261083966,0.00368548790036501,0.005388761775417361,0.08620119122894399,-0.5081638573891604,mixed
0.6,0.8634179255212668,0.9,0.7958346228185282,0.0036858656504799255,0.005081761248317357,0.26341792552126686,-0.10416537718147179,mixed
0.6,0.8324186304045076,0.9,0.7412657522305627,0.003685953538222329,0.00976828851742706,0.2324186304045076,-0.15873424776943734,mixed
0.6,0.8296872974213074,0.9,0.7038108496598834,0.0036862421037516567,0.006345658033445278,0.22968729742130745,-0.19618915034011664,mixed
0.6,0.6786953308849424,0.9,0.4012698429886895,0.003686665526332448,0.009663610319019272,0.0786953308849424,-0.4987301570113105,mixed
0.6,0.6515858343199551,0.9,0.3707841184612774,0.0036868680544768257,0.009538348681380593,0.051585834319955115,-0.5292158815387227,mixed
0.6,0.8262280272525513,0.9,0.6981163170276634,0.0036869601356479304,0.007300297902232883,0.2262280272525513,-0.2018836829723366,mixed
0.6,0.8413759144191999,0.9,0.7308089695792875,0.0036876311839964147,0.005349162477978703,0.24137591441919992,-0.16919103042071248,mixed
0.6,0.840040820504296,0.9,0.7273766763394374,0.0036887734701065017,0.005337099209368257,0.24004082050429598,-0.17262332366056266,mixed
0.6,0.6877048933917245,0.9,0.3949432536338415,0.003690026777500234,0.0056866243847981945,0.08770489339172449,-0.5050567463661586,mixed
0.6,0.5576517171161645,0.9,0.23464474747636183,0.0036905053941831043,0.009597261731520479,-0.04234828288383552,-0.6653552525236381,disengagement_only
0.6,0.8284394582797566,0.9,0.7012520067891013,0.0036940699901810404,0.006627541984893182,0.22843945827975665,-0.19874799321089875,mixed
0.6,0.8388777178136623,0.9,0.7243478324040578,0.0036948919324724843,0.005331235661899997,0.2388777178136623,-0.17565216759594227,mixed
0.6,0.8257499314984682,0.9,0.7116138030217909,0.0036951929629611044,0.00931526577644573,0.22574993149846823,-0.18838619697820913,mixed
0.6,0.5516416082311473,0.9,0.23102524171037989,0.003695567357557616,0.009782273501002747,-0.048358391768852704,-0.6689747582896202,disengagement_only
0.6,0.8333843893805738,0.9,0.745567864303494,0.0036956670193112016,0.009811950121438623,0.23338438938057382,-0.15443213569650605,mixed
0.6,0.6590363001417483,0.9,0.3440600201934577,0.0036961965240714712,0.005274109700597496,0.05903630014174832,-0.5559399798065423,mixed
0.6,0.8553881508449456,0.9,0.8374868545955738,0.0036963633109388795,0.00855223442623701,0.2553881508449456,-0.0625131454044262,mixed
0.6,0.8373312543565605,0.9,0.7204974569358404,0.0036974300633693187,0.005308145405013925,0.23733125435656055,-0.17950254306415958,mixed
0.6,0.8267680263517546,0.9,0.6983030230751347,0.0036994252977084825,0.0070609178550406215,0.22676802635175464,-0.20169697692486532,mixed
0.6,0.6919761598047858,0.9,0.40478918687393084,0.003700344934085048,0.006727195736023761,0.0919761598047858,-0.4952108131260692,mixed
0.6,0.8247385423330921,0.9,0.7064982730299778,0.0037010974755153905,0.009140324749570689,0.2247385423330921,-0.19350172697002221,mixed
0.6,0.8446639938413297,0.9,0.7392490982229699,0.0037028068565233734,0.005385256750796097,0.24466399384132975,-0.1607509017770301,mixed
0.6,0.852400866828751,0.9,0.8249476449330969,0.003702875736907983,0.008882566561982802,0.25240086682875107,-0.07505235506690311,mixed
0.6,0.5548280320295561,0.9,0.23280104800927934,0.003704741980161509,0.009726439038396345,-0.04517196797044387,-0.6671989519907207,disengagement_only
0.6,0.8561140469498014,0.9,0.840700105505162,0.0037066797628282446,0.008482456192060533,0.25611404694980144,-0.05929989449483797,mixed
0.6,0.5928545001295488,0.9,0.30586293594561265,0.00370746410121432,0.0056301319226503,-0.007145499870451211,-0.5941370640543874,disengagement_only
0.6,0.823600847808294,0.9,0.697640788765319,0.0037080004133832984,0.0085206784584419,0.22360084780829403,-0.20235921123468104,mixed
0.6,0.8308379040589451,0.9,0.7055228708244087,0.0037080068772657494,0.005998638002349038,0.2308379040589451,-0.19447712917559135,mixed
0.6,0.5834200977948959,0.9,0.2541956293991069,0.003708027890415434,0.007933090400777554,-0.01657990220510408,-0.6458043706008931,disengagement_only
0.6,0.8341403514796556,0.9,0.749073018403446,0.0037112084926970343,0.009859421467962787,0.23414035147965562,-0.15092698159655404,mixed
0.6,0.6046094913067679,0.9,0.3186791791426049,0.0037119380390573807,0.006788697717221376,0.00460949130676791,-0.5813208208573951,disengagement_only
0.6,0.6741102432921254,0.9,0.3965794819550412,0.0037124975552639975,0.009834628442314725,0.07411024329212546,-0.5034205180449588,mixed
0.6,0.6086565658181775,0.9,0.2788003851445169,0.003712750765464217,0.005437306026985833,0.00865656581817753,-0.6211996148554831,disengagement_only
0.6,0.8312507652491934,0.9,0.7369717815958341,0.0037130164686274485,0.009824114740023232,0.2312507652491934,-0.16302821840416593,mixed
0.6,0.6756381388212517,0.9,0.3712486515777098,0.0037130765801000835,0.005399087906226646,0.0756381388212517,-0.5287513484222902,mixed
0.6,0.8561926533875269,0.9,0.8411260909165655,0.0037138230341751226,0.008483338820028802,0.25619265338752695,-0.058873909083434484,mixed
0.6,0.6909167219865688,0.9,0.4135436247001718,0.0037142489233909413,0.009009029633721383,0.09091672198656886,-0.4864563752998282,mixed
0.6,0.8691398706949367,0.9,0.8967168352568196,0.0037143960012322045,0.006508305060782371,0.2691398706949367,-0.0032831647431804667,improvement_only
0.6,0.6832240250896258,0.9,0.38528903418512095,0.003714412090621502,0.005330511100259727,0.08322402508962579,-0.5147109658148791,mixed
0.6,0.6287722867862311,0.9,0.3453250920692341,0.0037169641965310502,0.0085892218916295,0.028772286786231116,-0.5546749079307659,disengagement_only
0.6,0.6914958387192275,0.9,0.41414247022767975,0.003720865323276003,0.008976697502113135,0.0914958387192275,-0.4858575297723203,mixed
0.6,0.8386121940953216,0.9,0.7678230073890001,0.003721780395467874,0.009820319413839679,0.23861219409532164,-0.1321769926109999,mixed
0.6,0.8823512061485527,0.9,0.8656986894115009,0.0037221475048375176,0.004814578463190056,0.2823512061485527,-0.03430131058849917,improvement_only
0.6,0.6936848560005632,0.9,0.41507969631439023,0.0037226592153096136,0.008552434826593347,0.0936848560005632,-0.4849203036856098,mixed
0.6,0.8721194797629886,0.9,0.8257488661937633,0.003722744635054532,0.004846104787804423,0.27211947976298867,-0.07425113380623671,mixed
0.6,0.6946220798084805,0.9,0.414531015398952,0.003725042706453671,0.00815734369017701,0.09462207980848047,-0.48546898460104804,mixed
0.6,0.6767390391319932,0.9,0.39966771913703564,0.003725252216099479,0.009834556832684277,0.0767390391319932,-0.5003322808629644,mixed
0.6,0.5990929413287976,0.9,0.3127491124587185,0.0037253671109105046,0.006295819869084923,-0.0009070586712023321,-0.5872508875412815,disengagement_only
0.6,0.8574963509625678,0.9,0.8468799862464262,0.0037306300097946048,0.008347241698284519,0.25749635096256784,-0.05312001375357378,mixed
0.6,0.6950174000950763,0.9,0.41477163970448516,0.003733872359857253,0.00809640952777635,0.09501740009507631,-0.48522836029551486,mixed
0.6,0.6947471666272014,0.9,0.4154706603466153,0.0037345250986975283,0.008331223981316499,0.0947471666272014,-0.48452933965338474,mixed
0.6,0.6150052547236221,0.9,0.33020408767137754,0.0037351214886125485,0.0076908279122962775,0.01500525472362213,-0.5697959123286225,disengagement_only
0.6,0.8251313552549058,0.9,0.7104707833611026,0.0037353052371693635,0.009472051945750015,0.2251313552549058,-0.18952921663889744,mixed
0.6,0.8402686972853509,0.9,0.7749047802898479,0.003735626854955669,0.00979263282775289,0.24026869728535094,-0.12509521971015214,mixed
0.6,0.636277421377321,0.9,0.3538600366471977,0.0037368313198260948,0.009033419867056053,0.03627742137732104,-0.5461399633528023,disengagement_only
0.6,0.6811337918079851,0.9,0.4046508093589054,0.003737340028400642,0.009767136549061889,0.08113379180798508,-0.4953491906410946,mixed
0.6,0.8288079060844521,0.9,0.7271866101069835,0.0037377400223286925,0.009813885017164375,0.22880790608445212,-0.17281338989301653,mixed
0.6,0.8292790844090334,0.9,0.7015470898906893,0.0037379391808758013,0.006253603960328508,0.22927908440903344,-0.19845291010931077,mixed
0.6,0.8262927826083017,0.9,0.7160600940531733,0.003737943196012034,0.009629965436781851,0.22629278260830177,-0.18393990594682674,mixed
0.6,0.8286031750107394,0.9,0.7002084596680219,0.0037381565803896806,0.0064115393690839795,0.22860317501073946,-0.1997915403319781,mixed
0.6,0.8513714225115111,0.9,0.7575966454484442,0.0037390006793254164,0.005393369800294173,0.2513714225115111,-0.14240335455155584,mixed
0.6,0.5832728242728515,0.9,0.2538840749551128,0.003739061274935893,0.008000883787748228,-0.016727175727148436,-0.6461159250448872,disengagement_only
0.6,0.687298953993131,0.9,0.39295993562120113,0.003741181773575472,0.005344887391491054,0.08729895399313103,-0.5070400643787989,mixed
0.6,0.8504040037458171,0.9,0.7547491381523261,0.0037413941788881394,0.005404711786219124,0.25040400374581717,-0.14525086184767388,mixed
0.6,0.6953500862420904,0.9,0.4153121587447076,0.0037430099122061637,0.008120490928377577,0.0953500862420904,-0.4846878412552924,mixed
0.6,0.6954308441165141,0.9,0.41494510022419084,0.003743733133027734,0.00801508624153105,0.09543084411651415,-0.4850548997758092,mixed
0.6,0.6144487026940226,0.9,0.2849622395328396,0.0037453102090297596,0.0049169223402692475,0.014448702694022653,-0.6150377604671604,disengagement_only
0.6,0.6189224912387701,0.9,0.2900552361258758,0.003745735559874895,0.004760077032590709,0.0189224912387701,-0.6099447638741242,disengagement_only
0.6,0.6270575752575395,0.9,0.2997289138943068,0.0037478018291049594,0.004767466981780932,0.02705757525753949,-0.6002710861056932,disengagement_only
0.6,0.6296430229775803,0.9,0.30292216208748635,0.003748089429044213,0.004800345923789084,0.02964302297758037,-0.5970778379125137,disengagement_only
0.6,0.834895447521426,0.9,0.7136769044073255,0.0037482531716912064,0.005346785514723396,0.234895447521426,-0.18632309559267457,mixed
0.6,0.6345751629408487,0.9,0.3091725042519782,0.003748871462868519,0.004883456132359687,0.034575162940848725,-0.5908274957480218,disengagement_only
0.6,0.6075367372623022,0.9,0.3221012555641092,0.003749451490641823,0.00711004933906062,0.0075367372623021955,-0.5778987444358908,disengagement_only
0.6,0.6738294477084892,0.9,0.36761871580890804,0.0037501510194052927,0.005452437610121735,0.0738294477084892,-0.532381284191092,mixed
0.6,0.6320032862531594,0.9,0.3491699661276536,0.0037519248785210894,0.008837079713127055,0.0320032862531594,-0.5508300338723464,disengagement_only
0.6,0.8360708079983141,0.9,0.7579036625744393,0.003752470659335086,0.009948811140406716,0.23607080799831415,-0.14209633742556071,mixed
0.6,0.8260394102281512,0.9,0.6951174842085983,0.0037528775394676684,0.006997308101642036,0.22603941022815122,-0.2048825157914017,mixed
0.6,0.8896555098293245,0.9,0.8974200695248223,0.003753259175469821,0.006308047276297718,0.28965550982932453,-0.002579930475177683,improvement_only
0.6,0.5793227993160427,0.9,0.25039461165459664,0.0037552037442764273,0.008361340875412446,-0.020677200683957286,-0.6496053883454034,disengagement_only
0.6,0.8645826368352767,0.9,0.8775279466818893,0.003756393611966258,0.007358043916929624,0.2645826368352767,-0.022472053318110752,improvement_only
0.6,0.8559377867479552,0.9,0.7710165831823583,0.0037596274403865143,0.005353768565969863,0.2559377867479552,-0.1289834168176417,mixed
0.6,0.8443940398347667,0.9,0.792352743806571,0.0037610244387188073,0.009629894080770723,0.2443940398347667,-0.10764725619342908,mixed
0.6,0.8654624473490544,0.9,0.8813805387415795,0.003761551783913523,0.007218951832940634,0.26546244734905444,-0.01861946125842051,improvement_only
0.6,0.8648853619975697,0.9,0.8788997252791378,0.003762051639210537,0.007315550007859689,0.26488536199756973,-0.021100274720862178,improvement_only
0.6,0.6313547010667094,0.9,0.34851510711478706,0.0037623781542634625,0.008820070162716798,0.031354701066709456,-0.551484892885213,disengagement_only
0.6,0.681121816578572,0.9,0.40503300409255183,0.0037636972203064023,0.009859662040455214,0.08112181657857198,-0.4949669959074482,mixed
0.6,0.6945542115849117,0.9,0.41740862371102333,0.003764920737345838,0.008821080549579502,0.09455421158491173,-0.4825913762889767,mixed
0.6,0.8608274646729923,0.9,0.861524833434067,0.003765649444861613,0.007945665055678647,0.26082746467299234,-0.03847516656593297,improvement_only
0.6,0.8737675324779213,0.9,0.8313418752020376,0.0037658528386436,0.004854661621520456,0.2737675324779213,-0.0686581247979624,mixed
0.6,0.6959349643368121,0.9,0.4172730834348607,0.003766044335078093,0.008387439331485086,0.09593496433681215,-0.48272691656513933,mixed
0.6,0.6820630639448607,0.9,0.4061015584009383,0.0037665317195735176,0.009841295227657448,0.08206306394486074,-0.4938984415990617,mixed
0.6,0.6924343196033893,0.9,0.41624574983904994,0.003766787982270928,0.009178492581401826,0.09243431960338933,-0.4837542501609501,mixed
0.6,0.8721578083168345,0.9,0.9104499569098174,0.0037689333293187246,0.005980242105534411,0.27215780831683456,0.010449956909817426,improvement_only
0.6,0.8421936665065827,0.9,0.7833932110013309,0.003769115324121718,0.009771019328241842,0.2421936665065827,-0.11660678899866916,mixed
0.6,0.8706642016880483,0.9,0.8199002775078386,0.003770410904918814,0.0049567174530706914,0.2706642016880483,-0.08009972249216146,mixed
0.6,0.6939827059742552,0.9,0.41742109316776066,0.0037714019262494614,0.008990862312004105,0.09398270597425518,-0.48257890683223936,mixed
0.6,0.8658026164300043,0.9,0.802828255514223,0.0037719178255065087,0.005114314135368753,0.26580261643000436,-0.09717174448577703,mixed
0.6,0.5853725702169483,0.9,0.29811554031048737,0.0037723369517590356,0.004968662648858563,-0.014627429783051649,-0.6018844596895127,disengagement_only
0.6,0.8983516087130785,0.9,0.9409244171145792,0.0037725442874176193,0.008240338503257325,0.29835160871307853,0.04092441711457917,improvement_only
0.6,0.8381331150735752,0.9,0.7667562529654616,0.003772727477248307,0.009946274845418518,0.23813311507357526,-0.13324374703453845,mixed
0.6,0.8243625992800535,0.9,0.708497709794093,0.003773653564556995,0.009592064412929535,0.22436259928005353,-0.19150229020590703,mixed
0.6,0.6877364098918511,0.9,0.4122461180367281,0.0037770781943805795,0.00963307815877476,0.08773640989185116,-0.4877538819632719,mixed
0.6,0.8544247326539708,0.9,0.7661709748923177,0.003777357572677845,0.005403796502129465,0.2544247326539708,-0.13382902510768235,mixed
0.6,0.8444051651878888,0.9,0.7926681451385711,0.0037787028761461956,0.00966122982394671,0.2444051651878888,-0.10733185486142893,mixed
0.6,0.8998084453709679,0.9,0.9489801859367558,0.0037788415644714607,0.008554338041826412,0.29980844537096796,0.04898018593675579,improvement_only
0.6,0.8802723138734732,0.9,0.9458102684198981,0.0037801470318575285,0.004782508069944236,0.2802723138734732,0.045810268419898104,improvement_only
0.6,0.6584903131964991,0.9,0.3794816794104827,0.0037809224125593876,0.009912485432303164,0.05849031319649911,-0.5205183205895173,mixed
0.6,0.8674498458925993,0.9,0.808391560069725,0.003781380823529338,0.005067801223944318,0.26744984589259935,-0.09160843993027501,mixed
0.6,0.8351483192893394,0.9,0.7136155211222214,0.0037819018241995687,0.0054156454058450765,0.23514831928933944,-0.18638447887777865,mixed
0.6,0.6438913892112363,0.9,0.36279796196904834,0.003782599214005649,0.009464814383345233,0.043891389211236365,-0.5372020380309517,disengagement_only
0.6,0.6517129302123592,0.9,0.3323677453846281,0.0037827707245572436,0.005254922695809294,0.05171293021235923,-0.5676322546153719,mixed
0.6,0.5687902759143207,0.9,0.24180612582276004,0.0037836763519799154,0.00919353178299083,-0.031209724085679236,-0.65819387417724,disengagement_only
0.6,0.6828872126787656,0.9,0.3835118432483062,0.0037841649836456532,0.0054657820677867786,0.08288721267876564,-0.5164881567516939,mixed
0.6,0.8653363221503044,0.9,0.8811086667121726,0.0037842220108192195,0.007268420218413674,0.26533632215030445,-0.01889133328782744,improvement_only
0.6,0.6463835707457578,0.9,0.3247694909802723,0.003784330049857713,0.005162109123212993,0.04638357074575783,-0.5752305090197277,disengagement_only
0.6,0.6136771373024963,0.9,0.32904994702160345,0.0037847915765724643,0.007674161722909439,0.013677137302496312,-0.5709500529783966,disengagement_only
0.6,0.572141627498551,0.9,0.28375753031653506,0.003785036708681917,0.004828119071027676,-0.027858372501448958,-0.616242469683465,disengagement_only
0.6,0.8235993127411306,0.9,0.6902690596163183,0.0037851453770208526,0.007537446153059596,0.22359931274113065,-0.20973094038368167,mixed
0.6,0.854406270759357,0.9,0.7660085853259189,0.0037855010184117454,0.005414537424427768,0.25440627075935707,-0.13399141467408116,mixed
0.6,0.696894876254812,0.9,0.41588814243272776,0.0037857720839214806,0.007799360237687097,0.09689487625481197,-0.48411185756727226,mixed
0.6,0.8944915805278075,0.9,0.9203949306321558,0.0037868357467798898,0.007419460598826574,0.29449158052780755,0.020394930632155805,improvement_only
0.6,0.6260112618043547,0.9,0.2981893136364362,0.003787862259203891,0.004803827431010238,0.026011261804354757,-0.6018106863635638,disengagement_only
0.6,0.8281092278336558,0.9,0.7256064158785961,0.003788088784142574,0.009963597138743702,0.22810922783365584,-0.17439358412140393,mixed
0.6,0.6781046800867878,0.9,0.3746606311055796,0.0037883676564398647,0.005507186419128202,0.07810468008678784,-0.5253393688944203,mixed
0.6,0.835111439522036,0.9,0.7133975809395564,0.0037886024026248417,0.005427152178871381,0.23511143952203606,-0.18660241906044361,mixed
0.6,0.8364192331039432,0.9,0.716567016196647,0.0037886220666005477,0.005452610437565231,0.2364192331039432,-0.18343298380335304,mixed
0.6,0.6671787900120195,0.9,0.3560453163160163,0.0037888165234168073,0.005469294257266388,0.06717879001201954,-0.5439546836839837,mixed
0.6,0.6815124536392283,0.9,0.38085911746612733,0.003789277056090421,0.005489036103874412,0.08151245363922832,-0.5191408825338727,mixed
0.6,0.825355196512975,0.9,0.6926607044538603,0.003789430348603785,0.00700532187330874,0.22535519651297498,-0.20733929554613972,mixed
0.6,0.8431741656328374,0.9,0.733893179895645,0.0037898273360510502,0.005511832484352691,0.24317416563283745,-0.16610682010435507,mixed
0.6,0.6921759665567712,0.9,0.4023458602462449,0.0037900984529431058,0.006119666480591784,0.09217596655677118,-0.4976541397537551,mixed
0.6,0.8622985182950789,0.9,0.8681250395462554,0.0037902546423511036,0.007760723370926398,0.2622985182950789,-0.031874960453744605,improvement_only
0.6,0.6674893691304536,0.9,0.35651540146005206,0.0037922427840945774,0.005475704332591785,0.06748936913045367,-0.5434845985399479,mixed
0.6,0.8922626669302479,0.9,0.9092810188142787,0.0037928670401377665,0.0069327314272590035,0.29226266693024794,0.009281018814278674,improvement_only
0.6,0.8584142296440704,0.9,0.8515741892833819,0.003793167320396514,0.008315293216273473,0.25841422964407046,-0.04842581071661811,improvement_only
0.6,0.6433361530823145,0.9,0.32049002967627377,0.003793215689372615,0.005106623927725679,0.04333615308231453,-0.5795099703237263,disengagement_only
0.6,0.6944055497528137,0.9,0.40754254733313616,0.003793222199042541,0.006655343966556704,0.09440554975281368,-0.49245745266686386,mixed
0.6,0.6708554747581467,0.9,0.3620630455138483,0.003793234048185847,0.0054957441884253,0.07085547475814669,-0.5379369544861516,mixed
0.6,0.8320345183262393,0.9,0.7421317118703272,0.0037944597253120067,0.010078074433473722,0.23203451832623934,-0.1578682881296728,mixed
0.6,0.8781902267115017,0.9,0.9369610256206836,0.003795192723860118,0.004884704172546578,0.27819022671150173,0.036961025620683596,improvement_only
0.6,0.6615727286905517,0.9,0.38317577830060734,0.0037968091254290274,0.010005750940510122,0.06157272869055175,-0.5168242216993927,mixed
0.6,0.8216916386265577,0.9,0.6884672563709311,0.00379692700917701,0.008216300403648541,0.22169163862655772,-0.21153274362906893,mixed
0.6,0.8592252319256956,0.9,0.7808305279887466,0.0037970171463592097,0.005322578462304717,0.2592252319256956,-0.11916947201125339,mixed
0.6,0.8246294372747764,0.9,0.710707316510976,0.0037971168833142973,0.00975307258573413,0.22462943727477647,-0.18929268348902406,mixed
0.6,0.5979874141940904,0.9,0.31197562320057726,0.003798242984952614,0.006312445125897681,-0.0020125858059095725,-0.5880243767994228,disengagement_only
0.6,0.6901055784371108,0.9,0.3976005724834464,0.003799434534628224,0.0056259453208162835,0.09010557843711087,-0.5023994275165536,mixed
0.6,0.568800168255201,0.9,0.2417155170548954,0.003799572736687113,0.00922346163052648,-0.03119983174479901,-0.6582844829451047,disengagement_only
0.6,0.8325503030469267,0.9,0.707162061931969,0.0037996466764762273,0.005383200217525086,0.2325503030469267,-0.19283793806803107,mixed
0.6,0.5677467265740446,0.9,0.2790100468068869,0.0038002364647047103,0.004929459502486799,-0.03225327342595541,-0.6209899531931131,disengagement_only
0.6,0.8810228702110315,0.9,0.859275707978318,0.003801183523004178,0.004840341329221065,0.28102287021103156,-0.04072429202168204,improvement_only
0.6,0.863595969245866,0.9,0.7950071212139378,0.003802962553518837,0.0052203905974234355,0.26359596924586604,-0.10499287878606223,mixed
0.6,0.8780619158835766,0.9,0.9365070702049982,0.003803957848293656,0.004905293315991099,0.27806191588357665,0.036507070204998215,improvement_only
0.6,0.5541547460438576,0.9,0.2316889907530805,0.0038046924930722715,0.009974904247664562,-0.04584525395614236,-0.6683110092469196,disengagement_only
0.6,0.6864235932156921,0.9,0.41149154790535886,0.0038097538000744875,0.009838744189046317,0.08642359321569215,-0.48850845209464117,mixed
0.6,0.8518863961858038,0.9,0.824228860991457,0.003809867119206613,0.009097943488294985,0.2518863961858038,-0.07577113900854304,mixed
0.6,0.632731303854922,0.9,0.3063880535854413,0.003810227002109465,0.004924011300514286,0.03273130385492207,-0.5936119464145587,disengagement_only
0.6,0.653556461657501,0.9,0.3348058748104579,0.003813013144798656,0.005317466438006735,0.05355646165750105,-0.565194125189542,mixed
0.6,0.8365501354689147,0.9,0.7164414127690715,0.0038130602854074464,0.005497194310834702,0.23655013546891468,-0.18355858723092855,mixed
0.6,0.688863856428206,0.9,0.39473763813570406,0.0038130681490006445,0.005410969742846133,0.08886385642820605,-0.505262361864296,mixed
0.6,0.8413216740255441,0.9,0.7285996873574963,0.0038136703598552284,0.005543532501472576,0.24132167402554416,-0.17140031264250377,mixed
0.6,0.6532248723596532,0.9,0.3737245061496036,0.00381541382244925,0.009856099387144074,0.05322487235965323,-0.5262754938503964,mixed
0.6,0.6935655109842105,0.9,0.40479821869733246,0.003816445458577276,0.006278876897686525,0.09356551098421051,-0.49520178130266757,mixed
0.6,0.8222535426973957,0.9,0.7002527418706267,0.0038167579850352396,0.009529738277463534,0.22225354269739572,-0.19974725812937333,mixed
0.6,0.8925958447986775,0.9,0.910577016716121,0.0038175056189199996,0.007034401174543944,0.2925958447986775,0.01057701671612099,improvement_only
0.6,0.8549771133382512,0.9,0.767319432059502,0.003818110426194285,0.0054459949327590185,0.25497711333825124,-0.13268056794049798,mixed
0.6,0.8644097461310946,0.9,0.7975499344827223,0.003818263907414002,0.005214970289550563,0.2644097461310946,-0.10245006551727776,mixed
0.6,0.664267714760804,0.9,0.3864923675709001,0.0038183030447718094,0.010095499730168905,0.06426771476080406,-0.5135076324290999,mixed
0.6,0.8816138844310129,0.9,0.8614960833533885,0.003818532905363837,0.00488557145081589,0.2816138844310129,-0.03850391664661157,improvement_only
0.6,0.8234080778300343,0.9,0.705964540313756,0.0038187760985548026,0.00972699001362723,0.22340807783003436,-0.19403545968624403,mixed
0.6,0.6949152082011951,0.9,0.4197239674475237,0.003819955728177615,0.009233219129662518,0.09491520820119514,-0.4802760325524763,mixed
0.6,0.6973650137563357,0.9,0.41458014957622846,0.0038199579415973506,0.007372322000490983,0.09736501375633577,-0.48541985042377156,mixed
0.6,0.5664087365223784,0.9,0.2397856951991104,0.0038239151647190594,0.009423855266339431,-0.033591263477621536,-0.6602143048008896,disengagement_only
0.6,0.6122965433583701,0.9,0.32777226504400375,0.0038239810011406077,0.007632630754611708,0.01229654335837016,-0.5722277349559963,disengagement_only
0.6,0.6927849801862963,0.9,0.4028260148933738,0.0038241499417885987,0.006056201651793908,0.09278498018629633,-0.49717398510662625,mixed
0.6,0.8717333597731366,0.9,0.9092578003139209,0.0038243753691550573,0.006131788205573613,0.2717333597731366,0.009257800313920872,improvement_only
0.6,0.67437493663904,0.9,0.3982320144304401,0.0038247182434296024,0.010154347596196739,0.07437493663904005,-0.5017679855695599,mixed
0.6,0.8284537743525869,0.9,0.69756334305512,0.00382482245360355,0.006140684486319381,0.22845377435258696,-0.20243665694488,mixed
0.6,0.6536598300851146,0.9,0.3743040294723512,0.0038249378133802204,0.00988860511181977,0.05365983008511466,-0.5256959705276488,mixed
0.6,0.6543621765340797,0.9,0.3358720082347723,0.0038271024869920094,0.0053462080827055,0.05436217653407971,-0.5641279917652278,mixed
0.6,0.8551249628123719,0.9,0.7676410322724655,0.0038281572930440825,0.005455934190363831,0.25512496281237196,-0.13235896772753453,mixed
0.6,0.8566898510639155,0.9,0.7724485652989252,0.0038292995984481573,0.005425081241462487,0.2566898510639155,-0.12755143470107477,mixed
0.6,0.6975776962930335,0.9,0.41451192183236735,0.0038323384576696546,0.007295474438506255,0.09757769629303348,-0.4854880781676327,mixed
0.6,0.8378498042668098,0.9,0.7666770771233358,0.0038344545990185723,0.010088557455022712,0.2378498042668098,-0.13332292287666425,mixed
0.6,0.8670089656429921,0.9,0.806214144411761,0.0038358996945824396,0.005148467044605226,0.26700896564299215,-0.09378585558823904,mixed
0.6,0.8517619171415891,0.9,0.8240576742950969,0.0038359712110390214,0.009150287604537122,0.25176191714158913,-0.07594232570490311,mixed
0.6,0.6934546698475927,0.9,0.40400834929511464,0.003836336857220692,0.006132894466251121,0.09345466984759276,-0.4959916507048854,mixed
0.6,0.682105540030826,0.9,0.40720592390575894,0.0038380793847341394,0.010086014332446436,0.08210554003082604,-0.4927940760942411,mixed
0.6,0.6984085808671254,0.9,0.4168790220383396,0.003838426725257866,0.0075777853246708216,0.09840858086712545,-0.4831209779616604,mixed
0.6,0.8251461181462344,0.9,0.6906356597218375,0.0038385332494205397,0.006838584831518113,0.22514611814623442,-0.20936434027816253,mixed
0.6,0.8563682785612992,0.9,0.7713332920040104,0.0038385555796123867,0.0054436612422126,0.2563682785612992,-0.12866670799598967,mixed
0.6,0.8287772521575312,0.9,0.6979061418295754,0.0038385649373834313,0.006027246556432719,0.2287772521575312,-0.20209385817042458,mixed
0.6,0.6926297284928283,0.9,0.40212719240026384,0.0038386104043502682,0.005942632939942655,0.09262972849282836,-0.4978728075997362,mixed
0.6,0.5788020227034032,0.9,0.2494551032908985,0.0038397819349042235,0.008556459514382983,-0.02119797729659678,-0.6505448967091015,disengagement_only
0.6,0.6910491677122131,0.9,0.39871850712750756,0.0038397850344296497,0.0056162753091861806,0.09104916771221316,-0.5012814928724925,mixed
0.6,0.8372715134007556,0.9,0.7644290581873048,0.0038406110305937878,0.010120359207787172,0.23727151340075558,-0.13557094181269524,mixed
0.6,0.8602549878934763,0.9,0.8600142455988674,0.0038414016484700337,0.008128033270086238,0.26025498789347634,-0.03998575440113261,improvement_only
0.6,0.8383194585695942,0.9,0.7203543147463186,0.003842774169010867,0.005568889191064769,0.23831945856959424,-0.1796456852536814,mixed
0.6,0.8308666659074997,0.9,0.7384063973187598,0.003843494843565039,0.01020645909881493,0.2308666659074997,-0.16159360268124023,mixed
0.6,0.8783397768763455,0.9,0.8479912588764177,0.0038438021613205102,0.004860773823909731,0.2783397768763455,-0.052008741123582336,mixed
0.6,0.8514570744240703,0.9,0.8228992308901126,0.0038446585708598194,0.009194093756320965,0.2514570744240703,-0.07710076910988739,mixed
0.6,0.6769162873116312,0.9,0.3718365724200732,0.003844954581458775,0.005591615793969967,0.07691628731163125,-0.5281634275799268,mixed
0.6,0.8843671701852898,0.9,0.8727339043062543,0.003845317136027557,0.005230977235816572,0.2843671701852898,-0.027266095693745718,improvement_only
0.6,0.8333409575736622,0.9,0.748536960613364,0.0038456158863140627,0.010210686759714815,0.23334095757366224,-0.15146303938663597,mixed
0.6,0.826421453164297,0.9,0.6928044040581445,0.003847611284447112,0.0065072312290329615,0.22642145316429707,-0.20719559594185555,mixed
0.6,0.693961129164159,0.9,0.40483645438233823,0.003848172299076366,0.0061753485044727385,0.093961129164159,-0.4951635456176618,mixed
0.6,0.8305371119043248,0.9,0.7015373289347093,0.003848440016553625,0.005634552597088172,0.2305371119043248,-0.1984626710652907,mixed
0.6,0.6966308401835751,0.9,0.4111567871923432,0.0038489590399484047,0.006824170230276649,0.09663084018357515,-0.4888432128076568,mixed
0.6,0.8782435692384001,0.9,0.847501153609691,0.003853195742605127,0.004872982986820429,0.2782435692384001,-0.052498846390308995,mixed
0.6,0.876457238270283,0.9,0.840512416815723,0.003854905197899957,0.004898873713930635,0.276457238270283,-0.05948758318427705,mixed
0.6,0.6535028448415648,0.9,0.3743737237482909,0.003855092858722431,0.009947338408879763,0.05350284484156487,-0.5256262762517091,mixed
0.6,0.8486256641786089,0.9,0.7480451094248366,0.003855588096808028,0.005573192107900471,0.24862566417860887,-0.15195489057516343,mixed
0.6,0.6176621550188228,0.9,0.3338879205022175,0.003856161355227524,0.008099470798067276,0.017662155018822845,-0.5661120794977825,disengagement_only
0.6,0.6751268354662008,0.9,0.3994740750049107,0.0038567054644846805,0.01023962557728944,0.0751268354662008,-0.5005259249950893,mixed
0.6,0.8769838364348489,0.9,0.932466608383233,0.0038586181255492688,0.0050838030428813075,0.2769838364348489,0.03246660838323301,improvement_only
0.6,0.622063981701541,0.9,0.29300137198652615,0.0038596663003158736,0.004878696150263373,0.022063981701541002,-0.6069986280134738,disengagement_only
0.6,0.8924768856046494,0.9,0.9094335665420087,0.003860497256827803,0.007056073747392297,0.29247688560464946,0.009433566542008665,improvement_only
0.6,0.6432054951516486,0.9,0.36260437126661316,0.003861039213115139,0.00958871668400943,0.04320549515164862,-0.5373956287333869,disengagement_only
0.6,0.5769131574680662,0.9,0.28943382310498855,0.003861186647678232,0.004880944948731536,-0.023086842531933827,-0.6105661768950115,disengagement_only
0.6,0.6850202788850872,0.9,0.3863555801048507,0.003861348311987634,0.005577708486857763,0.08502027888508723,-0.5136444198951493,mixed
0.6,0.5876703003810528,0.9,0.2570894176028735,0.0038621647938172163,0.00782518418918926,-0.012329699618947143,-0.6429105823971265,disengagement_only
0.6,0.819791420628778,0.9,0.6830883141305283,0.0038624361613095286,0.008399745413487175,0.219791420628778,-0.21691168586947174,mixed
0.6,0.857211091527396,0.9,0.8473424126535816,0.003862641982741188,0.008567192870279183,0.2572110915273961,-0.052657587346418455,mixed
0.6,0.5724468989084238,0.9,0.28457559524638887,0.0038648708539812593,0.004920133874494137,-0.02755310109157616,-0.6154244047536112,disengagement_only
0.6,0.6995257554127159,0.9,0.41886123586044544,0.003865160919574277,0.007688521761048922,0.09952575541271591,-0.4811387641395546,mixed
0.6,0.6298897923701441,0.9,0.3475667228314182,0.0038651644353730943,0.008922261594969505,0.029889792370144108,-0.5524332771685818,disengagement_only
0.6,0.852726085803667,0.9,0.8285085747156623,0.003867124706980903,0.009097476267677013,0.25272608580366707,-0.07149142528433772,mixed
0.6,0.827687360531352,0.9,0.7259575550731656,0.0038688087615499963,0.010223739270536158,0.22768736053135197,-0.1740424449268344,mixed
0.6,0.8284801958761602,0.9,0.7292198827289675,0.00386897640816663,0.010245154841507037,0.2284801958761602,-0.17078011727103248,mixed
0.6,0.8291345614105186,0.9,0.7319449718987976,0.003870981252531388,0.010264318771785547,0.22913456141051858,-0.16805502810120243,mixed
0.6,0.5744811975848908,0.9,0.24570342182483004,0.0038727574367257937,0.008956967718814449,-0.025518802415109176,-0.65429657817517,disengagement_only
0.6,0.5782886350260752,0.9,0.24882810308798478,0.003872962378561237,0.008658171671145604,-0.021711364973924785,-0.6511718969120153,disengagement_only
0.6,0.6605501707956334,0.9,0.34476523883463356,0.0038740388871833322,0.0055045169186861975,0.06055017079563341,-0.5552347611653665,mixed
0.6,0.5925559727047837,0.9,0.261560233162446,0.0038742242090184903,0.0073845893223876136,-0.0074440272952163156,-0.6384397668375541,disengagement_only
0.6,0.8231381972025278,0.9,0.6858601397677713,0.003874845772556932,0.007170323948055696,0.2231381972025278,-0.21413986023222875,mixed
0.6,0.819234599771419,0.9,0.6823337476713771,0.003875175842572993,0.008562970567812606,0.21923459977141901,-0.2176662523286229,mixed
0.6,0.698511393238815,0.9,0.4240135949799725,0.0038762995823440473,0.009124823548619043,0.09851139323881497,-0.47598640502002754,mixed
0.6,0.8245686560127459,0.9,0.713200931267292,0.0038778939121800315,0.01011446784630049,0.2245686560127459,-0.18679906873270802,mixed
0.6,0.6466596713243125,0.9,0.3244240643492689,0.0038792040915989097,0.005271792427613553,0.04665967132431248,-0.5755759356507311,disengagement_only
0.6,0.8803924095159502,0.9,0.8557804802389269,0.003879641352569845,0.004919532632113532,0.28039240951595024,-0.04421951976107308,improvement_only
0.6,0.8989765745318942,0.9,0.9427504937162413,0.003880740797214499,0.008504576096963715,0.2989765745318942,0.04275049371624129,improvement_only
0.6,0.8237445727873285,0.9,0.6866891499116944,0.0038815803379074914,0.006989774135111287,0.2237445727873285,-0.21331085008830564,mixed
0.6,0.8519586541737487,0.9,0.7573789303918206,0.003883689306617411,0.005578329046374786,0.25195865417374874,-0.14262106960817944,mixed
0.6,0.587120610747889,0.9,0.25646235742728957,0.0038839778802822944,0.007913761375211978,-0.012879389252110962,-0.6435376425727104,disengagement_only
0.6,0.8366875139194212,0.9,0.7155122750664512,0.0038845717339294995,0.005619539040774668,0.23668751391942122,-0.1844877249335488,mixed
0.6,0.6633926795364433,0.9,0.38611182781311376,0.003885017622068253,0.010238765709752018,0.06339267953644334,-0.5138881721868862,mixed
0.6,0.8193532628363526,0.9,0.689062242867411,0.0038856911361795175,0.009424414542337917,0.2193532628363526,-0.210937757132589,mixed
0.6,0.6737202588890335,0.9,0.3658569877491893,0.0038856914510570642,0.005635166634909594,0.07372025888903355,-0.5341430122508107,mixed
0.6,0.8346595670224157,0.9,0.7104590519115532,0.0038864432344413273,0.005593800987231917,0.23465956702241575,-0.1895409480884468,mixed
0.6,0.6579111647109902,0.9,0.34064360023208706,0.003886868087759224,0.005477418029323694,0.057911164710990226,-0.559356399767913,mixed
0.6,0.6990376167256667,0.9,0.42475179252768486,0.0038874697240267727,0.009131536170700866,0.09903761672566669,-0.47524820747231517,mixed
0.6,0.8675417014348574,0.9,0.8074384142507416,0.003888741819102531,0.005197834113373517,0.26754170143485745,-0.09256158574925843,mixed
0.6,0.6915582101593889,0.9,0.41838813785542084,0.0038900002443434515,0.009917751640298622,0.09155821015938892,-0.4816118621445792,mixed
0.6,0.5651436830201463,0.9,0.23844102929252475,0.0038914789777118536,0.009634278236551871,-0.034856316979853696,-0.6615589707074753,disengagement_only
0.6,0.6250468369057284,0.9,0.34232199304953037,0.003891934378110692,0.008671519793954974,0.025046836905728398,-0.5576780069504697,disengagement_only
0.6,0.6853331778991568,0.9,0.4116336778437528,0.0038922144214514048,0.010185559672180683,0.08533317789915684,-0.4883663221562472,mixed
0.6,0.8293028830725334,0.9,0.6977787106967867,0.003893253245899861,0.005753957025482231,0.22930288307253344,-0.20222128930321337,mixed
0.6,0.8641995160256588,0.9,0.7959394376009661,0.003893413405148119,0.005312570961178431,0.26419951602565883,-0.10406056239903394,mixed
0.6,0.8238370028713079,0.9,0.7105911701568683,0.0038937544646305343,0.01013182088918152,0.22383700287130792,-0.18940882984313168,mixed
0.6,0.8415069968481126,0.9,0.7825477662112599,0.003894079624638783,0.010045319565749167,0.2415069968481126,-0.11745223378874015,mixed
0.6,0.6643706269021776,0.9,0.350507871876556,0.0038949224640212497,0.005578705147731011,0.06437062690217765,-0.549492128123444,mixed
0.6,0.8548485778606978,0.9,0.7659293289126188,0.0038954428529605835,0.005546075786016125,0.2548485778606978,-0.13407067108738124,mixed
0.6,0.6849201806021067,0.9,0.4112367674081178,0.0038968215189661114,0.010213052157387437,0.08492018060210671,-0.4887632325918822,mixed
0.6,0.692534041334545,0.9,0.4195388806782109,0.00389693874339256,0.009891135708392729,0.09253404133454501,-0.48046111932178914,mixed
0.6,0.8502750800853699,0.9,0.7522317128961609,0.0038980320849526214,0.005617141521773644,0.2502750800853699,-0.14776828710383916,mixed
0.6,0.6597482981717376,0.9,0.34331524113382916,0.0038991327970066595,0.00552143308517683,0.05974829817173766,-0.5566847588661709,mixed
0.6,0.6811652355845683,0.9,0.3786906602561998,0.0038993457577633523,0.005667905332747636,0.08116523558456834,-0.5213093397438002,mixed
0.6,0.825474427502777,0.9,0.6894711713919998,0.0038993836933384905,0.006525957349183792,0.22547442750277702,-0.21052882860800026,mixed
0.6,0.8791643168736584,0.9,0.8506023907593976,0.0039000340895657053,0.004927771552032251,0.2791643168736584,-0.049397609240602436,improvement_only
0.6,0.8866622761946821,0.9,0.8820421543904671,0.003900091710476027,0.005801523400827319,0.2866622761946821,-0.017957845609532952,improvement_only
0.6,0.8274394968539878,0.9,0.6935404886777077,0.0039001605951272723,0.006109791861626551,0.2274394968539878,-0.20645951132229234,mixed
0.6,0.6328467368200995,0.9,0.3059121139699209,0.0039012602762615784,0.005030464693357106,0.03284673682009953,-0.5940878860300791,disengagement_only
0.6,0.8194292680811176,0.9,0.6796865943768424,0.00390255557471954,0.008108920019223698,0.21942926808111762,-0.2203134056231576,mixed
0.6,0.8334887797094767,0.9,0.707311454042777,0.003902938618264072,0.005602093106014644,0.23348877970947668,-0.19268854595722307,mixed
0.6,0.6118902297382949,0.9,0.3278082924929987,0.00390299465083697,0.007736003687467657,0.0118902297382949,-0.5721917075070013,disengagement_only
0.6,0.8431585917803337,0.9,0.7894244416032092,0.0039030281322235865,0.009964353188881808,0.24315859178033372,-0.11057555839679079,mixed
0.6,0.8470848686388902,0.9,0.7429894195441713,0.003903596760119162,0.005647622300584465,0.24708486863889023,-0.15701058045582872,mixed
0.6,0.5640916863701959,0.9,0.27561008140094045,0.003903953055372419,0.005131228459625603,-0.03590831362980407,-0.6243899185990596,disengagement_only
0.6,0.8297676124900056,0.9,0.6985822514862674,0.003904196030568297,0.005630749694692877,0.22976761249000566,-0.20141774851373262,mixed
0.6,0.8753393414620254,0.9,0.9258606414167173,0.003904733353818541,0.005451484505546833,0.27533934146202543,0.02586064141671729,improvement_only
0.6,0.6067747594227249,0.9,0.32220536275289596,0.003905500620834015,0.007311550526185928,0.006774759422724874,-0.5777946372471041,disengagement_only
0.6,0.8456730992506788,0.9,0.738982243683834,0.0039067288546341394,0.0056651705892454,0.24567309925067882,-0.161017756316166,mixed
0.6,0.6341492841117646,0.9,0.30753220789427044,0.003906739991197613,0.005057632608839929,0.034149284111764655,-0.5924677921057295,disengagement_only
0.6,0.8484054777372863,0.9,0.746701741752066,0.0039069474281403825,0.00564509554031814,0.24840547773728627,-0.15329825824793397,mixed
0.6,0.5738394126327062,0.9,0.24498137850382692,0.003907229459374893,0.009069200504893599,-0.026160587367293764,-0.6550186214961731,disengagement_only
0.6,0.7016449242749956,0.9,0.4256935847159732,0.0039095720980318535,0.008562425039667643,0.10164492427499561,-0.47430641528402684,mixed
0.6,0.8206727021926764,0.9,0.6806354272503584,0.003909741210547729,0.007645912645021541,0.22067270219267643,-0.2193645727496416,mixed
0.6,0.8585070027422146,0.9,0.8534280613869698,0.0039099908938240524,0.008462146658550246,0.2585070027422146,-0.04657193861303022,improvement_only
0.6,0.679039941253336,0.9,0.40466422777831695,0.003910601523334647,0.010363380302064573,0.07903994125333602,-0.49533577222168307,mixed
0.6,0.8239920820204096,0.9,0.6862194791838742,0.003911120347932402,0.006808238057573496,0.22399208202040966,-0.21378052081612586,mixed
0.6,0.8188236644596566,0.9,0.6882202785764856,0.003912695109820239,0.009564662467694218,0.21882366445965662,-0.21177972142351442,mixed
0.6,0.7017807355913068,0.9,0.4259499067544704,0.003913192278274891,0.008578026574633413,0.10178073559130685,-0.4740500932455296,mixed
0.6,0.6982146064267329,0.9,0.41284476511378804,0.0039135522783573145,0.0067418115983071125,0.09821460642673296,-0.487155234886212,mixed
0.6,0.8273787420783011,0.9,0.6930701910526268,0.003914208238712403,0.006077755655801903,0.2273787420783011,-0.20692980894737323,mixed
0.6,0.8448873061154394,0.9,0.7966840968118746,0.003915417719603893,0.009869912470153286,0.2448873061154394,-0.10331590318812545,mixed
0.6,0.6372044274478859,0.9,0.31141155824789185,0.003916076940651769,0.005123926329879458,0.03720442744788588,-0.5885884417521081,disengagement_only
0.6,0.8317670792445906,0.9,0.743602329892919,0.003917868000848428,0.010404897585818446,0.2317670792445906,-0.15639767010708105,mixed
0.6,0.852487405145578,0.9,0.8282078750860027,0.0039201510525088855,0.00920184366382229,0.252487405145578,-0.07179212491399733,mixed
0.6,0.5541691059784501,0.9,0.264559478603128,0.0039222353578442426,0.005404985925884925,-0.04583089402154983,-0.635440521396872,disengagement_only
0.6,0.8179311633059841,0.9,0.6835802870614496,0.003922957531259997,0.009356870227182179,0.21793116330598417,-0.21641971293855045,mixed
0.6,0.8282531528587845,0.9,0.6947539301370547,0.003923946654190483,0.005872797229375726,0.22825315285878456,-0.20524606986294536,mixed
0.6,0.8610920209206477,0.9,0.8646150026715204,0.003925435294843958,0.00811749591866795,0.26109202092064776,-0.03538499732847966,improvement_only
0.6,0.6879962002647266,0.9,0.3910183141303149,0.00392611468147295,0.00565696797846163,0.08799620026472665,-0.5089816858696852,mixed
0.6,0.553824954572728,0.9,0.23064057116240544,0.003926136754901318,0.010259347167345195,-0.04617504542727202,-0.6693594288375946,disengagement_only
0.6,0.668560006968848,0.9,0.3568865305801474,0.0039263909353452935,0.005657726171962751,0.06856000696884801,-0.5431134694198526,mixed
0.6,0.6380549929633147,0.9,0.31244083018468155,0.003927806172347882,0.0051548935398249285,0.038054992963314715,-0.5875591698153184,disengagement_only
0.6,0.8367402432706612,0.9,0.7638307331030076,0.003930494955926911,0.010330281099182742,0.23674024327066123,-0.13616926689699238,mixed
0.6,0.7014676259599133,0.9,0.4208205152396073,0.003930986392717617,0.0075481883738727495,0.10146762595991332,-0.47917948476039274,mixed
0.6,0.6789214965031546,0.9,0.40479725175160053,0.0039324654852435385,0.010428159585943758,0.07892149650315461,-0.4952027482483995,mixed
0.6,0.8361719720671777,0.9,0.7616133803963818,0.003934575926600107,0.010357666514276526,0.23617197206717777,-0.1383866196036182,mixed
0.6,0.6013214269249875,0.9,0.31642567786845144,0.00393647943308274,0.006870753194505946,0.00132142692498749,-0.5835743221315486,disengagement_only
0.6,0.6939375448518907,0.9,0.4218485914325264,0.003937941559434876,0.009996896830552715,0.09393754485189076,-0.4781514085674736,mixed
0.6,0.8721102303576708,0.9,0.823165911355374,0.003940206509034404,0.005114860616075412,0.2721102303576708,-0.07683408864462604,mixed
0.6,0.6298269450381757,0.9,0.3480032042592286,0.003940976872055845,0.00905501852259194,0.029826945038175734,-0.5519967957407714,disengagement_only
0.6,0.8401745792808848,0.9,0.7235549572800648,0.003941177838658653,0.005731092465250998,0.24017457928088481,-0.17644504271993522,mixed
0.6,0.7007605578956849,0.9,0.4282700512241003,0.003948136271891006,0.009391404351041327,0.10076055789568494,-0.47172994877589974,mixed
0.6,0.8892895001018449,0.9,0.8932538058855604,0.003949618031810199,0.0064426591712804515,0.28928950010184495,-0.006746194114439663,improvement_only
0.6,0.6067681909280809,0.9,0.32246549801366464,0.003950022269242534,0.00738723878317013,0.006768190928080897,-0.5775345019863354,disengagement_only
0.6,0.8190818006921454,0.9,0.6766187370656334,0.003950196631731225,0.007855037840164697,0.21908180069214545,-0.22338126293436666,mixed
0.6,0.5926947401238803,0.9,0.2612440704128207,0.003950709793221535,0.0075033005024593424,-0.00730525987611963,-0.6387559295871793,disengagement_only
0.6,0.5671920462352636,0.9,0.2793340038019103,0.003951565223737739,0.005112773498052531,-0.03280795376473633,-0.6206659961980897,disengagement_only
0.6,0.848471498543935,0.9,0.8119498357447359,0.003952051452737786,0.009642977664975932,0.24847149854393502,-0.08805016425526413,mixed
0.6,0.8506875227175551,0.9,0.7526916471865598,0.003953755591236276,0.00568632417406717,0.2506875227175551,-0.14730835281344024,mixed
0.6,0.8743618638694445,0.9,0.8313473062785945,0.00395584016950707,0.005071419300221036,0.2743618638694445,-0.06865269372140548,mixed
0.6,0.5529424869207296,0.9,0.2298988463746831,0.003955969593123134,0.010356406972211851,-0.04705751307927042,-0.670101153625317,disengagement_only
0.6,0.6987514313577717,0.9,0.4127999376698812,0.003956352440839064,0.006576772627755745,0.09875143135777176,-0.4872000623301188,mixed
0.6,0.817772647706466,0.9,0.6856993455677198,0.003956415041244511,0.009724216804227415,0.21777264770646598,-0.2143006544322802,mixed
0.6,0.7036385693511222,0.9,0.42687012581559547,0.0039583497199856404,0.008224190089739375,0.10363856935112226,-0.47312987418440455,mixed
0.6,0.654129765431146,0.9,0.334440952281042,0.003958362149711641,0.005495616390683772,0.054129765431146004,-0.565559047718958,mixed
0.6,0.6734237391162071,0.9,0.3645414345862471,0.003959717768045303,0.005728530967699541,0.07342373911620714,-0.5354585654137529,mixed
0.6,0.8225921166482101,0.9,0.7074240817602699,0.0039599536304601125,0.010326067101623843,0.2225921166482101,-0.19257591823973008,mixed
0.6,0.8173380486930637,0.9,0.674454887795472,0.003960897427831574,0.008382620989209888,0.21733804869306372,-0.225545112204528,mixed
0.6,0.6925355562401806,0.9,0.39935116593775577,0.003961491165846527,0.005645996308672074,0.09253555624018062,-0.5006488340622443,mixed
0.6,0.7037346605572864,0.9,0.4291005225006137,0.003961559285494768,0.008680333592589184,0.10373466055728642,-0.4708994774993863,mixed
0.6,0.693211985719014,0.9,0.42155171519164125,0.00396156743279934,0.010144426686187591,0.09321198571901401,-0.47844828480835877,mixed
0.6,0.7037871318731783,0.9,0.42719309952113604,0.0039616570217501056,0.008249996272411075,0.10378713187317834,-0.472806900478864,mixed
0.6,0.6969325443729201,0.9,0.40853512631060007,0.0039628984097598305,0.006154942148774878,0.0969325443729201,-0.49146487368939995,mixed
0.6,0.5625995421016478,0.9,0.23617378413806372,0.003962976180803552,0.009926497230716438,-0.037400457898352224,-0.6638262158619364,disengagement_only
0.6,0.6427508517012022,0.9,0.3628379810636122,0.003963029061972799,0.009764871604437675,0.042750851701202186,-0.5371620189363878,disengagement_only
0.6,0.8763995050383405,0.9,0.9311524127646764,0.00396316893875398,0.005296464172591414,0.27639950503834054,0.031152412764676396,improvement_only
0.6,0.82953403702508,0.9,0.6967947326124171,0.003963290499604215,0.005626269421379115,0.22953403702508002,-0.20320526738758293,mixed
0.6,0.5534145722054786,0.9,0.2301328290156772,0.003963365942463032,0.010356894182972476,-0.04658542779452135,-0.6698671709843228,disengagement_only
0.6,0.8203280289590383,0.9,0.6980206979107377,0.003964838699232371,0.010170535213814308,0.22032802895903836,-0.2019793020892623,mixed
0.6,0.7007355089506321,0.9,0.42900058835662813,0.003967988887524589,0.009559255797664257,0.1007355089506321,-0.4709994116433719,mixed
0.6,0.81625998623582,0.9,0.6754627613463019,0.003968361192767687,0.009031303560335407,0.21625998623582,-0.22453723865369812,mixed
0.6,0.8924118742373629,0.9,0.9077038531436882,0.003968618888023685,0.007162252053485765,0.2924118742373629,0.007703853143688155,improvement_only
0.6,0.704113002138454,0.9,0.42940774635208023,0.003969392977362,0.008633395712147274,0.10411300213845398,-0.4705922536479198,mixed
0.6,0.818062750063321,0.9,0.6743893271424741,0.003969952234698671,0.0080314709682891,0.218062750063321,-0.2256106728575259,mixed
0.6,0.6793889541342639,0.9,0.3746046717067739,0.003972536931007057,0.005776156630996371,0.07938895413426394,-0.5253953282932261,mixed
0.6,0.8956496046613575,0.9,0.923737457940147,0.0039729367953462765,0.007887967172981611,0.2956496046613575,0.023737457940147033,improvement_only
0.6,0.8164017584290764,0.9,0.6736421927924239,0.0039730069038278245,0.008712087359193321,0.21640175842907639,-0.22635780720757614,mixed
0.6,0.702133931636616,0.9,0.4205995422715559,0.003973172227624457,0.0073036278310226466,0.102133931636616,-0.47940045772844414,mixed
0.6,0.6937093225564521,0.9,0.4014981621455025,0.003973925513312741,0.005645660788337448,0.09370932255645215,-0.49850183785449753,mixed
0.6,0.8179522487818317,0.9,0.68770222909802,0.003974209105549867,0.009913273311491472,0.21795224878183173,-0.21229777090198,mixed
0.6,0.695485899921474,0.9,0.40516106166924737,0.00397490220417779,0.005815689873442165,0.09548589992147405,-0.49483893833075265,mixed
0.6,0.8207610711177122,0.9,0.7002533526402175,0.003975299774299947,0.010261396137826617,0.22076107111771226,-0.19974664735978254,mixed
0.6,0.701272659644807,0.9,0.41824448408905757,0.00397594003987276,0.0070411884859983564,0.10127265964480703,-0.48175551591094246,mixed
0.6,0.5755765548041386,0.9,0.2886671772263144,0.003977181009302187,0.005029269765473604,-0.02442344519586137,-0.6113328227736856,disengagement_only
0.6,0.8222096216180617,0.9,0.6808004635339915,0.003977398483397412,0.006935845045355049,0.22220962161806168,-0.21919953646600854,mixed
0.6,0.585571694888079,0.9,0.2545199876215552,0.003977519443902557,0.008218599162808704,-0.014428305111920947,-0.6454800123784448,disengagement_only
0.6,0.8849650936816593,0.9,0.8737000844845857,0.003977684255091938,0.0055087939968467,0.28496509368165934,-0.02629991551541433,improvement_only
0.6,0.5990677594190396,0.9,0.31421137769297325,0.003977897215667403,0.006726343949061631,-0.0009322405809604195,-0.5857886223070268,disengagement_only
0.6,0.6017656174562842,0.9,0.31715831347124784,0.00397824022685231,0.0069839247283925154,0.0017656174562842297,-0.5828416865287522,disengagement_only
0.6,0.8347970471991029,0.9,0.7568786825438735,0.003979317124328202,0.010495802113249214,0.23479704719910288,-0.14312131745612655,mixed
0.6,0.851486593029481,0.9,0.754704805542927,0.003979938116301861,0.005710086911384998,0.25148659302948106,-0.14529519445707306,mixed
0.6,0.5531326693133992,0.9,0.22984534265255976,0.00398016488684558,0.010404284254146898,-0.04686733068660076,-0.6701546573474403,disengagement_only
0.6,0.6043158964342907,0.9,0.2726028617289152,0.003981635293044653,0.006368738101853899,0.004315896434290756,-0.6273971382710848,disengagement_only
0.6,0.8198690487423379,0.9,0.6763984903428575,0.003982689804710318,0.007452197349722384,0.21986904874233792,-0.22360150965714254,mixed
0.6,0.7011492315551607,0.9,0.4298536107340674,0.003983400361091674,0.00962199342800607,0.10114923155516076,-0.4701463892659326,mixed
0.6,0.7041276050882334,0.9,0.4260809017784212,0.003983438378604195,0.00790671280252686,0.10412760508823338,-0.47391909822157885,mixed
0.6,0.8179302431345534,0.9,0.673436597769248,0.003984938148401857,0.00796307231179083,0.21793024313455345,-0.226563402230752,mixed
0.6,0.5521585267976108,0.9,0.22921701798444194,0.0039864061006128155,0.010450808908107886,-0.047841473202389184,-0.6707829820155581,disengagement_only
0.6,0.8811331513869026,0.9,0.8575263507078581,0.003986802000405573,0.0050789651795435375,0.28113315138690265,-0.042473649292141924,improvement_only
0.6,0.8831747911754634,0.9,0.8659612675128956,0.003988539933836433,0.005221032753371102,0.2831747911754634,-0.03403873248710443,improvement_only
0.6,0.8776652252206473,0.9,0.8436298421912974,0.003989388378556726,0.005046663177861455,0.2776652252206473,-0.05637015780870258,mixed
0.6,0.8198433796184231,0.9,0.6968865341457399,0.0039902424517838245,0.010252971288246177,0.21984337961842315,-0.20311346585426016,mixed
0.6,0.8236752774668512,0.9,0.6833491094998321,0.003990306416680531,0.006577430583080829,0.22367527746685123,-0.21665089050016795,mixed
0.6,0.7041704129883218,0.9,0.4316880188344778,0.00399037055505427,0.009111142019129936,0.10417041298832186,-0.4683119811655222,mixed
0.6,0.8484186319398969,0.9,0.8122611886158767,0.003990762826012209,0.009709175420922811,0.24841863193989688,-0.08773881138412332,mixed
0.6,0.8224221875338122,0.9,0.6808066644546672,0.003991124042845362,0.006835377374929841,0.22242218753381227,-0.21919333554533282,mixed
0.6,0.8354734161574384,0.9,0.7106120822058615,0.003991690474986922,0.005781785858878563,0.23547341615743844,-0.18938791779413855,mixed
0.6,0.8156186114194931,0.9,0.6722768308603337,0.0039929080330165494,0.00889150321777496,0.21561861141949312,-0.22772316913966628,mixed
0.6,0.6926452448296951,0.9,0.3989932294397843,0.003993025976947601,0.005709517821922805,0.09264524482969516,-0.5010067705602157,mixed
0.6,0.6522212343170771,0.9,0.3313949614409658,0.003993396898154411,0.005504527804367304,0.05222123431707715,-0.5686050385590342,mixed
0.6,0.6846314078248946,0.9,0.41228442166181467,0.003993614568586499,0.01053793456126792,0.08463140782489464,-0.48771557833818535,mixed
0.6,0.8922325638607909,0.9,0.9065086903230893,0.003994030294816645,0.007150430920946971,0.2922325638607909,0.006508690323089317,improvement_only
0.6,0.8156815827013193,0.9,0.6717774414222608,0.003994693387606279,0.008792442760158392,0.21568158270131932,-0.2282225585777392,mixed
0.6,0.8276750234672562,0.9,0.6918845189557722,0.003994884945484425,0.005779133634253225,0.2276750234672562,-0.20811548104422783,mixed
0.6,0.6318960466002791,0.9,0.30407007672905717,0.0039960060713170355,0.00512230039323433,0.031896046600279115,-0.5959299232709429,disengagement_only
0.6,0.897952367285827,0.9,0.935460817381697,0.003996997515529723,0.008422298488715785,0.29795236728582697,0.03546081738169693,improvement_only
0.6,0.6942589994368972,0.9,0.42337826857011074,0.003997001681123627,0.010244649500210895,0.0942589994368972,-0.4766217314298893,mixed
0.6,0.7025366984629174,0.9,0.431373584892938,0.003997200227846211,0.009536203379627572,0.10253669846291746,-0.46862641510706204,mixed
0.6,0.6746970213429642,0.9,0.36626750702677746,0.003997343913879189,0.005785973071031458,0.07469702134296419,-0.5337324929732226,mixed
0.6,0.6795237472902139,0.9,0.40632501084326256,0.003999662073409185,0.010615511908551006,0.07952374729021394,-0.49367498915673746,mixed
0.6,0.6980983674313179,0.9,0.41015523768239165,0.0040013855792532735,0.006180127480860803,0.09809836743131795,-0.4898447623176084,mixed
0.6,0.7012830147132014,0.9,0.43057698317944715,0.0040019430259550706,0.00974023067626878,0.10128301471320145,-0.4694230168205529,mixed
0.6,0.8983091954213251,0.9,0.9372773986703997,0.0040041250513348945,0.008508481064355783,0.29830919542132517,0.0372773986703997,improvement_only
0.6,0.5764296615901382,0.9,0.28976716487946724,0.004005933024160577,0.005062750114474712,-0.02357033840986178,-0.6102328351205328,disengagement_only
0.6,0.6882987287510677,0.9,0.4167819509878564,0.004007960512172315,0.010505844279446092,0.0882987287510677,-0.4832180490121436,mixed
0.6,0.8694407171548576,0.9,0.8127183945056144,0.004008449224829625,0.0052874271619330615,0.2694407171548576,-0.08728160549438557,mixed
0.6,0.8787008328980446,0.9,0.9416879037272481,0.004008694328059635,0.005120667737933821,0.2787008328980446,0.041687903727248066,improvement_only
0.6,0.8373876855489558,0.9,0.76773108786182,0.004008705853817943,0.010467081229878161,0.23738768554895584,-0.13226891213818004,mixed
0.6,0.7033530459089838,0.9,0.4323979904071371,0.0040093400805399785,0.009512662670618927,0.10335304590898386,-0.4676020095928629,mixed
0.6,0.8535265212439299,0.9,0.8337201191843849,0.004010158780414179,0.009219721507947393,0.25352652124392994,-0.06627988081561509,mixed
0.6,0.6949186490684822,0.9,0.4243677004852011,0.00401059769818978,0.01027034695386081,0.09491864906848224,-0.4756322995147989,mixed
0.6,0.8602156468891765,0.9,0.8619386870451091,0.004011878354514293,0.008359266123306258,0.26021564688917653,-0.0380613129548909,improvement_only
0.6,0.816701914910174,0.9,0.6838269329297797,0.004012239557845467,0.009979186466512052,0.216701914910174,-0.21617306707022033,mixed
0.6,0.6928385377504801,0.9,0.42208177724490303,0.004012733516817596,0.010373896893643403,0.09283853775048012,-0.477918222755097,mixed
0.6,0.8627527230864083,0.9,0.7896587355139081,0.00401363438901765,0.005501545471284758,0.2627527230864083,-0.11034126448609194,mixed
0.6,0.5856457328332942,0.9,0.2998281434055253,0.004014042611969167,0.005380460952120192,-0.014354267166705736,-0.6001718565944747,disengagement_only
0.6,0.8153837992335816,0.9,0.6696529802504301,0.00401445186258352,0.008636682134524953,0.21538379923358164,-0.23034701974956995,mixed
0.6,0.7060298579498362,0.9,0.4324537657342923,0.004015236730734772,0.00871448411746964,0.10602985794983621,-0.46754623426570774,mixed
0.6,0.8202913513581266,0.9,0.6996777333214892,0.00401655557895672,0.010413475291224605,0.2202913513581266,-0.20032226667851083,mixed
0.6,0.6604515774215396,0.9,0.38385485163592176,0.004016780115695222,0.010474665076805528,0.060451577421539615,-0.5161451483640782,mixed
0.6,0.6727057058802348,0.9,0.3627265869583841,0.004018006818029114,0.005804328912171086,0.07270570588023484,-0.5372734130416159,mixed
0.6,0.8261434000303383,0.9,0.7232755815712852,0.0040182998028512745,0.010655119232857196,0.22614340003033828,-0.17672441842871478,mixed
0.6,0.6568672247108358,0.9,0.3379580232111723,0.004018997114327937,0.005606364275780346,0.05686722471083583,-0.5620419767888277,mixed
0.6,0.7052102083830227,0.9,0.4271234551150102,0.004019574895503943,0.007809378580804133,0.10521020838302275,-0.4728765448849898,mixed
0.6,0.5814858474281597,0.9,0.295345398371473,0.00401978910915593,0.005155314160372515,-0.018514152571840303,-0.604654601628527,disengagement_only
0.6,0.6997571938632208,0.9,0.42967453823129165,0.00401981254595767,0.010001427741174379,0.0997571938632208,-0.4703254617687084,mixed
0.6,0.8182431754954795,0.9,0.6911781658441052,0.0040204122616413086,0.010250225671919383,0.21824317549547956,-0.20882183415589484,mixed
0.6,0.8184595673956159,0.9,0.6725865692417485,0.00402138685414945,0.007597025413249386,0.2184595673956159,-0.2274134307582515,mixed
0.6,0.8345765059410912,0.9,0.7078494456482831,0.004021449524628021,0.005821166900398411,0.23457650594109125,-0.1921505543517169,mixed
0.6,0.5642309547963626,0.9,0.2765103856343558,0.004022839578206261,0.005255856270841908,-0.03576904520363733,-0.6234896143656442,disengagement_only
0.6,0.8148315539603076,0.9,0.6690648355261934,0.004023333139455488,0.00881343548119326,0.21483155396030762,-0.23093516447380658,mixed
0.6,0.825528499991068,0.9,0.7210042461840049,0.004025572286828778,0.010666327103012851,0.22552849999106805,-0.17899575381599508,mixed
0.6,0.8423156076995109,0.9,0.787834306518462,0.004026397753933647,0.010238764764973263,0.24231560769951088,-0.11216569348153804,mixed
0.6,0.5756206468890053,0.9,0.24569504748286466,0.004029107829614216,0.009155515805824105,-0.024379353110994706,-0.6543049525171354,disengagement_only
0.6,0.6640642348679732,0.9,0.3882642867005639,0.004032028099811384,0.010584945025341824,0.06406423486797319,-0.5117357132994361,mixed
0.6,0.6868562801099567,0.9,0.4154581822775695,0.004033298461753467,0.010623266282783317,0.08685628010995672,-0.48454181772243055,mixed
0.6,0.5505023179116819,0.9,0.22791376387706552,0.004033301735119086,0.010608166356093712,-0.04949768208831806,-0.6720862361229345,disengagement_only
0.6,0.8624533284213697,0.9,0.7883972657820965,0.00403593018482389,0.005537210358832145,0.2624533284213697,-0.11160273421790357,mixed
0.6,0.8247094360197634,0.9,0.6843715179534867,0.0040366743186219505,0.006218423727388955,0.22470943601976345,-0.2156284820465133,mixed
0.6,0.6860149808734927,0.9,0.385652684825649,0.004036881413663089,0.005863187972220185,0.08601498087349269,-0.514347315174351,mixed
0.6,0.700814127136025,0.9,0.41524568796387307,0.004038115732039199,0.006517407404169923,0.100814127136025,-0.48475431203612696,mixed
0.6,0.6487766485185001,0.9,0.3703611343649118,0.004038507494439467,0.010159246552743167,0.048776648518500165,-0.5296388656350882,disengagement_only
0.6,0.6195269245784017,0.9,0.2889072272249066,0.004038714690538831,0.005150964530165947,0.019526924578401772,-0.6110927727750934,disengagement_only
0.6,0.8699137008000566,0.9,0.8140517528217681,0.0040387531428165676,0.005308545995948932,0.2699137008000566,-0.0859482471782319,mixed
0.6,0.6939688086429897,0.9,0.42383315463694654,0.004039070806507144,0.010432647221470776,0.09396880864298973,-0.4761668453630535,mixed
0.6,0.5905046582037324,0.9,0.30526348380149443,0.004041238922611183,0.005955417084063552,-0.009495341796267542,-0.5947365161985056,disengagement_only
0.6,0.8431815622347522,0.9,0.7915817443869851,0.004042802785430784,0.010210046206649559,0.24318156223475218,-0.10841825561301488,mixed
0.6,0.6054048592967164,0.9,0.27337043155428653,0.004042867778405891,0.006356844952160393,0.005404859296716413,-0.6266295684457135,disengagement_only
0.6,0.7048881175600141,0.9,0.4348722797154171,0.004044804431601865,0.009583906758603516,0.10488811756001415,-0.46512772028458294,mixed
0.6,0.8362341259430993,0.9,0.7637350439787673,0.0040458937878396295,0.0105889663573355,0.23623412594309934,-0.13626495602123267,mixed
0.6,0.8332910188669219,0.9,0.7042202799675109,0.004046048424294293,0.005847297608305796,0.23329101886692194,-0.1957797200324891,mixed
0.6,0.8617707036657986,0.9,0.7860079546384685,0.0040471825321497104,0.005569685537137131,0.2617707036657986,-0.11399204536153151,mixed
0.6,0.5863107696719321,0.9,0.3007541996127867,0.004048939028417777,0.00550068334515133,-0.013689230328067903,-0.5992458003872133,disengagement_only
0.6,0.655515004072023,0.9,0.3357044845600565,0.004050749631425158,0.005623844396671379,0.05551500407202303,-0.5642955154399435,mixed
0.6,0.8180455457407687,0.9,0.6915409243422118,0.004051526107580867,0.010395675284050138,0.21804554574076873,-0.2084590756577882,mixed
0.6,0.5669833840516625,0.9,0.279720544317854,0.004051679124066929,0.005230744461300008,-0.03301661594833749,-0.620279455682146,disengagement_only
0.6,0.8200290283360728,0.9,0.6997159334065216,0.004051702318518257,0.010547148830797631,0.22002902833607285,-0.20028406659347842,mixed
0.6,0.6900283399243883,0.9,0.4194713897384829,0.004051726380757027,0.010611684019407847,0.0900283399243883,-0.4805286102615171,mixed
0.6,0.9000633118808496,0.9,0.9461742374012346,0.004054482648428726,0.008947993857308184,0.30006331188084967,0.04617423740123461,improvement_only
0.6,0.8369624110585278,0.9,0.7133545750848997,0.004055321787505535,0.005892526864183428,0.23696241105852778,-0.18664542491510028,mixed
0.6,0.8246365797275176,0.9,0.683729063873989,0.0040572706402822,0.006168037665191584,0.2246365797275176,-0.216270936126011,mixed
0.6,0.7009331571170881,0.9,0.43182248543853785,0.0040576776435679715,0.010118876038554353,0.10093315711708817,-0.46817751456146217,mixed
0.6,0.7006933744178448,0.9,0.41440343034428195,0.004060477419830021,0.006367618959654514,0.10069337441784487,-0.48559656965571807,mixed
0.6,0.8136148128317513,0.9,0.6709239265075417,0.004061310362901976,0.00964443639751053,0.21361481283175132,-0.2290760734924583,mixed
0.6,0.6791072820203289,0.9,0.40657502762239595,0.004062999547339813,0.010792626249711279,0.0791072820203289,-0.4934249723776041,mixed
0.6,0.8289757315641283,0.9,0.7353973665143404,0.004063922307019718,0.010793531297590558,0.22897573156412832,-0.16460263348565962,mixed
0.6,0.8685315308068475,0.9,0.898216911074601,0.004064766151463125,0.007043210722411819,0.26853153080684755,-0.0017830889253990234,improvement_only
0.6,0.8892124803384199,0.9,0.8914494333412148,0.004065309632359765,0.006552475530071891,0.28921248033841995,-0.008550566658785175,improvement_only
0.6,0.8769847742131102,0.9,0.9349048804256798,0.004066290300111936,0.005336578002280629,0.2769847742131102,0.03490488042567974,improvement_only
0.6,0.814498254166805,0.9,0.6651315987180618,0.004066416308951716,0.008419466926897795,0.214498254166805,-0.2348684012819382,mixed
0.6,0.8153548328083895,0.9,0.6660123028732865,0.0040667197494513255,0.008143290139728115,0.21535483280838952,-0.23398769712671352,mixed
0.6,0.5802095632901363,0.9,0.24930689277728268,0.004066978270002082,0.00884727649659893,-0.01979043670986369,-0.6506931072227173,disengagement_only
0.6,0.6325542643325498,0.9,0.30441510193872157,0.004067264019599858,0.005214987927938897,0.03255426433254982,-0.5955848980612785,disengagement_only
0.6,0.6778539512474522,0.9,0.3708359019572449,0.004067726854692768,0.005898784050742845,0.0778539512474522,-0.5291640980427551,mixed
0.6,0.7048018813022736,0.9,0.4357304093019235,0.004068112440550837,0.009796062052741888,0.10480188130227364,-0.4642695906980765,mixed
0.6,0.6522466757694929,0.9,0.37464065911337374,0.004068253274810854,0.01034418081014249,0.052246675769492934,-0.5253593408866263,mixed
0.6,0.579748715265878,0.9,0.24889703900344393,0.004069885264397062,0.008891519324564251,-0.020251284734121966,-0.6511029609965561,disengagement_only
0.6,0.8309844884881933,0.9,0.7434017396120544,0.004070090560251295,0.01078651509162934,0.2309844884881933,-0.15659826038794566,mixed
0.6,0.5805277258784738,0.9,0.24955089888944817,0.004071757820890748,0.008828712864746041,-0.01947227412152619,-0.6504491011105519,disengagement_only
0.6,0.8915044319590885,0.9,0.902023370670981,0.004072151425928361,0.007073889702302133,0.2915044319590885,0.0020233706709810173,improvement_only
0.6,0.6952437576662663,0.9,0.4027549340852745,0.0040725904290796824,0.005822121329382146,0.09524375766626636,-0.4972450659147255,mixed
0.6,0.8676347008745535,0.9,0.8944595208706416,0.0040743230655572674,0.007221376633658599,0.26763470087455354,-0.0055404791293584,improvement_only
0.6,0.8637672700422275,0.9,0.8778445857157217,0.004074509914119326,0.007892260930649014,0.26376727004222755,-0.022155414284278363,improvement_only
0.6,0.7076539555697919,0.9,0.43134462639431115,0.004074512322892953,0.007984772982765037,0.10765395556979196,-0.4686553736056889,mixed
0.6,0.8680978240496844,0.9,0.8071849669965396,0.00407505691932775,0.005410698649807727,0.2680978240496844,-0.09281503300346039,mixed
0.6,0.7051985178997792,0.9,0.42446553114418234,0.004075272317181211,0.007237802688675493,0.10519851789977919,-0.4755344688558177,mixed
0.6,0.6560880691751823,0.9,0.3792129171889924,0.0040758427119472335,0.010483221752814575,0.056088069175182276,-0.5207870828110076,mixed
0.6,0.6986327703394243,0.9,0.4096054820758515,0.0040770596439965315,0.005905223391647285,0.0986327703394243,-0.4903945179241485,mixed
0.6,0.6128386116129033,0.9,0.28112658870217255,0.0040783655843641105,0.0055997818368552915,0.012838611612903339,-0.6188734112978275,disengagement_only
0.6,0.6482311960460312,0.9,0.32506775312588687,0.004081073351943327,0.005524511684576794,0.04823119604603121,-0.5749322468741132,disengagement_only
0.6,0.6699061859201049,0.9,0.3957023720435593,0.004081313541855931,0.010790257380259682,0.06990618592010489,-0.5042976279564407,mixed
0.6,0.8210023679624495,0.9,0.704477396623987,0.004081578073928185,0.010714624040010196,0.22100236796244954,-0.19552260337601302,mixed
0.6,0.7037179364401486,0.9,0.4352388875572561,0.00408224406168887,0.010019821898443138,0.1037179364401486,-0.46476111244274393,mixed
0.6,0.8494942261124449,0.9,0.7474764702288881,0.004082516960939862,0.005869913609302196,0.24949422611244487,-0.15252352977111194,mixed
0.6,0.7008123190510832,0.9,0.4323226409442946,0.004083301818122399,0.010265152265527239,0.10081231905108323,-0.4676773590557054,mixed
0.6,0.6599302728926161,0.9,0.38381678864376023,0.0040833553795333035,0.010605297287758803,0.0599302728926161,-0.5161832113562398,mixed
0.6,0.6411577572561583,0.9,0.3618994968249229,0.004085880330725359,0.009924373930215419,0.041157757256158334,-0.5381005031750772,disengagement_only
0.6,0.8204572418586483,0.9,0.7024822895156035,0.004087637546758223,0.010712748358714108,0.22045724185864835,-0.19751771048439648,mixed
0.6,0.62368038001074,0.9,0.2934486071956305,0.004087932756024267,0.00516466633228202,0.02368038001074002,-0.6065513928043695,disengagement_only
0.6,0.569934885567284,0.9,0.24081921902188813,0.004088409701395468,0.009694246319409211,-0.030065114432715978,-0.6591807809781118,disengagement_only
0.6,0.8435875785386195,0.9,0.7938845745115667,0.004088504892449226,0.010260231807249942,0.24358757853861956,-0.10611542548843333,mixed
0.6,0.5665457339385231,0.9,0.2382426426786832,0.0040895066447860645,0.00993047069442847,-0.033454266061476834,-0.6617573573213168,disengagement_only
0.6,0.6306541655462153,0.9,0.3018876978951999,0.004090261917817918,0.005213825949023143,0.03065416554621536,-0.5981123021048,disengagement_only
0.6,0.8132113288945724,0.9,0.6625547250359162,0.004090663577322912,0.008655948887215686,0.2132113288945724,-0.23744527496408385,mixed
0.6,0.8387487191613052,0.9,0.7744835524160546,0.004091730480268976,0.010565360895074372,0.23874871916130525,-0.12551644758394542,mixed
0.6,0.8538202598192384,0.9,0.7602603115340217,0.004093145982347313,0.005814192517391875,0.2538202598192384,-0.13973968846597828,mixed
0.6,0.6127664759177737,0.9,0.280955828137641,0.004093301310632846,0.005633580909798264,0.01276647591777369,-0.619044171862359,disengagement_only
0.6,0.8282815955138089,0.9,0.7332788180922734,0.004094359654366536,0.010875016261350345,0.2282815955138089,-0.16672118190772667,mixed
0.6,0.6750166939939573,0.9,0.36574427922430264,0.0040956075325954775,0.005919542902060232,0.07501669399395727,-0.5342557207756974,mixed
0.6,0.6982046706588619,0.9,0.42976182647698546,0.004098075345749149,0.01048769663667945,0.09820467065886196,-0.47023817352301456,mixed
0.6,0.6803423628104384,0.9,0.3747689397715964,0.004098099466766025,0.005952058186114023,0.08034236281043838,-0.5252310602284036,mixed
0.6,0.6898482753495977,0.9,0.4199703332604636,0.004099413471795256,0.010777869546520519,0.08984827534959772,-0.4800296667395364,mixed
0.6,0.8469634363304565,0.9,0.8077710927346278,0.004099535316155409,0.010010669511935993,0.24696343633045648,-0.09222890726537225,mixed
0.6,0.6915861391759256,0.9,0.39514145126157907,0.004101075539029859,0.0059286079316075435,0.09158613917592562,-0.504858548738421,mixed
0.6,0.6053375400980143,0.9,0.2729471931624972,0.00410189211981451,0.006465120594577517,0.005337540098014348,-0.6270528068375028,disengagement_only
0.6,0.6210359255369683,0.9,0.29025367105293753,0.004102219445010034,0.005206174625951243,0.021035925536968314,-0.6097463289470625,disengagement_only
0.6,0.8320126056139356,0.9,0.7480260828157064,0.004102739492401235,0.010841527637674458,0.23201260561393566,-0.15197391718429365,mixed
0.6,0.6846621382536034,0.9,0.38230567343327526,0.004104371701070012,0.005969220811956111,0.08466213825360347,-0.5176943265667248,mixed
0.6,0.811883142597868,0.9,0.6621756288505725,0.004104869838975725,0.009218235131860875,0.211883142597868,-0.23782437114942756,mixed
0.6,0.6989928210585351,0.9,0.43079364182199453,0.004104986416918345,0.010478321599750845,0.09899282105853513,-0.4692063581780055,mixed
0.6,0.8385675597792801,0.9,0.7739818716695142,0.004106062435766076,0.01060186627784196,0.23856755977928013,-0.12601812833048587,mixed
0.6,0.6266795629920012,0.9,0.2969179934186028,0.004106122467386633,0.005194291132007228,0.02667956299200125,-0.6030820065813972,disengagement_only
0.6,0.8959514552543059,0.9,0.9234431382121873,0.00410648866806121,0.008107528337415654,0.2959514552543059,0.023443138212187242,improvement_only
0.6,0.70303682572665,0.9,0.4353128095691911,0.004109509936295696,0.010243439707754015,0.10303682572665007,-0.4646871904308089,mixed
0.6,0.880197617648345,0.9,0.8522708291030039,0.004109970722547329,0.005208337557362525,0.28019761764834505,-0.04772917089699613,improvement_only
0.6,0.821979727545949,0.9,0.7090579198181126,0.004110017985977104,0.010849258048387267,0.22197972754594897,-0.1909420801818874,mixed
0.6,0.8217874735968451,0.9,0.6762904020760107,0.004111051394616457,0.006529298816079998,0.22178747359684514,-0.22370959792398937,mixed
0.6,0.6721499126252417,0.9,0.3987031080266926,0.004111382270855603,0.01088742524246411,0.07214991262524173,-0.5012968919733074,mixed
0.6,0.8362202194076898,0.9,0.7647786855917736,0.0041135845565125105,0.010726486585445005,0.23622021940768978,-0.13522131440822638,mixed
0.6,0.8126332908893439,0.9,0.6704924876444176,0.004115562906429462,0.010044504501790424,0.2126332908893439,-0.22950751235558242,mixed
0.6,0.8115034972204885,0.9,0.6611856717750281,0.004115670193330997,0.00925368749001057,0.21150349722048856,-0.23881432822497195,mixed
0.6,0.6576156617608169,0.9,0.33825067256090846,0.0041162420549586,0.005731151348564695,0.057615661760816894,-0.5617493274390916,mixed
0.6,0.5861758515780451,0.9,0.30100158008698097,0.00411630211156416,0.005603221588080215,-0.013824148421954896,-0.598998419913019,disengagement_only
0.6,0.8352872126531203,0.9,0.7080352824327214,0.004117750022553542,0.005980122386548575,0.23528721265312036,-0.19196471756727862,mixed
0.6,0.675224511587763,0.9,0.40251301213726776,0.004120025243129762,0.010933582197785924,0.075224511587763,-0.49748698786273227,mixed
0.6,0.8296681960749668,0.9,0.6940304921062108,0.004120504512602664,0.005923936890490256,0.2296681960749668,-0.2059695078937892,mixed
0.6,0.6452268494747647,0.9,0.36685683215454973,0.004120543802342244,0.010174236216169419,0.04522684947476474,-0.5331431678454503,disengagement_only
0.6,0.5766549802151781,0.9,0.24600006595838536,0.004121099609413526,0.009239967387262099,-0.02334501978482184,-0.6539999340416147,disengagement_only
0.6,0.6758905896768292,0.9,0.40334021459222524,0.004121835044607967,0.010941853523697337,0.07589058967682927,-0.4966597854077748,mixed
0.6,0.8773346017513234,0.9,0.8407737502186926,0.004122834761241193,0.005215968920319475,0.2773346017513234,-0.059226249781307416,mixed
0.6,0.5790118254240029,0.9,0.2932667164428262,0.004123144443635128,0.005238592908350659,-0.02098817457599711,-0.6067332835571738,disengagement_only
0.6,0.8115659520770886,0.9,0.6651824893550431,0.004123253923734422,0.009791945247177192,0.21156595207708861,-0.23481751064495693,mixed
0.6,0.8776780055161214,0.9,0.9385880382573744,0.0041233020863728174,0.005334286164539792,0.27767800551612143,0.038588038257374335,improvement_only
0.6,0.665274205837924,0.9,0.3905431179549618,0.004123458209752367,0.01081282989795515,0.06527420583792398,-0.5094568820450383,mixed
0.6,0.7083776704530941,0.9,0.440620637196796,0.0041240270000761315,0.009752578038008136,0.1083776704530941,-0.459379362803204,mixed
0.6,0.8256714628162953,0.9,0.7237499020640479,0.004125121038024566,0.010956682220212954,0.22567146281629535,-0.17625009793595214,mixed
0.6,0.8224451051859798,0.9,0.6773587851044375,0.00412516250903361,0.006361445339443994,0.22244510518597982,-0.22264121489556254,mixed
0.6,0.8185904252286331,0.9,0.6693262925126505,0.004125917242671385,0.007088801600737299,0.21859042522863315,-0.2306737074873495,mixed
0.6,0.8848002279743691,0.9,0.8711986395479435,0.00412605212811214,0.005634694339046564,0.2848002279743691,-0.0288013604520565,improvement_only
0.6,0.7108071769152694,0.9,0.44072122360233423,0.004126150072794562,0.009024602628864425,0.11080717691526942,-0.4592787763976658,mixed
0.6,0.8597959265681557,0.9,0.7785942116355333,0.0041275033066956015,0.005718203215597906,0.25979592656815576,-0.1214057883644667,mixed
0.6,0.671182438718702,0.9,0.35910970424751787,0.0041288124590061264,0.005936823810402281,0.071182438718702,-0.5408902957524822,mixed
0.6,0.8206378748810416,0.9,0.673411523971898,0.0041289871149074505,0.0066832806531562094,0.22063787488104158,-0.22658847602810206,mixed
0.6,0.8286342907576201,0.9,0.7353295429578737,0.004129406202323387,0.010960483488674483,0.2286342907576201,-0.16467045704212635,mixed
0.6,0.8113444432240914,0.9,0.6588078405601736,0.004130173025439686,0.008989510384051214,0.2113444432240914,-0.24119215943982641,mixed
0.6,0.8129882338677641,0.9,0.6596892044705449,0.004130218848968197,0.00835564230318983,0.2129882338677641,-0.2403107955294551,mixed
0.6,0.6970499554411511,0.9,0.40531171449437686,0.004131484532519033,0.005908476109749039,0.09704995544115114,-0.49468828550562316,mixed
0.6,0.7094884746638057,0.9,0.4416261216978359,0.004131628874756122,0.009624495986900572,0.10948847466380573,-0.45837387830216414,mixed
0.6,0.813967696697523,0.9,0.660891879458522,0.004132366933305838,0.008071985793285497,0.21396769669752302,-0.239108120541478,mixed
0.6,0.690814146926911,0.9,0.39319732070606406,0.00413330761249372,0.005990489395066717,0.09081414692691103,-0.506802679293936,mixed
0.6,0.6307212322747767,0.9,0.3016810387948185,0.004133679583624099,0.005266633871268578,0.030721232274776744,-0.5983189612051816,disengagement_only
0.6,0.610046993210579,0.9,0.3271849348951244,0.0041344900943679885,0.007982573745939553,0.010046993210579003,-0.5728150651048756,disengagement_only
0.6,0.6007966304570522,0.9,0.26809535144853236,0.004134552638930419,0.007001849125576248,0.0007966304570522498,-0.6319046485514677,disengagement_only
0.6,0.8709302007814415,0.9,0.8165871313520631,0.004134816335649332,0.005389002537851989,0.2709302007814415,-0.08341286864793696,mixed
0.6,0.8355861463558057,0.9,0.7626331195946743,0.004135929931485677,0.010797546272424574,0.23558614635580577,-0.13736688040532574,mixed
0.6,0.7113371504072973,0.9,0.43984769068607676,0.004137396764646466,0.008675858353009575,0.1113371504072973,-0.46015230931392326,mixed
0.6,0.8659981801723363,0.9,0.8881647295807434,0.004137809575397267,0.007592630345202522,0.26599818017233634,-0.011835270419256583,improvement_only
0.6,0.6123787190837457,0.9,0.3297827971453676,0.004137959634210215,0.008179409148996508,0.01237871908374577,-0.5702172028546324,disengagement_only
0.6,0.8191940306178082,0.9,0.6701833654785256,0.004138323966388804,0.006923040796200458,0.21919403061780818,-0.22981663452147438,mixed
0.6,0.6931776157594973,0.9,0.3975974329213686,0.004139072605113254,0.005978829136232905,0.09317761575949735,-0.5024025670786314,mixed
0.6,0.8333619998182606,0.9,0.7027955781278358,0.004139187198655475,0.006000543353994026,0.23336199981826067,-0.19720442187216425,mixed
0.6,0.696096152939021,0.9,0.4280686220992036,0.00413944567120367,0.01074487696442028,0.09609615293902107,-0.4719313779007964,mixed
0.6,0.8134339690515033,0.9,0.6756056171589583,0.004139484429433823,0.010387597107489044,0.21343396905150336,-0.22439438284104174,mixed
0.6,0.7027362259386407,0.9,0.4169079377181001,0.004141852783300422,0.006321218278735358,0.10273622593864074,-0.48309206228189994,mixed
0.6,0.8183247119597769,0.9,0.6683245739926005,0.004142236569660193,0.007075887379051571,0.21832471195977687,-0.23167542600739954,mixed
0.6,0.6805904260977383,0.9,0.3746765732958825,0.004143063094264288,0.006013426440306779,0.08059042609773837,-0.5253234267041176,mixed
0.6,0.811913870840054,0.9,0.6577436416676323,0.004143744623103972,0.008576155295258403,0.21191387084005398,-0.2422563583323677,mixed
0.6,0.6573494827359969,0.9,0.33762022455123125,0.004144834027173903,0.00576065143924151,0.05734948273599694,-0.5623797754487687,mixed
0.6,0.8727078209611855,0.9,0.8229611967234137,0.004145745649195836,0.005353772517751237,0.2727078209611855,-0.0770388032765863,mixed
0.6,0.8490035378978836,0.9,0.8167535695372256,0.004145971289060816,0.009896365281949426,0.24900353789788365,-0.08324643046277447,mixed
0.6,0.8555377234096638,0.9,0.8438638311996909,0.004146721746338492,0.009173181443142248,0.25553772340966385,-0.05613616880030914,mixed
0.6,0.7095721712689722,0.9,0.44245854169700194,0.004147018190651959,0.009776176914960022,0.10957217126897223,-0.4575414583029981,mixed
0.6,0.8170708405753545,0.9,0.6908448136338773,0.004148041015851588,0.010771410871983494,0.21707084057535453,-0.20915518636612274,mixed
0.6,0.8921085506734721,0.9,0.9038943588454023,0.004149746361221339,0.007295325721813767,0.2921085506734721,0.003894358845402235,improvement_only
0.6,0.7107872023901115,0.9,0.436251155801205,0.004150478295532282,0.008081103618881702,0.11078720239011153,-0.46374884419879503,mixed
0.6,0.8878557806885151,0.9,0.8842514334168939,0.004151247507411542,0.006342904992911763,0.28785578068851514,-0.015748566583106083,improvement_only
0.6,0.6387068863772303,0.9,0.3117033606566231,0.004153174334624219,0.005415865720832608,0.0387068863772303,-0.588296639343377,disengagement_only
0.6,0.8247054597073894,0.9,0.6817507769618086,0.004153634722840193,0.0058830223982942464,0.22470545970738942,-0.2182492230381914,mixed
0.6,0.8159094409514779,0.9,0.6633237490528306,0.004153967166848302,0.007511385345836313,0.2159094409514779,-0.23667625094716938,mixed
0.6,0.6965389436310206,0.9,0.4288489581184148,0.004154161171065692,0.010785760078529355,0.09653894363102067,-0.47115104188158524,mixed
0.6,0.8462329156311031,0.9,0.8055476132036086,0.004154933673341538,0.010162171593885994,0.24623291563110317,-0.09445238679639145,mixed
0.6,0.8341061477957573,0.9,0.7043972065359707,0.004155992129943087,0.0060326275734201296,0.23410614779575734,-0.1956027934640293,mixed
0.6,0.6619299303800862,0.9,0.38683087850871506,0.0041564156110298015,0.010811468205088715,0.06192993038008621,-0.513169121491285,mixed
0.6,0.832314048830229,0.9,0.6998464169500132,0.004158266665878986,0.00602203292306025,0.232314048830229,-0.20015358304998687,mixed
0.6,0.8417066135827782,0.9,0.7244018002862953,0.004158589533569564,0.0060352759825452185,0.24170661358277823,-0.17559819971370472,mixed
0.6,0.626910958075499,0.9,0.34615656994359,0.004159423124572876,0.009264621824723734,0.026910958075499036,-0.55384343005641,disengagement_only
0.6,0.635961247789029,0.9,0.3564514577963146,0.004159823406283231,0.009798015321929504,0.03596124778902898,-0.5435485422036854,disengagement_only
0.6,0.8261962202166654,0.9,0.685022043717832,0.004161468470430901,0.0059337578706054606,0.2261962202166654,-0.21497795628216798,mixed
0.6,0.882401359598125,0.9,0.8606692015917377,0.004161509649376735,0.005366263829008067,0.28240135959812507,-0.03933079840826237,improvement_only
0.6,0.7050016727949651,0.9,0.43875267398386636,0.0041624582851511795,0.01038944015722229,0.10500167279496508,-0.46124732601613366,mixed
0.6,0.8764532294493595,0.9,0.8368935457491631,0.004162580137950904,0.005283871141829155,0.27645322944935957,-0.06310645425083694,mixed
0.6,0.8130166655471993,0.9,0.674972536038494,0.004164142803784748,0.010495756177163501,0.21301666554719934,-0.22502746396150597,mixed
0.6,0.7097487624130333,0.9,0.44338152415349014,0.004164898824575546,0.009918240517657134,0.10974876241303333,-0.4566184758465099,mixed
0.6,0.6403272671031418,0.9,0.36151700052776947,0.004166335565289491,0.010034635303226125,0.04032726710314183,-0.5384829994722306,disengagement_only
0.6,0.586537223230705,0.9,0.2542794634573524,0.0041670448444678775,0.008462640239888117,-0.01346277676929497,-0.6457205365426476,disengagement_only
0.6,0.6393623841325548,0.9,0.360434537653703,0.004170623472973056,0.009994722011538476,0.03936238413255477,-0.5395654623462971,disengagement_only
0.6,0.8500680449193008,0.9,0.7479924312752436,0.00417136019050284,0.005977891584395767,0.2500680449193008,-0.1520075687247564,mixed
0.6,0.6139223370229775,0.9,0.33170429889186864,0.004172421461258921,0.008361577349841776,0.013922337022977516,-0.5682957011081313,disengagement_only
0.6,0.6665494037893154,0.9,0.39253709685073,0.004173689583177677,0.010949581254288299,0.0665494037893154,-0.50746290314927,mixed
0.6,0.8506935128695722,0.9,0.8240816047836341,0.004174411202047598,0.009769326711171283,0.2506935128695722,-0.0759183952163659,mixed
0.6,0.6801311518441082,0.9,0.3735145861409366,0.004175712285925316,0.006053741439877802,0.08013115184410824,-0.5264854138590634,mixed
0.6,0.84849937516308,0.9,0.8150935122199154,0.00417670729276845,0.009991958603484896,0.24849937516308007,-0.08490648778008458,mixed
0.6,0.8143135205620325,0.9,0.6596269894859461,0.00417725632449472,0.007734939288796816,0.21431352056203257,-0.2403730105140539,mixed
0.6,0.8183308219209382,0.9,0.6673064882370726,0.004179052166019593,0.006933379753768593,0.21833082192093822,-0.2326935117629274,mixed
0.6,0.8628294334616706,0.9,0.875092374577201,0.004179508703744995,0.008176765501660604,0.26282943346167065,-0.024907625422799007,improvement_only
0.6,0.7044654348225581,0.9,0.41977078107253607,0.004179563469949429,0.006437450491652313,0.1044654348225581,-0.48022921892746395,mixed
0.6,0.8352632813294408,0.9,0.7069713986071431,0.0041798783366196746,0.006075197025995016,0.23526328132944085,-0.19302860139285694,mixed
0.6,0.6402883436464546,0.9,0.31358265877307373,0.004180550588065559,0.005479835120144938,0.040288343646454616,-0.5864173412269262,disengagement_only
0.6,0.8156243732564242,0.9,0.6618853689635655,0.004181412851573349,0.007443724504177851,0.21562437325642425,-0.2381146310364345,mixed
0.6,0.8215364771120821,0.9,0.709054801353572,0.004181530913379261,0.011068840452641587,0.22153647711208213,-0.190945198646428,mixed
0.6,0.608660517400261,0.9,0.27597345299332254,0.004181567722259729,0.0062407496560976106,0.00866051740026097,-0.6240265470066775,disengagement_only
0.6,0.8206305770421572,0.9,0.6720646453026177,0.0041824343416847045,0.006504139785834612,0.22063057704215727,-0.22793535469738235,mixed
0.6,0.8766321606549107,0.9,0.9347384245285717,0.004182984768815359,0.005527554571310239,0.2766321606549107,0.034738424528571676,improvement_only
0.6,0.713104695596568,0.9,0.44569953011555724,0.004183019329583941,0.009365366956634119,0.113104695596568,-0.4543004698844428,mixed
0.6,0.5996835253558065,0.9,0.3161000226113402,0.004183977284396016,0.007139032906818471,-0.00031647464419348736,-0.5838999773886598,disengagement_only
0.6,0.6304842449779648,0.9,0.3503751055896519,0.004185337767317079,0.009532136233916355,0.03048424497796487,-0.5496248944103481,disengagement_only
0.6,0.5525017841498951,0.9,0.2280535913582478,0.004185345198113722,0.01088196141070022,-0.04749821585010483,-0.6719464086417523,disengagement_only
0.6,0.7117660912304691,0.9,0.445695124598954,0.004185367140471121,0.009782064763865256,0.1117660912304691,-0.454304875401046,mixed
0.6,0.6471394650892883,0.9,0.36957561100864833,0.0041864167299573984,0.010381809563411781,0.047139465089288346,-0.5304243889913517,disengagement_only
0.6,0.8090971735757144,0.9,0.657209597695476,0.004186533207457843,0.009796314804218553,0.20909717357571445,-0.24279040230452398,mixed
0.6,0.895413267908293,0.9,0.919613299674705,0.00418666713310955,0.008078322142518649,0.29541326790829303,0.01961329967470493,improvement_only
0.6,0.8099555589958808,0.9,0.653035616804478,0.004187998701945723,0.008804408294015797,0.2099555589958808,-0.24696438319552205,mixed
0.6,0.8202022489745631,0.9,0.7041076141271452,0.004188496090040035,0.011058951991234245,0.2202022489745631,-0.19589238587285485,mixed
0.6,0.6641248658989296,0.9,0.3897494135600082,0.00418869980379991,0.01093248971729699,0.06412486589892963,-0.5102505864399918,mixed
0.6,0.7051346067869443,0.9,0.439584004135053,0.004190025631162715,0.010528517201966847,0.1051346067869443,-0.460415995864947,mixed
0.6,0.692789253375813,0.9,0.4248743240750291,0.004190337586951986,0.011016914065125838,0.09278925337581301,-0.4751256759249709,mixed
0.6,0.823041766500144,0.9,0.6771997122500907,0.004190371323833706,0.006057242486971648,0.22304176650014407,-0.22280028774990934,mixed
0.6,0.8856521745944255,0.9,0.8740812684039345,0.004190764093832786,0.005894682727145301,0.2856521745944255,-0.025918731596065503,improvement_only
0.6,0.7128766338482155,0.9,0.446539853857094,0.004192048202746088,0.009613816710833223,0.11287663384821556,-0.45346014614290603,mixed
0.6,0.6763681868113076,0.9,0.40467943124803973,0.0041932735088708204,0.011123790978960713,0.07636818681130764,-0.4953205687519603,mixed
0.6,0.7075398777319257,0.9,0.442280994766308,0.004193278998948764,0.010367497612003035,0.10753987773192575,-0.457719005233692,mixed
0.6,0.6760668749063842,0.9,0.40431631879246543,0.0041938835914751196,0.011123177258877626,0.0760668749063842,-0.4956836812075346,mixed
0.6,0.6095895364445916,0.9,0.2768897708236782,0.004194406546457792,0.0061606376450471095,0.009589536444591595,-0.6231102291763218,disengagement_only
0.6,0.563637457440522,0.9,0.2769247126138478,0.004194527312819205,0.0054557240016051,-0.03636254255947802,-0.6230752873861523,disengagement_only
0.6,0.7127712532399412,0.9,0.43952627981056525,0.004195005903275572,0.00816647056077538,0.1127712532399412,-0.4604737201894348,mixed
0.6,0.7071351788576137,0.9,0.42522000001905436,0.004197918327845794,0.0068245854764126535,0.1071351788576137,-0.47477999998094567,mixed
0.6,0.6066061498060495,0.9,0.27369654909148144,0.004198523462503501,0.006493657046758389,0.006606149806049566,-0.6263034509085186,disengagement_only
0.6,0.8164856990856937,0.9,0.663023782031853,0.004198813452352687,0.00720227991471295,0.2164856990856937,-0.23697621796814705,mixed
0.6,0.810554869074878,0.9,0.6661273203369764,0.004199826698934103,0.010397477393197213,0.21055486907487797,-0.2338726796630236,mixed
0.6,0.7037363967944734,0.9,0.4382183015799148,0.004199866684139407,0.0106618761274693,0.10373639679447344,-0.4617816984200852,mixed
0.6,0.7140044674821661,0.9,0.4434219077763756,0.004200518876688712,0.008605898328968603,0.11400446748216608,-0.45657809222362444,mixed
0.6,0.6569709809058856,0.9,0.3365945510412581,0.004201863086921752,0.005820854401177883,0.05697098090588559,-0.5634054489587419,mixed
0.6,0.857403547893306,0.9,0.7700225565212161,0.004202777544414472,0.005863691209636673,0.257403547893306,-0.12997744347878393,mixed
0.6,0.6403538515981609,0.9,0.3135056834377722,0.0042035521946293805,0.005506493532804607,0.04035385159816096,-0.5864943165622278,disengagement_only
0.6,0.8082855677135483,0.9,0.6526365188750006,0.004204105973489583,0.009510252982618789,0.20828556771354834,-0.2473634811249994,mixed
0.6,0.6212906175694153,0.9,0.289901439204277,0.004204557486083623,0.005341893766337397,0.021290617569415304,-0.610098560795723,disengagement_only
0.6,0.699133579674877,0.9,0.4081763230013772,0.004204593198418848,0.006019202332356172,0.09913357967487701,-0.49182367699862284,mixed
0.6,0.5675743513946829,0.9,0.281302424661004,0.0042046660541557425,0.005391732218281958,-0.03242564860531705,-0.618697575338996,disengagement_only
0.6,0.8642291315869393,0.9,0.8813744035643734,0.0042048696774023425,0.007979221753928623,0.2642291315869393,-0.018625596435626668,improvement_only
0.6,0.8366805600553006,0.9,0.7680369699443026,0.004205220706458629,0.010885127151132212,0.23668056005530058,-0.13196303005569743,mixed
0.6,0.714595218505228,0.9,0.4468391835343473,0.0042066222606154295,0.009139419513289365,0.11459521850522802,-0.4531608164656527,mixed
0.6,0.6249060369240413,0.9,0.34420165062995417,0.004206821627603785,0.009217589368752777,0.024906036924041364,-0.5557983493700458,disengagement_only
0.6,0.8291542707975905,0.9,0.7387704457024337,0.004206867374467346,0.011138747313479275,0.22915427079759054,-0.16122955429756636,mixed
0.6,0.7077744442110396,0.9,0.44293155465751266,0.00420763839983461,0.010434459361957055,0.10777444421103965,-0.45706844534248736,mixed
0.6,0.6697107023885568,0.9,0.35596444223164614,0.004209899633434006,0.006021969158110874,0.06971070238855681,-0.5440355577683539,mixed
0.6,0.8444979482742044,0.9,0.799273024405037,0.0042101940188137565,0.010394746872895932,0.24449794827420446,-0.10072697559496302,mixed
0.6,0.8550982237696271,0.9,0.842821268533273,0.004210388138625951,0.00931662188397786,0.2550982237696271,-0.05717873146672703,mixed
0.6,0.6896959035517495,0.9,0.3900370398781747,0.0042107619185549885,0.006120141154537961,0.0896959035517495,-0.5099629601218254,mixed
0.6,0.8192809087107842,0.9,0.6684672324011828,0.004211174499381551,0.006648025881322989,0.2192809087107842,-0.23153276759881725,mixed
0.6,0.7139115802340901,0.9,0.4419571903925472,0.004212292212832478,0.008326755846435108,0.11391158023409009,-0.4580428096074528,mixed
0.6,0.8225078950979754,0.9,0.6755232205163846,0.004212297586711941,0.006085259028917184,0.22250789509797542,-0.22447677948361544,mixed
0.6,0.5641998696708466,0.9,0.235759436197349,0.0042124565283347,0.01032161052323384,-0.03580013032915341,-0.6642405638026511,disengagement_only
0.6,0.8186741848415868,0.9,0.6671288517742793,0.004213147986232447,0.006748666522309932,0.21867418484158685,-0.23287114822572075,mixed
0.6,0.873729671761093,0.9,0.9225003426233902,0.004215579469817836,0.00616409817072569,0.273729671761093,0.02250034262339018,improvement_only
0.6,0.6660463939142519,0.9,0.3501548483962323,0.004215729323527196,0.005981414897272247,0.06604639391425193,-0.5498451516037677,mixed
0.6,0.8146014224773922,0.9,0.6588184300001603,0.004216356340204651,0.00748898413739682,0.21460142247739222,-0.24118156999983975,mixed
0.6,0.6643127973769376,0.9,0.34746882413614644,0.004217023367467697,0.005956577357840581,0.06431279737693762,-0.5525311758638536,mixed
0.6,0.8996714557560656,0.9,0.9415482845265961,0.004218091092269872,0.00905959904938504,0.2996714557560656,0.04154828452659609,improvement_only
0.6,0.6096020663446119,0.9,0.27675951458817083,0.004218150360722304,0.006199965023835213,0.009602066344611915,-0.6232404854118292,disengagement_only
0.6,0.8696498878876705,0.9,0.8109777506880924,0.004220469152745865,0.005538177884478884,0.2696498878876705,-0.08902224931190761,mixed
0.6,0.5689087443396563,0.9,0.23923029813998742,0.004220612627168408,0.010016634286584253,-0.031091255660343653,-0.6607697018600126,disengagement_only
0.6,0.8328487562938401,0.9,0.700134314971292,0.0042212491477282895,0.006126904811833006,0.23284875629384016,-0.19986568502870805,mixed
0.6,0.8788243217926782,0.9,0.845450744958739,0.004222869797379926,0.00533715758457326,0.27882432179267824,-0.05454925504126107,mixed
0.6,0.624204801082949,0.9,0.29319905965394655,0.004223507294586427,0.005338084733580051,0.02420480108294898,-0.6068009403460535,disengagement_only
0.6,0.8557495341228348,0.9,0.8457115231528111,0.004223870928759122,0.009253112080264081,0.25574953412283485,-0.05428847684718896,mixed
0.6,0.7079032258013195,0.9,0.4435261397451997,0.004224445344586965,0.010522049682108181,0.1079032258013195,-0.4564738602548003,mixed
0.6,0.8087475025827714,0.9,0.6493624691846038,0.004224552779965949,0.008828160464247559,0.20874750258277142,-0.2506375308153962,mixed
0.6,0.8223911172390668,0.9,0.6749930236920547,0.004224666314640088,0.006069260003479515,0.2223911172390668,-0.2250069763079453,mixed
0.6,0.865462636353235,0.9,0.7962810016604773,0.004224757846862383,0.005668304626260723,0.26546263635323497,-0.1037189983395227,mixed
0.6,0.6997091345219327,0.9,0.43391756589038355,0.004225468771131497,0.010950212644055518,0.09970913452193275,-0.4660824341096165,mixed
0.6,0.8960235011434727,0.9,0.922177442534473,0.004225473732083198,0.008258878315214671,0.29602350114347276,0.022177442534472958,improvement_only
0.6,0.8580972439458862,0.9,0.8556058662028635,0.004227113784117295,0.008945040019206207,0.2580972439458862,-0.044394133797136526,improvement_only
0.6,0.6669034673824059,0.9,0.35137767521224916,0.004227848001521259,0.0060076985113577674,0.06690346738240593,-0.5486223247877509,mixed
0.6,0.8188642264908653,0.9,0.6999708610394098,0.004227946314074292,0.011152542954154049,0.21886422649086534,-0.20002913896059027,mixed
0.6,0.579887558665064,0.9,0.2948519895055546,0.004231161556505547,0.005408077757205559,-0.02011244133493595,-0.6051480104944454,disengagement_only
0.6,0.7137437314856127,0.9,0.4402799885481939,0.004231292027247839,0.008025834521836167,0.11374373148561268,-0.45972001145180613,mixed
0.6,0.7155230147005586,0.9,0.4461458253670868,0.004231354060979931,0.008704211836722792,0.11552301470055859,-0.4538541746329132,mixed
0.6,0.6323620984230072,0.9,0.3528239456220301,0.004231679950051697,0.009726257952439005,0.03236209842300719,-0.5471760543779699,disengagement_only
0.6,0.7095067241823098,0.9,0.4454672181666754,0.004231849543710656,0.010438334213908607,0.10950672418230978,-0.45453278183332463,mixed
0.6,0.8170431748760931,0.9,0.6631939650721681,0.00423326816222463,0.006967043254378996,0.21704317487609315,-0.23680603492783192,mixed
0.6,0.715727151703304,0.9,0.4497448839097562,0.00423426406959648,0.009392630248222844,0.11572715170330405,-0.4502551160902438,mixed
0.6,0.573890123724391,0.9,0.24306829805406213,0.004234613920280485,0.0096676553322219,-0.026109876275609012,-0.6569317019459379,disengagement_only
0.6,0.6562469975142916,0.9,0.3807025202459515,0.004235014836780289,0.01081436927435489,0.05624699751429163,-0.5192974797540485,mixed
0.6,0.8074024111619099,0.9,0.6531527594246684,0.004235587627334249,0.009988480219942059,0.20740241116190994,-0.24684724057533158,mixed
0.6,0.6129786061927885,0.9,0.28031769563225106,0.004235642578099529,0.0058545613529838725,0.012978606192788567,-0.619682304367749,disengagement_only
0.6,0.6977383672983164,0.9,0.4048865517354731,0.004235710166533131,0.006100086609665378,0.09773836729831642,-0.4951134482645269,mixed
0.6,0.8961722062051408,0.9,0.9227802902460435,0.004236805576855974,0.008305027912001023,0.29617220620514084,0.022780290246043444,improvement_only
0.6,0.8082688929314298,0.9,0.6581261583392446,0.004238429677704732,0.010309541433810382,0.2082688929314298,-0.24187384166075543,mixed
0.6,0.6742560606929163,0.9,0.36301427115358864,0.004238561661400048,0.006101608617407828,0.07425606069291635,-0.5369857288464114,mixed
0.6,0.8554943952821028,0.9,0.8448287030050012,0.004238681596635247,0.009306024857592105,0.2554943952821028,-0.055171296994998786,mixed
0.6,0.8350032432087646,0.9,0.7053527679714127,0.004239653054143508,0.006164365143050771,0.23500324320876465,-0.19464723202858736,mixed
0.6,0.580519826036876,0.9,0.24855717023148322,0.0042398612442258775,0.00912906479174612,-0.01948017396312396,-0.6514428297685169,disengagement_only
0.6,0.8167895628523304,0.9,0.6624635717552173,0.0042409617394769,0.006983804120528125,0.21678956285233042,-0.23753642824478272,mixed
0.6,0.8076387538863284,0.9,0.6552044323372508,0.004241290147792156,0.010177203067888524,0.20763875388632846,-0.24479556766274924,mixed
0.6,0.8803323539340155,0.9,0.851252305661533,0.004242151158373978,0.005377746401657502,0.28033235393401557,-0.04874769433846704,improvement_only
0.6,0.8296317042219702,0.9,0.7412451408004225,0.0042429437307840105,0.011211721382343803,0.2296317042219702,-0.15875485919957755,mixed
0.6,0.8571242575213922,0.9,0.8517142183814268,0.004243409387448451,0.009099653115397677,0.25712425752139223,-0.04828578161857322,improvement_only
0.6,0.6907281741066703,0.9,0.4230709941479099,0.0042435755182258506,0.011221467131320273,0.09072817410667033,-0.47692900585209014,mixed
0.6,0.6865643364996508,0.9,0.41787826565258435,0.004244205427826667,0.011263348676560925,0.08656433649965078,-0.4821217343474157,mixed
0.6,0.8403617310905482,0.9,0.7831883248516947,0.0042447728935205665,0.010750663135109445,0.24036173109054826,-0.11681167514830537,mixed
0.6,0.7156662005939788,0.9,0.45093908639777935,0.004244902744852907,0.009661447479290236,0.11566620059397881,-0.44906091360222067,mixed
0.6,0.8934983018254988,0.9,0.9093460630177683,0.004245171537123153,0.007713709412039832,0.29349830182549885,0.009346063017768302,improvement_only
0.6,0.7030336524311449,0.9,0.415334995026174,0.004245320998535002,0.006028649664019281,0.10303365243114493,-0.48466500497382603,mixed
0.6,0.7104017301060483,0.9,0.4468197203267047,0.004245474452347642,0.010446949776046127,0.11040173010604837,-0.4531802796732953,mixed
0.6,0.6937328842429593,0.9,0.3970529445897223,0.004245502098972509,0.006155909364674278,0.09373288424295934,-0.5029470554102777,mixed
0.6,0.8337201807872381,0.9,0.757122256834757,0.004247612115592475,0.011097128960256719,0.2337201807872381,-0.14287774316524304,mixed
0.6,0.6958304413223924,0.9,0.401002811951271,0.004247788429857254,0.006142920487733211,0.09583044132239238,-0.498997188048729,mixed
0.6,0.6946372546768801,0.9,0.3986973889036346,0.004249879092056603,0.0061566902862980055,0.09463725467688011,-0.5013026110963654,mixed
0.6,0.6931062573369652,0.9,0.39580692519976546,0.004250350940661104,0.006167727155786812,0.0931062573369652,-0.5041930748002346,mixed
0.6,0.8075432587856953,0.9,0.6464519737143486,0.004250737468469506,0.008954347885976682,0.20754325878569535,-0.25354802628565143,mixed
0.6,0.640927925543297,0.9,0.3628123146943703,0.004250842442017905,0.010221162479965712,0.04092792554329705,-0.5371876853056297,disengagement_only
0.6,0.5823712302336436,0.9,0.25009298346922376,0.004250999201436194,0.008986852655893052,-0.01762876976635641,-0.6499070165307763,disengagement_only
0.6,0.7158937413181161,0.9,0.4455361323152326,0.004251232622203766,0.008461083884926557,0.11589374131811614,-0.45446386768476743,mixed
0.6,0.7151049454058568,0.9,0.4512111258055588,0.004251470772753691,0.009895584081957204,0.1151049454058568,-0.44878887419444125,mixed
0.6,0.6384025280792552,0.9,0.35990090162662824,0.0042523930367979355,0.010096488335396059,0.03840252807925526,-0.5400990983733718,disengagement_only
0.6,0.6981572726263031,0.9,0.4054260584492755,0.004252779879902306,0.006126367977237146,0.09815727262630314,-0.49457394155072454,mixed
0.6,0.7160576669053362,0.9,0.45162996306849196,0.004252982459523566,0.009682105417072012,0.11605766690533625,-0.44837003693150806,mixed
0.6,0.6448602999434946,0.9,0.3674073042649714,0.004253329473345273,0.010410716927311492,0.04486029994349461,-0.5325926957350287,disengagement_only
0.6,0.870135337364418,0.9,0.8123301558586625,0.004253560000735824,0.005561398039592685,0.27013533736441797,-0.0876698441413375,mixed
0.6,0.6862077941974782,0.9,0.38319261303029606,0.004254136909007733,0.0061849987716453,0.08620779419747826,-0.516807386969704,mixed
0.6,0.8474504070956862,0.9,0.8118406454460414,0.004254355858177724,0.01021057843063869,0.24745040709568622,-0.08815935455395862,mixed
0.6,0.8349382592192147,0.9,0.704951387732816,0.004254504427852067,0.006186369563408456,0.23493825921921474,-0.19504861226718406,mixed
0.6,0.8582063135818564,0.9,0.771924865946013,0.004255790872054374,0.005913442091031423,0.2582063135818564,-0.12807513405398707,mixed
0.6,0.8286069108313657,0.9,0.7375459522852407,0.004256004502431527,0.011262654939045075,0.22860691083136575,-0.16245404771475935,mixed
0.6,0.5933180219972901,0.9,0.30958011316801926,0.004256151428806761,0.00662625807311118,-0.006681978002709865,-0.5904198868319808,disengagement_only
0.6,0.8368869755089647,0.9,0.7696407540549252,0.004256992929013031,0.010973309356371141,0.23688697550896476,-0.13035924594507486,mixed
0.6,0.6937840839063464,0.9,0.3969808344176794,0.004257148099709107,0.006174723418085559,0.0937840839063464,-0.5030191655823206,mixed
0.6,0.8738602273420575,0.9,0.8259416931961342,0.004257312707086867,0.0054582447900158315,0.2738602273420575,-0.07405830680386583,mixed
0.6,0.7033419489034161,0.9,0.4389352743533283,0.004257417479663668,0.010938930876575215,0.10334194890341608,-0.4610647256466717,mixed
0.6,0.6095462901671529,0.9,0.3273792084968675,0.0042578808667318915,0.008152290620788816,0.009546290167152915,-0.5726207915031325,disengagement_only
0.6,0.6780192372174572,0.9,0.40740427137626556,0.0042586488679818586,0.011297479354779899,0.07801923721745718,-0.49259572862373446,mixed
0.6,0.8345079361284513,0.9,0.7037728046054901,0.004258689465105792,0.006191636021794927,0.23450793612845133,-0.19622719539450995,mixed
0.6,0.8071488668562715,0.9,0.6543545325768916,0.00425967917052848,0.010278654485400718,0.20714886685627154,-0.24564546742310844,mixed
0.6,0.6803114019845216,0.9,0.37286441570082574,0.004261988924933962,0.006165969504256963,0.08031140198452158,-0.5271355842991743,mixed
0.6,0.5534658354586472,0.9,0.2660706365764153,0.004263218713233883,0.005793038663266109,-0.04653416454135273,-0.6339293634235847,disengagement_only
0.6,0.8062848499060669,0.9,0.6499639385940068,0.0042636299067324345,0.010035142730207447,0.20628484990606688,-0.2500360614059932,mixed
0.6,0.8061466361406382,0.9,0.6489873281822506,0.004263729665346158,0.009955736950982702,0.20614663614063822,-0.25101267181774944,mixed
0.6,0.6841367534037605,0.9,0.3794333818614204,0.004263772196830236,0.0061914821085241045,0.08413675340376048,-0.5205666181385796,mixed
0.6,0.6981516983366017,0.9,0.43265736283001355,0.004264651814438221,0.011144396748983126,0.09815169833660176,-0.4673426371699865,mixed
0.6,0.8411011161303125,0.9,0.7864194575567149,0.004264927767944646,0.010737016416984102,0.2411011161303125,-0.11358054244328508,mixed
0.6,0.5656257837625769,0.9,0.236472788055811,0.00426685792477461,0.010332894738187104,-0.034374216237423094,-0.6635272119441891,disengagement_only
0.6,0.8784622774705806,0.9,0.8434981709432763,0.004267221845228981,0.005394902586093209,0.2784622774705806,-0.05650182905672374,mixed
0.6,0.8485580790897972,0.9,0.742296591764261,0.004267418545890581,0.006122990636672931,0.2485580790897972,-0.15770340823573903,mixed
0.6,0.8619927675689335,0.9,0.7840856025010083,0.004268065663903146,0.005832745620943908,0.2619927675689335,-0.11591439749899168,mixed
0.6,0.6790676911402416,0.9,0.37069055500747217,0.004268399005439085,0.006170189446021185,0.07906769114024159,-0.5293094449925279,mixed
0.6,0.8443231851972934,0.9,0.7993852547705067,0.004269600088774582,0.010505877731750823,0.24432318519729346,-0.10061474522949332,mixed
0.6,0.7174146558261898,0.9,0.45290410155298344,0.004269781370232152,0.009517884006085886,0.11741465582618982,-0.4470958984470166,mixed
0.6,0.5512928675975164,0.9,0.2636744143465221,0.004271354361056916,0.005860003734682567,-0.04870713240248359,-0.636325585653478,disengagement_only
0.6,0.6660026711423772,0.9,0.39276781316001647,0.004272274707291786,0.011156058451286893,0.06600267114237723,-0.5072321868399836,mixed
0.6,0.8117399189560621,0.9,0.6515517690727988,0.00427323411437398,0.007778349885704305,0.21173991895606215,-0.24844823092720125,mixed
0.6,0.7133540424751478,0.9,0.43748153654285427,0.004273370393421817,0.007556435124667582,0.1133540424751478,-0.46251846345714576,mixed
0.6,0.8055646034224047,0.9,0.6454501091939495,0.004273672875862793,0.009703344658463925,0.20556460342240468,-0.2545498908060505,mixed
0.6,0.6510403750133694,0.9,0.3748294060233437,0.004274288520125368,0.010708524332140673,0.05104037501336944,-0.5251705939766563,mixed
0.6,0.6971275682915478,0.9,0.40307760859986086,0.004274818256519875,0.006177632715297504,0.09712756829154778,-0.49692239140013916,mixed
0.6,0.6842684433873168,0.9,0.41538809355322814,0.004276047662293176,0.011359671498687163,0.08426844338731687,-0.4846119064467719,mixed
0.6,0.8899054223410003,0.9,0.8919672684680636,0.004276789531169177,0.006939795519969261,0.28990542234100036,-0.008032731531936399,improvement_only
0.6,0.8137646487386692,0.9,0.6552926124802936,0.004277817701808821,0.007379981029758759,0.21376464873866918,-0.24470738751970644,mixed
0.6,0.8499705996052838,0.9,0.8224619341112932,0.004278904185064349,0.010000048916650073,0.24997059960528378,-0.07753806588870682,mixed
0.6,0.8482720891029745,0.9,0.8155180940731939,0.00427926935686425,0.010170980639446658,0.2482720891029745,-0.08448190592680616,mixed
0.6,0.8367049887432517,0.9,0.7692701615225878,0.004279660576865774,0.011025287394943933,0.23670498874325174,-0.13072983847741226,mixed
0.6,0.8220696889183778,0.9,0.7132382313396325,0.0042802817145258035,0.011367072577693066,0.22206968891837786,-0.18676176866036753,mixed
0.6,0.8056542165497931,0.9,0.6483611169869793,0.004280312566170644,0.010087985637509816,0.2056542165497931,-0.25163888301302073,mixed
0.6,0.8211246984614068,0.9,0.7096969775822549,0.004280574059372051,0.011360052382060393,0.2211246984614068,-0.1903030224177451,mixed
0.6,0.5830406625782358,0.9,0.25050403930803067,0.004280784960155489,0.008979960830973285,-0.016959337421764142,-0.6494959606919694,disengagement_only
0.6,0.7168227849869583,0.9,0.44635204793878036,0.004281116167598446,0.008341231374857844,0.1168227849869583,-0.45364795206121966,mixed
0.6,0.6697955877070376,0.9,0.39748345445938305,0.004281214060749467,0.011250387877749762,0.06979558770703764,-0.502516545540617,mixed
0.6,0.6460860362161829,0.9,0.3206107122119859,0.00428184158639287,0.005704450069564354,0.0460860362161829,-0.5793892877880141,disengagement_only
0.6,0.8142177372669914,0.9,0.6838469870867917,0.00428235419098348,0.011171118307762157,0.21421773726699145,-0.21615301291320832,mixed
0.6,0.8339295488663344,0.9,0.7019058591857498,0.004282508908322446,0.006225833106768247,0.23392954886633444,-0.19809414081425025,mixed
0.6,0.8177468936322347,0.9,0.6634330611418457,0.004282527749199121,0.0066732459935422705,0.21774689363223476,-0.23656693885815427,mixed
0.6,0.8271447735110007,0.9,0.6849642836778324,0.004283169316894907,0.006172142201849418,0.2271447735110007,-0.21503571632216767,mixed
0.6,0.7181510356858315,0.9,0.45069163066737944,0.004284391149534837,0.008825794836739037,0.11815103568583152,-0.4493083693326206,mixed
0.6,0.817761248850082,0.9,0.6971903699504685,0.004284415839004472,0.011310475332970582,0.21776124885008197,-0.20280963004953156,mixed
0.6,0.8051320429279782,0.9,0.6448516185068507,0.004284642002399624,0.009811158444180207,0.20513204292797826,-0.25514838149314933,mixed
0.6,0.8726203060115015,0.9,0.9185070350117843,0.004286055839714362,0.006484471882376719,0.27262030601150156,0.0185070350117843,improvement_only
0.6,0.6738076044383934,0.9,0.40248249503414946,0.004287390523867124,0.011325535409102638,0.0738076044383934,-0.49751750496585057,mixed
0.6,0.8798094008326095,0.9,0.9497917258313747,0.004287485293648193,0.005433556610263124,0.2798094008326095,0.0497917258313747,improvement_only
0.6,0.8975962650078133,0.9,0.9294276126557814,0.00428802655126468,0.008681922614865833,0.29759626500781333,0.02942761265578142,improvement_only
0.6,0.7103036118473907,0.9,0.42992550630343873,0.0042885005017252245,0.006882761508586022,0.11030361184739068,-0.4700744936965613,mixed
0.6,0.8071280737854106,0.9,0.6433575089811041,0.0042895211814134885,0.008693496491074898,0.20712807378541065,-0.2566424910188959,mixed
0.6,0.8696406147245369,0.9,0.8101359323559638,0.004289547992312459,0.005622284144202627,0.26964061472453693,-0.0898640676440362,mixed
0.6,0.662857721332787,0.9,0.3891029537414739,0.004289819486187226,0.011119169059795347,0.062857721332787,-0.510897046258526,mixed
0.6,0.8053399773277528,0.9,0.6420331750957015,0.004290051233237228,0.009305066445281868,0.20533997732775278,-0.25796682490429856,mixed
0.6,0.5621370554061929,0.9,0.23378089213440217,0.004292011225801891,0.010607398204840426,-0.037862944593807124,-0.6662191078655979,disengagement_only
0.6,0.8536126697162429,0.9,0.8376579960498172,0.004292035072898433,0.009612342373300387,0.25361266971624297,-0.062342003950182856,mixed
0.6,0.8267285150276432,0.9,0.6837945843803177,0.004292304846412806,0.006182358698736012,0.22672851502764324,-0.21620541561968232,mixed
0.6,0.8067640663165824,0.9,0.6549616200717887,0.004292743240028946,0.010543100327681021,0.2067640663165824,-0.24503837992821131,mixed
0.6,0.7184299433432507,0.9,0.45520622355712403,0.004294038242582385,0.009672771745810244,0.11842994334325074,-0.444793776442876,mixed
0.6,0.806901569462025,0.9,0.6427979501603382,0.0042941639036433625,0.008714272231895553,0.20690156946202498,-0.2572020498396618,mixed
0.6,0.6238624715791388,0.9,0.29233863990360925,0.004294606950002532,0.005434694071758478,0.02386247157913879,-0.6076613600963907,disengagement_only
0.6,0.821304063072082,0.9,0.6710436419901175,0.0042946545668072185,0.006086048691568424,0.22130406307208206,-0.22895635800988257,mixed
0.6,0.7185870343292525,0.9,0.4553364207603061,0.0042957803767214,0.0096496649884458,0.11858703432925255,-0.4446635792396939,mixed
0.6,0.6989114328760119,0.9,0.4341295456179617,0.004296942232348547,0.011239305441589686,0.0989114328760119,-0.46587045438203833,mixed
0.6,0.7097107947654713,0.9,0.44747135459674614,0.0042982216218614274,0.01080198626974263,0.1097107947654713,-0.4525286454032539,mixed
0.6,0.8047000036630628,0.9,0.6447958516289711,0.004298360024578009,0.009997997739136955,0.20470000366306285,-0.2552041483710289,mixed
0.6,0.7108645904364629,0.9,0.4308876521982768,0.004299616750252608,0.006918290977936531,0.1108645904364629,-0.46911234780172323,mixed
0.6,0.8430237379901747,0.9,0.7260321796486162,0.004300782138762234,0.006218146920850376,0.24302373799017474,-0.1739678203513838,mixed
0.6,0.818317161628413,0.9,0.6996572351686965,0.004301018107438266,0.01137757101255299,0.21831716162841297,-0.20034276483130353,mixed
0.6,0.8278847017758821,0.9,0.7355913979372549,0.0043012074570822414,0.011380486958319003,0.22788470177588216,-0.1644086020627451,mixed
0.6,0.6445686303355976,0.9,0.3674172897103593,0.0043014457757151025,0.010488314261198423,0.04456863033559766,-0.5325827102896408,disengagement_only
0.6,0.7134026070440198,0.9,0.43660404334148617,0.0043030288744984515,0.0073567468364116595,0.11340260704401983,-0.46339595665851385,mixed
0.6,0.8231974258564319,0.9,0.7179498836854702,0.004303939700184489,0.011434270116021217,0.22319742585643187,-0.18205011631452983,mixed
0.6,0.8116662371904456,0.9,0.6503855310368793,0.004303958513865868,0.00764654334631476,0.21166623719044564,-0.24961446896312067,mixed
0.6,0.717861086738729,0.9,0.4479911207528358,0.004304352551189553,0.008356920779461097,0.11786108673872897,-0.4520088792471642,mixed
0.6,0.6696525574628593,0.9,0.3975250368601564,0.004304502196868872,0.011300215858466217,0.06965255746285937,-0.5024749631398436,mixed
0.6,0.8363213316085296,0.9,0.768145204001365,0.004304565135585762,0.011091740925580074,0.23632133160852964,-0.13185479599863503,mixed
0.6,0.8973200210481491,0.9,0.9277546703021469,0.004304594478914729,0.008639172283604502,0.29732002104814914,0.027754670302146844,improvement_only
0.6,0.708007886033789,0.9,0.42451730948787936,0.004305248508507481,0.006414167723708675,0.10800788603378897,-0.47548269051212066,mixed
0.6,0.7192223016747408,0.9,0.45620051832803643,0.004305970291635194,0.009625657240935753,0.1192223016747408,-0.4437994816719636,mixed
0.6,0.6344287958906484,0.9,0.35569451806074104,0.004306268163142346,0.009979116464399806,0.0344287958906484,-0.544305481939259,disengagement_only
0.6,0.8962340976040276,0.9,0.9221240095207841,0.004307701095838549,0.008399238926550687,0.29623409760402764,0.022124009520784083,improvement_only
0.6,0.8481510062038994,0.9,0.8153986911326151,0.00430780460927655,0.010226216465127641,0.2481510062038994,-0.08460130886738493,mixed
0.6,0.710491592166987,0.9,0.44864298800649377,0.004308341581448747,0.01080657188030884,0.11049159216698701,-0.45135701199350625,mixed
0.6,0.5682624982432809,0.9,0.2826886030159577,0.004309567590625304,0.005497945359242418,-0.03173750175671908,-0.6173113969840422,disengagement_only
0.6,0.7167727652050871,0.9,0.44465523937390544,0.004310470809566171,0.008003484113197928,0.11677276520508717,-0.4553447606260946,mixed
0.6,0.8598470959652098,0.9,0.7765429833282332,0.004310499286334136,0.0059426351175107806,0.25984709596520983,-0.12345701667176678,mixed
0.6,0.6367432050459565,0.9,0.3583904506040672,0.004310819799070019,0.010115341006038892,0.03674320504595652,-0.5416095493959328,disengagement_only
0.6,0.8286613101126117,0.9,0.7387176099183921,0.004311126007899265,0.011386811335295954,0.2286613101126117,-0.16128239008160794,mixed
0.6,0.5911457395903997,0.9,0.3075396332454222,0.00431142115324019,0.006492618840491959,-0.008854260409600245,-0.5924603667545778,disengagement_only
0.6,0.8750419946842489,0.9,0.9293242711241456,0.00431146665054334,0.0059817977590727045,0.27504199468424895,0.029324271124145596,improvement_only
0.6,0.83983654523212,0.9,0.7171007035907703,0.0043115646684909045,0.006255355384305383,0.23983654523212006,-0.18289929640922975,mixed
0.6,0.7199166466194005,0.9,0.45573043354690673,0.004312247365647231,0.009307059981257526,0.11991664661940049,-0.4442695664530933,mixed
0.6,0.8046138358663941,0.9,0.6393665663927629,0.00431334315831822,0.009240032281857102,0.20461383586639414,-0.2606334336072371,mixed
0.6,0.8085866940252622,0.9,0.6444034266586286,0.00431395137817323,0.008187207461310603,0.2085866940252622,-0.2555965733413714,mixed
0.6,0.8089938744244916,0.9,0.6650704725800543,0.004315127896625704,0.010973478667332559,0.20899387442449158,-0.23492952741994577,mixed
0.6,0.8656444782513237,0.9,0.7958306628977703,0.0043156808968198394,0.0057746217381220155,0.26564447825132376,-0.10416933710222975,mixed
0.6,0.6742384831689454,0.9,0.40329530613134545,0.0043157511097970174,0.011397616520647552,0.07423848316894543,-0.49670469386865457,mixed
0.6,0.7073690398998579,0.9,0.42293396792560556,0.00431582332274503,0.006263840844378921,0.10736903989985791,-0.47706603207439446,mixed
0.6,0.7197636046574432,0.9,0.4571724650525839,0.004316426663415064,0.009653179209870827,0.11976360465744318,-0.4428275349474161,mixed
0.6,0.8830993199726074,0.9,0.8617069056154398,0.004317717719507334,0.005616393203375258,0.2830993199726074,-0.03829309438456019,improvement_only
0.6,0.7067641791926026,0.9,0.44437053831433837,0.0043192531213032724,0.011057457064804405,0.10676417919260262,-0.45562946168566165,mixed
0.6,0.6727238133486003,0.9,0.35972494711661723,0.004320465085760557,0.006189590207146239,0.07272381334860034,-0.5402750528833828,mixed
0.6,0.8659744690226302,0.9,0.890234554333609,0.004321759350827356,0.00782225673061096,0.2659744690226302,-0.009765445666391037,improvement_only
0.6,0.5659166784158822,0.9,0.23634411516249437,0.004323400705644763,0.010421431865758696,-0.034083321584117754,-0.6636558848375056,disengagement_only
0.6,0.880759784538438,0.9,0.8520165808422439,0.004323640988836791,0.005488939122870601,0.280759784538438,-0.04798341915775617,improvement_only
0.6,0.8053222666855988,0.9,0.6506490013682082,0.004323734636102523,0.010573300952431114,0.20532226668559883,-0.24935099863179178,mixed
0.6,0.6886625951800048,0.9,0.38670925008130164,0.0043237881894553085,0.006287381405070125,0.08866259518000486,-0.5132907499186984,mixed
0.6,0.8120572922839492,0.9,0.6505264122067647,0.004323976721294077,0.007488450867730645,0.2120572922839492,-0.24947358779323536,mixed
0.6,0.8171706358662503,0.9,0.6611735286151633,0.004324939379085471,0.006629090359296125,0.2171706358662503,-0.2388264713848367,mixed
0.6,0.6198831144073471,0.9,0.2875120830431761,0.004325639739192182,0.005539491607093272,0.019883114407347136,-0.6124879169568239,disengagement_only
0.6,0.8067249537718627,0.9,0.6408429242300347,0.0043259251632408215,0.0085096913061746,0.20672495377186273,-0.2591570757699653,mixed
0.6,0.6272199486225876,0.9,0.2961263160686799,0.004327670412989022,0.005473135064510998,0.027219948622587586,-0.6038736839313201,disengagement_only
0.6,0.6843003251997584,0.9,0.4160258166149834,0.004327852112730546,0.011497708675848456,0.08430032519975839,-0.48397418338501663,mixed
0.6,0.8303834367126172,0.9,0.6921578753071551,0.004328268735777894,0.006279381640914267,0.23038343671261718,-0.2078421246928449,mixed
0.6,0.7191878540907666,0.9,0.4503549731731194,0.0043294065812320105,0.008429152238078413,0.1191878540907666,-0.4496450268268806,mixed
0.6,0.6549849028494081,0.9,0.3326876214883151,0.004329475638643604,0.005931457824088798,0.05498490284940816,-0.5673123785116849,mixed
0.6,0.8078660084019933,0.9,0.661280000363863,0.0043294769373855915,0.01095085622732686,0.20786600840199332,-0.238719999636137,mixed
0.6,0.6520337484564583,0.9,0.3284829887816777,0.004330266727866162,0.005874937583310258,0.05203374845645836,-0.5715170112183223,mixed
0.6,0.8230710190543904,0.9,0.718008671029553,0.004331098941389019,0.011505666443054702,0.22307101905439042,-0.181991328970447,mixed
0.6,0.8149583789290767,0.9,0.6562687818085476,0.004331470853089826,0.006968615288951041,0.21495837892907677,-0.24373121819145238,mixed
0.6,0.8333234800737083,0.9,0.6995676504883429,0.0043319026139675325,0.0062983361882593125,0.2333234800737083,-0.20043234951165712,mixed
0.6,0.8450680091423861,0.9,0.8032466182329724,0.004333137568499377,0.01054648458106583,0.24506800914238613,-0.09675338176702764,mixed
0.6,0.8285806854924782,0.9,0.7388008287739236,0.004333802425992401,0.011439320425949695,0.22858068549247823,-0.1611991712260764,mixed
0.6,0.6430582311823848,0.9,0.3161560609129821,0.004333896931000178,0.005705877652249891,0.04305823118238483,-0.5838439390870179,disengagement_only
0.6,0.8671410090392971,0.9,0.895388309655342,0.004333914983041183,0.00762615423372609,0.26714100903929716,-0.004611690344658026,improvement_only
0.6,0.8339985529533032,0.9,0.7595783676268246,0.004334870759159315,0.011259559396262747,0.23399855295330318,-0.1404216323731754,mixed
0.6,0.8312264012063095,0.9,0.7489095284345565,0.004334981311392247,0.011366404683695569,0.23122640120630955,-0.15109047156544353,mixed
0.6,0.7206666846102349,0.9,0.459017412092226,0.004335393583102805,0.009743372999868327,0.12066668461023489,-0.440982587907774,mixed
0.6,0.7147831014833322,0.9,0.4387981460697584,0.00433640649715594,0.0073948338685137505,0.11478310148333226,-0.4612018539302416,mixed
0.6,0.7039425814296245,0.9,0.41546810020170505,0.004336954861478203,0.006204372427592475,0.10394258142962454,-0.484531899798295,mixed
0.6,0.6478891071428388,0.9,0.37159017961318186,0.004338295830806437,0.010704566740517063,0.04788910714283878,-0.5284098203868182,disengagement_only
0.6,0.8044017295145727,0.9,0.636917875157398,0.004340338547500575,0.00897520312700223,0.2044017295145727,-0.26308212484260207,mixed
0.6,0.813838345519857,0.9,0.6840644325293022,0.004341557852530849,0.01138324089676554,0.21383834551985703,-0.21593556747069786,mixed
0.6,0.625234590917171,0.9,0.3454434592425508,0.004341927762992603,0.00947661611504097,0.025234590917171063,-0.5545565407574492,disengagement_only
0.6,0.8106365544338674,0.9,0.6722265627431303,0.004342048954091511,0.011228862312913312,0.21063655443386742,-0.22777343725686972,mixed
0.6,0.8750051580359582,0.9,0.929526657890527,0.0043424977535686735,0.006025492971978463,0.27500515803595826,0.029526657890526997,improvement_only
0.6,0.7023092443493612,0.9,0.41210064041334993,0.004342821668068427,0.006240706530817874,0.10230924434936117,-0.4878993595866501,mixed
0.6,0.699973089864855,0.9,0.43622610890606445,0.0043438809563267925,0.011377961191815306,0.09997308986485498,-0.4637738910939356,mixed
0.6,0.7213819830935101,0.9,0.4567154696794573,0.004343883439834294,0.00904156561361913,0.12138198309351012,-0.4432845303205427,mixed
0.6,0.8713715653756232,0.9,0.9137741847755455,0.004344392856983494,0.006813881939246563,0.27137156537562324,0.013774184775545484,improvement_only
0.6,0.8034776622848817,0.9,0.6439599463818599,0.0043464678775298245,0.010426359304324312,0.20347766228488173,-0.2560400536181401,mixed
0.6,0.7055967471578225,0.9,0.41861434355666916,0.004348335886359746,0.006198674454667652,0.10559674715782252,-0.48138565644333087,mixed
0.6,0.6170064741322788,0.9,0.3362310803323253,0.004349188872297702,0.008904339677276413,0.017006474132278848,-0.5637689196676747,disengagement_only
0.6,0.5624527587556677,0.9,0.23364878905461842,0.004349734430776346,0.010700843959804779,-0.037547241244332286,-0.6663512109453816,disengagement_only
0.6,0.6570730406531576,0.9,0.3826197094518934,0.004349926756436052,0.011073626578475992,0.05707304065315766,-0.5173802905481066,mixed
0.6,0.6899238335011578,0.9,0.3886454243089824,0.004349964763250286,0.006326098699799693,0.08992383350115785,-0.5113545756910176,mixed
0.6,0.7216872552691621,0.9,0.46051842248977215,0.004351769063755442,0.00972288653846859,0.12168725526916213,-0.43948157751022787,mixed
0.6,0.7218124729031911,0.9,0.4605567033627159,0.004352798073441475,0.00969035831105991,0.12181247290319108,-0.4394432966372841,mixed
0.6,0.7216234305688268,0.9,0.4562802258321896,0.004354826363332735,0.008875209034833992,0.12162343056882685,-0.44371977416781044,mixed
0.6,0.7104582888325841,0.9,0.42865218190826837,0.004354850262516411,0.006565402190839176,0.11045828883258413,-0.47134781809173165,mixed
0.6,0.8420665929436336,0.9,0.7225934828828042,0.004356650176043332,0.0063000707344736395,0.24206659294363364,-0.1774065171171958,mixed
0.6,0.8473733297006452,0.9,0.8128867596698196,0.0043573781146649775,0.010376607217883721,0.24737332970064518,-0.08711324033018042,mixed
0.6,0.7202335014706609,0.9,0.46061740977765453,0.004358701436255321,0.010211898024380245,0.12023350147066092,-0.4393825902223455,mixed
0.6,0.609841988358797,0.9,0.32832529598354737,0.004360141697065705,0.008352374216550634,0.009841988358797016,-0.5716747040164527,disengagement_only
0.6,0.7206387984008428,0.9,0.45269164185117977,0.004360363636612825,0.008452053133520432,0.1206387984008428,-0.44730835814882025,mixed
0.6,0.8561239124214912,0.9,0.8489633828852134,0.0043605267940569,0.009391504847710175,0.25612391242149124,-0.051036617114786575,mixed
0.6,0.6952315009907314,0.9,0.4303965333032965,0.004361506390803953,0.01152387913657979,0.09523150099073141,-0.4696034666967035,mixed
0.6,0.8908292688184649,0.9,0.8951590664201838,0.004361755289894756,0.007240790472387917,0.29082926881846494,-0.004840933579816187,improvement_only
0.6,0.6245882412917642,0.9,0.34484174447349314,0.00436215271711712,0.009468769482901984,0.02458824129176418,-0.5551582555265069,disengagement_only
0.6,0.8134094792414736,0.9,0.683032711189496,0.0043622143355253155,0.01144352760506434,0.21340947924147358,-0.21696728881050398,mixed
0.6,0.807093214179841,0.9,0.6398452446040516,0.004362842984213011,0.008199795137257188,0.20709321417984106,-0.26015475539594846,mixed
0.6,0.8234820392219471,0.9,0.6747069560236287,0.0043647163402359196,0.006263075792360934,0.2234820392219471,-0.2252930439763713,mixed
0.6,0.8783773154707876,0.9,0.9444699188163678,0.00436503009310986,0.005585322008968052,0.2783773154707876,0.04446991881636775,improvement_only
0.6,0.7227444450908557,0.9,0.45996344436781267,0.0043653270065199925,0.009268828447961563,0.12274444509085569,-0.44003655563218735,mixed
0.6,0.721809744326266,0.9,0.4558647044921774,0.0043662223022087245,0.0087306301316388,0.12180974432626601,-0.4441352955078226,mixed
0.6,0.7197280584175737,0.9,0.44987712530116064,0.004366261605593939,0.008160326020185321,0.11972805841757372,-0.4501228746988394,mixed
0.6,0.8015599521640997,0.9,0.6338337686439206,0.0043677705480742735,0.009782940045235194,0.20155995216409972,-0.2661662313560794,mixed
0.6,0.8093162614599527,0.9,0.6681822640096098,0.004368759426351209,0.01126986712934977,0.20931626145995275,-0.23181773599039024,mixed
0.6,0.8636380735083165,0.9,0.7883795275205489,0.0043688737549194825,0.005903229264577342,0.2636380735083165,-0.11162047247945117,mixed
0.6,0.6838219594481323,0.9,0.3776767199351262,0.004369901959196412,0.006328947917452754,0.08382195944813231,-0.5223232800648738,mixed
0.6,0.587918128576379,0.9,0.2543453510612051,0.004370441521247137,0.008688770712148478,-0.012081871423620938,-0.6456546489387949,disengagement_only
0.6,0.8725592945770576,0.9,0.9192277371144046,0.004370475834647775,0.006595199254680356,0.27255929457705763,0.01922773711440462,improvement_only
0.6,0.6585781117558165,0.9,0.38460761091471085,0.004371367596833358,0.011165495835256473,0.05857811175581651,-0.5153923890852892,mixed
0.6,0.7192057570420677,0.9,0.4603608649714789,0.004372560951511395,0.010490285046702491,0.1192057570420677,-0.43963913502852114,mixed
0.6,0.8055936521348932,0.9,0.6368107688347815,0.0043737770797396885,0.008428146783586249,0.20559365213489322,-0.26318923116521853,mixed
0.6,0.710628694874183,0.9,0.4285832705044148,0.004374228987237417,0.006499622943711647,0.11062869487418303,-0.4714167294955852,mixed
0.6,0.6253571378491214,0.9,0.3457921199623838,0.00437450376417748,0.009541905871973039,0.025357137849121414,-0.5542078800376162,disengagement_only
0.6,0.8198061153012065,0.9,0.6659541456907038,0.004375256720331229,0.006214810750301225,0.21980611530120653,-0.23404585430929625,mixed
0.6,0.6871360510911916,0.9,0.3833771643677355,0.00437558317426058,0.006354638513702493,0.0871360510911916,-0.5166228356322645,mixed
0.6,0.5576464010074914,0.9,0.2714735536862909,0.004378167694832367,0.005809132404086842,-0.04235359899250857,-0.6285264463137091,disengagement_only
0.6,0.8051982128302932,0.9,0.6359402898968567,0.004378589524099237,0.008477016402558907,0.20519821283029327,-0.26405971010314333,mixed
0.6,0.6848117943804312,0.9,0.3792837516443951,0.004378926643826002,0.0063470722382180655,0.08481179438043118,-0.5207162483556049,mixed
0.6,0.8309532970035425,0.9,0.7485823413389119,0.004379280625977786,0.011467587120687378,0.2309532970035425,-0.15141765866108814,mixed
0.6,0.8372396308701616,0.9,0.7728637347450598,0.004380733129884305,0.011182748075370591,0.23723963087016164,-0.12713626525494026,mixed
0.6,0.7181464213225673,0.9,0.44530036596875544,0.0043815120271228705,0.007709654873952448,0.11814642132256736,-0.4546996340312446,mixed
0.6,0.6286058151030636,0.9,0.2974462312010733,0.004382081611376094,0.00554352005121117,0.028605815103063592,-0.6025537687989267,disengagement_only
0.6,0.8077066208878992,0.9,0.662686951156545,0.004382442535245179,0.01122808870353681,0.20770662088789926,-0.23731304884345505,mixed
0.6,0.8970795726243976,0.9,0.9254161760584356,0.004383230174752767,0.008674878401254749,0.29707957262439766,0.025416176058435602,improvement_only
0.6,0.8225596641713071,0.9,0.7171281252944177,0.004384210937785531,0.01164450002205386,0.22255966417130713,-0.1828718747055823,mixed
0.6,0.8294701468291243,0.9,0.7430222487409648,0.0043842332920623174,0.011525454973753041,0.22947014682912437,-0.15697775125903524,mixed
0.6,0.8033490425522289,0.9,0.6460806461701687,0.004384329993028083,0.01079747082218846,0.20334904255222896,-0.25391935382983133,mixed
0.6,0.58741146463846,0.9,0.30391957008610954,0.004386341157063697,0.006214806903536901,-0.012588535361540032,-0.5960804299138904,disengagement_only
0.6,0.6688813813415434,0.9,0.397336788783667,0.0043875685401685,0.011469293938801,0.06888138134154342,-0.502663211216333,mixed
0.6,0.8209802182358338,0.9,0.6683993136153454,0.004388006782726547,0.006263246670641348,0.2209802182358338,-0.23160068638465459,mixed
0.6,0.5728145333635166,0.9,0.24129073989193012,0.004388360084181195,0.01003396448002318,-0.027185466636483357,-0.65870926010807,disengagement_only
0.6,0.7155398614531657,0.9,0.43900907472382444,0.004388512861508508,0.007206498300717873,0.11553986145316575,-0.4609909252761756,mixed
0.6,0.8155040018975914,0.9,0.6560330511688974,0.004389263785101385,0.006685161306190901,0.21550400189759145,-0.2439669488311026,mixed
0.6,0.8376730552433466,0.9,0.7746978779629232,0.0043903954011455405,0.011175016527058074,0.2376730552433466,-0.1253021220370768,mixed
0.6,0.8014221924519083,0.9,0.6302408784582897,0.004390964469434079,0.009308705094584258,0.2014221924519083,-0.26975912154171033,mixed
0.6,0.8118838784844218,0.9,0.6782976900971287,0.0043934737789857355,0.011502088386804499,0.2118838784844218,-0.22170230990287132,mixed
0.6,0.5906101866724146,0.9,0.30744034286140554,0.004394113198127502,0.006578464629993813,-0.009389813327585372,-0.5925596571385945,disengagement_only
0.6,0.7130835680132727,0.9,0.45389589250927065,0.004394217552092098,0.011100091905626414,0.11308356801327268,-0.4461041074907294,mixed
0.6,0.7238906984305115,0.9,0.46500849404055256,0.004395514584028037,0.009925304299797155,0.12389069843051148,-0.43499150595944747,mixed
0.6,0.8851726041820128,0.9,0.8695284935995724,0.004396079149901977,0.006012730307300929,0.28517260418201285,-0.030471506400427617,improvement_only
0.6,0.6076389664007847,0.9,0.27359529240666025,0.004396435705853354,0.006720354874343679,0.0076389664007847635,-0.6264047075933398,disengagement_only
0.6,0.7210461788246569,0.9,0.4519101202936344,0.004397118551382814,0.008162539621539122,0.12104617882465696,-0.4480898797063656,mixed
0.6,0.6463872994805742,0.9,0.32017157631561854,0.004397264005020111,0.005840116445114285,0.046387299480574185,-0.5798284236843815,disengagement_only
0.6,0.5952256821943722,0.9,0.26104573374869744,0.004398157349660317,0.00802431650657405,-0.004774317805627759,-0.6389542662513026,disengagement_only
0.6,0.7141165163277718,0.9,0.4355706192338038,0.00439850071058515,0.006921418400618634,0.11411651632777187,-0.4644293807661962,mixed
0.6,0.8392514335737509,0.9,0.7810066255564698,0.004398834648049132,0.011092053054888112,0.2392514335737509,-0.1189933744435302,mixed
0.6,0.5946215324902228,0.9,0.2604558132046001,0.004399525040105017,0.008087216980328507,-0.005378467509777218,-0.6395441867953999,disengagement_only
0.6,0.7006472960027788,0.9,0.4079347564836802,0.004399601284793642,0.006362556518261814,0.10064729600277877,-0.4920652435163198,mixed
0.6,0.689217499598721,0.9,0.3867704889525745,0.00439971078680738,0.006394688695658152,0.08921749959872105,-0.5132295110474255,mixed
0.6,0.8363619015540819,0.9,0.706468820756886,0.004400723326203481,0.0063957114616043365,0.23636190155408188,-0.19353117924311403,mixed
0.6,0.6510822996405606,0.9,0.32660262518945404,0.004401499592375922,0.005932019139523487,0.05108229964056066,-0.573397374810546,mixed
0.6,0.6862261673969988,0.9,0.3814818457761443,0.004401622631503756,0.006384960720306393,0.08622616739699884,-0.5185181542238557,mixed
0.6,0.8004500124345448,0.9,0.6287029584257717,0.004402110601860369,0.009507396859617046,0.20045001243454486,-0.2712970415742283,mixed
0.6,0.7185834570059615,0.9,0.44562818600140885,0.004402611841379508,0.00764128235566866,0.11858345700596151,-0.45437181399859117,mixed
0.6,0.8246077685649018,0.9,0.7250749412327522,0.004402751263744265,0.011671507742667037,0.22460776856490183,-0.17492505876724784,mixed
0.6,0.6782243988279323,0.9,0.3678684093535528,0.00440417502849916,0.006343643036133745,0.0782243988279323,-0.5321315906464472,mixed
0.6,0.8685212697171097,0.9,0.8048074082574487,0.0044048029547805395,0.005799635226555633,0.26852126971710977,-0.09519259174255135,mixed
0.6,0.679847824655068,0.9,0.37056131141790916,0.004404812891993788,0.006355404286828487,0.07984782465506801,-0.5294386885820909,mixed
0.6,0.6102118144456801,0.9,0.27627986235072655,0.004405417506550986,0.006453763000871873,0.01021181444568009,-0.6237201376492735,disengagement_only
0.6,0.7073881655112833,0.9,0.4468457929321707,0.0044056395098810465,0.011395114971735093,0.10738816551128327,-0.45315420706782933,mixed
0.6,0.8076781960001689,0.9,0.6633703490294713,0.004405645910746814,0.011340111062036584,0.2076781960001689,-0.23662965097052868,mixed
0.6,0.7997505257475576,0.9,0.6299950828443999,0.004405650721943556,0.010009279713294461,0.19975052574755758,-0.27000491715560015,mixed
0.6,0.810071008998543,0.9,0.6720753037246504,0.004406067712462931,0.011473362056640901,0.21007100899854303,-0.22792469627534961,mixed
0.6,0.7005631856736845,0.9,0.407668193253119,0.004406409729804395,0.006375057223984015,0.1005631856736845,-0.49233180674688104,mixed
0.6,0.8631877340296057,0.9,0.8793259642752722,0.004406828884974661,0.008405064032124099,0.2631877340296057,-0.020674035724727813,improvement_only
0.6,0.580607710994507,0.9,0.29666351675514135,0.004407084654883012,0.005686672019100364,-0.019392289005492946,-0.6033364832448587,disengagement_only
0.6,0.6597495796953053,0.9,0.386321613302278,0.004407476223472039,0.011275480042244213,0.059749579695305366,-0.513678386697722,mixed
0.6,0.661534440103419,0.9,0.3884996947896374,0.0044083449945183425,0.01133063364953421,0.06153444010341902,-0.5115003052103626,mixed
0.6,0.5851990613286551,0.9,0.30164802708531346,0.004408465317197223,0.006003199619196237,-0.01480093867134491,-0.5983519729146866,disengagement_only
0.6,0.6653317907613947,0.9,0.39314985768669625,0.004408738012321898,0.011433829760960329,0.06533179076139473,-0.5068501423133038,mixed
0.6,0.7227404047740893,0.9,0.4654184811008038,0.004409975555444596,0.010383402587474944,0.12274040477408932,-0.4345815188991962,mixed
0.6,0.8353011088251182,0.9,0.7657614391259744,0.00441008101798956,0.011341656341230522,0.23530110882511823,-0.13423856087402564,mixed
0.6,0.7149959415367468,0.9,0.4566921465081297,0.004410665505540475,0.011078302121259376,0.11499594153674686,-0.4433078534918703,mixed
0.6,0.7998982706825237,0.9,0.6275150502227819,0.004411585365463618,0.009571943207852929,0.19989827068252375,-0.27248494977721816,mixed
0.6,0.8607172654276917,0.9,0.8688953616927758,0.0044116550540741935,0.008804439040563078,0.2607172654276917,-0.03110463830722421,improvement_only
0.6,0.8624421097072477,0.9,0.7838644609213927,0.004411763114405767,0.005992918544914683,0.2624421097072477,-0.1161355390786073,mixed
0.6,0.8252295249448923,0.9,0.678019856964155,0.004412496146889243,0.006370661537966615,0.22522952494489235,-0.221980143035845,mixed
0.6,0.8277051595765922,0.9,0.7368322938961772,0.0044127089342046125,0.01163500468592052,0.2277051595765922,-0.1631677061038228,mixed
0.6,0.689574657212769,0.9,0.42377088115487604,0.004413624073282463,0.011722163543573277,0.08957465721276903,-0.476229118845124,mixed
0.6,0.8014124689572201,0.9,0.6399797112815913,0.00441409846935834,0.010764190659433542,0.2014124689572201,-0.26002028871840877,mixed
0.6,0.7240634307934778,0.9,0.4592747137417322,0.004414650810790655,0.008704229320658119,0.12406343079347781,-0.44072528625826785,mixed
0.6,0.7147517798322693,0.9,0.45650241423010623,0.004415307280067773,0.011116574955288006,0.11475177983226936,-0.4434975857698938,mixed
0.6,0.7255107987351507,0.9,0.46439890160969544,0.004415639714661625,0.009274727515879988,0.1255107987351507,-0.4356010983903046,mixed
0.6,0.5505837698327778,0.9,0.2253235408109374,0.0044156666563165544,0.011461925196463427,-0.049416230167222186,-0.6746764591890626,disengagement_only
0.6,0.8096069793457987,0.9,0.6429038997207966,0.0044158727843988796,0.007512129817953683,0.20960697934579875,-0.2570961002792034,mixed
0.6,0.7218733820076606,0.9,0.4649096270751738,0.004416490752111574,0.01056171584610019,0.12187338200766062,-0.4350903729248262,mixed
0.6,0.7081628436738724,0.9,0.42257040101362564,0.0044168616964231616,0.006295917363146081,0.10816284367387241,-0.4774295989863744,mixed
0.6,0.7163351280882736,0.9,0.458524949951433,0.004417075574727446,0.0110324443369271,0.11633512808827362,-0.441475050048567,mixed
0.6,0.6739691687099195,0.9,0.4039493536172829,0.0044177524059806385,0.011629454027426211,0.07396916870991954,-0.4960506463827171,mixed
0.6,0.8786679339852277,0.9,0.9463568379363944,0.004417850450203863,0.005639303908978044,0.2786679339852277,0.046356837936394335,improvement_only
0.6,0.8010614671333677,0.9,0.6388275444525428,0.004418653744335868,0.01074946555825293,0.2010614671333677,-0.26117245554745727,mixed
0.6,0.8652481046875606,0.9,0.7932515761799956,0.00441921053474655,0.005912473434585647,0.26524810468756066,-0.10674842382000438,mixed
0.6,0.7214455284879716,0.9,0.46458297354779654,0.004419328153693547,0.010633995004543123,0.12144552848797163,-0.4354170264522035,mixed
0.6,0.695313184788361,0.9,0.43131109543167945,0.004420705010241019,0.011703473777081974,0.09531318478836104,-0.4686889045683206,mixed
0.6,0.6964456300343937,0.9,0.43279697224802005,0.004421259663616573,0.01169215828611897,0.09644563003439377,-0.46720302775197997,mixed
0.6,0.8760325795190387,0.9,0.8322493925239796,0.004421319592417732,0.0056156198157066295,0.2760325795190387,-0.06775060747602046,mixed
0.6,0.5996517789404315,0.9,0.2652490191119237,0.004421864601822308,0.007613128751402881,-0.0003482210595684432,-0.6347509808880762,disengagement_only
0.6,0.8763142423614814,0.9,0.9361556274878151,0.004422240733994747,0.005863606333120053,0.2763142423614814,0.03615562748781509,improvement_only
0.6,0.7228563649696783,0.9,0.4554680550945639,0.004422366694420811,0.008315731251314407,0.12285636496967833,-0.4445319449054361,mixed
0.6,0.7241880075992732,0.9,0.46732884219888016,0.004422993844702618,0.010299717773227385,0.12418800759927318,-0.43267115780111987,mixed
0.6,0.5750288901506335,0.9,0.2428732274916476,0.004423975488052642,0.00992139419720732,-0.024971109849366457,-0.6571267725083524,disengagement_only
0.6,0.884556472504982,0.9,0.8665632210257312,0.004424095042245792,0.005927147818424794,0.28455647250498206,-0.03343677897426878,improvement_only
0.6,0.8138613469762341,0.9,0.6862553831161353,0.004425757359087321,0.011679610681643415,0.21386134697623416,-0.2137446168838647,mixed
0.6,0.7991301881596359,0.9,0.6305230519586779,0.004426119015536216,0.010362363285152998,0.1991301881596359,-0.26947694804132216,mixed
0.6,0.588447085754946,0.9,0.2545019065552896,0.004426519367296309,0.008736280007820826,-0.011552914245054002,-0.6454980934447104,disengagement_only
0.6,0.8720896395787505,0.9,0.9178629693748102,0.00442808937417491,0.006761557954783254,0.27208963957875054,0.017862969374810134,improvement_only
0.6,0.8109415450500064,0.9,0.645315982072149,0.004428116615187241,0.007254869588290275,0.2109415450500064,-0.254684017927851,mixed
0.6,0.7248218958647367,0.9,0.46060205148616695,0.004428296880496861,0.008729340017005122,0.12482189586473669,-0.43939794851383307,mixed
0.6,0.8028942247518543,0.9,0.6298335293265067,0.004428845211892969,0.008599013545888795,0.20289422475185437,-0.2701664706734933,mixed
0.6,0.7250109114009259,0.9,0.46826948827988435,0.004428853656894594,0.010220994743386974,0.1250109114009259,-0.4317305117201157,mixed
0.6,0.7257921940897337,0.9,0.4636906408846805,0.00442891601990244,0.009040221689526201,0.12579219408973374,-0.43630935911531954,mixed
0.6,0.798781696247462,0.9,0.6288943545277081,0.004429287132000995,0.010270482225605948,0.198781696247462,-0.2711056454722919,mixed
0.6,0.7187143112955685,0.9,0.4450759399643049,0.0044298016406373155,0.0074862040086852155,0.11871431129556853,-0.45492406003569513,mixed
0.6,0.8047264751508559,0.9,0.653475592554104,0.004430879541616344,0.011259293578187113,0.20472647515085596,-0.246524407445896,mixed
0.6,0.8687426878555037,0.9,0.9034408613779015,0.004432517640451084,0.007442662015959306,0.2687426878555037,0.0034408613779014496,improvement_only
0.6,0.8170458272582665,0.9,0.6979076154706123,0.004432710466618289,0.011758653461713342,0.2170458272582665,-0.20209238452938771,mixed
0.6,0.7191698395786702,0.9,0.44603152990628075,0.004433072380656725,0.007541689566649162,0.11916983957867022,-0.45396847009371927,mixed
0.6,0.8274268924471742,0.9,0.6830460502212711,0.004433133660888679,0.006425527001275161,0.22742689244717418,-0.21695394977872895,mixed
0.6,0.8033180178583612,0.9,0.6483755645102383,0.004433268579822278,0.01115040948515672,0.20331801785836123,-0.25162443548976177,mixed
0.6,0.7267013240916402,0.9,0.4670387687140417,0.004433774856546084,0.009419141648333212,0.12670132409164025,-0.4329612312859583,mixed
0.6,0.6934935709010893,0.9,0.39403967193554634,0.004434186244528464,0.006448940754469945,0.09349357090108934,-0.5059603280644537,mixed
0.6,0.6724948392762177,0.9,0.3582776096299425,0.00443427167563481,0.006324346387687418,0.07249483927621769,-0.5417223903700575,mixed
0.6,0.8174389861664643,0.9,0.6993721509434692,0.004434618862179695,0.011768383755660888,0.2174389861664643,-0.20062784905653086,mixed
0.6,0.6999715541985163,0.9,0.4061073144239548,0.004434861082079453,0.006427703165189119,0.09997155419851633,-0.4938926855760452,mixed
0.6,0.7029768986731452,0.9,0.4415766350783616,0.0044353038829137706,0.011626689487899855,0.10297689867314519,-0.45842336492163843,mixed
0.6,0.654253537743401,0.9,0.37991050899314804,0.004435881006684491,0.011146005210870835,0.054253537743401026,-0.520089491006852,mixed
0.6,0.6423701339243204,0.9,0.31451182374007725,0.004436319213277799,0.005804628845482329,0.04237013392432043,-0.5854881762599228,disengagement_only
0.6,0.8331318722770069,0.9,0.6974414018445844,0.004437240897070434,0.006453433314820511,0.23313187227700694,-0.20255859815541566,mixed
0.6,0.7991350642572304,0.9,0.624301738975725,0.00443724944126492,0.009423247468178075,0.19913506425723038,-0.27569826102427497,mixed
0.6,0.8836177777273321,0.9,0.8624356777953816,0.004437979806967873,0.005815534751483664,0.2836177777273321,-0.03756432220461847,improvement_only
0.6,0.718594146265943,0.9,0.44455639969744987,0.004437998161091289,0.007416105229834186,0.118594146265943,-0.45544360030255016,mixed
0.6,0.804048826078252,0.9,0.6512726334083011,0.004438115162215308,0.011245072275708368,0.20404882607825203,-0.24872736659169892,mixed
0.6,0.6231073255432114,0.9,0.34366121712449976,0.004439652059808107,0.009502988831634501,0.023107325543211377,-0.5563387828755002,disengagement_only
0.6,0.8752670620075135,0.9,0.8290973848814569,0.004441168186235407,0.005654349202176057,0.2752670620075135,-0.07090261511854312,mixed
0.6,0.8439420034644707,0.9,0.8001861732091015,0.004441590955139548,0.010814677464602074,0.2439420034644707,-0.09981382679089856,mixed
0.6,0.8188959754342424,0.9,0.704845504987466,0.004443693632223133,0.011803705405094317,0.21889597543424244,-0.195154495012534,mixed
0.6,0.8454584122966405,0.9,0.7309875189288038,0.004444339837449596,0.006391374736218258,0.24545841229664056,-0.16901248107119626,mixed
0.6,0.7108025617771536,0.9,0.45205665449585863,0.004444749042988877,0.01143410503321346,0.11080256177715364,-0.4479433455041414,mixed
0.6,0.8377686387104656,0.9,0.7095917720950005,0.004444886199697428,0.006449503194769085,0.2377686387104656,-0.19040822790499956,mixed
0.6,0.6885802663123044,0.9,0.42285974694433826,0.004445163438373124,0.011809406315899884,0.08858026631230442,-0.47714025305566177,mixed
0.6,0.8888736015462001,0.9,0.8851638194590641,0.004445826060935193,0.006892814696742633,0.2888736015462001,-0.01483618054093594,improvement_only
0.6,0.8564573875132778,0.9,0.7640549402492958,0.00444598850054654,0.006187429762683688,0.25645738751327785,-0.13594505975070426,mixed
0.6,0.7252563479278272,0.9,0.46070777854122613,0.004446362143297289,0.008610654115544236,0.12525634792782725,-0.4392922214587739,mixed
0.6,0.8518736645872683,0.9,0.8324120072780591,0.004446592883731079,0.010035618206939101,0.25187366458726834,-0.06758799272194094,mixed
0.6,0.899184492529522,0.9,0.9355613214951679,0.00444773324276147,0.009221024207647893,0.29918449252952206,0.035561321495167886,improvement_only
0.6,0.8053865588548047,0.9,0.6335758779883427,0.004447895632464051,0.008047426069213243,0.20538655885480472,-0.2664241220116573,mixed
0.6,0.8015470172226256,0.9,0.626715269501862,0.004447928846803781,0.00872861290435803,0.20154701722262558,-0.27328473049813806,mixed
0.6,0.8614042449231514,0.9,0.7799885328185381,0.004448265466980425,0.0060681286177774185,0.2614042449231514,-0.12001146718146194,mixed
0.6,0.6411868714689695,0.9,0.36451200508169623,0.004448506385036925,0.010599305102154566,0.04118687146896949,-0.5354879949183038,disengagement_only
0.6,0.8045020703751793,0.9,0.6318489285048305,0.004449477106164456,0.00818609943589732,0.2045020703751793,-0.2681510714951695,mixed
0.6,0.6099527443777257,0.9,0.275724056677058,0.004451305147045947,0.006560971302080623,0.009952744377725753,-0.624275943322942,disengagement_only
0.6,0.6186890771703576,0.9,0.2853565848032281,0.0044521287988622945,0.0057645653492456594,0.018689077170357615,-0.6146434151967719,disengagement_only
0.6,0.6366428526515789,0.9,0.35924753285337974,0.004452656504904695,0.010367086439227319,0.03664285265157896,-0.5407524671466203,disengagement_only
0.6,0.8789940518945231,0.9,0.9481989666293612,0.004453638362239936,0.005669770678751768,0.2789940518945231,0.048198966629361184,improvement_only
0.6,0.841173962083641,0.9,0.7187724177927507,0.004454010507116694,0.006438886468600552,0.24117396208364106,-0.18122758220724933,mixed
0.6,0.7213509560522078,0.9,0.450429012854387,0.004455448213607958,0.0077624197872997736,0.1213509560522078,-0.449570987145613,mixed
0.6,0.8146934731756895,0.9,0.6899507707646074,0.0044564622577272115,0.01179617441474784,0.21469347317568954,-0.2100492292353926,mixed
0.6,0.7016879112598469,0.9,0.44020145958098034,0.004456508969643899,0.011724206407656229,0.10168791125984689,-0.4597985404190197,mixed
0.6,0.8165573165799663,0.9,0.6568680224978183,0.004457251769383769,0.006317023114845749,0.21655731657996635,-0.24313197750218174,mixed
0.6,0.9004844415928728,0.9,0.9424586220499536,0.004458185884708014,0.009522906545261514,0.3004844415928728,0.04245862204995354,improvement_only
0.6,0.616056005918124,0.9,0.33584489682609125,0.004458510577331127,0.009020390723858435,0.01605600591812406,-0.5641551031739087,disengagement_only
0.6,0.7992235976175303,0.9,0.6225807038854663,0.0044600163096536185,0.009125466782063385,0.19922359761753028,-0.27741929611453375,mixed
0.6,0.8242100421069384,0.9,0.7246383169504311,0.004461099721063611,0.01181528062659501,0.2242100421069384,-0.1753616830495689,mixed
0.6,0.7271825418883666,0.9,0.4719910005713186,0.004461552414489639,0.010257079524916696,0.12718254188836664,-0.4280089994286814,mixed
0.6,0.8244254530186186,0.9,0.7254547893458411,0.004462254432450073,0.011814525089867078,0.2244254530186186,-0.17454521065415896,mixed
0.6,0.7228562614670269,0.9,0.4537674072842914,0.004463139842999822,0.007968831048270841,0.12285626146702688,-0.44623259271570864,mixed
0.6,0.8827208966932247,0.9,0.8583891827456382,0.004463683557939513,0.005764846085548614,0.28272089669322475,-0.041610817254361776,improvement_only
0.6,0.7968580132749545,0.9,0.6230137638078962,0.004463848177822056,0.01022231525396794,0.19685801327495456,-0.27698623619210383,mixed
0.6,0.6635339097599862,0.9,0.3914223301289858,0.004464969667174969,0.011504462037084912,0.06353390975998618,-0.5085776698710143,mixed
0.6,0.8022255699894978,0.9,0.6457226866751333,0.004465577992572992,0.011252432278168523,0.2022255699894978,-0.2542773133248667,mixed
0.6,0.8278318820247059,0.9,0.6834895486799291,0.0044670184057816805,0.006482283471209244,0.22783188202470595,-0.21651045132007096,mixed
0.6,0.7969902803409792,0.9,0.6247227049967392,0.00446719003712463,0.010424573894176614,0.1969902803409792,-0.2752772950032608,mixed
0.6,0.8267961545726644,0.9,0.6808948593495809,0.004468400441971309,0.006477545264080842,0.22679615457266444,-0.21910514065041908,mixed
0.6,0.6513370924946801,0.9,0.3264495526329342,0.004468498899852035,0.00600959297477624,0.0513370924946801,-0.5735504473670658,mixed
0.6,0.846388954222049,0.9,0.7333517033005349,0.004468568361561897,0.006411934916237233,0.24638895422204898,-0.16664829669946513,mixed
0.6,0.864946660829105,0.9,0.7916275033523841,0.004469601788322284,0.005982309894299903,0.264946660829105,-0.10837249664761595,mixed
0.6,0.8833474844027807,0.9,0.8609148274084939,0.004470498789146768,0.005828262969531622,0.2833474844027807,-0.03908517259150612,improvement_only
0.6,0.8410796850331901,0.9,0.789221140706703,0.004471360830759946,0.011088501988769012,0.2410796850331901,-0.110778859293297,mixed
0.6,0.8559439896588201,0.9,0.849578511446911,0.004472079906641505,0.009566608695917383,0.25594398965882015,-0.05042148855308903,mixed
0.6,0.7964803936913971,0.9,0.6194332319168289,0.004473353872352721,0.009841097565093243,0.19648039369139714,-0.28056676808317116,mixed
0.6,0.66259298950149,0.9,0.3426514526070489,0.004474566970972104,0.006221033423188277,0.06259298950149006,-0.5573485473929511,mixed
0.6,0.650296425050631,0.9,0.3754713333397728,0.004475192428367724,0.011067280625345038,0.05029642505063103,-0.5245286666602272,mixed
0.6,0.7055316258265438,0.9,0.4456104902753243,0.004475307028413312,0.011708842512961254,0.10553162582654385,-0.45438950972467573,mixed
0.6,0.7292794742102288,0.9,0.4715473403786263,0.004475770542655001,0.00947575414923521,0.12927947421022878,-0.42845265962137374,mixed
0.6,0.7199081827930074,0.9,0.44643554528738205,0.004476871303946769,0.007394415654610048,0.11990818279300741,-0.45356445471261797,mixed
0.6,0.7981777482494463,0.9,0.6310597012089801,0.004477197466736898,0.010863919933009364,0.19817774824944634,-0.2689402987910199,mixed
0.6,0.6597942874431709,0.9,0.33848003652365255,0.00447778874153415,0.006181964873848922,0.059794287443170946,-0.5615199634763475,mixed
0.6,0.627397085149225,0.9,0.29535830925535667,0.004478583469958524,0.0056623406685729905,0.02739708514922501,-0.6046416907446434,disengagement_only
0.6,0.7962979169280607,0.9,0.6185412949389749,0.004478765551813084,0.00978411812094851,0.19629791692806076,-0.2814587050610251,mixed
0.6,0.862020316693225,0.9,0.7816612084744391,0.004479112911102271,0.006086969835454897,0.262020316693225,-0.11833879152556093,mixed
0.6,0.7264885140820735,0.9,0.4725230740827473,0.004479153769333109,0.010593572426842529,0.1264885140820735,-0.4274769259172527,mixed
0.6,0.8716973736163676,0.9,0.8153418666404213,0.004480408219461483,0.0057945456624470815,0.2716973736163676,-0.08465813335957872,mixed
0.6,0.798612903711842,0.9,0.6204418676513719,0.004480461712699657,0.009068708975851686,0.19861290371184204,-0.27955813234862814,mixed
0.6,0.8081908703013958,0.9,0.6674954293086082,0.0044821478636799545,0.011697156454522267,0.20819087030139583,-0.23250457069139185,mixed
0.6,0.6707043915636708,0.9,0.3549969904369401,0.004483115199851083,0.006358043456621887,0.07070439156367081,-0.5450030095630599,mixed
0.6,0.8148078720560875,0.9,0.6523768966823331,0.004483488761451686,0.0064943149694563496,0.21480787205608753,-0.2476231033176669,mixed
0.6,0.8511259718342844,0.9,0.8298313189460509,0.004485535276030966,0.0101765449941576,0.2511259718342844,-0.07016868105394913,mixed
0.6,0.589329481854042,0.9,0.30659530893401166,0.004487865632327381,0.0066027111560755525,-0.010670518145957986,-0.5934046910659884,disengagement_only
0.6,0.8684677761728413,0.9,0.9029084516014154,0.004488321701600026,0.007562174102043601,0.26846777617284134,0.002908451601415396,improvement_only
0.6,0.6725567791330007,0.9,0.3578696748330637,0.004488567448933007,0.006389476332909483,0.07255677913300074,-0.5421303251669363,mixed
0.6,0.8742180414474159,0.9,0.8245825508474997,0.004488594750018341,0.005731841347406841,0.2742180414474159,-0.07541744915250037,mixed
0.6,0.8204390566504741,0.9,0.6651968739140407,0.004488689188451536,0.006441972109034355,0.22043905665047414,-0.23480312608595932,mixed
0.6,0.8442959289774343,0.9,0.7270659698940776,0.0044895056567987235,0.006463081799319537,0.24429592897743435,-0.17293403010592245,mixed
0.6,0.8477665984644231,0.9,0.8162013159432502,0.004489795006320131,0.01053918502413101,0.24776659846442317,-0.08379868405674984,mixed
0.6,0.6757991340835123,0.9,0.3630524115477915,0.004489920448917363,0.006429044997142419,0.07579913408351235,-0.5369475884522086,mixed
0.6,0.8012071325675907,0.9,0.6430912263899091,0.004490937555339663,0.01132027650417139,0.2012071325675907,-0.2569087736100909,mixed
0.6,0.726214495039484,0.9,0.47280591295612184,0.004491061752972802,0.01074124306846791,0.126214495039484,-0.4271940870438782,mixed
0.6,0.728999173405557,0.9,0.46857563925363377,0.004491658774215836,0.008974826284364329,0.128999173405557,-0.43142436074636625,mixed
0.6,0.8696966255644815,0.9,0.8079660883544492,0.004492342333837162,0.005865901110708283,0.2696966255644815,-0.09203391164555086,mixed
0.6,0.5872356647142958,0.9,0.30434783573222346,0.0044924738478013425,0.0063802308354799775,-0.012764335285704198,-0.5956521642677766,disengagement_only
0.6,0.6768108797272163,0.9,0.408266036429571,0.004493470358510999,0.011845659169946204,0.07681087972721634,-0.49173396357042903,mixed
0.6,0.6031845907494621,0.9,0.32177674218084074,0.004493938954476583,0.007997946166864972,0.0031845907494620906,-0.5782232578191593,disengagement_only
0.6,0.8061435303010437,0.9,0.6606384691275786,0.004494045806092162,0.011654713651952503,0.2061435303010437,-0.2393615308724214,mixed
0.6,0.691866477754429,0.9,0.4277345019688128,0.004494307643142052,0.011936882094011891,0.09186647775442902,-0.4722654980311872,mixed
0.6,0.7952502658372208,0.9,0.6191694437502929,0.004494309221667995,0.010334039744214735,0.19525026583722083,-0.2808305562497071,mixed
0.6,0.8163075352396129,0.9,0.6965611562493891,0.0044952934163002885,0.01193273651595067,0.21630753523961288,-0.20343884375061094,mixed
0.6,0.7281142566412518,0.9,0.4657763765532916,0.004495375546304496,0.008704333230228012,0.12811425664125187,-0.4342236234467084,mixed
0.6,0.8199088352292067,0.9,0.6638192947147031,0.00449568012414285,0.006446819661697856,0.21990883522920668,-0.2361807052852969,mixed
0.6,0.7259548701211838,0.9,0.4727527123555666,0.004496591053828688,0.010816432044186391,0.12595487012118378,-0.4272472876444334,mixed
0.6,0.8267883773550873,0.9,0.7348147619060204,0.004497300461160018,0.011843067696284099,0.22678837735508728,-0.16518523809397967,mixed
0.6,0.8129251436346298,0.9,0.6845891504497068,0.004498090682790856,0.01189448339726587,0.21292514363462978,-0.21541084955029322,mixed
0.6,0.832889206283262,0.9,0.7578151384153511,0.004498230187970288,0.011625513873957771,0.23288920628326204,-0.14218486158464894,mixed
0.6,0.8735745564846235,0.9,0.9251296383137066,0.004498551232171532,0.006523243766258235,0.2735745564846235,0.025129638313706626,improvement_only
0.6,0.7984954206676926,0.9,0.6192255588844188,0.004498698348477269,0.00893600561721658,0.19849542066769266,-0.28077444111558125,mixed
0.6,0.8598542891040986,0.9,0.8663020276043869,0.004499528166044277,0.00904897973246821,0.2598542891040986,-0.03369797239561312,improvement_only
0.6,0.7027161481003522,0.9,0.4422319909490474,0.004500351038794293,0.01185022070129857,0.10271614810035223,-0.4577680090509526,mixed
0.6,0.7947423024638937,0.9,0.6159912247849008,0.00450139825309513,0.010065770599105378,0.19474230246389368,-0.28400877521509926,mixed
0.6,0.6374419159531288,0.9,0.30764987989858117,0.004501905869194633,0.005794707813311983,0.037441915953128846,-0.5923501201014189,disengagement_only
0.6,0.8169571839560346,0.9,0.6568516226218654,0.004502104793643361,0.006409069224178138,0.21695718395603458,-0.24314837737813466,mixed
0.6,0.7275962477849389,0.9,0.4748476970334411,0.00450259805259134,0.010693683052147324,0.12759624778493894,-0.4251523029665589,mixed
0.6,0.5682859017871962,0.9,0.23705282599391655,0.004503133885927174,0.010592138838128581,-0.0317140982128038,-0.6629471740060835,disengagement_only
0.6,0.8855042751281886,0.9,0.8696534646267382,0.004503193657090816,0.006203342679928225,0.28550427512818866,-0.030346535373261818,improvement_only
0.6,0.8840176339521568,0.9,0.8633229385451306,0.004504050040401549,0.005943619770507058,0.28401763395215684,-0.036677061454869375,improvement_only
0.6,0.7289785184192871,0.9,0.47629779673818884,0.004504068002361922,0.010523832149311102,0.1289785184192871,-0.4237022032618112,mixed
0.6,0.624999718719151,0.9,0.3462195499805587,0.004504130339615875,0.009744895539152504,0.024999718719151076,-0.5537804500194413,disengagement_only
0.6,0.6997957710271,0.9,0.4047702456258,0.004504721806533189,0.0065419723562428755,0.09979577102710002,-0.4952297543742,mixed
0.6,0.8219023718184033,0.9,0.7169574529514944,0.004505441535490495,0.011951469843960838,0.22190237181840333,-0.18304254704850564,mixed
0.6,0.794493182068918,0.9,0.6172460890292732,0.004507726753880604,0.010366256636060639,0.19449318206891797,-0.2827539109707268,mixed
0.6,0.6697324308943394,0.9,0.39947847066639874,0.004507808660060411,0.01174913309859088,0.06973243089433945,-0.5005215293336013,mixed
0.6,0.7267377804738893,0.9,0.47413294468527156,0.004507909561746881,0.010835164017456295,0.12673778047388928,-0.42586705531472846,mixed
0.6,0.8910597846373933,0.9,0.8943718353918948,0.004508152937057204,0.007453139392791075,0.29105978463739335,-0.005628164608105224,improvement_only
0.6,0.8733150984468284,0.9,0.820970883390405,0.004509034021334469,0.005784764181559265,0.27331509844682844,-0.079029116609595,mixed
0.6,0.7974044231220394,0.9,0.6169488666303153,0.004509123375890744,0.009063266743724041,0.19740442312203943,-0.2830511333696847,mixed
0.6,0.7264622889105472,0.9,0.46076976488422705,0.004510618361925138,0.008234232426802018,0.12646228891054723,-0.43923023511577297,mixed
0.6,0.796931531164092,0.9,0.616121415732839,0.004511171224983095,0.009141596914244043,0.196931531164092,-0.28387858426716106,mixed
0.6,0.7280884957719747,0.9,0.4648360223809906,0.004511782354248812,0.008524343669300938,0.12808849577197468,-0.43516397761900943,mixed
0.6,0.5765546097961909,0.9,0.2928905983538612,0.004512193280022679,0.005724095546253832,-0.02344539020380909,-0.6071094016461388,disengagement_only
0.6,0.8323288602879395,0.9,0.6942069257704452,0.004512976228617539,0.006563389375180417,0.23232886028793953,-0.20579307422955484,mixed
0.6,0.8513503828499087,0.9,0.8311020551201302,0.00451350785939855,0.010191122165584293,0.25135038284990874,-0.06889794487986978,mixed
0.6,0.7063673107748291,0.9,0.44735647885250857,0.004513568105803438,0.011824504937960834,0.10636731077482908,-0.45264352114749146,mixed
0.6,0.7318223965115621,0.9,0.47637925390563185,0.004513574123315133,0.009591765203871977,0.13182239651156213,-0.4236207460943682,mixed
0.6,0.64731881990675,0.9,0.3722154731053321,0.004514414020150305,0.01101352934368241,0.04731881990675002,-0.5277845268946679,disengagement_only
0.6,0.8880451682963297,0.9,0.8806001173554984,0.004515227625457732,0.006782792270708063,0.28804516829632976,-0.019399882644501654,improvement_only
0.6,0.7273347287570912,0.9,0.47514527862647715,0.004515388462601238,0.01084038417979788,0.12733472875709118,-0.42485472137352287,mixed
0.6,0.6100883391879021,0.9,0.3295410720625137,0.004515796193996879,0.008639745420210898,0.010088339187902085,-0.5704589279374863,disengagement_only
0.6,0.5945351119140123,0.9,0.2596858756932293,0.00451673786164896,0.00829768807524088,-0.0054648880859876625,-0.6403141243067707,disengagement_only
0.6,0.7975771369597241,0.9,0.631233187063252,0.0045183468056786405,0.011155552150599574,0.19757713695972412,-0.268766812936748,mixed
0.6,0.794552526174452,0.9,0.6193876626533542,0.004519064801686719,0.010670018054123154,0.19455252617445207,-0.2806123373466458,mixed
0.6,0.7252321992893916,0.9,0.472774814983118,0.004520249496251202,0.011060055450824446,0.12523219928939167,-0.427225185016882,mixed
0.6,0.7314117895527864,0.9,0.4736680516646333,0.004520882162313624,0.00919183855648184,0.13141178955278643,-0.4263319483353667,mixed
0.6,0.6346838265709486,0.9,0.3040216925240231,0.004521614984462083,0.005770334721666215,0.034683826570948595,-0.5959783074759769,disengagement_only
0.6,0.8375803498050508,0.9,0.7762236389622397,0.004522159044975073,0.011414016728930665,0.23758034980505083,-0.12377636103776035,mixed
0.6,0.8682068300937202,0.9,0.8023209597853164,0.004522443168853399,0.005952787879815541,0.26820683009372026,-0.09767904021468365,mixed
0.6,0.7294388457372276,0.9,0.4678451955087659,0.004522478677753853,0.008684967234288521,0.12943884573722764,-0.4321548044912341,mixed
0.6,0.8068986828202679,0.9,0.6640841184812198,0.004522717545038618,0.011805703782617555,0.2068986828202679,-0.23591588151878018,mixed
0.6,0.7260419026680232,0.9,0.4738971219837122,0.004523279082884976,0.011018538928667387,0.12604190266802318,-0.4261028780162878,mixed
0.6,0.7952502312324069,0.9,0.6129900404489868,0.004523576763462045,0.009386598731627144,0.19525023123240692,-0.28700995955101327,mixed
0.6,0.8299654524696636,0.9,0.6879595363737872,0.004523949675284259,0.006577985454716606,0.2299654524696636,-0.21204046362621287,mixed
0.6,0.6542700678572712,0.9,0.38061523398547686,0.004524172596830143,0.011319207652656177,0.054270067857271176,-0.5193847660145232,mixed
0.6,0.7247433391601289,0.9,0.45612739618892983,0.0045247263305934655,0.007847746756674129,0.12474333916012892,-0.4438726038110702,mixed
0.6,0.7178314674181693,0.9,0.4631528617285921,0.004525788233673854,0.011512542965808559,0.1178314674181693,-0.4368471382714079,mixed
0.6,0.6885140057218612,0.9,0.42370918675687225,0.00452625266900463,0.01202272599279089,0.08851400572186119,-0.4762908132431278,mixed
0.6,0.7005958418154243,0.9,0.40596249138124096,0.0045272186920913985,0.006574236236622399,0.10059584181542436,-0.49403750861875906,mixed
0.6,0.7185708241272334,0.9,0.46421001074165785,0.004528218186608386,0.0114916686358556,0.11857082412723341,-0.43578998925834217,mixed
0.6,0.6212047520434386,0.9,0.34207345037088044,0.004528647761787102,0.009523792720524699,0.021204752043438635,-0.5579265496291196,disengagement_only
0.6,0.7962841882958112,0.9,0.6140914631937491,0.004528742482560855,0.009111013251526773,0.19628418829581118,-0.28590853680625095,mixed
0.6,0.8048040425159312,0.9,0.6298564967984045,0.004528876087539505,0.007760374347072163,0.2048040425159312,-0.2701435032015955,mixed
0.6,0.7196802604225949,0.9,0.4445312436025666,0.004530281531509368,0.007072930144509687,0.11968026042259494,-0.45546875639743345,mixed
0.6,0.7939678362425255,0.9,0.6180528392488251,0.004530731987778796,0.010717663043308429,0.19396783624252556,-0.2819471607511749,mixed
0.6,0.625793619498106,0.9,0.3473029626637223,0.004532111505491074,0.00984711884382039,0.02579361949810599,-0.5526970373362777,disengagement_only
0.6,0.7284797393020147,0.9,0.47721324682474775,0.004532127779423591,0.010873278098718714,0.12847973930201473,-0.4227867531752523,mixed
0.6,0.8423962357246839,0.9,0.7952599114792236,0.004532741565909282,0.011087768053258423,0.24239623572468394,-0.10474008852077643,mixed
0.6,0.7973194512516641,0.9,0.6155478332909906,0.0045327501443946806,0.00888717917549689,0.19731945125166417,-0.2844521667090094,mixed
0.6,0.7255471793049894,0.9,0.4736214473279251,0.00453331875464779,0.01112693398584097,0.12554717930498938,-0.4263785526720749,mixed
0.6,0.5610804999655089,0.9,0.23153446541751616,0.004533371342620888,0.011147161084558307,-0.03891950003449107,-0.6684655345824839,disengagement_only
0.6,0.8374935567336302,0.9,0.7760540446469532,0.004534009842760797,0.011440188251109318,0.23749355673363026,-0.12394595535304687,mixed
0.6,0.6856867798476216,0.9,0.42010701662052136,0.004534588162286107,0.012032702608028578,0.08568677984762163,-0.47989298337947867,mixed
0.6,0.8184114844648661,0.9,0.7048761635981382,0.004534711006120871,0.012046952964701624,0.21841148446486613,-0.19512383640186182,mixed
0.6,0.8015062568265331,0.9,0.6231170145181857,0.00453480729813125,0.008210550197934985,0.20150625682653311,-0.27688298548181434,mixed
0.6,0.8324123117386645,0.9,0.6940937188783167,0.004534868578550577,0.006594767648314986,0.2324123117386645,-0.2059062811216833,mixed
0.6,0.7085229116654891,0.9,0.4506399569351828,0.00453512052689053,0.01185225534361134,0.10852291166548911,-0.44936004306481725,mixed
0.6,0.7985761365234432,0.9,0.6176002546931122,0.00453575970059483,0.008655603116005633,0.1985761365234432,-0.28239974530688783,mixed
0.6,0.7335107363437994,0.9,0.4807204083444421,0.0045361268078752195,0.009881983434397307,0.1335107363437994,-0.41927959165555795,mixed
0.6,0.8010671850850707,0.9,0.6443291366534002,0.004536376413666172,0.011568037586850932,0.2010671850850707,-0.25567086334659983,mixed
0.6,0.8067109650751522,0.9,0.633578098870756,0.004536540266018207,0.0074603704848813235,0.2067109650751522,-0.266421901129244,mixed
0.6,0.7324652764322099,0.9,0.47556658251573714,0.00453682572505696,0.00921706775915579,0.13246527643220996,-0.4244334174842629,mixed
0.6,0.7941898506672764,0.9,0.6106293859410579,0.00453718968745448,0.009477901434645442,0.19418985066727645,-0.28937061405894215,mixed
0.6,0.8104619259533,0.9,0.6768570465750322,0.004538018258130805,0.011971697174688684,0.21046192595330004,-0.22314295342496782,mixed
0.6,0.8025767097229262,0.9,0.6496057930666154,0.004538334883997833,0.011669177065847552,0.20257670972292618,-0.25039420693338466,mixed
0.6,0.8123894914759676,0.9,0.64578584822102,0.004538537179200428,0.006667206449868596,0.21238949147596764,-0.25421415177898,mixed
0.6,0.6808512052355011,0.9,0.370858451782601,0.0045387324718153925,0.006535304918939416,0.08085120523550116,-0.529141548217399,mixed
0.6,0.8407386796125652,0.9,0.7888050678877796,0.004539154901511156,0.011226346326953351,0.24073867961256523,-0.11119493211222042,mixed
0.6,0.8182911957866582,0.9,0.7045313362339183,0.0045392340296010825,0.01205899600886437,0.21829119578665823,-0.19546866376608174,mixed
0.6,0.7946624842476399,0.9,0.6216321087031806,0.004539519816679573,0.010967396126140339,0.19466248424763988,-0.2783678912968194,mixed
0.6,0.8733952904573244,0.9,0.8209131665508422,0.004539554908863452,0.005819968142146942,0.27339529045732447,-0.07908683344915779,mixed
0.6,0.7983610683530317,0.9,0.6170123133329398,0.004540461172561635,0.008659715704764315,0.1983610683530317,-0.2829876866670602,mixed
0.6,0.573363045204728,0.9,0.24083097940312473,0.00454059732367538,0.010268513234930374,-0.02663695479527195,-0.6591690205968753,disengagement_only
0.6,0.8821766466512279,0.9,0.8552243681871237,0.004540679877345152,0.005823999014016146,0.2821766466512279,-0.04477563181287636,improvement_only
0.6,0.8187476854610088,0.9,0.7062039159102806,0.004541130553875363,0.012062805165768992,0.21874768546100887,-0.19379608408971938,mixed
0.6,0.7942387061551207,0.9,0.6201237829100917,0.004541354396547821,0.010919468169993979,0.19423870615512073,-0.2798762170899083,mixed
0.6,0.7335932586873984,0.9,0.48229264323418775,0.004542197039042107,0.010163134442484623,0.13359325868739846,-0.4177073567658123,mixed
0.6,0.5933210473100994,0.9,0.3112593066778676,0.004542469911958635,0.007120419265096517,-0.006678952689900597,-0.5887406933221324,disengagement_only
0.6,0.8014833355907218,0.9,0.6227872134331754,0.004543128637055947,0.00817142030758397,0.20148333559072185,-0.2772127865668246,mixed
0.6,0.6483920566832908,0.9,0.32182483876920465,0.004543540117335261,0.0060409341616887435,0.04839205668329083,-0.5781751612307954,disengagement_only
0.6,0.82795723637306,0.9,0.7399196202992799,0.004543612792590829,0.011907667639651759,0.22795723637305998,-0.1600803797007201,mixed
0.6,0.5936951035618078,0.9,0.311675386268976,0.004543864309095661,0.007161418740934622,-0.006304896438192209,-0.5883246137310241,disengagement_only
0.6,0.8722521818216964,0.9,0.8166339481368237,0.004543995731877292,0.005858274946340614,0.2722521818216964,-0.08336605186317636,mixed
0.6,0.8850052124258931,0.9,0.8670172838947531,0.004544652166050383,0.006144880964529448,0.28500521242589316,-0.032982716105246945,improvement_only
0.6,0.730083320578124,0.9,0.46839450085261014,0.004544722537438709,0.008583186839248608,0.130083320578124,-0.4316054991473899,mixed
0.6,0.8029664790136256,0.9,0.6511537497030095,0.004544874434296244,0.011720918702255084,0.20296647901362563,-0.24884625029699048,mixed
0.6,0.729917597064015,0.9,0.46793045609155354,0.004545535542184302,0.00854515195261224,0.12991759706401507,-0.4320695439084465,mixed
0.6,0.804552044264599,0.9,0.6288500590028321,0.00454575811937003,0.007723721537361172,0.20455204426459905,-0.27114994099716794,mixed
0.6,0.5808218722564288,0.9,0.24702465383887123,0.004546117424555845,0.009646621129734023,-0.019178127743571194,-0.6529753461611287,disengagement_only
0.6,0.5949736661166288,0.9,0.3130878256852126,0.004546785710465872,0.007297048211410473,-0.005026333883371148,-0.5869121743147874,disengagement_only
0.6,0.7328423938401502,0.9,0.4826605969916317,0.004548356334093581,0.010489120745894143,0.13284239384015017,-0.4173394030083683,mixed
0.6,0.7986647323224824,0.9,0.6172055518834398,0.004549152888178224,0.008557727019186029,0.19866473232248238,-0.2827944481165602,mixed
0.6,0.8241983363684049,0.9,0.7261193219676343,0.004549409146863796,0.012018282577545475,0.22419833636840492,-0.17388067803236573,mixed
0.6,0.7337214811704985,0.9,0.4783627777757182,0.0045501370465270054,0.009348040128256102,0.13372148117049854,-0.42163722222428185,mixed
0.6,0.7340172307066928,0.9,0.4794097963211086,0.004550226172985988,0.009454419639491257,0.1340172307066928,-0.42059020367889144,mixed
0.6,0.5838702641981655,0.9,0.3010385313265616,0.0045509605644724425,0.006116169925710818,-0.01612973580183452,-0.5989614686734384,disengagement_only
0.6,0.8155849647896748,0.9,0.6951274535594318,0.004551118108702431,0.012085642212272707,0.21558496478967482,-0.20487254644056818,mixed
0.6,0.801592921258967,0.9,0.6466576205230983,0.004551566655334806,0.01167759080876174,0.201592921258967,-0.25334237947690175,mixed
0.6,0.676840775204325,0.9,0.36414508447415617,0.004551611311478841,0.006515237920729222,0.07684077520432497,-0.5358549155258439,mixed
0.6,0.5867653943017834,0.9,0.3041846324092232,0.004552029247087497,0.00643157796724983,-0.01323460569821655,-0.5958153675907768,disengagement_only
0.6,0.7990180358065927,0.9,0.6177396821393946,0.004552268790238353,0.008485571095004557,0.19901803580659272,-0.28226031786060546,mixed
0.6,0.828738254185383,0.9,0.6843961022260949,0.004552351773737611,0.0066177180924684165,0.22873825418538307,-0.2156038977739051,mixed
0.6,0.734656669212157,0.9,0.4818959623318528,0.004552568184714034,0.009726475440161225,0.13465666921215702,-0.41810403766814724,mixed
0.6,0.8069990758049775,0.9,0.6337464341058882,0.004553206192397688,0.0073570175824742845,0.20699907580497756,-0.26625356589411187,mixed
0.6,0.8280477059755584,0.9,0.740430158344149,0.004554503589103566,0.011927366587951349,0.22804770597555846,-0.15956984165585097,mixed
0.6,0.7319942368237609,0.9,0.4729128081123911,0.0045545345726461925,0.008849478718909704,0.13199423682376088,-0.4270871918876089,mixed
0.6,0.8309525174779192,0.9,0.6900165257787598,0.004554632647569502,0.006624163843282294,0.23095251747791923,-0.2099834742212402,mixed
0.6,0.7992681662680619,0.9,0.6181015126909873,0.004555123987682891,0.008431870179372553,0.19926816626806187,-0.2818984873090127,mixed
0.6,0.791424629188653,0.9,0.6083583546854179,0.004555454460307472,0.010305582137138558,0.191424629188653,-0.29164164531458214,mixed
0.6,0.805394544896441,0.9,0.6303162667621085,0.0045555197647908306,0.007567251434312555,0.20539454489644104,-0.2696837332378915,mixed
0.6,0.729855597021584,0.9,0.46731144152360743,0.004555754046928033,0.008442213678000604,0.129855597021584,-0.4326885584763926,mixed
0.6,0.7922247970859241,0.9,0.613323595375915,0.004557162980820935,0.010736640090614064,0.1922247970859241,-0.28667640462408506,mixed
0.6,0.7296187523284536,0.9,0.4666606393694622,0.0045571973633198965,0.008390006532036337,0.12961875232845366,-0.4333393606305378,mixed
0.6,0.6548457861203909,0.9,0.38156731587842774,0.004557255747031514,0.011405370026704081,0.05484578612039093,-0.5184326841215723,mixed
0.6,0.8058082619536447,0.9,0.6311284076611632,0.00455742389982589,0.007503229766516573,0.20580826195364477,-0.26887159233883684,mixed
0.6,0.6849427169756931,0.9,0.41939071446052856,0.0045581440176273415,0.0120863764610952,0.08494271697569311,-0.48060928553947146,mixed
0.6,0.6087661012472536,0.9,0.27381313600971635,0.004558230409099618,0.006874382128344708,0.008766101247253633,-0.6261868639902837,disengagement_only
0.6,0.797234076078264,0.9,0.6142074699909075,0.004558449426749011,0.008720316292545854,0.19723407607826404,-0.28579253000909255,mixed
0.6,0.8612379574696016,0.9,0.8728587342006097,0.004559313684104793,0.008912349900728339,0.26123795746960166,-0.027141265799390357,improvement_only
0.6,0.7937993163422421,0.9,0.6197402313367385,0.004559321506277943,0.011051003887664113,0.19379931634224212,-0.2802597686632615,mixed
0.6,0.8319133580474232,0.9,0.6924285677615293,0.00455942035633517,0.0066305462370851165,0.2319133580474232,-0.20757143223847074,mixed
0.6,0.8152217244290829,0.9,0.6517133423839657,0.0045599992028957865,0.006491077789080646,0.21522172442908294,-0.2482866576160343,mixed
0.6,0.8635910294385731,0.9,0.8828739651825501,0.004561636129484196,0.008531089760051153,0.26359102943857315,-0.017126034817449898,improvement_only
0.6,0.6744654839338499,0.9,0.36021545587071846,0.0045629022234929175,0.006501516279376812,0.07446548393384989,-0.5397845441292816,mixed
0.6,0.7920473814280086,0.9,0.6133089245950853,0.004564066067902898,0.010810527050134855,0.1920473814280086,-0.2866910754049147,mixed
0.6,0.8006104520622328,0.9,0.6437512479742098,0.004565034813815831,0.011687601702307898,0.20061045206223282,-0.2562487520257902,mixed
0.6,0.6049959896075933,0.9,0.2698231848750795,0.004565333810967899,0.007294900065493493,0.0049959896075932875,-0.6301768151249205,disengagement_only
0.6,0.8902901041443325,0.9,0.8901007873295704,0.004565366514109568,0.0073419868514219555,0.29029010414433254,-0.009899212670429591,improvement_only
0.6,0.6290211995567153,0.9,0.2967476520874143,0.004565829431118329,0.005774842988560319,0.029021199556715338,-0.6032523479125858,disengagement_only
0.6,0.7112948561050974,0.9,0.4549845168484885,0.0045664449544547325,0.011899304453171805,0.11129485610509737,-0.4450154831515115,mixed
0.6,0.6629341675194417,0.9,0.34239446984109323,0.004566472399171465,0.006332744321067646,0.0629341675194417,-0.5576055301589068,mixed
0.6,0.8747020752218576,0.9,0.9308252158278769,0.004566574068405948,0.006349579670358402,0.27470207522185763,0.030825215827876895,improvement_only
0.6,0.7292525315315112,0.9,0.47962219746045365,0.004567639319729339,0.011095769023202584,0.12925253153151117,-0.4203778025395464,mixed
0.6,0.7918002464913056,0.9,0.6052557791758477,0.004567777684324977,0.009662430615645423,0.19180024649130567,-0.2947442208241523,mixed
0.6,0.6337405426571299,0.9,0.30253118121659744,0.004567795951476348,0.005817073770487929,0.03374054265712989,-0.5974688187834025,disengagement_only
0.6,0.7234809945519118,0.9,0.45197561187969837,0.004567820511421209,0.007405648797432662,0.12348099455191186,-0.44802438812030165,mixed
0.6,0.6222800118747036,0.9,0.3435437620898748,0.004568730322872828,0.009669779636873738,0.02228001187470363,-0.5564562379101252,disengagement_only
0.6,0.8971815553136278,0.9,0.9233785153217479,0.004568886316349777,0.008907974885246972,0.2971815553136278,0.02337851532174784,improvement_only
0.6,0.8665427000476368,0.9,0.7959525493484817,0.0045691618467341676,0.006060828908751564,0.2665427000476368,-0.10404745065151833,mixed
0.6,0.8078088000132496,0.9,0.6350591590224399,0.0045696567342275955,0.0071875388747938695,0.20780880001324964,-0.2649408409775601,mixed
0.6,0.6975938869963786,0.9,0.4363019210238026,0.004569674605207772,0.012121276833212818,0.09759388699637861,-0.4636980789761974,mixed
0.6,0.7336879184832761,0.9,0.4765943341497252,0.004570160992854673,0.009011923758040497,0.1336879184832761,-0.42340566585027484,mixed
0.6,0.8482069887475814,0.9,0.7373398666970573,0.004571324002998257,0.0065165604385303,0.2482069887475814,-0.1626601333029427,mixed
0.6,0.8790724205443836,0.9,0.9499286515842789,0.0045715480242557935,0.005815122559010594,0.27907242054438364,0.04992865158427884,improvement_only
0.6,0.5637237480345002,0.9,0.2332073228075272,0.004572370783825964,0.011047955064161286,-0.03627625196549977,-0.6667926771924728,disengagement_only
0.6,0.7323587010321558,0.9,0.48368014671679266,0.004572448106597783,0.010853749393735818,0.13235870103215586,-0.41631985328320736,mixed
0.6,0.5745616900723883,0.9,0.29108938649093774,0.004572659500322163,0.005785797404280091,-0.025438309927611646,-0.6089106135090623,disengagement_only
0.6,0.6247392595490957,0.9,0.34636292008592107,0.004572747528774222,0.009847113300185284,0.024739259549095727,-0.553637079914079,disengagement_only
0.6,0.6354921882711123,0.9,0.3587297697501248,0.004572923353668434,0.010519160059039218,0.035492188271112335,-0.5412702302498752,disengagement_only
0.6,0.8353422180921859,0.9,0.7683059498051004,0.0045732349980006325,0.011638346963089935,0.23534221809218592,-0.13169405019489966,mixed
0.6,0.7167239235668398,0.9,0.46266255886380625,0.004573832109722069,0.011769489659863602,0.1167239235668398,-0.43733744113619377,mixed
0.6,0.5555007625272173,0.9,0.22743480359888193,0.00457406007570809,0.01155943422187862,-0.04449923747278273,-0.6725651964011181,disengagement_only
0.6,0.5881725582887423,0.9,0.30584137941436407,0.0045741261339343154,0.006626124791705407,-0.011827441711257713,-0.594158620585636,disengagement_only
0.6,0.7919913372270624,0.9,0.6140160786540905,0.00457432580527286,0.010944625195885072,0.1919913372270624,-0.28598392134590955,mixed
0.6,0.7213900564653951,0.9,0.4471783077725665,0.00457517815514692,0.007083609232616084,0.12139005646539514,-0.4528216922274335,mixed
0.6,0.736097713309514,0.9,0.4870898281427975,0.004575520056727176,0.010251781910820018,0.13609771330951403,-0.4129101718572025,mixed
0.6,0.8295696383410744,0.9,0.6861357509707352,0.004576409590300087,0.006655225566374795,0.22956963834107447,-0.21386424902926482,mixed
0.6,0.6880618518090409,0.9,0.42367847366297273,0.0045764322246577335,0.012149819688589553,0.08806185180904091,-0.4763215263370273,mixed
0.6,0.8485255409173613,0.9,0.8203840472452311,0.004576528228840072,0.010590901330000402,0.24852554091736134,-0.07961595275476896,mixed
0.6,0.8336253808955848,0.9,0.7617978057155139,0.004577408871865075,0.011738651889503654,0.23362538089558482,-0.1382021942844861,mixed
0.6,0.652878184065307,0.9,0.3277735568561878,0.004577837046010468,0.006160731568235878,0.05287818406530698,-0.5722264431438122,mixed
0.6,0.7365342056377281,0.9,0.48506298857608254,0.004578355390212974,0.009708883806415464,0.1365342056377281,-0.4149370114239175,mixed
0.6,0.6380532917426597,0.9,0.36175163251020703,0.004578464402271413,0.010671885140753984,0.0380532917426597,-0.538248367489793,disengagement_only
0.6,0.7901920657371025,0.9,0.602935825697995,0.0045786563154185025,0.009979862314933446,0.19019206573710257,-0.29706417430200505,mixed
0.6,0.6521842438938935,0.9,0.3267918991224776,0.004579337569775618,0.006147069269606398,0.052184243893893534,-0.5732081008775225,mixed
0.6,0.8902330708539608,0.9,0.8896629340684494,0.004579424326148205,0.007344472885891309,0.2902330708539608,-0.010337065931550593,improvement_only
0.6,0.699867127581167,0.9,0.4395057076661405,0.0045794473690844,0.01213213441707886,0.099867127581167,-0.4604942923338595,mixed
0.6,0.6551086348550395,0.9,0.33090441411757165,0.004579851585907373,0.0062098343552946245,0.05510863485503947,-0.5690955858824284,mixed
0.6,0.5817894477105253,0.9,0.24766292343368213,0.0045802100802728,0.009620697172084941,-0.018210552289474657,-0.6523370765663179,disengagement_only
0.6,0.8877258559675578,0.9,0.878378967071923,0.004580722703399359,0.006782737664410177,0.28772585596755784,-0.021621032928077044,improvement_only
0.6,0.5915868296681044,0.9,0.30959527956752436,0.0045810700069139265,0.007005905549248764,-0.008413170331895592,-0.5904047204324756,disengagement_only
0.6,0.7318116502962819,0.9,0.4710282549500513,0.00458235078179861,0.008537285800714,0.13181165029628195,-0.4289717450499487,mixed
0.6,0.873658963477767,0.9,0.8213757702472332,0.004584123706194623,0.00586684651314065,0.27365896347776697,-0.07862422975276684,mixed
0.6,0.6550431423416152,0.9,0.38202033838204463,0.004584878893078983,0.011466578226724505,0.055043142341615225,-0.5179796616179554,mixed
0.6,0.8018430884199887,0.9,0.6485580333514798,0.004584913029016268,0.011846960142049417,0.20184308841998877,-0.25144196664852025,mixed
0.6,0.716255835803135,0.9,0.4622393778927234,0.004585347783164013,0.01183280193626196,0.11625583580313503,-0.4377606221072766,mixed
0.6,0.7372445478351125,0.9,0.48676687812954367,0.004586012303890945,0.009798124594568663,0.13724454783511253,-0.41323312187045635,mixed
0.6,0.7145746402408255,0.9,0.45991040157851615,0.004586575092730557,0.011888168295059204,0.11457464024082553,-0.4400895984214839,mixed
0.6,0.7326482804627521,0.9,0.472930177539438,0.0045867633293106835,0.008636389105751652,0.13264828046275212,-0.427069822460562,mixed
0.6,0.7951518588341981,0.9,0.6091594823789914,0.004587799433047552,0.008841226170990812,0.19515185883419817,-0.2908405176210086,mixed
0.6,0.7924294900352705,0.9,0.6045370777191326,0.004587945154372562,0.009284219437514674,0.19242949003527055,-0.29546292228086746,mixed
0.6,0.8346777975566485,0.9,0.7659744859732696,0.004588228994154215,0.011702557185293144,0.23467779755664853,-0.13402551402673046,mixed
0.6,0.7996274875845389,0.9,0.6176183535489683,0.004588459788170537,0.008203802385644748,0.19962748758453897,-0.2823816464510317,mixed
0.6,0.7375098385877732,0.9,0.48872818689110964,0.004588727334894073,0.010087720333537692,0.13750983858777321,-0.4112718131088904,mixed
0.6,0.872975908066602,0.9,0.9235821349500426,0.0045887970665484225,0.006757848762057178,0.272975908066602,0.023582134950042577,improvement_only
0.6,0.7364943652577444,0.9,0.48333373923225775,0.004589443053872482,0.009386152016443328,0.1364943652577444,-0.41666626076774227,mixed
0.6,0.7372496135942561,0.9,0.4859796947616987,0.0045895040673992705,0.009643743756404227,0.13724961359425614,-0.4140203052383013,mixed
0.6,0.5666297855310365,0.9,0.2826014918433121,0.004590035595355621,0.00585135515033372,-0.03337021446896349,-0.617398508156688,disengagement_only
0.6,0.6811696322212968,0.9,0.41481799087574944,0.004590289635830188,0.012127780723254045,0.0811696322212968,-0.4851820091242506,mixed
0.6,0.8567418712126653,0.9,0.7631927424969732,0.00459114048868095,0.006361843113971727,0.25674187121266534,-0.1368072575030268,mixed
0.6,0.790521997020063,0.9,0.6098009558894955,0.004591365514136238,0.010915930077386643,0.190521997020063,-0.29019904411050457,mixed
0.6,0.7377509198153593,0.9,0.48917923598912183,0.004591623101747246,0.010092555638391926,0.13775091981535936,-0.4108207640108782,mixed
0.6,0.736499007782178,0.9,0.4830422153747594,0.004592635401309916,0.009327894277788351,0.13649900778217805,-0.41695778462524064,mixed
0.6,0.7371284598234564,0.9,0.48503235179692433,0.004592974711137922,0.009501164464585238,0.13712845982345645,-0.4149676482030757,mixed
0.6,0.7186697006668044,0.9,0.44091539957225945,0.00459415694412095,0.006639156935318108,0.11866970066680438,-0.4590846004277406,mixed
0.6,0.702614471828376,0.9,0.4088276157056692,0.004594764284911757,0.006672849461229202,0.10261447182837602,-0.4911723842943308,mixed
0.6,0.605663091020857,0.9,0.27033662714336326,0.00459501751300345,0.00727403677647373,0.005663091020857047,-0.6296633728566368,disengagement_only
0.6,0.7381621271237323,0.9,0.48933683142304807,0.004595926164429973,0.009982208856107039,0.13816212712373233,-0.41066316857695195,mixed
0.6,0.6857327157327077,0.9,0.3784768483933192,0.004596629034429067,0.00664048961048877,0.08573271573270769,-0.5215231516066808,mixed
0.6,0.7229855868233275,0.9,0.471975844966025,0.004598123707537248,0.011640636658439535,0.1229855868233275,-0.428024155033975,mixed
0.6,0.7260711354484398,0.9,0.4569562173460467,0.00459815017986067,0.0075910106106254205,0.12607113544843984,-0.44304378265395333,mixed
0.6,0.6459323863369074,0.9,0.3180959215752738,0.004598245439623663,0.006056021010480472,0.04593238633690744,-0.5819040784247262,disengagement_only
0.6,0.6662361494448863,0.9,0.3470904492962935,0.0045982831851203235,0.0064160001155122715,0.06623614944488632,-0.5529095507037065,mixed
0.6,0.6642613976051431,0.9,0.39344283552821024,0.0045983070017503345,0.011800191761039691,0.06426139760514316,-0.5065571644717898,mixed
0.6,0.8963624116591887,0.9,0.9188138097173507,0.004598500499225546,0.008755308741488999,0.29636241165918875,0.018813809717350694,improvement_only
0.6,0.737465407452473,0.9,0.49058993856167166,0.004599031654219561,0.010463680125360031,0.13746540745247304,-0.40941006143832837,mixed
0.6,0.7236012889564598,0.9,0.4514114978086951,0.004599980533339127,0.007252804279276964,0.12360128895645983,-0.4485885021913049,mixed
0.6,0.6356725633923257,0.9,0.3591308043438392,0.004601195376422011,0.010580151790848563,0.03567256339232572,-0.5408691956561609,disengagement_only
0.6,0.8723877623621605,0.9,0.8164581442855963,0.004601864853868611,0.005925949075930859,0.27238776236216056,-0.08354185571440376,mixed
0.6,0.7322186232258651,0.9,0.4848552584745489,0.004602071695842697,0.011133198640091102,0.13221862322586508,-0.4151447415254511,mixed
0.6,0.6505880496036396,0.9,0.3244020884836946,0.004602565806307193,0.006145674794255401,0.05058804960363961,-0.5755979115163055,mixed
0.6,0.5574787795736418,0.9,0.22858999071413172,0.004602654757984159,0.011504954925211502,-0.0425212204263582,-0.6714100092858684,disengagement_only
0.6,0.738714029826038,0.9,0.4908582043565411,0.004602745427479496,0.010086635543768846,0.13871402982603798,-0.4091417956434589,mixed
0.6,0.6191352505655278,0.9,0.2849169900436177,0.0046035960038309735,0.005969629939734072,0.019135250565527784,-0.6150830099563823,disengagement_only
0.6,0.9020772106022337,0.9,0.9491238417154647,0.004604837618841794,0.010050163737553727,0.3020772106022337,0.04912384171546469,improvement_only
0.6,0.5737335447502439,0.9,0.2903876350894695,0.004605632163053818,0.005821115813548716,-0.026266455249756127,-0.6096123649105305,disengagement_only
0.6,0.8141377211456658,0.9,0.6483117429954867,0.004605962064156673,0.006562279868852577,0.21413772114566587,-0.25168825700451336,mixed
0.6,0.7303160328697484,0.9,0.48244935428042823,0.004606363907139531,0.01130069260404612,0.13031603286974847,-0.4175506457195718,mixed
0.6,0.7333141704154507,0.9,0.4865369107537202,0.004607753833628951,0.01109211887503897,0.13331417041545068,-0.41346308924627984,mixed
0.6,0.8197501889247816,0.9,0.7110245019429051,0.004608159672985526,0.012223667520970954,0.2197501889247816,-0.1889754980570949,mixed
0.6,0.8526638872618132,0.9,0.7502714599318092,0.004608448610206647,0.006472957848208616,0.2526638872618132,-0.1497285400681908,mixed
0.6,0.790722797169742,0.9,0.600458921549395,0.004609985989847075,0.00936824367692543,0.19072279716974205,-0.29954107845060507,mixed
0.6,0.7014310953796417,0.9,0.442052865930471,0.004610038410361824,0.012208796634910285,0.10143109537964168,-0.457947134069529,mixed
0.6,0.8729280541038836,0.9,0.9236287300715114,0.0046106165462562855,0.006793397311737143,0.27292805410388365,0.02362873007151134,improvement_only
0.6,0.7179716392639445,0.9,0.46516540434445675,0.004610904870491944,0.011884539564318647,0.1179716392639445,-0.4348345956555433,mixed
0.6,0.555785878891845,0.9,0.2273852663607262,0.004611938676313097,0.01162072496183117,-0.044214121108154925,-0.6726147336392738,disengagement_only
0.6,0.7070072585391934,0.9,0.4497883787053032,0.00461275785395479,0.012147194894907787,0.10700725853919346,-0.45021162129469683,mixed
0.6,0.6317873818096685,0.9,0.2998090762385581,0.00461343436435226,0.005851088687005762,0.03178738180966856,-0.6001909237614419,disengagement_only
0.6,0.7246151953855452,0.9,0.45329104336939086,0.004613997276820822,0.007313536221927347,0.12461519538554522,-0.44670895663060917,mixed
0.6,0.6217035927720186,0.9,0.3431801175138074,0.004614558628242305,0.009708465016422918,0.02170359277201861,-0.5568198824861926,disengagement_only
0.6,0.6965257552168578,0.9,0.397273707085115,0.004614565441411067,0.0067100249753816454,0.0965257552168578,-0.502726292914885,mixed
0.6,0.7302051479965872,0.9,0.46593279223948125,0.004614587070052892,0.008053716030446217,0.13020514799658722,-0.43406720776051877,mixed
0.6,0.6728596393154727,0.9,0.35718931568379897,0.004614716482734739,0.006540866367726383,0.07285963931547268,-0.542810684316201,mixed
0.6,0.852245516980953,0.9,0.8360367766754093,0.004615045984297711,0.010230094972563969,0.252245516980953,-0.0639632233245907,mixed
0.6,0.8651842969334147,0.9,0.8903096294634842,0.004615913018464915,0.008322499344784295,0.2651842969334147,-0.00969037053651578,improvement_only
0.6,0.6746674777482816,0.9,0.40671615987251086,0.004617627916114104,0.01208975749102506,0.07466747774828164,-0.49328384012748916,mixed
0.6,0.6313126581100694,0.9,0.29919775297155005,0.004617735919878412,0.005850790902321906,0.03131265811006945,-0.60080224702845,disengagement_only
0.6,0.8035095383232354,0.9,0.65509376079222,0.004618123859427615,0.012054710457664125,0.20350953832323537,-0.24490623920777999,mixed
0.6,0.648284140442719,0.9,0.3211269486925502,0.004618471728485788,0.00612331748247108,0.048284140442719004,-0.5788730513074498,disengagement_only
0.6,0.8102529733762577,0.9,0.6392529054671106,0.0046199160520286504,0.00669996570575182,0.2102529733762577,-0.26074709453288947,mixed
0.6,0.7869903348214514,0.9,0.5983720630697403,0.004620421999644591,0.010605043595375313,0.18699033482145144,-0.3016279369302597,mixed
0.6,0.7267064671177402,0.9,0.45776539334918026,0.004620499029618099,0.007550679039236147,0.12670646711774025,-0.44223460665081976,mixed
0.6,0.8676432997295985,0.9,0.9009076299455099,0.004620740854862688,0.007877889103066027,0.26764329972959855,0.000907629945509858,improvement_only
0.6,0.8184657683457298,0.9,0.7066847471265004,0.004621567135739121,0.012268078285246009,0.21846576834572984,-0.1933152528734996,mixed
0.6,0.7867923094041473,0.9,0.5948315475580515,0.004622578606080231,0.010124177859466982,0.18679230940414737,-0.30516845244194857,mixed
0.6,0.8338135075194387,0.9,0.7631742532688341,0.004622768590079985,0.011812219144241687,0.23381350751943875,-0.13682574673116588,mixed
0.6,0.8596048465148349,0.9,0.8667283544495253,0.004623143336735087,0.0092464057915152,0.25960484651483495,-0.03327164555047468,improvement_only
0.6,0.793488444702913,0.9,0.6220599264701261,0.004623576760608734,0.011544393297037353,0.19348844470291304,-0.27794007352987393,mixed
0.6,0.739746083159573,0.9,0.49007941217453127,0.004623965030023619,0.00958235472863836,0.13974608315957304,-0.40992058782546875,mixed
0.6,0.7364845682390458,0.9,0.48080200069684886,0.004625179087097707,0.008897142770580985,0.13648456823904587,-0.41919799930315116,mixed
0.6,0.7332382797845818,0.9,0.47270643566377546,0.004626004162432178,0.008397051710835102,0.1332382797845818,-0.42729356433622456,mixed
0.6,0.6666662890560715,0.9,0.39667579414003773,0.004626094884510721,0.011924548093030396,0.06666628905607153,-0.5033242058599623,mixed
0.6,0.7326247180881541,0.9,0.4712312646438423,0.004626161380824392,0.008309227207314501,0.13262471808815413,-0.4287687353561577,mixed
0.6,0.8446211221107346,0.9,0.8053370354077579,0.004626518473114224,0.011046025773105067,0.2446211221107346,-0.0946629645922421,mixed
0.6,0.7865124616264342,0.9,0.597412214246097,0.004627419200608019,0.010652166252051343,0.1865124616264342,-0.302587785753903,mixed
0.6,0.8262522758562386,0.9,0.676943813629291,0.004627684033865623,0.006724224037395532,0.22625227585623864,-0.223056186370709,mixed
0.6,0.6145096901506867,0.9,0.33515724871067365,0.004627984926882298,0.009191482644711396,0.014509690150686705,-0.5648427512893264,disengagement_only
0.6,0.6024944912860005,0.9,0.32182247766500854,0.0046295146926020655,0.008166570166530357,0.002494491286000544,-0.5781775223349914,disengagement_only
0.6,0.857452363423041,0.9,0.7649814236323483,0.004630320294307376,0.006393969686209949,0.257452363423041,-0.1350185763676517,mixed
0.6,0.7412123480337932,0.9,0.495985915044664,0.004631104532455177,0.010208380404350015,0.14121234803379323,-0.40401408495533603,mixed
0.6,0.7410043713485926,0.9,0.49341486767734777,0.004631978962164604,0.009788754364805419,0.14100437134859267,-0.40658513232265225,mixed
0.6,0.8243102294248593,0.9,0.7279067976706701,0.004632275254985496,0.012199112774698456,0.22431022942485934,-0.1720932023293299,mixed
0.6,0.7379401860565984,0.9,0.49368199700136806,0.00463230425873066,0.010898768566983491,0.1379401860565984,-0.40631800299863197,mixed
0.6,0.5786465153103074,0.9,0.24466247730693,0.00463235462739699,0.009990804056669259,-0.02135348468969256,-0.65533752269307,disengagement_only
0.6,0.6556038457321971,0.9,0.3312012891503856,0.004632371110116471,0.006277134250709804,0.05560384573219712,-0.5687987108496144,mixed
0.6,0.8000725544651744,0.9,0.6171098570291237,0.004633364269639496,0.007935136701427092,0.20007255446517447,-0.28289014297087633,mixed
0.6,0.6544792984565508,0.9,0.3295997149715293,0.004633534560428369,0.006255082205355117,0.05447929845655086,-0.5704002850284707,mixed
0.6,0.8622606136985562,0.9,0.8780727138457158,0.0046338083237527465,0.008842364851663648,0.26226061369855624,-0.021927286154284187,improvement_only
0.6,0.8778257391117866,0.9,0.9452272740769572,0.00463427600583838,0.0059640769083280365,0.27782573911178665,0.04522727407695715,improvement_only
0.6,0.8837169308428245,0.9,0.8604970407285366,0.004634300033238498,0.006065627567533705,0.28371693084282457,-0.03950295927146341,improvement_only
0.6,0.6952109737278592,0.9,0.4338933117953358,0.0046343556575597225,0.012311077123619674,0.09521097372785925,-0.4661066882046642,mixed
0.6,0.8555851402771893,0.9,0.7590117845542577,0.004634867867602145,0.006440763854828169,0.25558514027718937,-0.14098821544574236,mixed
0.6,0.8194135202608648,0.9,0.7103076585387217,0.0046354974088709975,0.01229344829646603,0.2194135202608648,-0.18969234146127834,mixed
0.6,0.6199504425695742,0.9,0.34132707510969434,0.004635498926335538,0.00961811343521965,0.019950442569574234,-0.5586729248903057,disengagement_only
0.6,0.7855300198460307,0.9,0.5923335157145935,0.004635840650432453,0.010249765309033737,0.18553001984603068,-0.30766648428540655,mixed
0.6,0.7330069505941279,0.9,0.47177960743816705,0.0046359250751138005,0.008291109300576693,0.13300695059412793,-0.428220392561833,mixed
0.6,0.6184630589021,0.9,0.2839488412649238,0.004636798101512418,0.006054907698613582,0.018463058902099982,-0.6160511587350762,disengagement_only
0.6,0.8003707518348668,0.9,0.617621415434862,0.0046368497761643665,0.007882923324111418,0.20037075183486686,-0.282378584565138,mixed
0.6,0.6730995941423373,0.9,0.3573638845072143,0.004637110175542512,0.006570142276348695,0.07309959414233735,-0.5426361154927857,mixed
0.6,0.8780870497451086,0.9,0.9464007262987391,0.004637123213776024,0.005947672621888611,0.27808704974510867,0.04640072629873904,improvement_only
0.6,0.6929454365887674,0.9,0.43087878526386325,0.00463788669906627,0.012321095957289058,0.09294543658876742,-0.46912121473613677,mixed
0.6,0.6548925840771042,0.9,0.33014787619909486,0.004638197725473283,0.006268802310267968,0.05489258407710418,-0.5698521238009051,mixed
0.6,0.8478628036234234,0.9,0.8184917241190596,0.004638550894045186,0.010751042556623486,0.2478628036234234,-0.08150827588094045,mixed
0.6,0.7921501547437987,0.9,0.6183107077959537,0.004638605353055305,0.011544156532908412,0.1921501547437987,-0.28168929220404637,mixed
0.6,0.614982549216207,0.9,0.33576137136585105,0.004640038665991674,0.009249404806123795,0.014982549216207008,-0.564238628634149,disengagement_only
0.6,0.7282920702261517,0.9,0.4806430400899561,0.004640440143483469,0.011622598169035075,0.12829207022615174,-0.4193569599100439,mixed
0.6,0.5980255710112624,0.9,0.26234818431417006,0.004640770477763797,0.008156435046713886,-0.0019744289887375643,-0.63765181568583,disengagement_only
0.6,0.7153434431796531,0.9,0.4331004746978127,0.004641181627433891,0.006642149969143002,0.11534344317965317,-0.4668995253021873,mixed
0.6,0.7138309977308271,0.9,0.43003228747997424,0.004641198218623878,0.006661957359286402,0.11383099773082717,-0.4699677125200258,mixed
0.6,0.8829016659823178,0.9,0.857017313752852,0.004641323436850331,0.005998588741371991,0.2829016659823178,-0.04298268624714807,improvement_only
0.6,0.8631539385455362,0.9,0.8819596156706132,0.004641806354940945,0.008704485993197286,0.26315393854553626,-0.018040384329386816,improvement_only
0.6,0.6948700740151272,0.9,0.3939493022550938,0.0046419168603095105,0.0067440842416720825,0.09487007401512726,-0.5060506977449062,mixed
0.6,0.7989665345759368,0.9,0.6145875351865099,0.004642024398548761,0.008032738755349295,0.19896653457593683,-0.28541246481349014,mixed
0.6,0.8148473829973604,0.9,0.6943404595601451,0.004642904582554472,0.012334671820464882,0.2148473829973604,-0.2056595404398549,mixed
0.6,0.6667315449468078,0.9,0.3474497566466776,0.004644299725801052,0.006476845648886398,0.06673154494680777,-0.5525502433533225,mixed
0.6,0.7863018991207815,0.9,0.5913017965553504,0.004645104060624984,0.00976506764479737,0.18630189912078154,-0.3086982034446496,mixed
0.6,0.8480336780393845,0.9,0.8192687834890587,0.004645438497436915,0.010743572441676646,0.24803367803938448,-0.08073121651094128,mixed
0.6,0.6876582229249656,0.9,0.4239024893881349,0.0046456392709289885,0.012320744683296025,0.08765822292496561,-0.4760975106118651,mixed
0.6,0.7262262389482166,0.9,0.45602566670977784,0.004646236657657823,0.007353760004995824,0.1262262389482166,-0.4439743332902222,mixed
0.6,0.8308392607331453,0.9,0.7522853849415434,0.004646850857892796,0.012002860148868727,0.2308392607331453,-0.14771461505845662,mixed
0.6,0.6898465677015965,0.9,0.385010149211265,0.004647394990455685,0.00672530391862608,0.08984656770159649,-0.514989850788735,mixed
0.6,0.730766729600673,0.9,0.4661636686121241,0.004647960671056417,0.007916375015374427,0.13076672960067304,-0.4338363313878759,mixed
0.6,0.5848506011220913,0.9,0.30266778258739735,0.004648166013918266,0.006383321426481264,-0.01514939887790867,-0.5973322174126027,disengagement_only
0.6,0.5948889562790978,0.9,0.2592547591729952,0.004648273521576273,0.008488576153541816,-0.005111043720902209,-0.6407452408270049,disengagement_only
0.6,0.8349158995913093,0.9,0.6990136331916861,0.004649944827168392,0.006744918705840708,0.23491589959130932,-0.20098636680831394,mixed
0.6,0.8569694470632437,0.9,0.8560122186143561,0.004650171723838091,0.009665252850465128,0.25696944706324376,-0.043987781385643965,improvement_only
0.6,0.7967321922521896,0.9,0.6336823842118066,0.004650223434348047,0.011901884175115784,0.19673219225218963,-0.26631761578819346,mixed
0.6,0.7419754439785802,0.9,0.4994821492765863,0.004650268187307755,0.010609883358166844,0.1419754439785802,-0.4005178507234137,mixed
0.6,0.7862603923600151,0.9,0.5907419457074725,0.004650566646972847,0.009692885641472221,0.18626039236001513,-0.3092580542925275,mixed
0.6,0.6545478385681817,0.9,0.3295644832258756,0.004650743326575283,0.006275126020784616,0.054547838568181684,-0.5704355167741244,mixed
0.6,0.8654110014116821,0.9,0.8916896754242061,0.00465094709998513,0.008325031081062306,0.26541100141168217,-0.008310324575793948,improvement_only
0.6,0.803632226613095,0.9,0.6240783094852969,0.0046513935042781,0.007424990731737052,0.203632226613095,-0.27592169051470317,mixed
0.6,0.8113142108781208,0.9,0.6409460474239607,0.004652521142001666,0.00660567690665223,0.21131421087812086,-0.25905395257603936,mixed
0.6,0.7949025213930689,0.9,0.6278499352396792,0.004653202027521076,0.01181780641522498,0.19490252139306896,-0.2721500647603208,mixed
0.6,0.6329349643769917,0.9,0.3563008929699586,0.0046532419090261215,0.010512928909068825,0.03293496437699173,-0.5436991070300414,disengagement_only
0.6,0.7046760435373762,0.9,0.4471434095419645,0.004653760330922016,0.012307946663903835,0.10467604353737625,-0.4528565904580355,mixed
0.6,0.7390698304316689,0.9,0.48589596739312074,0.004653767041513181,0.0090084016890499,0.13906983043166887,-0.4141040326068793,mixed
0.6,0.8332486969942293,0.9,0.6945247814798561,0.004654399933139625,0.006760029075325996,0.23324869699422934,-0.20547521852014394,mixed
0.6,0.7838049307449904,0.9,0.5883809502956892,0.004654603484814789,0.010327351711210297,0.18380493074499038,-0.31161904970431087,mixed
0.6,0.6504460753503414,0.9,0.32381615146259257,0.004654975054102262,0.006202827265165495,0.0504460753503414,-0.5761838485374075,mixed
0.6,0.7879899062407872,0.9,0.6054815236019822,0.004655362874447659,0.011312551447848873,0.18798990624078726,-0.29451847639801787,mixed
0.6,0.8494863341283136,0.9,0.8252894824425164,0.004656520691090608,0.010605036609864088,0.24948633412831367,-0.07471051755748359,mixed
0.6,0.7340110766815594,0.9,0.48941884381467177,0.004656681540881675,0.011420182360761116,0.13401107668155943,-0.41058115618532826,mixed
0.6,0.7211267289102767,0.9,0.47062920669178754,0.004656723606276483,0.011978426505268064,0.12112672891027676,-0.4293707933082125,mixed
0.6,0.783541654990999,0.9,0.5885133632545798,0.004657049719447745,0.010457173670582937,0.18354165499099906,-0.3114866367454202,mixed
0.6,0.735607085255919,0.9,0.4771735104556616,0.004657161294471056,0.00848464179218289,0.13560708525591902,-0.42282648954433844,mixed
0.6,0.8035338537748055,0.9,0.6561840601036473,0.004657164451678463,0.01220440805311196,0.20353385377480548,-0.24381593989635275,mixed
0.6,0.8689177793856421,0.9,0.8032552130476507,0.004657997318621423,0.006093465510689039,0.2689177793856421,-0.09674478695234934,mixed
0.6,0.6544627095726188,0.9,0.38188232899159014,0.004658580177069407,0.011587032945212156,0.054462709572618784,-0.5181176710084099,mixed
0.6,0.7845000167976915,0.9,0.58766091893429,0.004658689891732547,0.009925251900637727,0.18450001679769157,-0.31233908106571007,mixed
0.6,0.7080043065455639,0.9,0.4518805443277485,0.0046588971442404255,0.012281826472961749,0.10800430654556392,-0.44811945567225153,mixed
0.6,0.7317963526217799,0.9,0.4681645280229898,0.004659546524369836,0.00797604907243804,0.1317963526217799,-0.4318354719770102,mixed
0.6,0.8320806073290103,0.9,0.6913746375932648,0.00465994711103849,0.0067722847215341,0.23208060732901037,-0.20862536240673524,mixed
0.6,0.7390999783526166,0.9,0.49677816477450487,0.004660576489599213,0.011094385408276008,0.13909997835261667,-0.40322183522549515,mixed
0.6,0.8090336231734233,0.9,0.6747041181418958,0.0046607562250872096,0.01233910179148881,0.20903362317342333,-0.22529588185810423,mixed
0.6,0.8222849770082973,0.9,0.7210363421451975,0.004660859885415537,0.012307656506982873,0.2222849770082973,-0.1789636578548025,mixed
0.6,0.7891464704772727,0.9,0.5948535530409945,0.00466091250394703,0.009147415375889922,0.18914647047727273,-0.3051464469590055,mixed
0.6,0.7194200716309223,0.9,0.4682407577933394,0.0046611146944862455,0.012047678374729864,0.11942007163092228,-0.4317592422066606,mixed
0.6,0.8071582806804433,0.9,0.6314904476126197,0.004661147646592993,0.006959297032172018,0.20715828068044329,-0.2685095523873803,mixed
0.6,0.621831208154224,0.9,0.3436200610761233,0.004661319780809754,0.009798668956551737,0.021831208154224013,-0.5563799389238767,disengagement_only
0.6,0.6737937110680212,0.9,0.35823677128626075,0.004661586071129157,0.00660822341099393,0.07379371106802124,-0.5417632287137393,mixed
0.6,0.7071145253609238,0.9,0.4506709300549599,0.0046617244846873145,0.012303187779176189,0.1071145253609238,-0.4493290699450401,mixed
0.6,0.79685488357275,0.9,0.6344759157177425,0.004662474166983916,0.011968237795314196,0.19685488357275005,-0.2655240842822575,mixed
0.6,0.7845218086781601,0.9,0.5941660026430375,0.0046627542591109435,0.010962530942544846,0.18452180867816015,-0.3058339973569625,mixed
0.6,0.6800118340923048,0.9,0.41403399857398515,0.004662808538148634,0.012280525864723002,0.08001183409230483,-0.48596600142601487,mixed
0.6,0.7843894380970914,0.9,0.593726388305065,0.004663169632450733,0.010946840022378307,0.1843894380970914,-0.30627361169493506,mixed
0.6,0.7869565765126408,0.9,0.590864009457885,0.004663771639503654,0.00942442406784147,0.18695657651264086,-0.30913599054211505,mixed
0.6,0.8470843175255796,0.9,0.8156795778268935,0.004664023985325216,0.010867935304961496,0.24708431752557958,-0.08432042217310654,mixed
0.6,0.8247547500845083,0.9,0.7300423331187319,0.004664040318510186,0.01225593911258388,0.2247547500845083,-0.16995766688126812,mixed
0.6,0.6742431817698671,0.9,0.3589224412013905,0.004664399174088256,0.006617713545391396,0.0742431817698671,-0.5410775587986095,mixed
0.6,0.7337871230481575,0.9,0.4725593008988648,0.004665854900217392,0.008186552724835372,0.13378712304815754,-0.42744069910113525,mixed
0.6,0.5976231018146714,0.9,0.2618018097147499,0.0046664691023736524,0.008241881810223797,-0.002376898185328602,-0.63819819028525,disengagement_only
0.6,0.7936878233224106,0.9,0.6031711891770066,0.004667478069602793,0.008540804555592835,0.19368782332241063,-0.2968288108229934,mixed
0.6,0.8409853128425678,0.9,0.715347628378744,0.004668062909759745,0.006730377621168543,0.24098531284256786,-0.18465237162125603,mixed
0.6,0.8677751323237283,0.9,0.9020321135239234,0.004668489546224964,0.00791007493055318,0.2677751323237283,0.0020321135239234067,improvement_only
0.6,0.8561964552487026,0.9,0.8530149381248087,0.004668578734817016,0.009796749660957366,0.2561964552487026,-0.04698506187519136,improvement_only
0.6,0.7985499365820505,0.9,0.640175444788458,0.004669405629148991,0.012076123213758783,0.19854993658205056,-0.259824555211542,mixed
0.6,0.8583495437573545,0.9,0.7673828704914462,0.004669985183514608,0.006420655886912263,0.2583495437573545,-0.13261712950855387,mixed
0.6,0.7826120994159239,0.9,0.5844268044380352,0.004669992928290178,0.010177389287671756,0.18261209941592393,-0.31557319556196484,mixed
0.6,0.7870187457564284,0.9,0.6031742176779811,0.0046700346587956925,0.011357103162688814,0.1870187457564284,-0.29682578232201895,mixed
0.6,0.7440026111755486,0.9,0.4980520014960812,0.004671481436325035,0.009630528332212812,0.14400261117554858,-0.4019479985039188,mixed
0.6,0.8405395705603145,0.9,0.7898136927384334,0.00467162037671194,0.011458958362374427,0.2405395705603145,-0.11018630726156664,mixed
0.6,0.682345833941607,0.9,0.41716883493542845,0.0046716803600669495,0.012332481206229734,0.082345833941607,-0.4828311650645716,mixed
0.6,0.7435058854392744,0.9,0.5032702497499268,0.004673073136711159,0.010792802463553158,0.14350588543927445,-0.3967297502500732,mixed
0.6,0.795320342485398,0.9,0.6061913222961207,0.004674028842814007,0.0083144357880868,0.19532034248539798,-0.2938086777038793,mixed
0.6,0.6983473721758381,0.9,0.39984485875908116,0.004674334621970475,0.0067970814396193235,0.09834737217583811,-0.5001551412409189,mixed
0.6,0.5858351181375436,0.9,0.30388966411884255,0.004674626531813791,0.006541195428489799,-0.014164881862456347,-0.5961103358811575,disengagement_only
0.6,0.8158435570945959,0.9,0.6509263255627482,0.004675477683476592,0.0067177299756721875,0.2158435570945959,-0.2490736744372518,mixed
0.6,0.7874027774371201,0.9,0.5909534891073287,0.004675478116634848,0.009254084204716101,0.18740277743712008,-0.3090465108926713,mixed
0.6,0.7895512529880985,0.9,0.6116294546068268,0.004676556388082471,0.011617951196373821,0.1895512529880985,-0.2883705453931732,mixed
0.6,0.7091910217246847,0.9,0.4202613342473829,0.004676574811950179,0.006770372775804945,0.10919102172468476,-0.47973866575261714,mixed
0.6,0.7401147627952662,0.9,0.49901131318607417,0.004676576265612991,0.01117008457850674,0.14011476279526625,-0.40098868681392585,mixed
0.6,0.8550086678162723,0.9,0.8481842277415037,0.004676724391020491,0.009967395059641865,0.2550086678162723,-0.05181577225849632,mixed
0.6,0.7195159037177538,0.9,0.44102197329008597,0.004676848924440176,0.006653736625398643,0.11951590371775378,-0.45897802670991406,mixed
0.6,0.8103085852117682,0.9,0.6381386140020348,0.004678483336683924,0.0066405474678482845,0.2103085852117682,-0.26186138599796527,mixed
0.6,0.855146648574525,0.9,0.757097587170712,0.004679261261080933,0.006504976085006997,0.25514664857452507,-0.14290241282928806,mixed
0.6,0.8800234085190378,0.9,0.8448467909885747,0.004679281725338138,0.0059267089577351995,0.28002340851903784,-0.055153209011425286,mixed
0.6,0.7859111856127551,0.9,0.6001504998880325,0.004679327514383845,0.011341361281339168,0.1859111856127551,-0.29984950011196754,mixed
0.6,0.7388383425797352,0.9,0.49734000628592256,0.0046800416251102225,0.011293698302984712,0.13883834257973526,-0.40265999371407746,mixed
0.6,0.7972692934368338,0.9,0.6099349929541025,0.0046810363958204055,0.008056136384970491,0.19726929343683386,-0.29006500704589755,mixed
0.6,0.8052120299105544,0.9,0.6267686605853499,0.0046811371094371374,0.007128583183624193,0.20521202991055443,-0.27323133941465017,mixed
0.6,0.7817704226082104,0.9,0.5816953346145166,0.004681848393339222,0.010077142276736284,0.1817704226082104,-0.3183046653854834,mixed
0.6,0.7860866349143781,0.9,0.6008821848793918,0.004682108380806596,0.011384532980079937,0.18608663491437816,-0.2991178151206082,mixed
0.6,0.6095959281485516,0.9,0.273946238904783,0.00468219709689091,0.00699572861518033,0.009595928148551591,-0.626053761095217,disengagement_only
0.6,0.7371458511977315,0.9,0.4949631637172699,0.004682692454852171,0.01142181639833928,0.13714585119773148,-0.40503683628273013,mixed
0.6,0.824951115013051,0.9,0.7310567417276722,0.0046827109745157264,0.012290034668411415,0.22495111501305098,-0.1689432582723278,mixed
0.6,0.7967755095225184,0.9,0.608866035048166,0.004682875421746933,0.008104203169677249,0.19677550952251843,-0.29113396495183397,mixed
0.6,0.7126806919785527,0.9,0.4270183257728605,0.004683482693098432,0.006753491067081729,0.11268069197855268,-0.47298167422713955,mixed
0.6,0.7823878775694989,0.9,0.5821309941481119,0.004684033652167024,0.009896442759884855,0.18238787756949892,-0.31786900585188815,mixed
0.6,0.7809898374767671,0.9,0.583488055584928,0.004684680126888123,0.010687750274663427,0.1809898374767671,-0.316511944415072,mixed
0.6,0.5604694027576475,0.9,0.2301646797203947,0.004685448392154218,0.011483259803676163,-0.03953059724235253,-0.6698353202796054,disengagement_only
0.6,0.6721334232543054,0.9,0.35540663394130384,0.0046859944207684225,0.006611831747550145,0.07213342325430538,-0.5445933660586961,mixed
0.6,0.7808039884328796,0.9,0.580088332556093,0.004686939276139443,0.01020801752260278,0.1808039884328796,-0.319911667443907,mixed
0.6,0.7424226896208777,0.9,0.5028740003659105,0.004687685340807677,0.011098992735347785,0.14242268962087767,-0.39712599963408957,mixed
0.6,0.6892612449461786,0.9,0.42649587139365486,0.004687735867758931,0.01243511599265787,0.0892612449461786,-0.47350412860634516,mixed
0.6,0.746198293682727,0.9,0.5077060924766059,0.004687967827081148,0.010676731729532485,0.14619829368272708,-0.3922939075233941,mixed
0.6,0.7448757663391125,0.9,0.5062092036088136,0.004688088764580987,0.010864456636038855,0.14487576633911248,-0.3937907963911864,mixed
0.6,0.7473051020180815,0.9,0.5082594281514506,0.004688190027726757,0.010386789323069828,0.14730510201808156,-0.3917405718485494,mixed
0.6,0.7840083068612218,0.9,0.5842014856213332,0.0046891723738155654,0.009569882465692264,0.18400830686122183,-0.3157985143786668,mixed
0.6,0.6375269617111837,0.9,0.3064734788713319,0.004689743025654742,0.006010465978832896,0.03752696171118375,-0.5935265211286681,disengagement_only
0.6,0.7472790241161646,0.9,0.5061054580866335,0.004689945020331758,0.009993480268319005,0.14727902411616467,-0.3938945419133665,mixed
0.6,0.6893216257086068,0.9,0.38360944656659623,0.00469193382815674,0.0067836948258948315,0.0893216257086068,-0.5163905534334038,mixed
0.6,0.7832287972530646,0.9,0.5826901731453558,0.004692078327565662,0.009644216494530705,0.18322879725306462,-0.31730982685464426,mixed
0.6,0.7850104879335199,0.9,0.5981190881675212,0.004693195238735057,0.011393722527623579,0.18501048793351993,-0.3018809118324788,mixed
0.6,0.8431228999300397,0.9,0.8002610444659635,0.004693284159447132,0.011282452813004135,0.24312289993003977,-0.09973895553403656,mixed
0.6,0.8499984421569649,0.9,0.8278311510716008,0.004693455964059766,0.010601485114929171,0.24999844215696487,-0.07216884892839925,mixed
0.6,0.7481512027153613,0.9,0.5096484908095891,0.0046941531765647415,0.010344536521924241,0.1481512027153613,-0.39035150919041095,mixed
0.6,0.6831765259175223,0.9,0.4184893240467402,0.004694520822734496,0.012395962298108576,0.08317652591752234,-0.4815106759532598,mixed
0.6,0.7111203152000389,0.9,0.45685261350851925,0.004694639300829705,0.01235133342835082,0.11112031520003895,-0.4431473864914808,mixed
0.6,0.878365374993143,0.9,0.8380898671123673,0.004694980492937952,0.005935368819997622,0.27836537499314307,-0.061910132887632696,mixed
0.6,0.7483212837329903,0.9,0.5092648376059243,0.00469528120543883,0.010212432774069552,0.14832128373299036,-0.3907351623940757,mixed
0.6,0.8062686668665628,0.9,0.6287636066747525,0.004695300467759187,0.006955484289569075,0.20626866686656287,-0.2712363933252475,mixed
0.6,0.7198284171555496,0.9,0.4695106652173462,0.004695895917325903,0.012175589017579758,0.1198284171555496,-0.43048933478265383,mixed
0.6,0.7476073319655078,0.9,0.5101222579844112,0.004696237577503035,0.010627004981369675,0.1476073319655078,-0.3898777420155888,mixed
0.6,0.8485348540862435,0.9,0.7367202768638831,0.004696981449096334,0.006668087345818918,0.24853485408624354,-0.16327972313611694,mixed
0.6,0.7838845126804963,0.9,0.5834570507841692,0.004697019903843254,0.009500443909996464,0.18388451268049633,-0.3165429492158308,mixed
0.6,0.7804946644562237,0.9,0.5836858447654854,0.004697147629913794,0.010922368492835094,0.18049466445622375,-0.31631415523451467,mixed
0.6,0.6785217506182526,0.9,0.36547406100154045,0.0046972823732425815,0.0067098846658176226,0.07852175061825262,-0.5345259389984596,mixed
0.6,0.6339814004579339,0.9,0.3019612037472017,0.004697770001783805,0.005975223274500896,0.03398140045793396,-0.5980387962527983,disengagement_only
0.6,0.7129124785912823,0.9,0.4272422569248062,0.004698048909458233,0.006777584523484564,0.11291247859128228,-0.4727577430751938,mixed
0.6,0.9021581456808664,0.9,0.9481658605851295,0.004698130939436166,0.01017912719292638,0.3021581456808664,0.048165860585129505,improvement_only
0.6,0.8001848998195578,0.9,0.6462827021366746,0.004698779041871293,0.012258757031995304,0.20018489981955778,-0.2537172978633254,mixed
0.6,0.7254194958022115,0.9,0.4530187418162184,0.0046993710904633555,0.007003267595423662,0.12541949580221157,-0.44698125818378165,mixed
0.6,0.8517769950893228,0.9,0.8351607658857828,0.004699633327756715,0.010404634471023105,0.25177699508932283,-0.06483923411421721,mixed
0.6,0.7489920105367803,0.9,0.5111476390895875,0.004700176920897782,0.010322975235620008,0.14899201053678035,-0.38885236091041253,mixed
0.6,0.7857260141669091,0.9,0.6007642017059764,0.004700414762347576,0.011517340048821934,0.18572601416690915,-0.2992357982940236,mixed
0.6,0.6693028987482073,0.9,0.4006347008177565,0.004700439011855682,0.012148460963095464,0.06930289874820728,-0.49936529918224354,mixed
0.6,0.6868382278342147,0.9,0.42339715303612974,0.004700447612247417,0.01244823347268112,0.08683822783421469,-0.4766028469638703,mixed
0.6,0.7464245258983974,0.9,0.5021204443995586,0.004701168928784128,0.009549005265303417,0.14642452589839738,-0.3978795556004414,mixed
0.6,0.8072033405218046,0.9,0.6307011501016497,0.004701283036742032,0.00682496390907425,0.20720334052180467,-0.2692988498983503,mixed
0.6,0.8403938707217614,0.9,0.7132511051406941,0.004701420455834443,0.006779742596550009,0.24039387072176144,-0.1867488948593059,mixed
0.6,0.5666974699559645,0.9,0.2833477239346085,0.004702305235959205,0.005984521616336863,-0.033302530044035494,-0.6166522760653915,disengagement_only
0.6,0.7142484283119481,0.9,0.4614821876616695,0.004702364750156862,0.012323304177870475,0.11424842831194815,-0.43851781233833054,mixed
0.6,0.789782664509219,0.9,0.6134776458865412,0.0047031172919519155,0.011809321729863292,0.189782664509219,-0.28652235411345883,mixed
0.6,0.8980384508593142,0.9,0.9259042919749572,0.004705183959681197,0.00925631190420692,0.29803845085931424,0.02590429197495714,improvement_only
0.6,0.7902453549660352,0.9,0.6150156213345946,0.004705693187672016,0.011851824553712781,0.19024535496603523,-0.2849843786654054,mixed
0.6,0.8192064348635048,0.9,0.7108014855353811,0.004706005197360056,0.012463849127334753,0.21920643486350477,-0.18919851446461888,mixed
0.6,0.7803671556261298,0.9,0.5842697406397162,0.004706209522962162,0.011070074919196149,0.18036715562612982,-0.31573025936028387,mixed
0.6,0.6925946074747285,0.9,0.3891425106851599,0.004707497282954333,0.006820354917738469,0.09259460747472847,-0.5108574893148401,mixed
0.6,0.6941959826963531,0.9,0.4333844439442205,0.0047077131381410954,0.012505337235977049,0.0941959826963531,-0.46661555605577953,mixed
0.6,0.8787073920323843,0.9,0.8392780828295398,0.0047083460932386976,0.0059505618065730514,0.27870739203238437,-0.06072191717046027,mixed
0.6,0.7500681678336089,0.9,0.5123906980418852,0.0047085380787911515,0.010167829143055973,0.15006816783360888,-0.3876093019581148,mixed
0.6,0.7455076704691551,0.9,0.49914969761831507,0.004708754297007953,0.009312335508234404,0.14550767046915514,-0.40085030238168495,mixed
0.6,0.6773815769581765,0.9,0.4110605619091903,0.00470891056338999,0.012341602799572082,0.07738157695817649,-0.4889394380908097,mixed
0.6,0.7492895157349385,0.9,0.509419165180409,0.004709484133945324,0.009895899569202643,0.14928951573493854,-0.39058083481959105,mixed
0.6,0.6422970207565164,0.9,0.31248341064311513,0.004710143739702009,0.006110444454039132,0.042297020756516424,-0.5875165893568849,disengagement_only
0.6,0.804933240977287,0.9,0.6254870906996564,0.004710325332239078,0.007063088622325908,0.20493324097728705,-0.27451290930034367,mixed
0.6,0.7480106112683421,0.9,0.5123153615195244,0.004711376161158433,0.010891777966195532,0.14801061126834214,-0.38768463848047563,mixed
0.6,0.8540539342038458,0.9,0.8446609033796428,0.004711514097957355,0.010139064079855487,0.2540539342038458,-0.05533909662035719,mixed
0.6,0.6567869890309391,0.9,0.3322692459815366,0.004711887516545842,0.006387764495575404,0.05678698903093915,-0.5677307540184634,mixed
0.6,0.825751066954498,0.9,0.6743577496549626,0.004712001767569035,0.006850546665675444,0.22575106695449798,-0.22564225034503738,mixed
0.6,0.6173318942822452,0.9,0.33885390456621967,0.0047130517563803605,0.009556546288456286,0.01733189428224524,-0.5611460954337804,disengagement_only
0.6,0.6345934251224795,0.9,0.3586314706501592,0.004713622172309369,0.010718722839995476,0.03459342512247954,-0.5413685293498408,disengagement_only
0.6,0.6607122400562301,0.9,0.3379105493920654,0.004714667432343541,0.006465051784633857,0.060712240056230105,-0.5620894506079346,mixed
0.6,0.7511760570515115,0.9,0.5155415547153059,0.00471487643760965,0.010350773225792503,0.1511760570515115,-0.3844584452846941,mixed
0.6,0.8080905725423396,0.9,0.6323866194174105,0.004715081115663687,0.006676727665905796,0.20809057254233965,-0.26761338058258954,mixed
0.6,0.7767443862922416,0.9,0.57214514558275,0.004715325585280943,0.010535682380721612,0.17674438629224165,-0.32785485441725004,mixed
0.6,0.6667355297705344,0.9,0.3975214830100571,0.004715472586354998,0.012111065338225285,0.06673552977053443,-0.502478516989943,mixed
0.6,0.844004855346438,0.9,0.8040463488146204,0.0047158082083082285,0.011239592032199736,0.244004855346438,-0.09595365118537957,mixed
0.6,0.7372627090707661,0.9,0.47892522647982994,0.004716016196069024,0.008271313858884521,0.1372627090707661,-0.4210747735201701,mixed
0.6,0.8410222754071384,0.9,0.7148073983920413,0.00471645191199467,0.006794501380714857,0.2410222754071384,-0.1851926016079587,mixed
0.6,0.7321281927038404,0.9,0.4672648660668689,0.004716523273728084,0.007689607572199747,0.13212819270384046,-0.4327351339331311,mixed
0.6,0.7786086215447722,0.9,0.5796292901791026,0.004716626987049774,0.011023742183834756,0.1786086215447722,-0.32037070982089744,mixed
0.6,0.7219896382791371,0.9,0.44539846884165984,0.004716649017195555,0.006699911853701113,0.12198963827913711,-0.4546015311583402,mixed
0.6,0.7499435414391464,0.9,0.5103962783372075,0.004716704871140313,0.009843482859921315,0.14994354143914645,-0.38960372166279256,mixed
0.6,0.7513494427137164,0.9,0.5150856750040239,0.004716705187289184,0.010204294847992679,0.15134944271371642,-0.3849143249959761,mixed
0.6,0.7513291316815738,0.9,0.5166041834845125,0.0047169936155922266,0.010491129453662817,0.1513291316815738,-0.3833958165154875,mixed
0.6,0.7001056070582202,0.9,0.40252649532274065,0.00471701606105955,0.006859722347887481,0.10010560705822025,-0.49747350467725937,mixed
0.6,0.6744390568917202,0.9,0.4073426847818734,0.00471768625755302,0.012303834885910525,0.07443905689172026,-0.4926573152181266,mixed
0.6,0.7057996929271436,0.9,0.4131426260440966,0.004717880739012278,0.006854644804408977,0.10579969292714364,-0.48685737395590345,mixed
0.6,0.5914745139128842,0.9,0.25560667678896676,0.004717973561603592,0.008948643914482884,-0.008525486087115786,-0.6443933232110333,disengagement_only
0.6,0.7485792159963691,0.9,0.5064878161955827,0.004718008297468478,0.00960397284728201,0.14857921599636914,-0.3935121838044173,mixed
0.6,0.7406490468381627,0.9,0.5016595728911479,0.004718008875019869,0.011490717603367062,0.1406490468381627,-0.3983404271088521,mixed
0.6,0.740040086370806,0.9,0.5007383501957071,0.004718627302426502,0.011527712289347847,0.140040086370806,-0.3992616498042929,mixed
0.6,0.7836638589960959,0.9,0.5817532276437355,0.00471903705952095,0.009315506075945362,0.18366385899609594,-0.31824677235626453,mixed
0.6,0.778667052210337,0.9,0.5729390486059099,0.004719116198463251,0.009896592458284809,0.17866705221033707,-0.3270609513940901,mixed
0.6,0.7149320917471264,0.9,0.43091954893574413,0.004719302858119869,0.006796707673817487,0.11493209174712637,-0.4690804510642559,mixed
0.6,0.7902545781577819,0.9,0.5944827695969861,0.004719401296246906,0.008627855196904843,0.1902545781577819,-0.30551723040301393,mixed
0.6,0.7898231936760663,0.9,0.5935990472895818,0.004720083720101225,0.00866851687027359,0.18982319367606637,-0.30640095271041823,mixed
0.6,0.640803004706576,0.9,0.3659628663625403,0.004720531293029581,0.011076562054100708,0.04080300470657605,-0.5340371336374597,disengagement_only
0.6,0.784546498278483,0.9,0.5832859442860276,0.004721452825174093,0.009202558883816686,0.18454649827848302,-0.3167140557139724,mixed
0.6,0.8793885102525676,0.9,0.8418091807783745,0.004722227851422014,0.005971014020870663,0.2793885102525676,-0.0581908192216255,mixed
0.6,0.6083755872869,0.9,0.32888690839771917,0.004722647909812402,0.008848968729175927,0.008375587286900021,-0.5711130916022809,disengagement_only
0.6,0.7374369317983553,0.9,0.49684304559140935,0.004723030300772333,0.011685274581505117,0.13743693179835537,-0.4031569544085907,mixed
0.6,0.741622623514463,0.9,0.4888609613301026,0.004723621169237366,0.008706038471569644,0.14162262351446298,-0.4111390386698974,mixed
0.6,0.7258384560050237,0.9,0.4533663266857767,0.0047243609376245495,0.0069405917505100945,0.12583845600502375,-0.4466336733142233,mixed
0.6,0.7528281476663268,0.9,0.5191824989560039,0.004724736172014411,0.010420934965886613,0.1528281476663268,-0.38081750104399614,mixed
0.6,0.7238871449777269,0.9,0.4761283753372849,0.004725466004343388,0.012186899303418763,0.1238871449777269,-0.4238716246627151,mixed
0.6,0.7353483651196098,0.9,0.47422381457864915,0.004726190599984379,0.00799511362500463,0.1353483651196098,-0.4257761854213509,mixed
0.6,0.7525104690538172,0.9,0.516601754413821,0.0047267962578558375,0.010063485664234345,0.15251046905381727,-0.3833982455861791,mixed
0.6,0.7530342211791857,0.9,0.5203653727389179,0.004727526541619535,0.010562361412284282,0.15303422117918575,-0.3796346272610821,mixed
0.6,0.7754135182629908,0.9,0.5706289600264252,0.004728250420463133,0.01081517495697254,0.1754135182629908,-0.32937103997357486,mixed
0.6,0.7826821652881484,0.9,0.5930276062895209,0.004729418142501723,0.01154310878912898,0.1826821652881484,-0.30697239371047913,mixed
0.6,0.7872568665436616,0.9,0.6068242429937267,0.0047304279836851,0.011836626068166406,0.18725686654366158,-0.2931757570062733,mixed
0.6,0.5711928203669546,0.9,0.2379643346922432,0.004731839575096222,0.010791786004233167,-0.028807179633045354,-0.6620356653077568,disengagement_only
0.6,0.8010073127845367,0.9,0.6164299819475628,0.004732438191125625,0.007429840831023132,0.20100731278453676,-0.2835700180524372,mixed
0.6,0.7212608517655047,0.9,0.4435722553024391,0.004732678989989322,0.006745086570413061,0.12126085176550472,-0.4564277446975609,mixed
0.6,0.8133940162363296,0.9,0.691015623263125,0.004732809571924592,0.012573511355188166,0.2133940162363296,-0.20898437673687498,mixed
0.6,0.7927313781822068,0.9,0.6236592965512988,0.004732819772864841,0.01212209498154243,0.19273137818220687,-0.2763407034487012,mixed
0.6,0.7906321116500927,0.9,0.5947635758166602,0.004732851465361342,0.008514711513488454,0.19063211165009275,-0.30523642418333985,mixed
0.6,0.7768942725650024,0.9,0.568602554568144,0.004733338743379575,0.009886966136507996,0.17689427256500245,-0.331397445431856,mixed
0.6,0.7353725878717721,0.9,0.4740579353248332,0.004733635075140595,0.007954686589951326,0.1353725878717721,-0.4259420646751668,mixed
0.6,0.7030242259555803,0.9,0.4459217929740402,0.004733890407224618,0.012558796671959138,0.10302422595558036,-0.4540782070259598,mixed
0.6,0.8029246227745183,0.9,0.6560402326642633,0.004733954656343414,0.012462965755824368,0.20292462277451828,-0.24395976733573677,mixed
0.6,0.7546338878774511,0.9,0.5230148996914581,0.0047339584252408164,0.010461241760535145,0.15463388787745114,-0.37698510030854193,mixed
0.6,0.7906280079516137,0.9,0.6172234824877684,0.00473409274435792,0.012032751872132125,0.19062800795161372,-0.28277651751223165,mixed
0.6,0.8221842653774948,0.9,0.7218879531117866,0.004734567711433106,0.012473005219514083,0.2221842653774948,-0.17811204688821347,mixed
0.6,0.747480445648691,0.9,0.5131721456837077,0.004734588155447215,0.011241922530325493,0.147480445648691,-0.3868278543162923,mixed
0.6,0.7818229570488184,0.9,0.5774491569976599,0.0047345936246785325,0.009364796239858003,0.18182295704881846,-0.32255084300234016,mixed
0.6,0.7203524561086994,0.9,0.44163267675433243,0.004736040452638702,0.0067647958978365175,0.12035245610869938,-0.4583673232456676,mixed
0.6,0.713899998742152,0.9,0.42858737735525765,0.004736198668242364,0.006836973439136446,0.11389999874215206,-0.4714126226447424,mixed
0.6,0.7856501223288452,0.9,0.5847263322410339,0.004736305456592345,0.00898247577328834,0.18565012232884526,-0.31527366775896615,mixed
0.6,0.7145185344340712,0.9,0.42981343953154927,0.004736390749289339,0.0068318032432165,0.11451853443407123,-0.47018656046845075,mixed
0.6,0.7483726283347686,0.9,0.5046329018906671,0.004736424875760502,0.00933194454988967,0.1483726283347686,-0.3953670981093329,mixed
0.6,0.7740231272097078,0.9,0.5674759871522932,0.004736467179169357,0.010840274143704393,0.1740231272097078,-0.33252401284770683,mixed
0.6,0.7516728842230076,0.9,0.5198914874848184,0.004736644125471229,0.010971122397728877,0.15167288422300762,-0.38010851251518163,mixed
0.6,0.7517401361781193,0.9,0.5200306552334604,0.0047370374606619725,0.010972224308358175,0.15174013617811932,-0.37996934476653965,mixed
0.6,0.8665056146298479,0.9,0.7938572541591737,0.004737269251916546,0.006267055912187902,0.2665056146298479,-0.10614274584082628,mixed
0.6,0.6693378717513818,0.9,0.40100058257733406,0.004737620422073044,0.012227000070543254,0.06933787175138184,-0.49899941742266596,mixed
0.6,0.7292641222946107,0.9,0.4846367518297894,0.004740394380271095,0.01209235698074676,0.1292641222946107,-0.41536324817021064,mixed
0.6,0.7980388886033433,0.9,0.609880600935075,0.004740428136523788,0.007719320798226792,0.1980388886033433,-0.290119399064925,mixed
0.6,0.7814295460238763,0.9,0.5899281091314654,0.004740726745672916,0.011557879329613108,0.1814295460238763,-0.3100718908685346,mixed
0.6,0.7334442759011831,0.9,0.46953621541781687,0.004740909678022176,0.007705658278098132,0.13344427590118313,-0.43046378458218315,mixed
0.6,0.7519893357963476,0.9,0.5134329822629806,0.004741161619518737,0.009670128291202507,0.15198933579634766,-0.3865670177370194,mixed
0.6,0.7755039161257701,0.9,0.5654243627404094,0.004741292104816952,0.009909132241016833,0.1755039161257701,-0.3345756372595906,mixed
0.6,0.7564221714438141,0.9,0.5259579284608432,0.004741643921382172,0.010337762373089782,0.1564221714438141,-0.3740420715391568,mixed
0.6,0.7936798396356596,0.9,0.6007050158672811,0.004741901951841228,0.008163338802453568,0.1936798396356596,-0.29929498413271893,mixed
0.6,0.7564674704997236,0.9,0.527259757593098,0.00474233520420666,0.01055602930517574,0.15646747049972365,-0.37274024240690207,mixed
0.6,0.5953410327296689,0.9,0.3146378992396264,0.00474265405392849,0.007671112151685838,-0.004658967270331105,-0.5853621007603736,disengagement_only
0.6,0.8282030929565241,0.9,0.6801019083411729,0.004743265394506258,0.006898168539545169,0.22820309295652408,-0.21989809165882712,mixed
0.6,0.7127626268223471,0.9,0.4599863937657309,0.004743531939942255,0.012487562347568315,0.11276262682234717,-0.4400136062342691,mixed
0.6,0.6727595529775802,0.9,0.35586812515837163,0.004743992550225993,0.006687260351608881,0.07275955297758019,-0.5441318748416284,mixed
0.6,0.7889668379935835,0.9,0.6125458304018541,0.004744937588807752,0.012012696728503108,0.1889668379935835,-0.28745416959814596,mixed
0.6,0.862538080188175,0.9,0.8805643463769062,0.00474530343650599,0.008936489363339073,0.26253808018817504,-0.01943565362309385,improvement_only
0.6,0.7157427769265472,0.9,0.4643896295045864,0.004746189458979019,0.012448170850004159,0.11574277692654722,-0.4356103704954136,mixed
0.6,0.757688245519877,0.9,0.5284377132306142,0.004746469313827063,0.010317045730768082,0.15768824551987703,-0.37156228676938585,mixed
0.6,0.7540533838142713,0.9,0.5246248828520723,0.004747009652308109,0.010967049121531763,0.15405338381427136,-0.3753751171479277,mixed
0.6,0.7580987158098209,0.9,0.5299540784585006,0.004747036131653798,0.010437141283238943,0.15809871580982093,-0.3700459215414994,mixed
0.6,0.7577546698358997,0.9,0.5304513990074544,0.004748135880063465,0.010654075992073325,0.1577546698358997,-0.3695486009925456,mixed
0.6,0.7764282409860108,0.9,0.5664772871895123,0.004748473488666647,0.009718599348797485,0.17642824098601084,-0.33352271281048773,mixed
0.6,0.5681227307946876,0.9,0.28516538908328726,0.004748496064513896,0.006021625737523989,-0.03187726920531242,-0.6148346109167128,disengagement_only
0.6,0.8759566779465473,0.9,0.8281293403175574,0.004748840576485072,0.0060266848130111905,0.2759566779465473,-0.07187065968244266,mixed
0.6,0.7701664684069501,0.9,0.5555568512631988,0.004748985774310148,0.010335483701206988,0.17016646840695016,-0.34444314873680126,mixed
0.6,0.7580917259551118,0.9,0.5312715260645113,0.0047495476075964434,0.01067599980426695,0.15809172595511178,-0.3687284739354887,mixed
0.6,0.7565595060370455,0.9,0.524415843989873,0.004749960055213978,0.010008994911924779,0.1565595060370455,-0.37558415601012707,mixed
0.6,0.7689578150858627,0.9,0.554411670319758,0.004750844385164881,0.010608855259998856,0.16895781508586272,-0.345588329680242,mixed
0.6,0.8562403085950719,0.9,0.85419032968617,0.004750996972124441,0.009900600034591978,0.25624030859507196,-0.04580967031382999,improvement_only
0.6,0.8272816957790624,0.9,0.7406516168688345,0.004751655123004231,0.0123533800675448,0.22728169577906243,-0.1593483831311655,mixed
0.6,0.7488129695399809,0.9,0.5163084918497072,0.004751828296448051,0.011346082726810314,0.1488129695399809,-0.38369150815029285,mixed
0.6,0.7089782537918347,0.9,0.45463578595451426,0.004751873035509413,0.01256258808158825,0.10897825379183468,-0.44536421404548576,mixed
0.6,0.7500738552521051,0.9,0.5184343576997991,0.004752245722648083,0.011283553804331298,0.15007385525210515,-0.38156564230020096,mixed
0.6,0.7151322371436646,0.9,0.43077397416596086,0.004752505252928831,0.006855244120276216,0.1151322371436646,-0.46922602583403916,mixed
0.6,0.8442673677898086,0.9,0.7235454844933493,0.004752730455281108,0.006805855152305862,0.24426736778980862,-0.1764545155066507,mixed
0.6,0.59038101577802,0.9,0.25438286690710576,0.004752842525097298,0.00911613524875432,-0.009618984221979932,-0.6456171330928943,disengagement_only
0.6,0.6633941814611313,0.9,0.39364008718206966,0.00475292725363696,0.01208748150076322,0.0633941814611313,-0.5063599128179304,mixed
0.6,0.7931404359466522,0.9,0.5992542304201196,0.00475301263852958,0.008165570507482456,0.1931404359466522,-0.3007457695798804,mixed
0.6,0.7680947077278022,0.9,0.5526182672228727,0.004753018788131988,0.010634753214921772,0.16809470772780222,-0.34738173277712736,mixed
0.6,0.7561174654560648,0.9,0.5286849884452165,0.004753206127126232,0.010942774354597479,0.15611746545606486,-0.3713150115547835,mixed
0.6,0.7676929833538346,0.9,0.5508142549025935,0.004753285174571059,0.010478753946847302,0.16769298335383465,-0.3491857450974065,mixed
0.6,0.7898890071078466,0.9,0.5925598978694774,0.0047533350556442895,0.008477942921295,0.18988900710784662,-0.30744010213052264,mixed
0.6,0.7687120583630618,0.9,0.552035857989847,0.004753691045022748,0.01029582469287546,0.1687120583630618,-0.347964142010153,mixed
0.6,0.7740379129630737,0.9,0.5696109072385616,0.0047539087585898206,0.011193437651421279,0.1740379129630737,-0.33038909276143846,mixed
0.6,0.663785426568102,0.9,0.3421142467085069,0.0047539348178454914,0.006561095662601518,0.06378542656810204,-0.5578857532914931,mixed
0.6,0.7598788908097124,0.9,0.5351877992141159,0.004754411636665635,0.010708799572822864,0.1598788908097124,-0.36481220078588417,mixed
0.6,0.7675180150686138,0.9,0.5515149446764829,0.004754504322054509,0.010667251787163462,0.16751801506861386,-0.34848505532351715,mixed
0.6,0.7560193981267519,0.9,0.5286926695746107,0.004754830665456811,0.010980455705897563,0.15601939812675192,-0.3713073304253893,mixed
0.6,0.8401513231979261,0.9,0.7118626958568295,0.004754885198895635,0.006853094368558632,0.2401513231979261,-0.18813730414317054,mixed
0.6,0.7247809153213397,0.9,0.47808124522012757,0.0047549339519456085,0.012284770350263624,0.12478091532133972,-0.42191875477987245,mixed
0.6,0.7559045291184873,0.9,0.5285064996542825,0.004754935443631508,0.010989295024479317,0.1559045291184873,-0.3714935003457175,mixed
0.6,0.8127805734977936,0.9,0.6893296731197281,0.004754972321010776,0.01263243098189748,0.21278057349779367,-0.21067032688027187,mixed
0.6,0.7476771094944298,0.9,0.5145903106368117,0.004755202553191358,0.011435943330595832,0.1476771094944298,-0.3854096893631883,mixed
0.6,0.8119486790867494,0.9,0.6865092534553391,0.004755708252449247,0.012634372886565604,0.21194867908674941,-0.21349074654466094,mixed
0.6,0.5727528894715223,0.9,0.23907069554405352,0.004755773884782673,0.010709708326298306,-0.027247110528477725,-0.6609293044559466,disengagement_only
0.6,0.7689489970926378,0.9,0.5558342555802023,0.004755870455068656,0.010856586097252985,0.16894899709263778,-0.34416574441979775,mixed
0.6,0.8226988965203285,0.9,0.6660532289784442,0.004756050546219668,0.006908018129231974,0.22269889652032848,-0.2339467710215558,mixed
0.6,0.7643787876732397,0.9,0.543930090638967,0.004756378075918221,0.010552328070540268,0.16437878767323977,-0.356069909361033,mixed
0.6,0.7337585789628558,0.9,0.49204319582406,0.004756508704443688,0.01202202772573946,0.1337585789628558,-0.40795680417594005,mixed
0.6,0.7651638750475664,0.9,0.5447722192579838,0.004756666954929416,0.010400260059177519,0.16516387504756647,-0.3552277807420162,mixed
0.6,0.7531508216079946,0.9,0.5151272287757926,0.004756702011888081,0.00956238552121641,0.15315082160799465,-0.3848727712242074,mixed
0.6,0.8611878600612032,0.9,0.8749858879870256,0.004756729150233284,0.009170923349279408,0.2611878600612032,-0.025014112012974432,improvement_only
0.6,0.7728824391185608,0.9,0.5591259621030504,0.00475723561364879,0.009882386937863447,0.17288243911856083,-0.3408740378969496,mixed
0.6,0.7631608916103374,0.9,0.5419879680189199,0.004757503074090103,0.010674642652657357,0.16316089161033742,-0.3580120319810801,mixed
0.6,0.7597932358865138,0.9,0.5315704202464566,0.0047579502118616016,0.010096471584557676,0.15979323588651384,-0.3684295797535434,mixed
0.6,0.6344060236919474,0.9,0.30208495243854305,0.004758262339303212,0.006051944743764692,0.03440602369194745,-0.597915047561457,disengagement_only
0.6,0.8470755801632,0.9,0.7316359821668765,0.0047584648090424,0.0067705862460158694,0.24707558016319997,-0.1683640178331235,mixed
0.6,0.7951936962639857,0.9,0.6033775075852545,0.004758721035332451,0.007936637036041944,0.19519369626398575,-0.2966224924147455,mixed
0.6,0.7679276468406289,0.9,0.549544641544793,0.004758901517542817,0.01016932910604415,0.16792764684062889,-0.35045535845520703,mixed
0.6,0.7320250191197524,0.9,0.465942819504101,0.004758964766189413,0.007462140898571085,0.1320250191197524,-0.43405718049589903,mixed
0.6,0.7674563135944736,0.9,0.5485855966598636,0.0047591599482686145,0.01018493783598054,0.16745631359447366,-0.3514144033401364,mixed
0.6,0.7642407345265455,0.9,0.5447946811409825,0.004759290279735415,0.01075622251315983,0.16424073452654553,-0.3552053188590175,mixed
0.6,0.7688480063744889,0.9,0.5512475416721774,0.004759344839949907,0.010107853183801807,0.16884800637448893,-0.34875245832782265,mixed
0.6,0.7184329112778057,0.9,0.4372921349604645,0.0047594232478544935,0.006834696928822576,0.11843291127780575,-0.46270786503953554,mixed
0.6,0.763895502603389,0.9,0.5410782801819626,0.004759726116096296,0.010236493578029054,0.16389550260338903,-0.35892171981803744,mixed
0.6,0.7612882600568491,0.9,0.534909368977964,0.004760044781783101,0.010131496016215519,0.16128826005684915,-0.365090631022036,mixed
0.6,0.5542231052300538,0.9,0.27012524592370224,0.0047602078611755205,0.0063121470872550545,-0.045776894769946175,-0.6298747540762978,disengagement_only
0.6,0.6296108346266945,0.9,0.29619082719836287,0.004760245544771707,0.006019511181378473,0.02961083462669456,-0.6038091728016372,disengagement_only
0.6,0.7526407683632718,0.9,0.5136183406705197,0.0047604515343773616,0.009469950078658945,0.15264076836327178,-0.3863816593294803,mixed
0.6,0.8698383453104153,0.9,0.8053456567740683,0.004760652859898714,0.006187435067185776,0.2698383453104153,-0.09465434322593169,mixed
0.6,0.8119321442456184,0.9,0.6865475397592373,0.004760704910022077,0.012647741970768428,0.21193214424561846,-0.2134524602407627,mixed
0.6,0.7865622220039759,0.9,0.5855333733307556,0.0047614924618054,0.008737793235670616,0.18656222200397587,-0.3144666266692444,mixed
0.6,0.7738840985287441,0.9,0.5698477259444277,0.004761914625201575,0.011294619836732883,0.1738840985287441,-0.33015227405557235,mixed
0.6,0.7441905512810669,0.9,0.5090867367188996,0.004762064926785442,0.011651305596316608,0.14419055128106695,-0.39091326328110043,mixed
0.6,0.9023321390049053,0.9,0.9481727177413319,0.0047623512252631854,0.01029407198559558,0.3023321390049053,0.048172717741331916,improvement_only
0.6,0.7661986786822986,0.9,0.5499411820214799,0.004762480830882402,0.010903294322763157,0.16619867868229865,-0.3500588179785201,mixed
0.6,0.7655805304288031,0.9,0.5442030847771496,0.00476253226253053,0.01014228977849943,0.16558053042880316,-0.3557969152228504,mixed
0.6,0.6391744228419723,0.9,0.36433233301869,0.004762674542230311,0.011065620367346568,0.03917442284197237,-0.5356676669813101,disengagement_only
0.6,0.7646040520447888,0.9,0.5463523005738964,0.004763245439549393,0.010889905403510952,0.16460405204478878,-0.35364769942610363,mixed
0.6,0.7604727429237633,0.9,0.5324738217951586,0.004763333732278243,0.010004134017598199,0.16047274292376335,-0.36752617820484146,mixed
0.6,0.7654309685363664,0.9,0.5482676977016203,0.004763389571177686,0.010907312959881926,0.1654309685363664,-0.3517323022983797,mixed
0.6,0.8052882917359155,0.9,0.6250991079881236,0.004763486175882441,0.006850871685387283,0.20528829173591556,-0.2749008920118764,mixed
0.6,0.7983265351938907,0.9,0.6420226310789858,0.004764056703398996,0.012455476256333281,0.19832653519389076,-0.2579773689210142,mixed
0.6,0.5594135199322345,0.9,0.22893189321582022,0.0047644775480211975,0.011705673162796373,-0.04058648006776544,-0.6710681067841798,disengagement_only
0.6,0.8070875174293921,0.9,0.670386847560689,0.0047652114619936275,0.012632062207538208,0.20708751742939213,-0.22961315243931102,mixed
0.6,0.8295803157615477,0.9,0.6833230305403515,0.004765224183132842,0.006927047111778273,0.2295803157615477,-0.21667696945964854,mixed
0.6,0.7812850333703071,0.9,0.5907459615006312,0.004765380386748109,0.011750947894371783,0.1812850333703071,-0.30925403849936883,mixed
0.6,0.7013891293141833,0.9,0.44403225507937927,0.004765573188480041,0.01265532336208186,0.10138912931418331,-0.45596774492062075,mixed
0.6,0.7801590554391957,0.9,0.5875689365849481,0.00476605391565358,0.011695886375245074,0.18015905543919575,-0.3124310634150519,mixed
0.6,0.6529334681528562,0.9,0.3808367983686693,0.00476617262065342,0.011731362750395491,0.05293346815285627,-0.5191632016313308,mixed
0.6,0.7287357936056359,0.9,0.4844119356019878,0.004766475166015596,0.012226652851341585,0.12873579360563592,-0.4155880643980122,mixed
0.6,0.8558003732876308,0.9,0.758095819196197,0.0047667632278833375,0.006599671044960759,0.25580037328763083,-0.14190418080380307,mixed
0.6,0.7795514653156138,0.9,0.5858842593988486,0.004766777023382867,0.011668971129374567,0.17955146531561383,-0.31411574060115144,mixed
0.6,0.7703768767828538,0.9,0.5609226895834567,0.0047667908412070996,0.011169800801695134,0.17037687678285385,-0.3390773104165433,mixed
0.6,0.6621094671650369,0.9,0.39214906931504173,0.004766885996567818,0.012073911280266414,0.06210946716503696,-0.5078509306849583,mixed
0.6,0.7229170436930438,0.9,0.44634983033990017,0.004767266949438925,0.006793671657217337,0.12291704369304379,-0.45365016966009986,mixed
0.6,0.7616386001708302,0.9,0.5347388008617604,0.004767353180486491,0.009970150390084198,0.1616386001708302,-0.3652611991382396,mixed
0.6,0.8833677906081213,0.9,0.8574415827135385,0.0047677101672031815,0.006193888231265515,0.28336779060812134,-0.04255841728646148,improvement_only
0.6,0.7095463928875649,0.9,0.4556862788602031,0.004767883960605642,0.012605869173214268,0.10954639288756496,-0.44431372113979695,mixed
0.6,0.6629726450182937,0.9,0.34079660918842897,0.004768070011623692,0.0065638934608329425,0.0629726450182937,-0.559203390811571,mixed
0.6,0.7739914241724652,0.9,0.5705930922491581,0.0047681052029302845,0.011377183431874549,0.17399142417246527,-0.3294069077508419,mixed
0.6,0.7633253322414215,0.9,0.5442063214217351,0.004768200473844439,0.01100195843444246,0.16332533224142154,-0.35579367857826494,mixed
0.6,0.7631911824913933,0.9,0.5439211293382616,0.00476823014997159,0.011002934912960366,0.1631911824913933,-0.3560788706617384,mixed
0.6,0.7864810835835367,0.9,0.605973789151853,0.004768584892837713,0.012030544677055915,0.18648108358353677,-0.29402621084814706,mixed
0.6,0.7709521477372948,0.9,0.5543588323201992,0.004768801135039446,0.00982587827126391,0.17095214773729484,-0.3456411676798008,mixed
0.6,0.7694054342145527,0.9,0.5586652075822613,0.004769251630690869,0.01116426474913046,0.16940543421455267,-0.3413347924177387,mixed
0.6,0.851616364185662,0.9,0.8353639572351608,0.00476952552425385,0.010521678414316032,0.251616364185662,-0.06463604276483925,mixed
0.6,0.6965223437516309,0.9,0.39538758105890626,0.00477009958862529,0.006923043133489737,0.09652234375163093,-0.5046124189410938,mixed
0.6,0.7776893109864654,0.9,0.5808969319587742,0.004771117785470232,0.011606687352310102,0.17768931098646545,-0.3191030680412258,mixed
0.6,0.652958429667415,0.9,0.38091629554668915,0.004772710785590808,0.011744815515722706,0.05295842966741504,-0.5190837044533109,mixed
0.6,0.7783531592081878,0.9,0.568645171030611,0.00477371061641842,0.00931333569362433,0.17835315920818784,-0.33135482896938906,mixed
0.6,0.7744726898959129,0.9,0.5609633217169884,0.004773789059033795,0.009568417526890083,0.1744726898959129,-0.33903667828301165,mixed
0.6,0.6797145629865589,0.9,0.36668068022935774,0.00477380502081906,0.006815245326632413,0.07971456298655888,-0.5333193197706423,mixed
0.6,0.7384235575920947,0.9,0.47975183790546966,0.004773850371485368,0.008041763677631458,0.13842355759209468,-0.42024816209453036,mixed
0.6,0.7753706933738858,0.9,0.5627230939023458,0.004774076125692785,0.009510099823073437,0.17537069337388578,-0.33727690609765426,mixed
0.6,0.7006185367978545,0.9,0.4430582769155127,0.004774160274226403,0.01268098742790641,0.10061853679785449,-0.45694172308448733,mixed
0.6,0.7615244196463666,0.9,0.53377517684449,0.004774198426945515,0.009842393321892018,0.16152441964636666,-0.36622482315550997,mixed
0.6,0.7710153611607901,0.9,0.5632223084446529,0.004774581361285466,0.011310702904215986,0.17101536116079008,-0.3367776915553471,mixed
0.6,0.7642661469848531,0.9,0.546949591217271,0.004774607269452653,0.011123670092067522,0.1642661469848531,-0.353050408782729,mixed
0.6,0.7759894230482778,0.9,0.563913122902788,0.004774667806560108,0.009464884037498567,0.1759894230482778,-0.33608687709721197,mixed
0.6,0.775461949676984,0.9,0.5750031593474334,0.004774908929694551,0.011527093424087337,0.17546194967698403,-0.3249968406525666,mixed
0.6,0.7726779989438144,0.9,0.5676005089952141,0.004775355428346211,0.011395663543663198,0.17267799894381441,-0.33239949100478594,mixed
0.6,0.748670970219421,0.9,0.5173102142415302,0.004777174178258826,0.011583654111050362,0.148670970219421,-0.3826897857584698,mixed
0.6,0.7061613444023129,0.9,0.4509511244227027,0.004777382282967631,0.012664321742669599,0.10616134440231295,-0.44904887557729734,mixed
0.6,0.7846866959264491,0.9,0.6010610181090735,0.004777668411232794,0.012002113812304621,0.18468669592644915,-0.2989389818909265,mixed
0.6,0.8428652194358469,0.9,0.7192041047800632,0.00477819946078976,0.006856307965051905,0.24286521943584694,-0.18079589521993678,mixed
0.6,0.7514201320822345,0.9,0.5221882528481463,0.004778262786181851,0.011485723373322126,0.15142013208223448,-0.3778117471518537,mixed
0.6,0.7499291832919278,0.9,0.519562401126346,0.004778412964565544,0.011544799797594096,0.14992918329192784,-0.380437598873654,mixed
0.6,0.7516138986503632,0.9,0.5226453011595281,0.00478046615750923,0.011498933132200656,0.15161389865036323,-0.3773546988404719,mixed
0.6,0.7643952292745857,0.9,0.5477731682495146,0.0047805879748168325,0.011218311882967624,0.16439522927458572,-0.3522268317504854,mixed
0.6,0.8372254651141833,0.9,0.703440292371392,0.004780654443508713,0.006907899883106361,0.2372254651141833,-0.19655970762860797,mixed
0.6,0.7839433920027827,0.9,0.5990725107881285,0.004781898217820489,0.011994227345562852,0.18394339200278276,-0.3009274892118715,mixed
0.6,0.7626984639865516,0.9,0.5356925166085389,0.004782940279657337,0.00974138508156655,0.16269846398655163,-0.36430748339146113,mixed
0.6,0.763941153834815,0.9,0.5384552791624163,0.004782975110915572,0.00975954512906696,0.163941153834815,-0.3615447208375837,mixed
0.6,0.7579357783382724,0.9,0.524716672596555,0.004783605462138741,0.009557759787477166,0.15793577833827244,-0.37528332740344506,mixed
0.6,0.7812416926481214,0.9,0.5914689601065898,0.004784458729255068,0.011886813595931273,0.1812416926481214,-0.30853103989341024,mixed
0.6,0.7821908616706615,0.9,0.5941643384409155,0.004784630778938799,0.011931739191695184,0.18219086167066156,-0.3058356615590845,mixed
0.6,0.7270518599095738,0.9,0.45466252860101397,0.004784989988660956,0.006816129371329999,0.1270518599095738,-0.44533747139898605,mixed
0.6,0.8701674194878183,0.9,0.9137202371516253,0.004786604346246645,0.0075786617504349785,0.2701674194878183,0.013720237151625292,improvement_only
0.6,0.7800681256647487,0.9,0.5882748583259872,0.004786787525307257,0.01184902313441702,0.18006812566474872,-0.3117251416740128,mixed
0.6,0.7619950813910707,0.9,0.5337655392055054,0.004787525490249074,0.009664831992455325,0.16199508139107077,-0.3662344607944946,mixed
0.6,0.6972758084521764,0.9,0.43856325744366464,0.004788292290500187,0.012720227860986033,0.09727580845217643,-0.4614367425563354,mixed
0.6,0.7874918278057603,0.9,0.6096410431258699,0.004788432022311909,0.012184003069746457,0.18749182780576035,-0.29035895687413016,mixed
0.6,0.7210268293440817,0.9,0.47303027743704446,0.004789764059869936,0.012504232193373127,0.12102682934408171,-0.42696972256295557,mixed
0.6,0.7626568762644753,0.9,0.5350865979215054,0.0047898313691103304,0.009650253213008386,0.16265687626447534,-0.36491340207849465,mixed
0.6,0.773864895502066,0.9,0.5716929106987356,0.004791400419732015,0.011612814378097969,0.17386489550206607,-0.3283070893012644,mixed
0.6,0.7339192581978475,0.9,0.4692770350052816,0.0047918762828968895,0.007498677459496811,0.13391925819784756,-0.4307229649947184,mixed
0.6,0.7750405858807101,0.9,0.574819750174219,0.0047919213127353335,0.011665977458114402,0.17504058588071014,-0.325180249825781,mixed
0.6,0.7975750010438238,0.9,0.6403614159487762,0.004792087327151181,0.012541225427992297,0.19757500104382386,-0.25963858405122386,mixed
0.6,0.7259369287277867,0.9,0.4521521516430431,0.004793009694395605,0.006804672360880393,0.12593692872778672,-0.4478478483569569,mixed
0.6,0.8400284720105732,0.9,0.78944734501938,0.00479389922096808,0.011696842085156284,0.2400284720105732,-0.11055265498062006,mixed
0.6,0.7831915008525533,0.9,0.5973815549284864,0.004794062179181713,0.012035994388974042,0.1831915008525533,-0.3026184450715136,mixed
0.6,0.8336052539505059,0.9,0.6934845350091909,0.004794069749237777,0.006947005628059222,0.2336052539505059,-0.20651546499080908,mixed
0.6,0.8655990836784719,0.9,0.7900526659979317,0.004794592029701857,0.006363415185540289,0.26559908367847196,-0.10994733400206835,mixed
0.6,0.694938917664654,0.9,0.39228469670017174,0.004794861366734325,0.0069473043540873025,0.09493891766465401,-0.5077153032998283,mixed
0.6,0.7524897496489622,0.9,0.5113417369773533,0.0047953438738776956,0.009107042303712981,0.15248974964896223,-0.3886582630226467,mixed
0.6,0.7759112743210863,0.9,0.5773128199382238,0.004795369724510554,0.011731634096021931,0.17591127432108633,-0.3226871800617762,mixed
0.6,0.6139105634446281,0.9,0.27791019370196063,0.0047956484502539466,0.006712164993411429,0.013910563444628155,-0.6220898062980393,disengagement_only
0.6,0.7401437550596646,0.9,0.5034841484057622,0.004795819073049481,0.012018291618250354,0.1401437550596646,-0.39651585159423786,mixed
0.6,0.7976180951937955,0.9,0.6405900624468134,0.004795886704920949,0.012556586551006249,0.19761809519379547,-0.25940993755318664,mixed
0.6,0.5633258554905665,0.9,0.28026120833056517,0.0047963997516978635,0.0061455075247114355,-0.036674144509433515,-0.6197387916694348,disengagement_only
0.6,0.7993705818500529,0.9,0.6461190168937071,0.004796809320000531,0.012602527859437246,0.19937058185005296,-0.2538809831062929,mixed
0.6,0.8313630513585891,0.9,0.6875107775029138,0.0047970146715162545,0.006964435613560305,0.23136305135858914,-0.21248922249708624,mixed
0.6,0.7563421460206353,0.9,0.5201989652658093,0.004797213200850565,0.009327384115925291,0.15634214602063534,-0.3798010347341907,mixed
0.6,0.7540369097797311,0.9,0.5148137432069363,0.004797958526075893,0.009185762848998746,0.15403690977973117,-0.38518625679306373,mixed
0.6,0.7517252413783241,0.9,0.5094427069260985,0.004797975550394077,0.009031662634816168,0.1517252413783241,-0.3905572930739015,mixed
0.6,0.6153509559432843,0.9,0.27947491123263224,0.004798403509327038,0.006555420677246446,0.015350955943284283,-0.6205250887673678,disengagement_only
0.6,0.7378488000661839,0.9,0.4777641053033348,0.004798660909395141,0.007850144496436035,0.13784880006618394,-0.4222358946966652,mixed
0.6,0.7804437661135021,0.9,0.5898253549043432,0.004798671138547199,0.011948137050538654,0.1804437661135021,-0.31017464509565684,mixed
0.6,0.7614687602199739,0.9,0.5318314781659589,0.0047987832694963975,0.009519210070338596,0.16146876021997392,-0.36816852183404114,mixed
0.6,0.7205945457735766,0.9,0.4409927956324329,0.004799194684257784,0.006886893462537902,0.12059454577357664,-0.45900720436756715,mixed
0.6,0.8561488910937644,0.9,0.7588026982181024,0.0047995929218327725,0.00663235153969538,0.2561488910937644,-0.1411973017818976,mixed
0.6,0.717014483590161,0.9,0.43376204934717694,0.004799714035739475,0.006923456463049815,0.11701448359016098,-0.4662379506528231,mixed
0.6,0.7937594210508876,0.9,0.5992265111516609,0.0047997543089334125,0.007901640918619307,0.19375942105088761,-0.3007734888483391,mixed
0.6,0.7811004355484131,0.9,0.5729941090452743,0.004799980003428686,0.008929653722787645,0.18110043554841315,-0.32700589095472576,mixed
0.6,0.6640366212412233,0.9,0.3948306446029864,0.004800126642531169,0.012202352624857388,0.06403662124122333,-0.5051693553970136,mixed
0.6,0.7507402384830969,0.9,0.5219875146788692,0.004800232338178361,0.011697213543347795,0.15074023848309692,-0.37801248532113085,mixed
0.6,0.756259090014541,0.9,0.5198157859606208,0.004800803643532188,0.009288418746000032,0.15625909001454097,-0.3801842140393792,mixed
0.6,0.8317408512011649,0.9,0.7579114511533468,0.004801277372171552,0.012246989456699858,0.23174085120116494,-0.14208854884665323,mixed
0.6,0.870743797312769,0.9,0.8081347327073692,0.004801323676728001,0.006215942652556039,0.270743797312769,-0.09186526729263078,mixed
0.6,0.7890692977369107,0.9,0.5893292059360373,0.004801493367459712,0.00830862834992635,0.18906929773691072,-0.3106707940639627,mixed
0.6,0.7768805001063023,0.9,0.5643319821435455,0.004801565240031267,0.009182748562356374,0.1768805001063023,-0.3356680178564545,mixed
0.6,0.7467040019149751,0.9,0.49768318591774735,0.004801915830835044,0.008619643374197045,0.14670400191497512,-0.40231681408225267,mixed
0.6,0.8487031808839336,0.9,0.7359062515471467,0.004802067553345347,0.0067948910282583375,0.24870318088393362,-0.1640937484528533,mixed
0.6,0.6424328805309047,0.9,0.3684633229536001,0.0048021762215281795,0.011309891542506834,0.04243288053090477,-0.5315366770463998,disengagement_only
0.6,0.6380341542196856,0.9,0.3063496512598462,0.004802471168013634,0.0061475251625895955,0.03803415421968559,-0.5936503487401539,disengagement_only
0.6,0.6744628535311772,0.9,0.35801595562801836,0.004802599560221361,0.006779788638779483,0.07446285353117721,-0.5419840443719817,mixed
0.6,0.6682603455568976,0.9,0.4001881796605877,0.004802704170543956,0.012332683699578129,0.06826034555689764,-0.49981182033941235,mixed
0.6,0.8096438776900686,0.9,0.6341555856629744,0.004802792710518616,0.006873222196030954,0.20964387769006865,-0.26584441433702566,mixed
0.6,0.5580166364430855,0.9,0.2745378594738753,0.004803182984641384,0.006260385185865608,-0.041983363556914455,-0.6254621405261247,disengagement_only
0.6,0.7354142062933492,0.9,0.4959056789178403,0.004803619881435387,0.012205775151257009,0.13541420629334922,-0.4040943210821597,mixed
0.6,0.7765741586276571,0.9,0.5635500297196994,0.004804984729942504,0.009173647979069832,0.17657415862765713,-0.33644997028030066,mixed
0.6,0.5653141483561256,0.9,0.23298642701648126,0.004805022586241558,0.011377003315449413,-0.03468585164387439,-0.6670135729835187,disengagement_only
0.6,0.8367256511835243,0.9,0.7017409180251379,0.004805341923957021,0.00694431836601353,0.2367256511835243,-0.19825908197486208,mixed
0.6,0.6980998396433398,0.9,0.39779925481796463,0.0048055534702043405,0.006977031357245811,0.09809983964333979,-0.5022007451820354,mixed
0.6,0.7314282096545296,0.9,0.46354858277001676,0.004805851069970686,0.007182736778354376,0.13142820965452962,-0.43645141722998326,mixed
0.6,0.8658666068325679,0.9,0.8954604643864469,0.004806681924586918,0.008432410018671455,0.2658666068325679,-0.004539535613553136,improvement_only
0.6,0.8736871519861832,0.9,0.8188827763742195,0.004806993314923313,0.006140189421324244,0.2736871519861832,-0.08111722362578055,mixed
0.6,0.7932800954504953,0.9,0.627505733045699,0.0048070727459157475,0.012477604998088698,0.1932800954504953,-0.272494266954301,mixed
0.6,0.676756881458891,0.9,0.41116137355945204,0.004807162828292458,0.012545172964696732,0.07675688145889104,-0.488838626440548,mixed
0.6,0.7553349070561144,0.9,0.5308836094085831,0.00480744388729187,0.011630917440921346,0.1553349070561144,-0.3691163905914169,mixed
0.6,0.7856234733882156,0.9,0.5819884714646397,0.004807691262895142,0.008555151643130116,0.1856234733882156,-0.3180115285353603,mixed
0.6,0.6745375993854468,0.9,0.40828640727290477,0.004808021183318762,0.012500176047260558,0.0745375993854468,-0.49171359272709525,mixed
0.6,0.8750486079320189,0.9,0.8239762835731794,0.004808782237094973,0.006118390408842628,0.2750486079320189,-0.0760237164268206,mixed
0.6,0.659646062618931,0.9,0.3894236978226274,0.004809555896445081,0.012073559182625065,0.05964606261893102,-0.5105763021773726,mixed
0.6,0.837605187833079,0.9,0.7040881189145356,0.004809641706384174,0.006945156459172985,0.23760518783307905,-0.19591188108546442,mixed
0.6,0.6763337907624479,0.9,0.36090361846956187,0.004810565964775844,0.006815939169387025,0.07633379076244795,-0.5390963815304382,mixed
0.6,0.8018657883856897,0.9,0.6164879803942245,0.004810659150388585,0.007068031779517869,0.2018657883856897,-0.28351201960577554,mixed
0.6,0.8462036480839941,0.9,0.7284199220563382,0.004810743572574281,0.0068506491177131035,0.2462036480839941,-0.1715800779436618,mixed
0.6,0.7466504599170454,0.9,0.49724498409737194,0.004810749166272526,0.008556201461711405,0.1466504599170454,-0.4027550159026281,mixed
0.6,0.8400242372305451,0.9,0.7896556080295347,0.00481090104495879,0.011724586834087086,0.2400242372305451,-0.1103443919704653,mixed
0.6,0.649871070321125,0.9,0.3218731461479029,0.004811549105594529,0.006368980121773393,0.04987107032112503,-0.5781268538520972,disengagement_only
0.6,0.7464560454263724,0.9,0.49675693791356496,0.004812022965840077,0.008532372329479482,0.14645604542637247,-0.40324306208643507,mixed
0.6,0.8273860298064406,0.9,0.7419483983506898,0.004812592947551361,0.012468945086152455,0.22738602980644063,-0.1580516016493102,mixed
0.6,0.7607461615620785,0.9,0.5293798630217081,0.0048132657997484755,0.009353113583996403,0.16074616156207855,-0.3706201369782919,mixed
0.6,0.6481749976305377,0.9,0.37541885842834055,0.00481343240676109,0.011611407113547634,0.048174997630537675,-0.5245811415716595,disengagement_only
0.6,0.7240908700987845,0.9,0.47815747814323334,0.004813591628208669,0.012531184406613632,0.1240908700987845,-0.4218425218567667,mixed
0.6,0.7478650357730479,0.9,0.49991215565860164,0.004813767351324235,0.008630854995106046,0.14786503577304788,-0.4000878443413984,mixed
0.6,0.7944071994932925,0.9,0.6002251371277973,0.0048140795112810875,0.00778362818491643,0.19440719949329255,-0.2997748628722027,mixed
0.6,0.7423204715417291,0.9,0.5077031480250354,0.004814201480403298,0.01205432692615993,0.1423204715417291,-0.39229685197496467,mixed
0.6,0.7709571949390976,0.9,0.5655155950793808,0.004814778964769688,0.01172425069266056,0.17095719493909767,-0.33448440492061926,mixed
0.6,0.6674235041009907,0.9,0.3470550992107974,0.00481482160452919,0.006686078048054794,0.06742350410099074,-0.5529449007892027,mixed
0.6,0.8034184515339218,0.9,0.6198360320519198,0.004814983264623914,0.006892189203604432,0.2034184515339218,-0.2801639679480802,mixed
0.6,0.6573194426742862,0.9,0.386594367173976,0.004816098154762891,0.012000804913251562,0.057319442674286236,-0.513405632826024,mixed
0.6,0.7680104230846205,0.9,0.5584778679338184,0.00481707940900387,0.011677509688336946,0.16801042308462055,-0.34152213206618165,mixed
0.6,0.7550247554983088,0.9,0.5161865136616696,0.004817181310630502,0.009078907311536821,0.15502475549830885,-0.38381348633833046,mixed
0.6,0.8037046278459865,0.9,0.6204186007623824,0.004817583679675135,0.006853896097170714,0.20370462784598653,-0.2795813992376176,mixed
0.6,0.8408816852396372,0.9,0.7930892434738258,0.004817988626018466,0.01166740914802658,0.24088168523963727,-0.10691075652617421,mixed
0.6,0.8760321795931583,0.9,0.9395558525803968,0.00481805691910719,0.006384418325395852,0.2760321795931583,0.03955585258039673,improvement_only
0.6,0.7489804251009105,0.9,0.5195127427421978,0.004818125994074875,0.01188063491388655,0.14898042510091047,-0.3804872572578022,mixed
0.6,0.7898424915485229,0.9,0.6175619201619372,0.004820299392960186,0.01242531132063926,0.18984249154852295,-0.2824380798380628,mixed
0.6,0.7968088175107252,0.9,0.6386858668881699,0.004820971195645924,0.012629594241418046,0.1968088175107252,-0.26131413311183016,mixed
0.6,0.7752583724989889,0.9,0.5767988750132522,0.0048215316099778725,0.011909491287993929,0.1752583724989889,-0.3232011249867478,mixed
0.6,0.7971507164145608,0.9,0.6059344080539479,0.004821559808319081,0.0074986964819968305,0.19715071641456083,-0.2940655919460521,mixed
0.6,0.8340378748628747,0.9,0.694253099225018,0.004821854188366485,0.006980579641080981,0.23403787486287475,-0.20574690077498203,mixed
0.6,0.7700620000037188,0.9,0.5492083061185339,0.004822133690954599,0.009290784704354044,0.17006200000371885,-0.35079169388146614,mixed
0.6,0.7421886626543144,0.9,0.5077182920610583,0.00482229378417435,0.012104055230400756,0.1421886626543144,-0.3922817079389417,mixed
0.6,0.7354585321958487,0.9,0.47188901469018585,0.004822602255605003,0.00750283895765938,0.1354585321958487,-0.4281109853098142,mixed
0.6,0.6246165530166298,0.9,0.34782051635851213,0.004822870373255297,0.010274450217120895,0.024616553016629794,-0.552179483641488,disengagement_only
0.6,0.698855686882449,0.9,0.3989507022006499,0.004823234632478771,0.00700371855910939,0.09885568688244906,-0.5010492977993501,mixed
0.6,0.7223336461758938,0.9,0.44411890705519064,0.00482328804520079,0.006914068974904514,0.12233364617589382,-0.4558810929448094,mixed
0.6,0.8609210505434487,0.9,0.7739357934422351,0.00482419963919381,0.006535229860324648,0.2609210505434487,-0.12606420655776496,mixed
0.6,0.7788732279178259,0.9,0.5674514944141914,0.004824703649373781,0.008909617035253087,0.1788732279178259,-0.3325485055858086,mixed
0.6,0.747597295842016,0.9,0.5172771059326591,0.004825198024824157,0.011966269294819948,0.14759729584201597,-0.38272289406734095,mixed
0.6,0.8090188425151233,0.9,0.6322902099145771,0.004825282399363519,0.006907610486551169,0.20901884251512337,-0.26770979008542295,mixed
0.6,0.8603570825011871,0.9,0.7720502941061345,0.004826625505513403,0.006555146809080342,0.26035708250118716,-0.12794970589386556,mixed
0.6,0.5960697945784276,0.9,0.2593400093639604,0.004827901841050387,0.008677915626868482,-0.003930205421572408,-0.6406599906360396,disengagement_only
0.6,0.8042799357531105,0.9,0.6625064924558619,0.004828468372032557,0.012791134211768473,0.20427993575311054,-0.23749350754413812,mixed
0.6,0.588439490923055,0.9,0.30762327928377464,0.004830058613546791,0.007100148191002381,-0.011560509076944947,-0.5923767207162254,disengagement_only
0.6,0.8003439480795033,0.9,0.6127028839413915,0.004830121900692635,0.007157916005042286,0.2003439480795033,-0.2872971160586085,mixed
0.6,0.6080544163280994,0.9,0.27142369520909,0.004830122126061131,0.007417439999131553,0.008054416328099445,-0.6285763047909101,disengagement_only
0.6,0.6958146260801766,0.9,0.3934322149222002,0.004830242143226582,0.006998201096223733,0.09581462608017666,-0.5065677850777999,mixed
0.6,0.8752865339829399,0.9,0.9364579614388199,0.004831108709805426,0.006525656778191974,0.2752865339829399,0.03645796143881985,improvement_only
0.6,0.7679302451018332,0.9,0.5442274797264164,0.004831210778121685,0.009251391277533716,0.1679302451018332,-0.35577252027358364,mixed
0.6,0.7890147300291955,0.9,0.5883039641930861,0.004832181030441594,0.008169469139051783,0.18901473002919555,-0.31169603580691396,mixed
0.6,0.7505761890909187,0.9,0.5229554073495395,0.004832422613923748,0.011935825519138549,0.15057618909091874,-0.37704459265046053,mixed
0.6,0.557449388331963,0.9,0.27410088456104553,0.00483245826719865,0.006307248882825273,-0.042550611668036975,-0.6258991154389545,disengagement_only
0.6,0.7419460928927232,0.9,0.5076104772035485,0.004832984667261195,0.012169711623710916,0.1419460928927232,-0.39238952279645156,mixed
0.6,0.8824302558740715,0.9,0.8527716059698454,0.004834130564623962,0.006207243295858922,0.28243025587407156,-0.04722839403015466,improvement_only
0.6,0.859278994309826,0.9,0.8678743936139264,0.004834643176426608,0.00956845417361038,0.25927899430982604,-0.032125606386073646,improvement_only
0.6,0.5837808430835159,0.9,0.2479238812980544,0.004834882358995724,0.009887292989682384,-0.016219156916484123,-0.6520761187019456,disengagement_only
0.6,0.7857333980296838,0.9,0.5813375425494065,0.004834958724122695,0.008406229313378866,0.1857333980296838,-0.3186624574505935,mixed
0.6,0.8312032463124619,0.9,0.6865072326649649,0.00483794688320413,0.007020987733225265,0.23120324631246192,-0.21349276733503508,mixed
0.6,0.7499715154131928,0.9,0.5038008664750462,0.004839164470545007,0.008613205689543768,0.14997151541319287,-0.39619913352495384,mixed
0.6,0.5537420337245551,0.9,0.2245886148568478,0.00483948096662108,0.012196992891186295,-0.04625796627544487,-0.6754113851431522,disengagement_only
0.6,0.5501364216076621,0.9,0.2222489543416126,0.004840951898709901,0.012390313530732666,-0.049863578392337904,-0.6777510456583874,disengagement_only
0.6,0.661561118859724,0.9,0.39206048480576916,0.004841220405169908,0.01220256311994275,0.06156111885972404,-0.5079395151942309,mixed
0.6,0.6674525802360628,0.9,0.3994963645781141,0.004842454696198688,0.012391003317648613,0.06745258023606282,-0.5005036354218859,mixed
0.6,0.7734380531313193,0.9,0.5730088675200519,0.004842751861006492,0.012005491894053144,0.17343805313131933,-0.32699113247994815,mixed
0.6,0.7625895576497582,0.9,0.5320433203930934,0.004843015685406737,0.00913928123474192,0.16258955764975824,-0.3679566796069066,mixed
0.6,0.6472484602455316,0.9,0.3180947467820487,0.00484347254964,0.006353576015990375,0.04724846024553164,-0.5819052532179514,disengagement_only
0.6,0.8308514598562282,0.9,0.6854925357106333,0.0048443343579228255,0.007031510607901997,0.23085145985622824,-0.21450746428936673,mixed
0.6,0.7727442916001133,0.9,0.5713296708817237,0.0048445293572532,0.01199984706908741,0.1727442916001133,-0.3286703291182763,mixed
0.6,0.7838430650557535,0.9,0.5770728211936321,0.004844860013910578,0.008487532800127623,0.18384306505575354,-0.3229271788063679,mixed
0.6,0.7311706886837605,0.9,0.48996904332389213,0.004845158177071826,0.012502318771365956,0.13117068868376047,-0.4100309566761079,mixed
0.6,0.8286052548112878,0.9,0.679620828557321,0.004845866601182234,0.00704272890810867,0.2286052548112878,-0.22037917144267904,mixed
0.6,0.7829319344227915,0.9,0.598467714240071,0.004846040580117369,0.01232043747075473,0.18293193442279154,-0.3015322857599291,mixed
0.6,0.680519790811737,0.9,0.36729812677031237,0.004846504649825817,0.006911427449109331,0.08051979081173699,-0.5327018732296877,mixed
0.6,0.8259999805536894,0.9,0.6729249466392644,0.004846992827728878,0.007049104359788005,0.22599998055368942,-0.22707505336073563,mixed
0.6,0.7418859575011747,0.9,0.48540470809201247,0.004847081409799058,0.007956887098434229,0.14188595750117472,-0.41459529190798755,mixed
0.6,0.7948988049108037,0.9,0.6004451075375576,0.004847185162581151,0.0076108574743654345,0.1948988049108037,-0.2995548924624424,mixed
0.6,0.8258038668259032,0.9,0.7367074246490743,0.004847895925414306,0.012599183504651945,0.22580386682590325,-0.16329257535092567,mixed
0.6,0.7274335387068377,0.9,0.48404226729054023,0.004847896967911155,0.012594004211096466,0.1274335387068377,-0.4159577327094598,mixed
0.6,0.8274545860892236,0.9,0.7427308761573725,0.004848494782181643,0.012535673277194903,0.22745458608922364,-0.15726912384262748,mixed
0.6,0.890892931912253,0.9,0.8892934695600401,0.004848909494076196,0.007787323111106401,0.29089293191225307,-0.01070653043995995,improvement_only
0.6,0.8638360387330247,0.9,0.88729295724827,0.004848918444053959,0.008845056276732044,0.26383603873302475,-0.012707042751730069,improvement_only
0.6,0.827727780258524,0.9,0.743737747548168,0.0048489479250033015,0.012525124348435557,0.22772778025852403,-0.156262252451832,mixed
0.6,0.7517364881863877,0.9,0.5074147971586798,0.004849900697836852,0.008654953613750682,0.15173648818638774,-0.39258520284132026,mixed
0.6,0.5857038554495649,0.9,0.3047707137762018,0.004850381827250129,0.006833439320317214,-0.014296144550435042,-0.5952292862237982,disengagement_only
0.6,0.5989851368361276,0.9,0.31927462020352526,0.004851638736748352,0.008216453894865028,-0.001014863163872337,-0.5807253797964748,disengagement_only
0.6,0.6755323360168447,0.9,0.40998167151772896,0.004852880738066382,0.012617873378464067,0.07553233601684473,-0.49001832848227106,mixed
0.6,0.746330285205052,0.9,0.5159124081900074,0.004853386236349789,0.012169071493213834,0.14633028520505198,-0.38408759180999263,mixed
0.6,0.8221866860564618,0.9,0.7237947824029766,0.0048537696817439,0.012728192035910496,0.22218668605646186,-0.17620521759702346,mixed
0.6,0.8513683223656971,0.9,0.7432991696788812,0.004853797106957548,0.006800067295523904,0.25136832236569717,-0.1567008303211188,mixed
0.6,0.8513327225929158,0.9,0.7431849800407556,0.004854265243033593,0.006801476540515966,0.25133272259291584,-0.1568150199592444,mixed
0.6,0.7864035874628932,0.9,0.6085404669268251,0.0048544286512847475,0.012472847102726253,0.1864035874628932,-0.29145953307317496,mixed
0.6,0.7374078491120456,0.9,0.47536495216801744,0.004854604160424174,0.007532623194264648,0.13740784911204562,-0.4246350478319826,mixed
0.6,0.7608500066248688,0.9,0.5276696814785309,0.004855222749021461,0.00901123739567905,0.1608500066248688,-0.37233031852146914,mixed
0.6,0.7964611473987508,0.9,0.6384333317306377,0.004855260410752794,0.012746524779299023,0.19646114739875087,-0.26156666826936237,mixed
0.6,0.6829672201147956,0.9,0.37121412664442055,0.004855599649060793,0.00694898927178883,0.08296722011479563,-0.5287858733555795,mixed
0.6,0.7430477159498525,0.9,0.5101682275375213,0.004856035743547703,0.012263906196282232,0.14304771594985255,-0.3898317724624787,mixed
0.6,0.8031466015817869,0.9,0.6594433183733974,0.004856707670756205,0.01286399398392482,0.20314660158178688,-0.2405566816266026,mixed
0.6,0.7074035053559087,0.9,0.4142787471968862,0.004857307957214848,0.007063523488950063,0.1074035053559087,-0.48572125280311385,mixed
0.6,0.7792679519346626,0.9,0.5888055991288895,0.004857339839995922,0.01226584205692935,0.1792679519346626,-0.3111944008711105,mixed
0.6,0.6112794891687083,0.9,0.2746840318934317,0.004857413816654737,0.0071104376446961826,0.011279489168708356,-0.6253159681065683,disengagement_only
0.6,0.757549638271154,0.9,0.5374793317118194,0.004858805071681363,0.011993234193834496,0.15754963827115398,-0.36252066828818064,mixed
0.6,0.7268571886148405,0.9,0.4833559148546849,0.004859845118358008,0.012651194586684927,0.12685718861484052,-0.41664408514531515,mixed
0.6,0.8870579505370536,0.9,0.8720250123115802,0.004860112385756514,0.006937945425489561,0.28705795053705363,-0.027974987688419772,improvement_only
0.6,0.7640430852532472,0.9,0.5345068537383538,0.004860224350028652,0.009029480220750619,0.16404308525324718,-0.3654931462616462,mixed
0.6,0.7600774860449566,0.9,0.5427939554506708,0.004860865217075812,0.011987882800435418,0.16007748604495664,-0.35720604454932925,mixed
0.6,0.7441292644813228,0.9,0.5122194076632605,0.004861312285103524,0.012265563686650355,0.1441292644813228,-0.38778059233673956,mixed
0.6,0.8217193174704194,0.9,0.7222561184132368,0.0048616424893169665,0.012757580810446562,0.2217193174704194,-0.17774388158676324,mixed
0.6,0.7954796753431435,0.9,0.6013339589661748,0.0048624252763231025,0.007502851150130191,0.19547967534314348,-0.2986660410338252,mixed
0.6,0.6818305359070992,0.9,0.4183584125752757,0.0048625466659703975,0.012759794475235259,0.08183053590709921,-0.48164158742472435,mixed
0.6,0.7409437732093151,0.9,0.48289969063946636,0.0048629784305268525,0.007797717149209044,0.14094377320931517,-0.41710030936053366,mixed
0.6,0.7331446504593296,0.9,0.4935703566940341,0.004863264464580679,0.012534026607890186,0.13314465045932966,-0.4064296433059659,mixed
0.6,0.6597072458903364,0.9,0.3899230937388538,0.0048634171701354995,0.012180833358937104,0.05970724589033638,-0.5100769062611462,mixed
0.6,0.5781819584098004,0.9,0.24291900924662865,0.004863631106633673,0.010443475385722586,-0.02181804159019962,-0.6570809907533713,disengagement_only
0.6,0.8439761219849727,0.9,0.8058368011948192,0.0048639788742244885,0.011469215950696332,0.24397612198497276,-0.09416319880518087,mixed
0.6,0.7533052714901454,0.9,0.5104426917722075,0.004864298102009785,0.008650891804330957,0.1533052714901454,-0.38955730822779255,mixed
0.6,0.75720270180303,0.9,0.5369987301445432,0.004864713184537983,0.012037275871454645,0.15720270180302998,-0.3630012698554568,mixed
0.6,0.7135319327070162,0.9,0.46295465140334985,0.004865143844694129,0.01286475347630378,0.11353193270701623,-0.4370453485966502,mixed
0.6,0.6033028841382734,0.9,0.3241167100994545,0.004865415707441989,0.008644481970326023,0.0033028841382733987,-0.5758832899005455,disengagement_only
0.6,0.798931878465628,0.9,0.6087862855693758,0.00486649613969666,0.007173123254419267,0.198931878465628,-0.29121371443062427,mixed
0.6,0.7326578620066838,0.9,0.4928518629873704,0.004867041408915138,0.012560568165396468,0.13265786200668384,-0.40714813701262964,mixed
0.6,0.6543686509539071,0.9,0.32766539033803077,0.0048675491173140835,0.006510034995174302,0.05436865095390708,-0.5723346096619693,mixed
0.6,0.7663939059694674,0.9,0.5393036375196867,0.0048684190572585795,0.00898226775539937,0.16639390596946746,-0.36069636248031334,mixed
0.6,0.8989730570935718,0.9,0.9284825977954654,0.004868533528215728,0.009653943144079122,0.2989730570935718,0.02848259779546536,improvement_only
0.6,0.7642695477531345,0.9,0.5522028554543509,0.004868641564404727,0.012041748748328751,0.16426954775313451,-0.34779714454564914,mixed
0.6,0.688755723090568,0.9,0.38075814609248737,0.004869425512193564,0.007014918531668218,0.088755723090568,-0.5192418539075127,mixed
0.6,0.7706275241386807,0.9,0.567086648880003,0.0048695420536389615,0.012122714565853454,0.17062752413868076,-0.332913351119997,mixed
0.6,0.7523094620150581,0.9,0.5275211922118526,0.004869553883165788,0.012138617450306699,0.15230946201505813,-0.37247880778814746,mixed
0.6,0.8598962593219515,0.9,0.8708821941242648,0.004869833938580997,0.00951851910194379,0.2598962593219515,-0.029117805875735203,improvement_only
0.6,0.7745904899018677,0.9,0.5567677832303859,0.004870624744417676,0.00881820511177292,0.17459048990186776,-0.34323221676961413,mixed
0.6,0.7086702283735065,0.9,0.41648663456528284,0.004871033807468253,0.0070824423757586685,0.10867022837350648,-0.4835133654347172,mixed
0.6,0.5629029149114086,0.9,0.23079411713368803,0.00487165964145397,0.011676453730352171,-0.03709708508859133,-0.669205882866312,disengagement_only
0.6,0.6342134745958345,0.9,0.35924796172208395,0.004872230925458661,0.010978124191015626,0.03421347459583457,-0.5407520382779161,disengagement_only
0.6,0.5732767296358126,0.9,0.23880844631070433,0.004872438780839255,0.010878330696687033,-0.026723270364187424,-0.6611915536892957,disengagement_only
0.6,0.7542567249184494,0.9,0.5314001947631969,0.004872511311278612,0.012125618915689251,0.15425672491844944,-0.36859980523680314,mixed
0.6,0.7460297634658101,0.9,0.5159542819755092,0.004873167219414088,0.012285464543658808,0.1460297634658101,-0.38404571802449083,mixed
0.6,0.8155899330446503,0.9,0.6468404825248488,0.004873209182144263,0.0070552288737552316,0.21558993304465035,-0.2531595174751512,mixed
0.6,0.7734505107570377,0.9,0.5542296321516913,0.004873965114893141,0.00883460438261327,0.17345051075703777,-0.3457703678483087,mixed
0.6,0.5779180109766169,0.9,0.29648497454820855,0.004874543293737923,0.006266630978830984,-0.022081989023383097,-0.6035150254517915,disengagement_only
0.6,0.5838779502496325,0.9,0.3029334962894744,0.004874853112113565,0.006669450152709727,-0.016122049750367462,-0.5970665037105256,disengagement_only
0.6,0.8779390428372761,0.9,0.9485575668711526,0.004875904476738375,0.006258321991499893,0.2779390428372761,0.048557566871152535,improvement_only
0.6,0.5969722147111569,0.9,0.25993357551141727,0.004875996838364167,0.008668346962482115,-0.0030277852888430656,-0.6400664244885828,disengagement_only
0.6,0.813818529316184,0.9,0.642568378712973,0.004876246807119889,0.0070471427057554326,0.21381852931618406,-0.257431621287027,mixed
0.6,0.7794940136437021,0.9,0.5900459366589268,0.004876304629550906,0.012376522247540905,0.1794940136437021,-0.3099540633410732,mixed
0.6,0.768653747622905,0.9,0.5438785306405547,0.0048764794060015436,0.008915767174842909,0.16865374762290497,-0.35612146935944533,mixed
0.6,0.7954695767191748,0.9,0.6359004451978176,0.0048765311943945655,0.012801695506520522,0.19546957671917486,-0.2640995548021824,mixed
0.6,0.5925273116398839,0.9,0.3123577566387984,0.004878338110251961,0.007617655945810237,-0.007472688360116053,-0.5876422433612016,disengagement_only
0.6,0.5549502990146319,0.9,0.2716625950791477,0.004878427656098358,0.006423113855444612,-0.04504970098536809,-0.6283374049208523,disengagement_only
0.6,0.5793972264287591,0.9,0.24386101469505223,0.0048790007673295555,0.010363356450404218,-0.02060277357124085,-0.6561389853049477,disengagement_only
0.6,0.5620504783986161,0.9,0.23012440376548185,0.0048792714473673135,0.011750745185817688,-0.03794952160138387,-0.6698755962345182,disengagement_only
0.6,0.7151882736727182,0.9,0.42889179466600635,0.004880863478319604,0.00707574345741202,0.11518827367271822,-0.47110820533399367,mixed
0.6,0.8503700016616379,0.9,0.8316607877354621,0.004881174858025069,0.010825589478211273,0.2503700016616379,-0.06833921226453787,mixed
0.6,0.8104250171511334,0.9,0.6837101184294803,0.004881698360652957,0.012967134966700489,0.21042501715113338,-0.21628988157051976,mixed
0.6,0.767676742331414,0.9,0.5605333588856491,0.0048825318064544985,0.012162788766616528,0.16767674233141405,-0.3394666411143509,mixed
0.6,0.6105505208618887,0.9,0.33228119136274276,0.0048831021554722655,0.009307527746155286,0.01055052086188868,-0.5677188086372573,disengagement_only
0.6,0.7468912895095285,0.9,0.49550763759245076,0.004883170365582383,0.00814718580836804,0.14689128950952857,-0.40449236240754927,mixed
0.6,0.668586140803676,0.9,0.34823642079466666,0.004883534801836971,0.0067824327439307,0.06858614080367598,-0.5517635792053334,mixed
0.6,0.8082251344134296,0.9,0.629362865777468,0.004883657962683604,0.007006761953867985,0.2082251344134296,-0.270637134222532,mixed
0.6,0.7048685829915338,0.9,0.4091932544732058,0.004884349159229927,0.0071027467812565526,0.10486858299153379,-0.4908067455267942,mixed
0.6,0.7983713405315861,0.9,0.6071536344538573,0.004884520414730508,0.007165237728953222,0.19837134053158612,-0.29284636554614274,mixed
0.6,0.7463033132400303,0.9,0.4941311191224078,0.004885711284017945,0.008092910613669596,0.14630331324003032,-0.4058688808775922,mixed
0.6,0.8071525066766069,0.9,0.626851914735926,0.004886066559784895,0.006999137553134693,0.2071525066766069,-0.27314808526407397,mixed
0.6,0.6893152784143012,0.9,0.3815185542697941,0.004887909061052529,0.007042403868526448,0.0893152784143012,-0.5184814457302059,mixed
0.6,0.783723126680488,0.9,0.6020198282621104,0.004890100913554574,0.012562274575636245,0.18372312668048807,-0.2979801717378896,mixed
0.6,0.7526850313341195,0.9,0.5289347014386403,0.004890743495975562,0.012258775393202331,0.15268503133411948,-0.3710652985613597,mixed
0.6,0.8097635084572294,0.9,0.6816819731870208,0.004891199333982561,0.01299337058080649,0.20976350845722946,-0.21831802681297918,mixed
0.6,0.7391239136517362,0.9,0.5042804617639683,0.004892426010504433,0.012531103918455189,0.13912391365173626,-0.3957195382360317,mixed
0.6,0.862194397244005,0.9,0.7773569191294857,0.004892744694768553,0.006576476476809673,0.26219439724400506,-0.12264308087051434,mixed
0.6,0.7814639411364134,0.9,0.5958833761512258,0.004892756602061118,0.01251423695800416,0.1814639411364134,-0.30411662384877425,mixed
0.6,0.7927571007840467,0.9,0.6281254984943754,0.004893038813553683,0.01280343955055191,0.19275710078404673,-0.27187450150562464,mixed
0.6,0.7408781302586367,0.9,0.5073377366974454,0.004893094240946279,0.012496989413349896,0.1408781302586367,-0.3926622633025546,mixed
0.6,0.8426247970139819,0.9,0.8008869177228769,0.004893136924593548,0.011636688049067673,0.24262479701398187,-0.09911308227712312,mixed
0.6,0.7626395064533278,0.9,0.530157507376184,0.004893522702003121,0.008788488399560979,0.1626395064533278,-0.3698424926238161,mixed
0.6,0.6659936434555537,0.9,0.39807085863254854,0.004893973855979761,0.01245144658318928,0.0659936434555537,-0.5019291413674515,mixed
0.6,0.6918527720596276,0.9,0.43226421102933665,0.004896351461576442,0.012963354966858909,0.09185277205962761,-0.46773578897066337,mixed
0.6,0.7801601265577909,0.9,0.5924831863867072,0.004896939056929298,0.0125008319621904,0.1801601265577909,-0.30751681361329286,mixed
0.6,0.7674490808396474,0.9,0.5605369690729158,0.004897298608256905,0.012252740857614464,0.16744908083964738,-0.3394630309270842,mixed
0.6,0.7472718008874366,0.9,0.5189181689979993,0.004897861534652087,0.012390859726337217,0.14727180088743663,-0.38108183100200077,mixed
0.6,0.7129914262891495,0.9,0.4243659563809763,0.004898562917568352,0.007113929206187863,0.11299142628914949,-0.4756340436190237,mixed
0.6,0.7735464275908956,0.9,0.5753586048806473,0.00489906942197712,0.0123579940928851,0.17354642759089567,-0.32464139511935275,mixed
0.6,0.8419690891831882,0.9,0.715083487194929,0.004899814106512622,0.007024109788862282,0.24196908918318827,-0.18491651280507104,mixed
0.6,0.6174169389050953,0.9,0.28113894286553703,0.004900135517777388,0.006531369863819997,0.017416938905095325,-0.618861057134463,disengagement_only
0.6,0.7081041108415069,0.9,0.41502572839037966,0.004900490442186183,0.007126899259660563,0.10810411084150695,-0.48497427160962037,mixed
0.6,0.7418288533714568,0.9,0.4838892670032793,0.004900641930009854,0.00768726550247012,0.1418288533714568,-0.41611073299672074,mixed
0.6,0.7881300338728745,0.9,0.6147815169709495,0.0049010711790876075,0.012725432593062025,0.18813003387287452,-0.2852184830290505,mixed
0.6,0.8415755116639743,0.9,0.7968814114703421,0.004901226334949808,0.011740685028378661,0.24157551166397428,-0.10311858852965794,mixed
0.6,0.7483681645944826,0.9,0.5210474577761175,0.004901349935768284,0.012388964271269454,0.14836816459448265,-0.3789525422238825,mixed
0.6,0.783873901280793,0.9,0.6027629965415736,0.004901441047725117,0.012618600391796131,0.18387390128079306,-0.2972370034584264,mixed
0.6,0.6081197517875836,0.9,0.2710604945923237,0.004901883077747363,0.00753311732308265,0.008119751787583618,-0.6289395054076763,disengagement_only
0.6,0.7481039831445017,0.9,0.5205865015992979,0.004902443694155499,0.012399431343114137,0.14810398314450168,-0.37941349840070215,mixed
0.6,0.7936293796939904,0.9,0.5963451523256118,0.004903393283575664,0.00751113482459892,0.1936293796939904,-0.3036548476743882,mixed
0.6,0.8589745470335227,0.9,0.7666260156456083,0.004903463275941515,0.006687464751878203,0.25897454703352274,-0.13337398435439174,mixed
0.6,0.6548146638763326,0.9,0.3280148855393121,0.004903894256787206,0.0065587661367582095,0.0548146638763326,-0.571985114460688,mixed
0.6,0.7965561181429626,0.9,0.639841589209697,0.00490409471127319,0.012918715569774641,0.1965561181429626,-0.260158410790303,mixed
0.6,0.7224321523771366,0.9,0.47717022003848636,0.004904543878185194,0.012884679848452374,0.12243215237713667,-0.42282977996151366,mixed
0.6,0.621747564934265,0.9,0.2860063972198553,0.0049050899615634405,0.006309380356230132,0.021747564934264996,-0.6139936027801447,disengagement_only
0.6,0.7705674554349433,0.9,0.5469421262769714,0.004906004590346465,0.008709847895853357,0.17056745543494334,-0.35305787372302866,mixed
0.6,0.7818356396500165,0.9,0.5709749913535991,0.004906038878108815,0.00830622554868271,0.18183563965001648,-0.32902500864640094,mixed
0.6,0.5593981088735099,0.9,0.22804771999986947,0.0049072724800051344,0.011984743110682566,-0.04060189112649004,-0.6719522800001305,disengagement_only
0.6,0.778705375241522,0.9,0.5889215174145593,0.004907323647758817,0.012516831520059446,0.17870537524152197,-0.3110784825854407,mixed
0.6,0.8365057446747515,0.9,0.6997432584403758,0.004908934719458871,0.007086460115001053,0.2365057446747515,-0.20025674155962425,mixed
0.6,0.6871647596587581,0.9,0.4259806246744711,0.004908997047734849,0.012943032017270067,0.08716475965875814,-0.4740193753255289,mixed
0.6,0.8960396328975933,0.9,0.913019803110591,0.004909600538098344,0.009027290236693172,0.2960396328975933,0.013019803110591033,improvement_only
0.6,0.8109460646907898,0.9,0.6859487854525731,0.00490973096975057,0.013036409971793173,0.2109460646907898,-0.21405121454742693,mixed
0.6,0.733415599753499,0.9,0.49500596829231586,0.004910460804430547,0.012722668105874996,0.13341559975349904,-0.40499403170768417,mixed
0.6,0.7708963413780102,0.9,0.5692210425500366,0.004911192106539578,0.012379646814486028,0.17089634137801024,-0.33077895744996344,mixed
0.6,0.5758126955271103,0.9,0.24064960869409519,0.00491288072811255,0.01073714772897634,-0.024187304472889637,-0.6593503913059049,disengagement_only
0.6,0.6665675927987782,0.9,0.3989587270680528,0.004913199415214329,0.012507625388845783,0.06656759279877822,-0.5010412729319472,mixed
0.6,0.8108941472866635,0.9,0.6350282586252163,0.004913292882530182,0.0070860261434306515,0.21089414728666356,-0.26497174137478374,mixed
0.6,0.8358283147242461,0.9,0.6978332042291173,0.0049135820374640714,0.007096862444503083,0.23582831472424615,-0.2021667957708827,mixed
0.6,0.7379532133800422,0.9,0.47517720038794997,0.004913771647914684,0.007314832909590535,0.13795321338004218,-0.42482279961205005,mixed
0.6,0.7609334979158381,0.9,0.546551612174552,0.004914678221612196,0.012329043613466206,0.1609334979158381,-0.3534483878254481,mixed
0.6,0.7245978759116408,0.9,0.4471455439792319,0.004914876860865405,0.007065964468752989,0.12459787591164084,-0.4528544560207681,mixed
0.6,0.8020670748385245,0.9,0.6572030680123968,0.004915270176478245,0.01302951865387686,0.20206707483852449,-0.24279693198760322,mixed
0.6,0.6787145625759506,0.9,0.41472910502889326,0.004915826758660181,0.012819786395473654,0.07871456257595066,-0.48527089497110676,mixed
0.6,0.7647760966398418,0.9,0.5550795746310164,0.0049168014043828685,0.012348384700452908,0.16477609663984183,-0.3449204253689836,mixed
0.6,0.7257343992301384,0.9,0.4494243464614194,0.004917361308423759,0.007059755013407054,0.1257343992301384,-0.45057565353858064,mixed
0.6,0.7041190212600696,0.9,0.4073926416927127,0.0049176767771582875,0.0071483388635306955,0.10411902126006967,-0.4926073583072873,mixed
0.6,0.8772180224563548,0.9,0.8309913155084793,0.004918823691771077,0.006222034607909904,0.27721802245635485,-0.06900868449152076,mixed
0.6,0.6917476343033861,0.9,0.385355992788454,0.0049190636886135815,0.007097495250137226,0.09174763430338617,-0.514644007211546,mixed
0.6,0.8548615369068758,0.9,0.850505761653529,0.004919485944456132,0.010313826985303393,0.25486153690687585,-0.04949423834647104,improvement_only
0.6,0.776068215419526,0.9,0.5824263927635086,0.004919737981421651,0.012520910990445472,0.176068215419526,-0.3175736072364914,mixed
0.6,0.7446098966887448,0.9,0.4894796917246418,0.00492040747114513,0.007800585244068736,0.1446098966887448,-0.41052030827535824,mixed
0.6,0.7825598178968864,0.9,0.572087325265099,0.004921185041609674,0.008197213781819368,0.18255981789688647,-0.32791267473490104,mixed
0.6,0.7731230063396444,0.9,0.5519152184246542,0.0049217071746829886,0.008570958042355359,0.1731230063396444,-0.34808478157534584,mixed
0.6,0.7060742361643149,0.9,0.41095511174456834,0.0049218191003208515,0.007157271188702213,0.10607423616431488,-0.4890448882554317,mixed
0.6,0.7944579569973503,0.9,0.6339148464024196,0.004923073993948561,0.012946455297509096,0.19445795699735036,-0.26608515359758045,mixed
0.6,0.8412570116674016,0.9,0.7959375332687213,0.004924401621422242,0.011804027122694821,0.24125701166740166,-0.10406246673127872,mixed
0.6,0.7840332511802108,0.9,0.5751308266892611,0.004925038454633978,0.008097702617174712,0.18403325118021086,-0.32486917331073895,mixed
0.6,0.7455458037976194,0.9,0.516489879991937,0.004925719559806793,0.012561010881927986,0.1455458037976194,-0.38351012000806306,mixed
0.6,0.9006666917605676,0.9,0.9366332601342889,0.004925809315956602,0.010106451163300445,0.3006666917605676,0.036633260134288914,improvement_only
0.6,0.7180026558315961,0.9,0.47063738861546534,0.004926116843299107,0.013009319445294626,0.11800265583159608,-0.4293626113845347,mixed
0.6,0.819202766036439,0.9,0.7144128356643947,0.004926287627886855,0.012958833573974565,0.21920276603643907,-0.1855871643356053,mixed
0.6,0.6036717203606664,0.9,0.2663081838218748,0.0049269262125334985,0.008055093118181908,0.0036717203606664306,-0.6336918161781252,disengagement_only
0.6,0.569513239537814,0.9,0.23548054923352205,0.004928106676875736,0.011285313353688153,-0.030486760462186013,-0.664519450766478,disengagement_only
0.6,0.7659628244146875,0.9,0.5581473341789497,0.004928172080902583,0.012420531297988535,0.16596282441468757,-0.34185266582105034,mixed
0.6,0.8272162798133927,0.9,0.7430261201458856,0.004928213846856772,0.012698233265697828,0.22721627981339276,-0.15697387985411437,mixed
0.6,0.6675866645503339,0.9,0.3463529774426781,0.00492833123375308,0.006819708948466036,0.06758666455033391,-0.5536470225573219,mixed
0.6,0.8034434314563086,0.9,0.6618304988086355,0.004928429341211264,0.013079297250455896,0.2034434314563086,-0.23816950119136449,mixed
0.6,0.8110376748881751,0.9,0.6866065966970143,0.004929768289731624,0.01308601123125952,0.21103767488817515,-0.21339340330298573,mixed
0.6,0.7249272056729943,0.9,0.44755927927533423,0.004929932948216727,0.007091110257571864,0.12492720567299431,-0.4524407207246658,mixed
0.6,0.6505553536206534,0.9,0.379160424915225,0.004930968139081185,0.011938510673032754,0.05055535362065344,-0.520839575084775,mixed
0.6,0.8451466487818978,0.9,0.7238197812613716,0.00493105745271383,0.007018666971265408,0.24514664878189785,-0.17618021873862844,mixed
0.6,0.8142749471068097,0.9,0.6427227715061496,0.004931076321502944,0.007141524497930207,0.21427494710680972,-0.2572772284938504,mixed
0.6,0.6035807423532072,0.9,0.324817567841609,0.004931535392517072,0.008782933058501252,0.003580742353207267,-0.575182432158391,disengagement_only
0.6,0.8787811787733625,0.9,0.83694311030775,0.004931581533721966,0.006231927574915114,0.2787811787733625,-0.06305688969224998,mixed
0.6,0.7197288891602036,0.9,0.4734011636015363,0.004932347937639684,0.013010480632833693,0.11972888916020363,-0.42659883639846374,mixed
0.6,0.7233912455116087,0.9,0.47914951163394737,0.004932877324692407,0.012967359855090455,0.12339124551160874,-0.42085048836605266,mixed
0.6,0.8356973995438258,0.9,0.6972161801211167,0.004932968455229785,0.007123947915372741,0.23569739954382585,-0.20278381987888328,mixed
0.6,0.6832533040938028,0.9,0.37093361352992016,0.00493334329408571,0.007046132831318219,0.08325330409380283,-0.5290663864700799,mixed
0.6,0.5872995470146952,0.9,0.25049959225306356,0.00493366993787971,0.009728097440637948,-0.012700452985304755,-0.6495004077469364,disengagement_only
0.6,0.7404348691207652,0.9,0.48007017811962693,0.004934126880965264,0.007427336811583224,0.1404348691207652,-0.4199298218803731,mixed
0.6,0.8272345265069113,0.9,0.6747863334392495,0.004935204689009714,0.007171440432110182,0.22723452650691134,-0.22521366656075048,mixed
0.6,0.8017487884826974,0.9,0.6566152591056589,0.004936063715345865,0.013088492023967696,0.2017487884826974,-0.24338474089434115,mixed
0.6,0.7685342214462079,0.9,0.5643900926856067,0.004936626406647761,0.012489795474920629,0.1685342214462079,-0.33560990731439333,mixed
0.6,0.8295854192098597,0.9,0.6808659676591842,0.004936661787123134,0.007163456886905756,0.22958541920985975,-0.21913403234081585,mixed
0.6,0.7011333300054159,0.9,0.4457585566401884,0.004936914782418938,0.013113248377653569,0.10113333000541591,-0.45424144335981165,mixed
0.6,0.7618809269612722,0.9,0.5493193093474145,0.004937097907295636,0.012455576414330483,0.1618809269612722,-0.35068069065258556,mixed
0.6,0.8033181323764577,0.9,0.6171254005420714,0.004937351926797846,0.007052146875417414,0.20331813237645768,-0.2828745994579286,mixed
0.6,0.8477059218442664,0.9,0.8216109959012742,0.004937653265830914,0.011204652415391841,0.24770592184426643,-0.07838900409872585,mixed
0.6,0.7509269382129076,0.9,0.502905671836509,0.004937750231179416,0.008111235550454898,0.1509269382129076,-0.397094328163491,mixed
0.6,0.7516738524999012,0.9,0.528362674743742,0.004937909898948768,0.012528013998810261,0.15167385249990117,-0.37163732525625803,mixed
0.6,0.7539888928410551,0.9,0.5329323975012509,0.004938466922335895,0.01250442638012006,0.1539888928410551,-0.36706760249874915,mixed
0.6,0.8224321718523604,0.9,0.7259797030699326,0.0049389832085353705,0.01289724443807666,0.22243217185236042,-0.17402029693006738,mixed
0.6,0.764881924108899,0.9,0.556039849600925,0.004939151753052,0.012474912185871906,0.16488192410889901,-0.343960150399075,mixed
0.6,0.7796588336712372,0.9,0.5924058707062855,0.00494004752620891,0.012696039051063257,0.17965883367123725,-0.30759412929371455,mixed
0.6,0.8451697340139124,0.9,0.811526310411247,0.004940079142798645,0.011469447251089643,0.2451697340139124,-0.08847368958875301,mixed
0.6,0.7423302281533749,0.9,0.4840004181022921,0.004941565123804204,0.007538598295285054,0.14233022815337493,-0.4159995818977079,mixed
0.6,0.8694389917439392,0.9,0.9123840551287209,0.004942047030377853,0.00790908805933857,0.26943899174393926,0.012384055128720872,improvement_only
0.6,0.8282054706686653,0.9,0.7468488485537979,0.00494289833971615,0.012681670978802212,0.22820547066866537,-0.15315115144620217,mixed
0.6,0.7172355319632638,0.9,0.46972826780412547,0.004944158971429222,0.013073007315256985,0.11723553196326386,-0.43027173219587456,mixed
0.6,0.6987043978063224,0.9,0.44238852208868795,0.004945121081480453,0.013126686537284465,0.09870439780632245,-0.45761147791131207,mixed
0.6,0.8045424823690442,0.9,0.6197521120476099,0.004945617080011619,0.007081583958537752,0.20454248236904427,-0.2802478879523901,mixed
0.6,0.758770704126763,0.9,0.5199391296264877,0.0049462340056321405,0.008396576391983795,0.15877070412676297,-0.3800608703735123,mixed
0.6,0.7625010115751353,0.9,0.550975966681285,0.004946848273020782,0.012509123980064846,0.1625010115751353,-0.349024033318715,mixed
0.6,0.6391868304347604,0.9,0.3656085124408893,0.004946903270042847,0.011397541460089616,0.039186830434760456,-0.5343914875591107,disengagement_only
0.6,0.6867038121204225,0.9,0.42573927443464676,0.004947531661235541,0.01302513694204091,0.08670381212042255,-0.47426072556535326,mixed
0.6,0.8938165260038513,0.9,0.9017125617149706,0.0049476023018213255,0.008559993738646757,0.29381652600385133,0.001712561714970584,improvement_only
0.6,0.8248172211172159,0.9,0.6684147711454091,0.004948116296035913,0.007195171592219135,0.22481722111721592,-0.23158522885459087,mixed
0.6,0.669773431899366,0.9,0.3494898808118526,0.004948677026552265,0.006874872331046472,0.06977343189936602,-0.5505101191881474,mixed
0.6,0.6657858052371218,0.9,0.343487520793113,0.004949266823940138,0.006815395077847702,0.06578580523712185,-0.556512479206887,mixed
0.6,0.7188728731495924,0.9,0.4723450257849022,0.004950082632084789,0.013075750244542883,0.11887287314959238,-0.42765497421509785,mixed
0.6,0.8028559908701964,0.9,0.6604036661055173,0.004950971745274605,0.01314027512709845,0.20285599087019646,-0.23959633389448276,mixed
0.6,0.8059111019668571,0.9,0.6227800392420854,0.004951272478524676,0.007106433506747695,0.20591110196685714,-0.27721996075791466,mixed
0.6,0.6486736164835134,0.9,0.37702016185671605,0.00495141466687131,0.011890192603111499,0.04867361648351343,-0.522979838143284,disengagement_only
0.6,0.719351542924322,0.9,0.4360137672036331,0.004951787071567125,0.0071710722167478425,0.11935154292432204,-0.4639862327963669,mixed
0.6,0.723463091896597,0.9,0.47958625709546077,0.004952529796905854,0.0130321730651983,0.12346309189659699,-0.42041374290453926,mixed
0.6,0.9023789498813244,0.9,0.9455846631720668,0.004952628886665649,0.010527875911799406,0.3023789498813244,0.045584663172066775,improvement_only
0.6,0.808989518219729,0.9,0.6298754458801079,0.00495285817857784,0.007138307977499148,0.208989518219729,-0.2701245541198921,mixed
0.6,0.7850280653100213,0.9,0.5765283295457119,0.004953199523103905,0.007921470579673379,0.18502806531002136,-0.32347167045428815,mixed
0.6,0.6889016792055481,0.9,0.3801407056434446,0.004953874429006348,0.0071236087451251595,0.08890167920554815,-0.5198592943565554,mixed
0.6,0.7374246335186649,0.9,0.502752671203634,0.004956055814577916,0.012834853535571372,0.13742463351866496,-0.39724732879636604,mixed
0.6,0.8074047599532327,0.9,0.6751084952605874,0.0049562390866029465,0.013166962844233132,0.2074047599532327,-0.22489150473941266,mixed
0.6,0.7012324243801882,0.9,0.44613250140065397,0.004956609547497783,0.013164273108079494,0.1012324243801882,-0.45386749859934605,mixed
0.6,0.690195701346479,0.9,0.3823079647485633,0.004956616057330288,0.007136502581832571,0.09019570134647903,-0.5176920352514367,mixed
0.6,0.7961725446233792,0.9,0.6398346498559173,0.004957274670553848,0.013089454477905133,0.19617254462337919,-0.2601653501440827,mixed
0.6,0.7383684318960841,0.9,0.4751204642172628,0.004957431026177603,0.007165763106168649,0.13836843189608417,-0.42487953578273724,mixed
0.6,0.6268065935178171,0.9,0.29156247934638885,0.0049575286580193405,0.006279882557549049,0.026806593517817112,-0.6084375206536112,disengagement_only
0.6,0.8296489239328538,0.9,0.6807282163585493,0.004958184854518931,0.007192192826859123,0.22964892393285385,-0.21927178364145072,mixed
0.6,0.7296440405601268,0.9,0.4567447245112839,0.004958368554911078,0.007100132340800092,0.1296440405601268,-0.4432552754887161,mixed
0.6,0.8224784192077137,0.9,0.6623605167288629,0.004958386868382782,0.007211343131980186,0.22247841920771372,-0.23763948327113715,mixed
0.6,0.8740141374077554,0.9,0.8183367131393252,0.00495867006401753,0.006323296099493475,0.2740141374077554,-0.08166328686067481,mixed
0.6,0.7317558304850004,0.9,0.46112703857540405,0.004958692450757542,0.007078565895280636,0.1317558304850004,-0.438872961424596,mixed
0.6,0.7909051312517815,0.9,0.5891179677734045,0.00495894684733927,0.007518260581892089,0.19090513125178155,-0.3108820322265955,mixed
0.6,0.7433113005126663,0.9,0.485714970737349,0.004959293322097271,0.00753143061944242,0.14331130051266627,-0.41428502926265104,mixed
0.6,0.7309601118545107,0.9,0.4594450416460393,0.004960002989911393,0.007089748707450272,0.13096011185451073,-0.44055495835396075,mixed
0.6,0.7597158184615386,0.9,0.5453673443827485,0.004960724184833184,0.012583875631796526,0.1597158184615386,-0.35463265561725155,mixed
0.6,0.5828702088549894,0.9,0.24639006567523108,0.004960733642045309,0.010192453698527504,-0.017129791145010564,-0.653609934324769,disengagement_only
0.6,0.8745102140118911,0.9,0.934590638763196,0.0049609185197468314,0.006843011859050369,0.27451021401189113,0.03459063876319601,improvement_only
0.6,0.8037763526663938,0.9,0.6177114149715333,0.004961067580256936,0.00710242050058052,0.20377635266639382,-0.28228858502846677,mixed
0.6,0.8897394184163514,0.9,0.882642046528203,0.004961452908704005,0.00764914176845094,0.2897394184163514,-0.017357953471797027,improvement_only
0.6,0.779843610974387,0.9,0.5934883349800925,0.004961538418870831,0.01279705748042928,0.17984361097438706,-0.30651166501990756,mixed
0.6,0.7960514890148536,0.9,0.6395670190805066,0.00496189754388877,0.01310278904247969,0.19605148901485359,-0.2604329809194934,mixed
0.6,0.7984930262329982,0.9,0.6057631773429641,0.0049628021301598305,0.007045290278448607,0.19849302623299825,-0.2942368226570359,mixed
0.6,0.7247109234389171,0.9,0.48174968990336686,0.004963077924315741,0.013051795985993792,0.1247109234389171,-0.41825031009663316,mixed
0.6,0.6183686830678128,0.9,0.34157940310811796,0.004963214490955346,0.010065972242624205,0.018368683067812808,-0.5584205968918821,disengagement_only
0.6,0.7561739330607765,0.9,0.5380490394749777,0.004963385182347055,0.012613757175677337,0.15617393306077654,-0.3619509605250223,mixed
0.6,0.5988209861884605,0.9,0.2612257918118208,0.004964140154692011,0.008628928203038427,-0.0011790138115395088,-0.6387742081881792,disengagement_only
0.6,0.791868859986934,0.9,0.5910486408487374,0.0049665804577267315,0.007421425604601989,0.19186885998693404,-0.3089513591512626,mixed
0.6,0.7767290469774063,0.9,0.5855071169661926,0.0049671417769091035,0.012763783574249066,0.17672904697740632,-0.3144928830338074,mixed
0.6,0.7806093772408906,0.9,0.5666363404953498,0.004967946752012778,0.008086653138405758,0.18060937724089066,-0.3333636595046502,mixed
0.6,0.7823894759420124,0.9,0.6005034159933703,0.004968598050959356,0.012878138296984032,0.18238947594201238,-0.2994965840066297,mixed
0.6,0.7542833681067758,0.9,0.5343664816261146,0.004968904599928629,0.012655577259522072,0.1542833681067758,-0.36563351837388547,mixed
0.6,0.6478492244520558,0.9,0.31799626103725676,0.004969287903192025,0.006504411413609468,0.04784922445205586,-0.5820037389627433,disengagement_only
0.6,0.7812582554000729,0.9,0.5679847256710628,0.0049697663228089,0.008049226116290137,0.1812582554000729,-0.3320152743289372,mixed
0.6,0.6272321569221122,0.9,0.35177124588407394,0.004969935328827319,0.010708018468360003,0.027232156922112227,-0.5482287541159261,disengagement_only
0.6,0.6600299188793274,0.9,0.33490339607284714,0.004970207086894132,0.006734453650585087,0.060029918879327404,-0.5650966039271529,mixed
0.6,0.5530790639532859,0.9,0.27019789895676594,0.00497066160958924,0.006571048366773441,-0.0469209360467141,-0.6298021010432341,disengagement_only
0.6,0.622051894257369,0.9,0.3458225980465579,0.004970751664162148,0.010350323078749862,0.022051894257368976,-0.5541774019534421,disengagement_only
0.6,0.754319396901181,0.9,0.5345418702752127,0.004972738167325267,0.012674017052301562,0.15431939690118102,-0.3654581297247873,mixed
0.6,0.7079514190245039,0.9,0.4561397091853313,0.004974061337915863,0.013211865447759347,0.10795141902450389,-0.4438602908146687,mixed
0.6,0.7278121871802812,0.9,0.4869516282937867,0.004974124823420861,0.013049125340938411,0.1278121871802812,-0.41304837170621334,mixed
0.6,0.7645597474491768,0.9,0.5317877601720252,0.004974159499166059,0.008360848792556996,0.16455974744917679,-0.3682122398279748,mixed
0.6,0.8167349441604818,0.9,0.6479397474026609,0.004974487516800225,0.007223428588039704,0.21673494416048178,-0.2520602525973391,mixed
0.6,0.8050213633693423,0.9,0.6203059557048682,0.004974523104944599,0.007140189993508211,0.2050213633693423,-0.2796940442951318,mixed
0.6,0.841563158783341,0.9,0.7129646516583357,0.004975009142571077,0.007125741832622601,0.241563158783341,-0.18703534834166435,mixed
0.6,0.7587450924030753,0.9,0.5190532449632557,0.00497505514808783,0.008247432305678454,0.15874509240307533,-0.38094675503674436,mixed
0.6,0.7776990520862362,0.9,0.5882614395069268,0.004976262790089406,0.012822367331522783,0.17769905208623626,-0.31173856049307325,mixed
0.6,0.5891772768846706,0.9,0.3092826047674728,0.004977095498190354,0.007435051379617447,-0.010822723115329391,-0.5907173952325272,disengagement_only
0.6,0.7238520089504846,0.9,0.4806181726386586,0.004977938865551912,0.013111401711624865,0.12385200895048465,-0.41938182736134144,mixed
0.6,0.796239455541524,0.9,0.6004277256150337,0.004978182585048958,0.007049933474478465,0.196239455541524,-0.29957227438496636,mixed
0.6,0.7293944516182299,0.9,0.48962871125607804,0.004978710806076625,0.013043659251598033,0.12939445161822993,-0.410371288743922,mixed
0.6,0.7819035079857016,0.9,0.5994629492155896,0.004979248719544835,0.012913165913681801,0.18190350798570165,-0.3005370507844104,mixed
0.6,0.7583995898345983,0.9,0.5181683605792577,0.0049796752445480305,0.008214465521270253,0.15839958983459834,-0.3818316394207423,mixed
0.6,0.6116110087464928,0.9,0.33405839536466336,0.004980236626699614,0.009561806190459432,0.01161100874649279,-0.5659416046353367,disengagement_only
0.6,0.7921779116419001,0.9,0.6284419045546961,0.004980780219117081,0.013107295356955984,0.19217791164190012,-0.27155809544530396,mixed
0.6,0.8985077030288607,0.9,0.9245102199207318,0.004980924222976285,0.009673431745658975,0.29850770302886076,0.02451021992073177,improvement_only
0.6,0.840134770609544,0.9,0.7088530520868034,0.004981041917116158,0.007150312935266939,0.24013477060954402,-0.19114694791319664,mixed
0.6,0.8155817567729433,0.9,0.7027936389983779,0.004981194158258452,0.013153514168645547,0.21558175677294333,-0.19720636100162214,mixed
0.6,0.5679908838316141,0.9,0.2339806501451884,0.004981238304152265,0.011502951789739119,-0.032009116168385865,-0.6660193498548116,disengagement_only
0.6,0.6215399128390366,0.9,0.28528744439784826,0.004981591047559704,0.006427053969465607,0.021539912839036668,-0.6147125556021518,disengagement_only
0.6,0.8238441156394835,0.9,0.665437639405116,0.004982613274935765,0.0072456399167540875,0.22384411563948348,-0.234562360594884,mixed
0.6,0.6107825124007513,0.9,0.3331466177387855,0.004983054225791329,0.009498008868322,0.010782512400751343,-0.5668533822612145,disengagement_only
0.6,0.7635115251721677,0.9,0.5543066156128322,0.004984308650217224,0.012704054435407647,0.16351152517216772,-0.3456933843871678,mixed
0.6,0.6613897452460855,0.9,0.39298018251723194,0.00498448536835759,0.012476785625952141,0.061389745246085536,-0.507019817482768,mixed
0.6,0.7953437452384238,0.9,0.6379164662815685,0.004984590225815431,0.013166681050763268,0.1953437452384238,-0.2620835337184315,mixed
0.6,0.8258977335544808,0.9,0.7390793770107532,0.004985740655351423,0.012863570004607666,0.22589773355448084,-0.1609206229892468,mixed
0.6,0.7831695356301274,0.9,0.5716891627424157,0.004986108516606589,0.0078886302702873,0.1831695356301274,-0.32831083725758436,mixed
0.6,0.6425773242581101,0.9,0.3109177455066799,0.004986795616143,0.006434307731285199,0.042577324258110116,-0.5890822544933201,disengagement_only
0.6,0.8844970183892913,0.9,0.859528819267215,0.0049873425893289984,0.00658382938185148,0.2844970183892913,-0.040471180732784995,improvement_only
0.6,0.8462300689803548,0.9,0.8163318056173563,0.004987372694922042,0.011432417863419864,0.24623006898035482,-0.08366819438264372,mixed
0.6,0.7712061336712256,0.9,0.5723126403725151,0.00498864753726195,0.01278226162148513,0.1712061336712256,-0.32768735962748496,mixed
0.6,0.7092599712469111,0.9,0.4582791687314094,0.004989338839094959,0.013250860773052237,0.10925997124691111,-0.44172083126859063,mixed
0.6,0.8570797735364494,0.9,0.7594968248463659,0.004989623412396328,0.006842261431550284,0.2570797735364494,-0.14050317515363409,mixed
0.6,0.7079950402669264,0.9,0.4136677708811931,0.004989783604900007,0.007255837826515565,0.10799504026692641,-0.4863322291188069,mixed
0.6,0.7024579351329536,0.9,0.4034894916264278,0.0049898004396708,0.007240840845176538,0.10245793513295365,-0.49651050837357225,mixed
0.6,0.788151782769975,0.9,0.6170245576900194,0.00498983646494941,0.013071132350542913,0.18815178276997502,-0.2829754423099806,mixed
0.6,0.7543836296929777,0.9,0.5351260658061893,0.004989999522108716,0.012756266016056977,0.1543836296929777,-0.36487393419381076,mixed
0.6,0.8527862773101735,0.9,0.8428416544499248,0.00499110735978182,0.010682916857237268,0.25278627731017356,-0.05715834555007526,mixed
0.6,0.8067831058048099,0.9,0.6737228895035151,0.004991282508214804,0.013259479875690011,0.20678310580480996,-0.2262771104964849,mixed
0.6,0.554454304146205,0.9,0.2241143865920128,0.004991310823268365,0.012461615906590562,-0.045545695853794976,-0.6758856134079873,disengagement_only
0.6,0.8853857404425389,0.9,0.8632365293460502,0.0049914492544553025,0.006723868140810302,0.28538574044253895,-0.036763470653949804,improvement_only
0.6,0.7691764351552497,0.9,0.5675378580912049,0.004991909864479625,0.012776156693188212,0.16917643515524972,-0.3324621419087951,mixed
0.6,0.7955000141123434,0.9,0.5984987899256351,0.004991937852565142,0.007070015877370106,0.1955000141123434,-0.3015012100743649,mixed
0.6,0.8017012243534635,0.9,0.6124028987703676,0.004992024424387991,0.007139179470957768,0.2017012243534635,-0.28759710122963245,mixed
0.6,0.8829629005097227,0.9,0.8530789773797225,0.004992251091734584,0.006440345025993638,0.2829629005097227,-0.04692102262027753,improvement_only
0.6,0.7437126145895091,0.9,0.5147209231448927,0.004992631324155273,0.012888744957664039,0.14371261458950912,-0.3852790768551073,mixed
0.6,0.8501789356627326,0.9,0.7379869774284297,0.004992940957578942,0.006995528966418363,0.25017893566273264,-0.16201302257157035,mixed
0.6,0.688175557888049,0.9,0.4282087640913016,0.004993637802555054,0.013150258920065744,0.08817555788804898,-0.4717912359086984,mixed
0.6,0.8569809466954326,0.9,0.8601747201364266,0.00499428240918788,0.010116709106667343,0.2569809466954326,-0.039825279863573426,improvement_only
0.6,0.7728046247780863,0.9,0.5490961018962416,0.004994626468402731,0.008217427451207127,0.17280462477808634,-0.35090389810375844,mixed
0.6,0.7812372782424112,0.9,0.5980671971643884,0.004994760914747352,0.012965037463573748,0.1812372782424112,-0.30193280283561164,mixed
0.6,0.7626237545248882,0.9,0.5526502560086617,0.004995485854157789,0.012756732542623411,0.1626237545248882,-0.34734974399133833,mixed
0.6,0.825859398393015,0.9,0.6703796798988216,0.004995567293944018,0.007259676111372404,0.22585939839301505,-0.2296203201011784,mixed
0.6,0.786566563142865,0.9,0.6126894117756454,0.004995689595677128,0.01306477893463312,0.18656656314286502,-0.2873105882243546,mixed
0.6,0.7321975945481841,0.9,0.49460551137143605,0.004995711972070303,0.01306563710021158,0.13219759454818414,-0.405394488628564,mixed
0.6,0.6020807196807223,0.9,0.2642848914112301,0.00499611564334997,0.008342313433157111,0.0020807196807223205,-0.6357151085887699,disengagement_only
0.6,0.7551953716686898,0.9,0.5369349380021786,0.004996314829738088,0.012780259935024685,0.1551953716686898,-0.3630650619978214,mixed
0.6,0.8169620843736478,0.9,0.6481414841100995,0.004996527027581705,0.0072584246415256515,0.21696208437364783,-0.2518585158899005,mixed
0.6,0.575735277444446,0.9,0.2400949961953124,0.004996869271090032,0.010894364174600185,-0.024264722555554008,-0.6599050038046876,disengagement_only
0.6,0.6817504942458015,0.9,0.41952760405197353,0.004997337546070779,0.013055392888368295,0.0817504942458015,-0.4804723959480265,mixed
0.6,0.7348972537822186,0.9,0.49923261627787624,0.004997889982912156,0.01303588246650575,0.13489725378221862,-0.4007673837221238,mixed
0.6,0.6725882919431011,0.9,0.3533804236684307,0.004997956121209682,0.006969985649673577,0.07258829194310112,-0.5466195763315693,mixed
0.6,0.7889036278680504,0.9,0.6193521392515058,0.004997956307355084,0.013113614160223525,0.18890362786805037,-0.28064786074849424,mixed
0.6,0.6887336112487291,0.9,0.42902085476858254,0.0049981896162198365,0.013168049061645898,0.08873361124872914,-0.4709791452314175,mixed
0.6,0.6476668280017327,0.9,0.31754412462064485,0.004998299243749768,0.006532493311994431,0.04766682800173272,-0.5824558753793552,disengagement_only
0.6,0.8007863341684447,0.9,0.6548409883762729,0.0049991436808295925,0.013265701565600058,0.2007863341684447,-0.2451590116237271,mixed
