p_end,e_end,log_likelihood,delta_log_likelihood
0.55,0.2,-48903.46342144868,30.374052046034194
0.55,0.20625000000000002,-48896.21856331675,23.12919391410105
0.55,0.21250000000000002,-48890.08695021253,16.997580809882493
0.55,0.21875,-48885.045286117194,11.955916714548948
0.55,0.225,-48881.07127297908,7.981903576437617
0.55,0.23125,-48878.14355201747,5.0541826148255495
0.55,0.23750000000000002,-48876.24164949046,3.1522800878155977
0.55,0.24375000000000002,-48875.34592651384,2.256557111191796
0.55,0.25,-48875.437532562675,2.3481631600297987
0.55,0.25625000000000003,-48876.49836232661,3.408992923963524
0.55,0.2625,-48878.51101562425,5.421646221606352
0.55,0.26875000000000004,-48881.45876011274,8.369390710096923
0.55,0.275,-48885.32549655496,12.236127152311383
0.55,0.28125,-48890.095726430765,17.006357028119965
0.55,0.28750000000000003,-48895.75452169952,22.66515229687502
0.55,0.29375,-48902.287496539844,29.198127137198753
0.55,0.30000000000000004,-48909.68078090909,36.591411506444274
0.55,0.30625,-48917.92099577971,44.831626377061184
0.55,0.3125,-48926.99522992295,53.90586052030267
0.55,0.31875000000000003,-48936.891018122056,63.80164871941088
0.55,0.325,-48947.59632070775,74.50695130510576
0.55,0.33125000000000004,-48959.09950431809,86.0101349154429
0.55,0.3375,-48971.38932379358,98.29995439093182
0.55,0.34375,-48984.45490512579,111.36553572314733
0.55,0.35000000000000003,-48998.28572938485,125.19635998220474
0.55,0.35625,-49012.871617557335,139.78224815469002
0.55,0.36250000000000004,-49028.202716231666,155.11334682902088
0.55,0.36875,-49044.269484073375,171.18011467072938
0.55,0.375,-49061.0626790372,187.9733096345517
0.55,0.38125000000000003,-49078.57334626687,205.48397686422686
0.55,0.3875,-49096.79280663786,223.70343723521364
0.55,0.39375000000000004,-49115.71264590134,242.62327649869258
0.55,0.4,-49135.32470439087,262.2353349882251
0.55,0.40625,-49155.62106725652,282.5316978538758
0.55,0.41250000000000003,-49176.59405519333,303.50468579068547
0.55,0.41875,-49198.236215633835,325.14684623118956
0.55,0.42500000000000004,-49220.54031437624,347.4509449735924
0.55,0.43125,-49243.49932762223,370.40995821958495
0.55,0.4375,-49267.10643439992,394.0170649972715
0.55,0.44375000000000003,-49291.355009349296,418.2656399466505
0.55,0.45,-49316.238615849215,443.14924644657003
0.55,0.45625000000000004,-49341.75099946624,468.6616300635942
0.55,0.4625,-49367.886081706936,494.79671230429085
0.55,0.46875,-49394.63795405683,521.5485846541851
0.55,0.47500000000000003,-49422.00087228979,548.9115028871456
0.55,0.48125,-49449.969251033166,576.8798816305207
0.55,0.48750000000000004,-49478.537658574714,605.448289172069
0.55,0.49375,-49507.70081189823,634.6114424955813
0.55,0.5,-49537.45357193574,664.3642025330919
0.55,0.5062500000000001,-49567.790939024926,694.7015696222807
0.55,0.5125,-49598.708048560904,725.6186791582586
0.55,0.51875,-49630.200166832394,757.1107974297483
0.55,0.525,-49662.26268703289,789.1733176302441
0.55,0.53125,-49694.89112543795,821.8017560353037
0.55,0.5375000000000001,-49728.08111774016,854.9917483375175
0.55,0.54375,-49761.8284155342,888.7390461315517
0.55,0.55,-49796.128882944264,923.0395135416184
0.55,0.55625,-49830.978493387316,957.8891239846707
0.55,0.5625,-49866.37332646534,993.2839570626966
0.55,0.5687500000000001,-49902.30956498049,1029.2201955778437
0.55,0.575,-49938.78349206738,1065.6941226647323
0.55,0.58125,-49975.79148843697,1102.702119034322
0.55,0.5875,-50013.33002972696,1140.2406603243144
0.55,0.59375,-50051.3956839536,1178.3063145509514
0.55,0.6000000000000001,-50089.98510906049,1216.895739657848
0.55,0.60625,-50129.095050559925,1256.0056811572795
0.55,0.6125,-50168.722339262575,1295.6329698599293
0.55,0.61875,-50208.86388909164,1335.7745196889955
0.55,0.625,-50249.51669497786,1376.4273255752123
0.55,0.6312500000000001,-50290.67783083161,1417.588461428968
0.55,0.6375,-50332.34444758906,1459.255078186412
0.55,0.64375,-50374.51377132896,1501.4244019263133
0.55,0.65,-50417.183101457194,1544.093732054549
0.55,0.65625,-50460.34980895632,1587.2604395536764
0.55,0.6625000000000001,-50504.01133469719,1630.9219652945467
0.55,0.66875,-50548.16518781021,1675.0758184075676
0.55,0.675,-50592.80894411389,1719.7195747112419
0.55,0.68125,-50637.94024459805,1764.8508751954068
0.55,0.6875,-50683.55679395996,1810.4674245573115
0.55,0.6937500000000001,-50729.65635919075,1856.5669897881016
0.55,0.7,-50776.23676821058,1903.1473988079379
0.55,0.70625,-50823.29590855038,1950.2065391477372
0.55,0.7125000000000001,-50870.8317260784,1997.742356675757
0.55,0.71875,-50918.84222376997,2045.7528543673252
0.55,0.7250000000000001,-50967.32546051862,2094.2360911159776
0.55,0.73125,-51016.27954998719,2143.190180584548
0.55,0.7375,-51065.70265949727,2192.613290094625
0.55,0.7437500000000001,-51115.593008955635,2242.5036395529896
0.55,0.75,-51165.948869816304,2292.8595004136587
0.55,0.7562500000000001,-51216.76856407694,2343.679194674296
0.55,0.7625,-51268.05046330817,2394.9610939055274
0.55,0.76875,-51319.79298771497,2446.7036183123273
0.55,0.7750000000000001,-51371.99460522868,2498.905235826038
0.55,0.78125,-51424.65383062869,2551.564461226044
0.55,0.7875000000000001,-51477.76922469276,2604.6798552901164
0.55,0.79375,-51531.33939337502,2658.250023972374
0.55,0.8,-51585.36298701054,2712.273617607898
0.55,0.8062500000000001,-51639.8386995458,2766.749330143153
0.55,0.8125,-51694.76526779396,2821.675898391317
0.55,0.8187500000000001,-51750.1414707143,2877.052101311652
0.55,0.825,-51805.966128714856,2932.87675931221
0.55,0.83125,-51862.23810297766,2989.1487335750135
0.55,0.8375000000000001,-51918.95629480567,3045.8669254030247
0.55,0.84375,-51976.11964499087,3103.030275588222
0.55,0.8500000000000001,-52033.72713320275,3160.6377638001068
0.55,0.85625,-52091.77777739659,3218.688407993948
0.55,0.8625,-52150.270633240856,3277.1812638382107
0.55,0.8687500000000001,-52209.20479356317,3336.1154241605254
0.55,0.875,-52268.57938781438,3395.490018411736
0.55,0.8812500000000001,-52328.393581549935,3455.30421214729
0.55,0.8875,-52388.64657592832,3515.557206525671
0.55,0.89375,-52449.33760722585,3576.2482378232016
0.55,0.9000000000000001,-52510.46594636748,3637.376576964838
0.55,0.90625,-52572.030898473124,3698.9415290704783
0.55,0.9125000000000001,-52634.03180241889,3760.9424330162437
0.55,0.91875,-52696.46803041311,3823.3786610104653
0.55,0.925,-52759.3389875866,3886.2496181839524
0.55,0.9312500000000001,-52822.64411159652,3949.5547421938754
0.55,0.9375,-52886.38287224401,4013.293502841363
0.55,0.9437500000000001,-52950.55477110468,4077.4654017020366
0.55,0.95,-53015.159341171944,4142.069971769299
0.5530833333333334,0.2,-48906.06606521868,32.97669581603259
0.5530833333333334,0.20625000000000002,-48898.45847354951,25.36910414686281
0.5530833333333334,0.21250000000000002,-48891.95910668464,18.869737281995185
0.5530833333333334,0.21875,-48886.54479554867,13.455426146021637
0.5530833333333334,0.225,-48882.193360857505,9.103991454860079
0.5530833333333334,0.23125,-48878.8835550402,5.7941856375546195
0.5530833333333334,0.23750000000000002,-48876.59500856711,3.505639164461172
0.5530833333333334,0.24375000000000002,-48875.30818027798,2.218810875332565
0.5530833333333334,0.25,-48875.004311346725,1.9149419440800557
0.5530833333333334,0.25625000000000003,-48875.665382558975,2.5760131563292816
0.5530833333333334,0.2625,-48877.274074612134,4.184705209489039
0.5530833333333334,0.26875000000000004,-48879.813731177455,6.72436177480995
0.5530833333333334,0.275,-48883.268324490164,10.178955087518261
0.5530833333333334,0.28125,-48887.622423256806,14.533053854160244
0.5530833333333334,0.28750000000000003,-48892.86116268975,19.7717932871019
0.5530833333333334,0.29375,-48898.97021649717,25.880847094522323
0.5530833333333334,0.30000000000000004,-48905.935770672746,32.846401270100614
0.5530833333333334,0.30625,-48913.74449894449,40.65512954184669
0.5530833333333334,0.3125,-48922.38353975446,49.29417035181541
0.5530833333333334,0.31875000000000003,-48931.84047465323,58.75110525058699
0.5530833333333334,0.325,-48942.10330800299,69.01393860034295
0.5530833333333334,0.33125000000000004,-48953.16044789273,80.07107849008753
0.5530833333333334,0.3375,-48965.00068817745,91.91131877480802
0.5530833333333334,0.34375,-48977.61319156039,104.5238221577456
0.5530833333333334,0.35000000000000003,-48990.987473644826,117.89810424218012
0.5530833333333334,0.35625,-49005.11338788744,132.0240184847935
0.5530833333333334,0.36250000000000004,-49019.981111391346,146.89174198870023
0.5530833333333334,0.36875,-49035.5811314816,162.49176207895653
0.5530833333333334,0.375,-49051.904233010675,178.81486360802955
0.5530833333333334,0.38125000000000003,-49068.94148634562,195.85211694297323
0.5530833333333334,0.3875,-49086.68423599225,213.59486658960668
0.5530833333333334,0.39375000000000004,-49105.124089815334,232.03472041268833
0.5530833333333334,0.4,-49124.252908816576,251.16353941393027
0.5530833333333334,0.40625,-49144.06279743548,270.9734280328339
0.5530833333333334,0.41250000000000003,-49164.546094340396,291.45672493775055
0.5530833333333334,0.41875,-49185.69536367964,312.60599427699344
0.5530833333333334,0.42500000000000004,-49207.503386764765,334.4140173621199
0.5530833333333334,0.43125,-49229.96315415996,356.87378475731384
0.5530833333333334,0.4375,-49253.06785815357,379.97848875092313
0.5530833333333334,0.44375000000000003,-49276.81088558913,403.72151618648786
0.5530833333333334,0.45,-49301.185811035364,428.0964416327188
0.5530833333333334,0.45625000000000004,-49326.18639027518,453.0970208725339
0.5530833333333334,0.4625,-49351.80655409623,478.71718469358166
0.5530833333333334,0.46875,-49378.040402365485,504.95103296283924
0.5530833333333334,0.47500000000000003,-49404.88219837245,531.7928289698029
0.5530833333333334,0.48125,-49432.32636342611,559.2369940234639
0.5530833333333334,0.48750000000000004,-49460.3674716918,587.2781022891577
0.5530833333333334,0.49375,-49489.00024525524,615.9108758525981
0.5530833333333334,0.5,-49518.21954940144,645.1301799987923
0.5530833333333334,0.5062500000000001,-49548.020388097255,674.9310186946095
0.5530833333333334,0.5125,-49578.39789966718,705.308530264534
0.5530833333333334,0.51875,-49609.34735265191,736.2579832492629
0.5530833333333334,0.525,-49640.86414184088,767.7747724382352
0.5530833333333334,0.53125,-49672.94378446964,799.8544150669914
0.5530833333333334,0.5375000000000001,-49705.5819165739,832.4925471712559
0.5530833333333334,0.54375,-49738.77428949252,865.6849200898723
0.5530833333333334,0.55,-49772.51676651208,899.4273971094372
0.5530833333333334,0.55625,-49806.80531964615,933.7159502435024
0.5530833333333334,0.5625,-49841.636026542794,968.5466571401485
0.5530833333333334,0.5687500000000001,-49877.00506751419,1003.9156981115448
0.5530833333333334,0.575,-49912.90872268253,1039.8193532798832
0.5530833333333334,0.58125,-49949.34336923687,1076.2539998342254
0.5530833333333334,0.5875,-49986.305478795664,1113.216109393019
0.5530833333333334,0.59375,-50023.79161487019,1150.7022454675462
0.5530833333333334,0.6000000000000001,-50061.798430424344,1188.7090610216983
0.5530833333333334,0.60625,-50100.322665526175,1227.2332961235297
0.5530833333333334,0.6125,-50139.36114508751,1266.2717756848651
0.5530833333333334,0.61875,-50178.91077668729,1305.8214072846458
0.5530833333333334,0.625,-50218.96854847531,1345.8791790726682
0.5530833333333334,0.6312500000000001,-50259.531527152605,1386.4421577499597
0.5530833333333334,0.6375,-50300.5968560254,1427.5074866227515
0.5530833333333334,0.64375,-50342.1617531292,1469.072383726554
0.5530833333333334,0.65,-50384.22350942044,1511.1341400177917
0.5530833333333334,0.65625,-50426.77948703237,1553.6901176297251
0.5530833333333334,0.6625000000000001,-50469.827117593006,1596.7377481903604
0.5530833333333334,0.66875,-50513.3639006021,1640.2745311994513
0.5530833333333334,0.675,-50557.38740186514,1684.298032462495
0.5530833333333334,0.68125,-50601.89525198178,1728.8058825791377
0.5530833333333334,0.6875,-50646.88514488663,1773.795775483988
0.5530833333333334,0.6937500000000001,-50692.3548364403,1819.2654670376578
0.5530833333333334,0.7,-50738.3021430687,1865.212773666055
0.5530833333333334,0.70625,-50784.72494044869,1911.6355710460412
0.5530833333333334,0.7125000000000001,-50831.62116223837,1958.5317928357254
0.5530833333333334,0.71875,-50878.98879885016,2005.8994294475124
0.5530833333333334,0.7250000000000001,-50926.825896265094,2053.736526862449
0.5530833333333334,0.73125,-50975.13055488684,2102.041185484195
0.5530833333333334,0.7375,-51023.900928433824,2150.811559031179
0.5530833333333334,0.7437500000000001,-51073.13522286812,2200.0458534654754
0.5530833333333334,0.75,-51122.83169535972,2249.7423259570714
0.5530833333333334,0.7562500000000001,-51172.98865328498,2299.8992838823324
0.5530833333333334,0.7625,-51223.6044532578,2350.5150838551563
0.5530833333333334,0.76875,-51274.677500192636,2401.588130789991
0.5530833333333334,0.7750000000000001,-51326.206246397924,2453.1168769952783
0.5530833333333334,0.78125,-51378.18919069909,2505.0998212964478
0.5530833333333334,0.7875000000000001,-51430.624877589944,2557.5355081872985
0.5530833333333334,0.79375,-51483.51189641158,2610.4225270089373
0.5530833333333334,0.8,-51536.84888055774,2663.759511155098
0.5530833333333334,0.8062500000000001,-51590.634506705836,2717.54513730319
0.5530833333333334,0.8125,-51644.86749407268,2771.7781246700324
0.5530833333333334,0.8187500000000001,-51699.546603694194,2826.457234291549
0.5530833333333334,0.825,-51754.6706377282,2881.581268325557
0.5530833333333334,0.83125,-51810.23843877962,2937.149069376974
0.5530833333333334,0.8375000000000001,-51866.24888924725,2993.159519844601
0.5530833333333334,0.84375,-51922.70091069159,3049.611541288941
0.5530833333333334,0.8500000000000001,-51979.59346322285,3106.5040938202073
0.5530833333333334,0.85625,-52036.9255449087,3163.836175506054
0.5530833333333334,0.8625,-52094.69619120093,3221.606821798283
0.5530833333333334,0.8687500000000001,-52152.90447438066,3279.8151049780136
0.5530833333333334,0.875,-52211.549503021364,3338.460133618719
0.5530833333333334,0.8812500000000001,-52270.63042146923,3397.541052066583
0.5530833333333334,0.8875,-52330.14640934035,3457.057039937703
0.5530833333333334,0.89375,-52390.096681034236,3517.0073116315907
0.5530833333333334,0.9000000000000001,-52450.480485263135,3577.3911158604897
0.5530833333333334,0.90625,-52511.297104596764,3638.207735194119
0.5530833333333334,0.9125000000000001,-52572.545855021956,3699.45648561931
0.5530833333333334,0.91875,-52634.22608551685,3761.1367161142043
0.5530833333333334,0.925,-52696.33717763914,3823.247808236498
0.5530833333333334,0.9312500000000001,-52758.87854512808,3885.789175725433
0.5530833333333334,0.9375,-52821.84963351984,3948.760264117198
0.5530833333333334,0.9437500000000001,-52885.24991977584,4012.1605503731917
0.5530833333333334,0.95,-52949.07891192363,4075.9895425209834
0.5561666666666667,0.2,-48908.8384170286,35.74904762595543
0.5561666666666667,0.20625000000000002,-48900.869769053825,27.780399651179323
0.5561666666666667,0.21250000000000002,-48894.00431832891,20.914948926263605
0.5561666666666667,0.21875,-48888.219023424725,15.129654022079194
0.5561666666666667,0.225,-48883.49182451345,10.402455110801384
0.5561666666666667,0.23125,-48879.80158590818,6.7122165055334335
0.5561666666666667,0.23750000000000002,-48877.128042951575,4.038673548930092
0.5561666666666667,0.24375000000000002,-48875.45175285301,2.362383450366906
0.5561666666666667,0.25,-48874.75404911679,1.6646797141438583
0.5561666666666667,0.25625000000000003,-48875.01699924236,1.9276298397162464
0.5561666666666667,0.2625,-48876.22336541016,3.1339960075129056
0.5561666666666667,0.26875000000000004,-48878.35656789661,5.267198493966134
0.5561666666666667,0.275,-48881.400650987576,8.311281584930839
0.5561666666666667,0.28125,-48885.34025118227,12.25088177962607
0.5561666666666667,0.28750000000000003,-48890.16056750014,17.071198097495653
0.5561666666666667,0.29375,-48895.84733372142,22.757964318770973
0.5561666666666667,0.30000000000000004,-48902.38679240763,29.29742300498765
0.5561666666666667,0.30625,-48909.76567056327,36.67630116062355
0.5561666666666667,0.3125,-48917.971156812,44.88178740935109
0.5561666666666667,0.31875000000000003,-48926.99087997277,53.90151057012554
0.5561666666666667,0.325,-48936.81288893104,63.72351952839381
0.5561666666666667,0.33125000000000004,-48947.425633709725,74.33626430707955
0.5561666666666667,0.3375,-48958.81794765282,85.72857825017127
0.5561666666666667,0.34375,-48970.97903064174,97.88966123909631
0.5561666666666667,0.35000000000000003,-48983.8984332718,110.8090638691574
0.5561666666666667,0.35625,-48997.566041921484,124.47667251883831
0.5561666666666667,0.36250000000000004,-49011.97206465337,138.88269525072246
0.5561666666666667,0.36875,-49027.10701789029,154.01764848764287
0.5561666666666667,0.375,-49042.96171381463,169.87234441198234
0.5561666666666667,0.38125000000000003,-49059.52724844312,186.4378790404735
0.5561666666666667,0.3875,-49076.79499033278,203.70562093013723
0.5561666666666667,0.39375000000000004,-49094.756569877674,221.66720047502895
0.5561666666666667,0.4,-49113.403869158545,240.3144997558993
0.5561666666666667,0.40625,-49132.72901231066,259.6396429080123
0.5561666666666667,0.41250000000000003,-49152.72435637773,279.63498697508476
0.5561666666666667,0.41875,-49173.38248262198,300.29311321933346
0.5561666666666667,0.42500000000000004,-49194.69618826265,321.60681886000384
0.5561666666666667,0.43125,-49216.658478617406,343.56910921476083
0.5561666666666667,0.4375,-49239.262559622555,366.1731902199099
0.5561666666666667,0.44375000000000003,-49262.50183071001,389.41246130736545
0.5561666666666667,0.45,-49286.36987802036,413.2805086177177
0.5561666666666667,0.45625000000000004,-49310.860467932565,437.77109852992
0.5561666666666667,0.4625,-49335.96754089263,462.87817148998147
0.5561666666666667,0.46875,-49361.68520552429,488.59583612164715
0.5561666666666667,0.47500000000000003,-49388.00773300613,514.9183636034868
0.5561666666666667,0.48125,-49414.929551700574,541.8401822979285
0.5561666666666667,0.48750000000000004,-49442.445242020956,569.355872618311
0.5561666666666667,0.49375,-49470.54953152401,597.460162121366
0.5561666666666667,0.5,-49499.23729021576,626.1479208131132
0.5561666666666667,0.5062500000000001,-49528.50352605949,655.4141566568433
0.5561666666666667,0.5125,-49558.34338067546,685.2540112728166
0.5561666666666667,0.51875,-49588.75212522232,715.6627558196778
0.5561666666666667,0.525,-49619.725156450986,746.6357870483407
0.5561666666666667,0.53125,-49651.25799292234,778.1686235196976
0.5561666666666667,0.5375000000000001,-49683.34627138053,810.2569019778821
0.5561666666666667,0.54375,-49715.98574327398,842.8963738713355
0.5561666666666667,0.55,-49749.17227141731,876.082902014663
0.5561666666666667,0.55625,-49782.901826786736,909.8124573840905
0.5561666666666667,0.5625,-49817.17048544303,944.0811160403828
0.5561666666666667,0.5687500000000001,-49851.97442557565,978.8850561730069
0.5561666666666667,0.575,-49887.30992466252,1014.2205552598753
0.5561666666666667,0.58125,-49923.17335673983,1050.0839873371879
0.5561666666666667,0.5875,-49959.56118977701,1086.4718203743614
0.5561666666666667,0.59375,-49996.469983151794,1123.3806137491483
0.5561666666666667,0.6000000000000001,-50033.89638522106,1160.8070158184128
0.5561666666666667,0.60625,-50071.83713098298,1198.7477615803364
0.5561666666666667,0.6125,-50110.28903982639,1237.1996704237463
0.5561666666666667,0.61875,-50149.249013363595,1276.1596439609493
0.5561666666666667,0.625,-50188.71403334293,1315.6246639402816
0.5561666666666667,0.6312500000000001,-50228.681159637585,1355.5917902349393
0.5561666666666667,0.6375,-50269.14752830738,1396.058158904736
0.5561666666666667,0.64375,-50310.1103497305,1437.0209803278558
0.5561666666666667,0.65,-50351.56690680197,1478.4775373993252
0.5561666666666667,0.65625,-50393.51455319645,1520.4251837938064
0.5561666666666667,0.6625000000000001,-50435.95071169228,1562.8613422896378
0.5561666666666667,0.66875,-50478.87287255448,1605.7835031518334
0.5561666666666667,0.675,-50522.278591974275,1649.1892225716292
0.5561666666666667,0.68125,-50566.165490562744,1693.0761211600984
0.5561666666666667,0.6875,-50610.531251896566,1737.4418824939203
0.5561666666666667,0.6937500000000001,-50655.373621113686,1782.2842517110403
0.5561666666666667,0.7,-50700.69040355686,1827.6010341542133
0.5561666666666667,0.70625,-50746.47946346342,1873.3900940607782
0.5561666666666667,0.7125000000000001,-50792.73872269933,1919.6493532966851
0.5561666666666667,0.71875,-50839.46615953572,1966.376790133072
0.5561666666666667,0.7250000000000001,-50886.659807466494,2013.570438063849
0.5561666666666667,0.73125,-50934.31775406537,2061.228384662725
0.5561666666666667,0.7375,-50982.43813988076,2109.3487704781146
0.5561666666666667,0.7437500000000001,-51031.01915736724,2157.9297879645965
0.5561666666666667,0.75,-51080.05904985224,2206.969680449598
0.5561666666666667,0.7562500000000001,-51129.55611053655,2256.4667411339033
0.5561666666666667,0.7625,-51179.5086815275,2306.4193121248536
0.5561666666666667,0.76875,-51229.9151529037,2356.825783501052
0.5561666666666667,0.7750000000000001,-51280.77396181006,2407.684592407415
0.5561666666666667,0.78125,-51332.083591582166,2458.994222179521
0.5561666666666667,0.7875000000000001,-51383.84257089893,2510.7532014962853
0.5561666666666667,0.79375,-51436.049472962455,2562.96010355981
0.5561666666666667,0.8,-51488.70291470433,2615.613545301683
0.5561666666666667,0.8062500000000001,-51541.80155601735,2668.7121866147063
0.5561666666666667,0.8125,-51595.34409901185,2722.2547296092016
0.5561666666666667,0.8187500000000001,-51649.32928729574,2776.2399178930937
0.5561666666666667,0.825,-51703.75590527762,2830.666535874974
0.5561666666666667,0.83125,-51758.62277749204,2885.5334080893954
0.5561666666666667,0.8375000000000001,-51813.92876794634,2940.8393985436924
0.5561666666666667,0.84375,-51869.67277948816,2996.5834100855136
0.5561666666666667,0.8500000000000001,-51925.85375319334,3052.7643837906944
0.5561666666666667,0.85625,-51982.47066777303,3109.381298370383
0.5561666666666667,0.8625,-52039.52253899997,3166.4331695973233
0.5561666666666667,0.8687500000000001,-52097.008419152866,3223.9190497502204
0.5561666666666667,0.875,-52154.92739647869,3281.8380270760463
0.5561666666666667,0.8812500000000001,-52213.278594672054,3340.189225269409
0.5561666666666667,0.8875,-52272.06117237137,3398.971802968721
0.5561666666666667,0.89375,-52331.274322671125,3458.184953268479
0.5561666666666667,0.9000000000000001,-52390.91727265,3517.827903247351
0.5561666666666667,0.90625,-52450.98928291407,3577.899913511428
0.5561666666666667,0.9125000000000001,-52511.489647155046,3638.4002777524
0.5561666666666667,0.91875,-52572.41769172269,3699.3283223200415
0.5561666666666667,0.925,-52633.7727752114,3760.683405808755
0.5561666666666667,0.9312500000000001,-52695.55428806035,3822.464918657708
0.5561666666666667,0.9375,-52757.76165216682,3884.6722827641715
0.5561666666666667,0.9437500000000001,-52820.39432051242,3947.304951109778
0.5561666666666667,0.95,-52883.451776801914,4010.3624073992687
0.55925,0.2,-48911.781409622345,38.692040219699265
0.55925,0.20625000000000002,-48903.45339354576,30.364024143113056
0.55925,0.21250000000000002,-48896.22353962009,23.13417021744681
0.55925,0.21875,-48890.06893476514,16.979565362496942
0.55925,0.225,-48884.96763929809,11.878269895445555
0.55925,0.23125,-48880.8986300907,7.8092606880527455
0.55925,0.23750000000000002,-48877.84174801823,4.752378615587077
0.55925,0.24375000000000002,-48875.777649305855,2.6882799032100593
0.55925,0.25,-48874.687760420515,1.5983910178692895
0.55925,0.25625000000000003,-48874.55423619384,1.4648667911969824
0.55925,0.2625,-48875.35992089425,2.270551491601509
0.55925,0.26875000000000004,-48877.08831199517,3.9989425925232354
0.55925,0.275,-48879.723526412185,6.634157009539194
0.55925,0.28125,-48883.25026900387,10.1608996012219
0.55925,0.28750000000000003,-48887.65380315152,14.56443374887749
0.55925,0.29375,-48892.91992325075,19.83055384810723
0.55925,0.30000000000000004,-48899.034928963185,25.94555956053955
0.55925,0.30625,-48905.98560109136,32.89623168871185
0.55925,0.3125,-48913.75917895198,40.66980954933388
0.55925,0.31875000000000003,-48922.343339134066,49.25396973142051
0.55925,0.325,-48931.7261755387,58.636806136055384
0.55925,0.33125000000000004,-48941.89618060618,68.80681120353256
0.55925,0.3375,-48952.84222764444,79.75285824179446
0.55925,0.34375,-48964.55355418005,91.46418477740372
0.55925,0.35000000000000003,-48977.01974625951,103.93037685686431
0.55925,0.35625,-48990.23072363497,117.14135423232801
0.55925,0.36250000000000004,-49004.17672577351,131.08735637086647
0.55925,0.36875,-49018.84829863414,145.75892923149513
0.55925,0.375,-49034.23628216137,161.1469127587261
0.55925,0.38125000000000003,-49050.33179844784,177.24242904519633
0.55925,0.3875,-49067.12624052259,194.03687111994805
0.55925,0.39375000000000004,-49084.61126172452,211.5218923218781
0.55925,0.4,-49102.778765623974,229.68939622132893
0.55925,0.40625,-49121.620896457986,248.53152705534012
0.55925,0.41250000000000003,-49141.13003004726,268.0406606446122
0.55925,0.41875,-49161.2987651655,288.2093957628531
0.55925,0.42500000000000004,-49182.119915333475,309.03054593082925
0.55925,0.43125,-49203.58650101253,330.49713160988176
0.55925,0.4375,-49225.69174217395,352.60237277130364
0.55925,0.44375000000000003,-49248.429051221996,375.3396818193505
0.55925,0.45,-49271.79202625026,398.702656847614
0.55925,0.45625000000000004,-49295.77444461232,422.6850752096725
0.55925,0.4625,-49320.37025678881,447.280887386165
0.55925,0.46875,-49345.57358053432,472.4842111316757
0.55925,0.47500000000000003,-49371.37869528872,498.2893258860713
0.55925,0.48125,-49397.7800368383,524.6906674356578
0.55925,0.48750000000000004,-49424.77219221332,551.6828228106751
0.55925,0.49375,-49452.349894809144,579.2605254064983
0.55925,0.5,-49480.508019719244,607.4186503165984
0.55925,0.5062500000000001,-49509.24157926879,636.1522098661444
0.55925,0.5125,-49538.5457187385,665.4563493358582
0.55925,0.51875,-49568.41571226899,695.3263428663413
0.55925,0.525,-49598.84695893622,725.7575895335758
0.55925,0.53125,-49629.83497898972,756.745609587073
0.55925,0.5375000000000001,-49661.375410245135,788.2860408424895
0.55925,0.54375,-49693.464004623675,820.3746352210292
0.55925,0.55,-49726.096624831225,853.0072554285798
0.55925,0.55625,-49759.26924117029,886.1798717676429
0.55925,0.5625,-49792.97792847839,919.8885590757418
0.55925,0.5687500000000001,-49827.21886318695,954.1294937843049
0.55925,0.575,-49861.988320494966,988.8989510923202
0.55925,0.58125,-49897.28267165203,1024.1933022493831
0.55925,0.5875,-49933.09838134576,1060.0090119431115
0.55925,0.59375,-49969.43200518875,1096.3426357861026
0.55925,0.6000000000000001,-50006.28018730056,1133.1908178979138
0.55925,0.60625,-50043.639657980435,1170.5502885777896
0.55925,0.6125,-50081.50723146678,1208.4178620641324
0.55925,0.61875,-50119.87980377945,1246.7904343768023
0.55925,0.625,-50158.75435064126,1285.6649812386167
0.55925,0.6312500000000001,-50198.12792547536,1325.0385560727154
0.55925,0.6375,-50237.99765747504,1364.9082880723945
0.55925,0.64375,-50278.360749743006,1405.2713803403603
0.55925,0.65,-50319.21447749714,1446.125108094493
0.55925,0.65625,-50360.55618633996,1487.466816937318
0.55925,0.6625000000000001,-50402.383290589176,1529.2939211865305
0.55925,0.66875,-50444.69327166662,1571.6039022639743
0.55925,0.675,-50487.48367654349,1614.394307140843
0.55925,0.68125,-50530.752116239426,1657.6627468367806
0.55925,0.6875,-50574.49626437316,1701.406894970518
0.55925,0.6937500000000001,-50618.71385576295,1745.624486360306
0.55925,0.7,-50663.402685074645,1790.3133156719996
0.55925,0.70625,-50708.56060551548,1835.4712361128331
0.55925,0.7125000000000001,-50754.18552757205,1881.0961581694064
0.55925,0.71875,-50800.27541779053,1927.1860483878845
0.55925,0.7250000000000001,-50846.828297597574,1973.738928194929
0.55925,0.73125,-50893.84224216053,2020.7528727578829
0.55925,0.7375,-50941.31537928522,2068.226009882572
0.55925,0.7437500000000001,-50989.245888350124,2116.1565189474786
0.55925,0.75,-51037.63199927544,2164.542629872798
0.55925,0.7562500000000001,-51086.47199152598,2213.382622123332
0.55925,0.7625,-51135.76419314634,2262.6748237436914
0.55925,0.76875,-51185.5069798275,2312.4176104248545
0.55925,0.7750000000000001,-51235.698774003584,2362.6094046009384
0.55925,0.78125,-51286.338043977696,2413.2486745750502
0.55925,0.7875000000000001,-51337.4233030759,2464.3339336732533
0.55925,0.79375,-51388.95310882827,2515.863739425622
0.55925,0.8,-51440.92606217614,2567.836692773497
0.55925,0.8062500000000001,-51493.340806704764,2620.2514373021186
0.55925,0.8125,-51546.19602790015,2673.106658497505
0.55925,0.8187500000000001,-51599.490452429796,2726.401083027151
0.55925,0.825,-51653.222847446086,2780.133478043441
0.55925,0.83125,-51707.39201991183,2834.302650509184
0.55925,0.8375000000000001,-51761.996815947175,2888.90744654453
0.55925,0.84375,-51817.03612019714,2943.9467507944937
0.55925,0.8500000000000001,-51872.50885521924,2999.419485816594
0.55925,0.85625,-51928.41398089037,3055.3246114877256
0.55925,0.8625,-51984.75049383263,3111.6611244299856
0.55925,0.8687500000000001,-52041.51742685716,3168.428057454512
0.55925,0.875,-52098.7138484257,3225.6244790230558
0.55925,0.8812500000000001,-52156.338862129254,3283.249492726609
0.55925,0.8875,-52214.39160618324,3341.302236780597
0.55925,0.89375,-52272.87125293879,3399.781883536147
0.55925,0.9000000000000001,-52331.777008409656,3458.68763900701
0.55925,0.90625,-52391.1081118142,3518.0187424115575
0.55925,0.9125000000000001,-52450.863835132215,3577.77446572957
0.55925,0.91875,-52511.04348267583,3637.954113273183
0.55925,0.925,-52571.64639067458,3698.557021271932
0.55925,0.9312500000000001,-52632.67192687369,3759.582557471047
0.55925,0.9375,-52694.11949014571,3821.0301207430675
0.55925,0.9437500000000001,-52755.98851011478,3882.8991407121357
0.55925,0.95,-52818.27844679337,3945.1890773907216
0.5623333333333334,0.2,-48914.89598640884,41.80661700619385
0.5623333333333334,0.20625000000000002,-48906.21030160767,33.1209322050272
0.5623333333333334,0.21250000000000002,-48898.6177360992,25.528366696555167
0.5623333333333334,0.21875,-48892.095505854624,19.00613645197882
0.5623333333333334,0.225,-48886.62179202489,13.532422622243757
0.5623333333333334,0.23125,-48882.17568471516,9.0863153125174
0.5623333333333334,0.23750000000000002,-48878.73713099402,5.647761591375456
0.5623333333333334,0.24375000000000002,-48876.28688674909,3.197517346445238
0.5623333333333334,0.25,-48874.80647204268,1.7171026400319533
0.5623333333333334,0.25625000000000003,-48874.27812965767,1.1887602550268639
0.5623333333333334,0.2625,-48874.684786556085,1.5954171534394845
0.5623333333333334,0.26875000000000004,-48876.01001800093,2.920648598286789
0.5623333333333334,0.275,-48878.23801411732,5.148644714674447
0.5623333333333334,0.28125,-48881.35354869066,8.264179288016749
0.5623333333333334,0.28750000000000003,-48885.341950019705,12.25258061705972
0.5623333333333334,0.29375,-48890.189073659436,17.099704256790574
0.5623333333333334,0.30000000000000004,-48895.881276904525,22.791907501879905
0.5623333333333334,0.30625,-48902.405394877926,29.316025475280185
0.5623333333333334,0.3125,-48909.74871810145,36.65934869880584
0.5623333333333334,0.31875000000000003,-48917.89897143648,44.80960203383438
0.5623333333333334,0.325,-48926.84429429265,53.75492489000317
0.5623333333333334,0.33125000000000004,-48936.57322201164,63.48385260899522
0.5623333333333334,0.3375,-48947.0746683408,73.9852989381543
0.5623333333333334,0.34375,-48958.33790891908,85.24853951643308
0.5623333333333334,0.35000000000000003,-48970.3525657038,97.26319630115177
0.5623333333333334,0.35625,-48983.108592272954,110.01922287030902
0.5623333333333334,0.36250000000000004,-48996.59625994328,123.50689054063696
0.5623333333333334,0.36875,-49010.80614464852,137.71677524587722
0.5623333333333334,0.375,-49025.72911452758,152.63974512493587
0.5623333333333334,0.38125000000000003,-49041.356318175334,168.26694877268892
0.5623333333333334,0.3875,-49057.67917351349,184.58980411084485
0.5623333333333334,0.39375000000000004,-49074.68935724117,201.59998783852643
0.5623333333333334,0.4,-49092.3787948287,219.28942542605364
0.5623333333333334,0.40625,-49110.73965102053,237.6502816178836
0.5623333333333334,0.41250000000000003,-49129.76432081565,256.67495141300606
0.5623333333333334,0.41875,-49149.44542089634,276.35605149369803
0.5623333333333334,0.42500000000000004,-49169.7757814781,296.6864120754544
0.5623333333333334,0.43125,-49190.74843855564,317.65906915299274
0.5623333333333334,0.4375,-49212.35662652147,339.2672571188232
0.5623333333333334,0.44375000000000003,-49234.59377113532,361.5044017326727
0.5623333333333334,0.45,-49257.45348282412,384.36411342147767
0.5623333333333334,0.45625000000000004,-49280.92955029367,407.84018089102756
0.5623333333333334,0.4625,-49305.0159344344,431.92656503175385
0.5623333333333334,0.46875,-49329.706762504735,456.6173931020894
0.5623333333333334,0.47500000000000003,-49354.99632257678,481.9069531741334
0.5623333333333334,0.48125,-49380.87905822987,507.78968882722256
0.5623333333333334,0.48750000000000004,-49407.3495634787,534.2601940760578
0.5623333333333334,0.49375,-49434.40257792339,561.3132085207471
0.5623333333333334,0.5,-49462.032982109726,588.9436127070803
0.5623333333333334,0.5062500000000001,-49490.235793088534,617.1464236858883
0.5623333333333334,0.5125,-49519.00616016396,645.9167907613155
0.5623333333333334,0.51875,-49548.339360820755,675.2499914181099
0.5623333333333334,0.525,-49578.230796821605,705.1414274189592
0.5623333333333334,0.53125,-49608.6759904659,735.5866210632521
0.5623333333333334,0.5375000000000001,-49639.67058100182,766.5812115991721
0.5623333333333334,0.54375,-49671.21032118429,798.120951781646
0.5623333333333334,0.55,-49703.291073971486,830.2017045688408
0.5623333333333334,0.55625,-49735.908809353394,862.8194399507483
0.5623333333333334,0.5625,-49769.05960130587,895.9702319032222
0.5623333333333334,0.5687500000000001,-49802.73962486435,929.6502554617036
0.5623333333333334,0.575,-49836.945153311644,963.855783908999
0.5623333333333334,0.58125,-49871.672555474215,998.5831860715698
0.5623333333333334,0.5875,-49906.91829312226,1033.828923719615
0.5623333333333334,0.59375,-49942.67891846863,1069.5895490659823
0.5623333333333334,0.6000000000000001,-49978.9510717621,1105.861702359456
0.5623333333333334,0.60625,-50015.731478970905,1142.64210956826
0.5623333333333334,0.6125,-50053.01694955227,1179.927580149626
0.5623333333333334,0.61875,-50090.80437430441,1217.7150049017655
0.5623333333333334,0.625,-50129.090723297086,1256.0013538944404
0.5623333333333334,0.6312500000000001,-50167.87304387764,1294.7836744749948
0.5623333333333334,0.6375,-50207.14845874893,1334.0590893462868
0.5623333333333334,0.64375,-50246.914164116344,1373.8247947136988
0.5623333333333334,0.65,-50287.167427900866,1414.0780584982203
0.5623333333333334,0.65625,-50327.90558801541,1454.8162186127665
0.5623333333333334,0.6625000000000001,-50369.12605070185,1496.036681299207
0.5623333333333334,0.66875,-50410.82628892618,1537.736919523537
0.5623333333333334,0.675,-50453.00384082951,1579.9144714268623
0.5623333333333334,0.68125,-50495.65630823256,1622.5669388299139
0.5623333333333334,0.6875,-50538.781355191546,1665.6919857889006
0.5623333333333334,0.6937500000000001,-50582.376706603376,1709.2873372007307
0.5623333333333334,0.7,-50626.44014685825,1753.3507774556056
0.5623333333333334,0.70625,-50670.969518537815,1797.8801491351696
0.5623333333333334,0.7125000000000001,-50715.96272115702,1842.8733517543733
0.5623333333333334,0.71875,-50761.417709948095,1888.3283405454495
0.5623333333333334,0.7250000000000001,-50807.33249468502,1934.2431252823735
0.5623333333333334,0.73125,-50853.70513854685,1980.6157691442058
0.5623333333333334,0.7375,-50900.533757018624,2027.4443876159785
0.5623333333333334,0.7437500000000001,-50947.816516828265,2074.7271474256195
0.5623333333333334,0.75,-50995.55163491829,2122.462265515642
0.5623333333333334,0.7562500000000001,-51043.737377450976,2170.6480080483307
0.5623333333333334,0.7625,-51092.37205884584,2219.282689443193
0.5623333333333334,0.76875,-51141.45404084813,2268.364671445488
0.5623333333333334,0.7750000000000001,-51190.981731627384,2317.8923622247385
0.5623333333333334,0.78125,-51240.95358490491,2367.864215502268
0.5623333333333334,0.7875000000000001,-51291.36809910924,2418.278729706595
0.5623333333333334,0.79375,-51342.223816558355,2469.1344471557095
0.5623333333333334,0.8,-51393.51932266818,2520.429953265535
0.5623333333333334,0.8062500000000001,-51445.25324518604,2572.1638757833935
0.5623333333333334,0.8125,-51497.42425344845,2624.3348840458057
0.5623333333333334,0.8187500000000001,-51550.0310576624,2676.941688259758
0.5623333333333334,0.825,-51603.07240820928,2729.983038806633
0.5623333333333334,0.83125,-51656.547094970774,2783.457725568129
0.5623333333333334,0.8375000000000001,-51710.45394667598,2837.364577273336
0.5623333333333334,0.84375,-51764.79183026908,2891.702460866436
0.5623333333333334,0.8500000000000001,-51819.55965029684,2946.4702808941947
0.5623333333333334,0.85625,-51874.7563483154,3001.6669789127554
0.5623333333333334,0.8625,-51930.38090231572,3057.2915329130774
0.5623333333333334,0.8687500000000001,-51986.43232616702,3113.342956764376
0.5623333333333334,0.875,-52042.909669077824,3169.820299675179
0.5623333333333334,0.8812500000000001,-52099.81201507387,3226.7226456712233
0.5623333333333334,0.8875,-52157.13848249254,3284.0491130898954
0.5623333333333334,0.89375,-52214.88822349327,3341.7988540906226
0.5623333333333334,0.9000000000000001,-52273.060423583345,3399.9710541807
0.5623333333333334,0.90625,-52331.65430115887,3458.5649317562275
0.5623333333333334,0.9125000000000001,-52390.66910706028,3517.5797376576375
0.5623333333333334,0.91875,-52450.10412414196,3577.0147547393135
0.5623333333333334,0.925,-52509.958666855746,3636.8692974531004
0.5623333333333334,0.9312500000000001,-52570.23208084779,3697.1427114451435
0.5623333333333334,0.9375,-52630.9237425684,3757.8343731657515
0.5623333333333334,0.9437500000000001,-52692.03305889458,3818.9436894919345
0.5623333333333334,0.95,-52753.55946676491,3880.4700973622676
0.5654166666666667,0.2,-48918.183101621675,45.093732219029334
0.5654166666666667,0.20625000000000002,-48909.14145885184,36.05208944919286
0.5654166666666667,0.21250000000000002,-48901.18788454114,28.098515138495713
0.5654166666666667,0.21875,-48894.299724414464,21.210355011819047
0.5654166666666667,0.225,-48888.45528114514,15.365911742497701
0.5654166666666667,0.23125,-48883.63375874674,10.544389344096999
0.5654166666666667,0.23750000000000002,-48879.81521114214,6.725841739491443
0.5654166666666667,0.24375000000000002,-48876.9804945285,3.8911251258541597
0.5654166666666667,0.25,-48875.111223196785,2.0218537941400427
0.5654166666666667,0.25625000000000003,-48874.18972850083,1.1003590981854359
0.5654166666666667,0.2625,-48874.19902070258,1.1096512999356491
0.5654166666666667,0.26875000000000004,-48875.12275344788,2.033384045236744
0.5654166666666667,0.275,-48876.94519065195,3.8558212493080646
0.5654166666666667,0.28125,-48879.651175595325,6.561806192679796
0.5654166666666667,0.28750000000000003,-48883.22610205048,10.136732647835743
0.5654166666666667,0.29375,-48887.65588727659,14.566517873943667
0.5654166666666667,0.30000000000000004,-48892.926946735104,19.83757733245875
0.5654166666666667,0.30625,-48899.02617039239,25.93680098974437
0.5654166666666667,0.3125,-48905.94090048817,32.851531085521856
0.5654166666666667,0.31875000000000003,-48913.65891065909,40.56954125644552
0.5654166666666667,0.325,-48922.16838631693,49.0790169142856
0.5654166666666667,0.33125000000000004,-48931.457906189244,58.36853678659827
0.5654166666666667,0.3375,-48941.51642493876,68.4270555361145
0.5654166666666667,0.34375,-48952.333256784565,79.2438873819192
0.5654166666666667,0.35000000000000003,-48963.89806005467,90.80869065202569
0.5654166666666667,0.35625,-48976.2008226055,103.11145320285141
0.5654166666666667,0.36250000000000004,-48989.231848048825,116.14247864617937
0.5654166666666667,0.36875,-49002.981742731885,129.8923733292395
0.5654166666666667,0.375,-49017.44140342028,144.35203401763283
0.5654166666666667,0.38125000000000003,-49032.60200563753,159.51263623488194
0.5654166666666667,0.3875,-49048.45499261862,175.3656232159774
0.5654166666666667,0.39375000000000004,-49064.99206483815,191.90269543550676
0.5654166666666667,0.4,-49082.20517007663,209.1158006739861
0.5654166666666667,0.40625,-49100.08649399133,226.99712458868453
0.5654166666666667,0.41250000000000003,-49118.62845116037,245.53908175772813
0.5654166666666667,0.41875,-49137.82367657133,264.7343071686846
0.5654166666666667,0.42500000000000004,-49157.66501752717,284.5756481245262
0.5654166666666667,0.43125,-49178.14552594501,305.05615654236317
0.5654166666666667,0.4375,-49199.25845102419,326.1690816215414
0.5654166666666667,0.44375000000000003,-49220.99723226229,347.90786285964714
0.5654166666666667,0.45,-49243.35549279901,370.2661233963663
0.5654166666666667,0.45625000000000004,-49266.32703306909,393.2376636664412
0.5654166666666667,0.4625,-49289.90582474692,416.8164553442766
0.5654166666666667,0.46875,-49314.08600496668,440.9966355640354
0.5654166666666667,0.47500000000000003,-49338.861870802444,465.7725013997988
0.5654166666666667,0.48125,-49364.227873994496,491.1385045918505
0.5654166666666667,0.48750000000000004,-49390.17861590818,517.0892465055367
0.5654166666666667,0.49375,-49416.70884271304,543.6194733103912
0.5654166666666667,0.5,-49443.81344077049,570.7240713678475
0.5654166666666667,0.5062500000000001,-49471.48743221928,598.3980628166319
0.5654166666666667,0.5125,-49499.725970748135,626.6366013454899
0.5654166666666667,0.51875,-49528.524337546405,655.4349681437598
0.5654166666666667,0.525,-49557.87793742324,684.7885680205945
0.5654166666666667,0.53125,-49587.78229508721,714.6929256845615
0.5654166666666667,0.5375000000000001,-49618.233051578005,745.1436821753596
0.5654166666666667,0.54375,-49649.22596084302,776.1365914403723
0.5654166666666667,0.55,-49680.75688645151,807.667517048867
0.5654166666666667,0.55625,-49712.821798439836,839.7324290371907
0.5654166666666667,0.5625,-49745.41677028132,872.3274008786757
0.5654166666666667,0.5687500000000001,-49778.537975975014,905.4486065723686
0.5654166666666667,0.575,-49812.181687247576,939.0923178449302
0.5654166666666667,0.58125,-49846.344270863134,973.2549014604883
0.5654166666666667,0.5875,-49881.02218603606,1007.9328166334162
0.5654166666666667,0.59375,-49916.21198194193,1043.122612539286
0.5654166666666667,0.6000000000000001,-49951.91029532238,1078.820925919732
0.5654166666666667,0.60625,-49988.11384817933,1115.024478776686
0.5654166666666667,0.6125,-50024.81944555493,1151.7300761522856
0.5654166666666667,0.61875,-50062.023973393225,1188.9346039905795
0.5654166666666667,0.625,-50099.72439648,1226.6350270773546
0.5654166666666667,0.6312500000000001,-50137.91775645749,1264.8283870548476
0.5654166666666667,0.6375,-50176.60116991066,1303.5118005080149
0.5654166666666667,0.64375,-50215.77182652199,1342.6824571193429
0.5654166666666667,0.65,-50255.42698729198,1382.3376178893377
0.5654166666666667,0.65625,-50295.56398282249,1422.474613419843
0.5654166666666667,0.6625000000000001,-50336.18021166038,1463.090842257734
0.5654166666666667,0.66875,-50377.27313869896,1504.1837692963163
0.5654166666666667,0.675,-50418.840293634865,1545.7509242322194
0.5654166666666667,0.68125,-50460.8792694781,1587.789900075455
0.5654166666666667,0.6875,-50503.387721113235,1630.2983517105895
0.5654166666666667,0.6937500000000001,-50546.36336390948,1673.2739945068315
0.5654166666666667,0.7,-50589.80397237801,1716.714602975364
0.5654166666666667,0.70625,-50633.707378874446,1760.6180094718002
0.5654166666666667,0.7125000000000001,-50678.071472344775,1804.9821029421291
0.5654166666666667,0.71875,-50722.89419711328,1849.8048277106354
0.5654166666666667,0.7250000000000001,-50768.17355171047,1895.0841823078226
0.5654166666666667,0.73125,-50813.90758773985,1940.8182183372046
0.5654166666666667,0.7375,-50860.09440878192,1987.0050393792772
0.5654166666666667,0.7437500000000001,-50906.73216933399,2033.6427999313455
0.5654166666666667,0.75,-50953.81907378456,2080.7297043819126
0.5654166666666667,0.7562500000000001,-51001.35337542101,2128.264006018362
0.5654166666666667,0.7625,-51049.33337546925,2176.244006066605
0.5654166666666667,0.76875,-51097.757422164475,2224.66805276183
0.5654166666666667,0.7750000000000001,-51146.62390985151,2273.5345404488617
0.5654166666666667,0.78125,-51195.93127811405,2322.8419087114016
0.5654166666666667,0.7875000000000001,-51245.67801093163,2372.588641528986
0.5654166666666667,0.79375,-51295.86263586335,2422.773266460703
0.5654166666666667,0.8,-51346.48372325748,2473.3943538548338
0.5654166666666667,0.8062500000000001,-51397.539885486025,2524.4505160833796
0.5654166666666667,0.8125,-51449.02977620342,2575.9404068007716
0.5654166666666667,0.8187500000000001,-51500.95208962858,2627.8627202259377
0.5654166666666667,0.825,-51553.30555984947,2680.216190446823
0.5654166666666667,0.83125,-51606.08896014943,2732.999590746782
0.5654166666666667,0.8375000000000001,-51659.30110235467,2786.211732952026
0.5654166666666667,0.84375,-51712.94083620211,2839.8514667994677
0.5654166666666667,0.8500000000000001,-51767.007048727,2893.9176793243532
0.5654166666666667,0.85625,-51821.49866366963,2948.4092942669813
0.5654166666666667,0.8625,-51876.41464090056,3003.325271497917
0.5654166666666667,0.8687500000000001,-51931.75397586385,3058.664606461207
0.5654166666666667,0.875,-51987.51569903758,3114.426329634938
0.5654166666666667,0.8812500000000001,-52043.698875411275,3170.60950600863
0.5654166666666667,0.8875,-52100.30260397968,3227.213234577037
0.5654166666666667,0.89375,-52157.32601725237,3284.236647849728
0.5654166666666667,0.9000000000000001,-52214.7682807787,3341.6789113760533
0.5654166666666667,0.90625,-52272.62859268776,3399.5392232851154
0.5654166666666667,0.9125000000000001,-52330.906183242725,3457.8168138400797
0.5654166666666667,0.91875,-52389.600314409385,3516.5109450067393
0.5654166666666667,0.925,-52448.710279438295,3575.62091003565
0.5654166666666667,0.9312500000000001,-52508.23540246011,3635.146033057463
0.5654166666666667,0.9375,-52568.17503809405,3695.085668691405
0.5654166666666667,0.9437500000000001,-52628.52857106876,3755.439201666115
0.5654166666666667,0.95,-52689.2954158554,3816.206046452753
0.5685,0.2,-48921.64372048176,48.55435107911762
0.5685,0.20625000000000002,-48912.247842087214,39.15847268456855
0.5685,0.21250000000000002,-48903.93497312567,30.845603723028034
0.5685,0.21875,-48896.68258977751,23.593220374867087
0.5685,0.225,-48890.4691169272,17.37974752455193
0.5685,0.23125,-48885.27387317164,12.184503768992727
0.5685,0.23750000000000002,-48881.07701994933,7.987650546681834
0.5685,0.24375000000000002,-48877.859514414486,4.7701450118402136
0.5685,0.25,-48875.60306572055,2.513696317902941
0.5685,0.25625000000000003,-48874.29009441256,1.2007250099122757
0.5685,0.2625,-48873.9036946594,0.8143252567533636
0.5685,0.26875000000000004,-48874.42759908374,1.3382296810959815
0.5685,0.275,-48875.84614597226,2.7567765696148854
0.5685,0.28125,-48878.144248669596,5.054879266950593
0.5685,0.28750000000000003,-48881.30736697906,8.217997576415655
0.5685,0.29375,-48885.321480409635,12.232111006989726
0.5685,0.30000000000000004,-48890.173063123955,17.083693721309828
0.5685,0.30625,-48895.849060455585,22.75969105293916
0.5685,0.3125,-48902.3368668756,29.24749747295573
0.5685,0.31875000000000003,-48909.6243052996,36.534935896954266
0.5685,0.325,-48917.699607635586,44.6102382329409
0.5685,0.33125000000000004,-48926.55139648213,53.46202707948396
0.5685,0.3375,-48936.168667893784,63.079298491138616
0.5685,0.34375,-48946.54077513798,73.45140573533718
0.5685,0.35000000000000003,-48957.6574133738,84.56804397115775
0.5685,0.35625,-48969.508605188865,96.41923578621936
0.5685,0.36250000000000004,-48982.08468693575,108.99531753310293
0.5685,0.36875,-48995.376295814094,122.2869264114488
0.5685,0.375,-49009.37435764873,136.28498824608687
0.5685,0.38125000000000003,-49024.0700753182,150.98070591555734
0.5685,0.3875,-49039.45491779143,166.3655483887851
0.5685,0.39375000000000004,-49055.52060973365,182.4312403310032
0.5685,0.4,-49072.25912164558,199.16975224293128
0.5685,0.40625,-49089.66266050245,216.57329109980492
0.5685,0.41250000000000003,-49107.72366086219,234.63429145954433
0.5685,0.41875,-49126.43477641388,253.34540701123478
0.5685,0.42500000000000004,-49145.78887194027,272.69950253762363
0.5685,0.43125,-49165.77901566933,292.6896462666846
0.5685,0.4375,-49186.39847199221,313.3091025895628
0.5685,0.44375000000000003,-49207.64069452605,334.5513251234079
0.5685,0.45,-49229.49931950197,356.4099500993252
0.5685,0.45625000000000004,-49251.968159459415,378.8787900567695
0.5685,0.4625,-49275.041197230035,401.95182782738993
0.5685,0.46875,-49298.71258019454,425.6232107918913
0.5685,0.47500000000000003,-49322.97661479767,449.88724539502437
0.5685,0.48125,-49347.827761307344,474.7383919046988
0.5685,0.48750000000000004,-49373.2606288044,500.17125940175174
0.5685,0.49375,-49399.26997039109,526.1806009884458
0.5685,0.5,-49425.850678606424,552.7613092037791
0.5685,0.5062500000000001,-49452.99778103763,579.9084116349841
0.5685,0.5125,-49480.70643611766,607.6170667150145
0.5685,0.51875,-49508.971929099105,635.8825596964598
0.5685,0.525,-49537.78966819556,664.7002987929154
0.5685,0.53125,-49567.15518088214,694.0658114794933
0.5685,0.5375000000000001,-49597.06411034702,723.9747409443735
0.5685,0.54375,-49627.51221208677,754.4228426841219
0.5685,0.55,-49658.495350638324,785.4059812356791
0.5685,0.55625,-49690.00949644101,816.9201270383637
0.5685,0.5625,-49722.050722822445,848.9613534197997
0.5685,0.5687500000000001,-49754.61520310237,881.5258336997213
0.5685,0.575,-49787.699207808844,914.6098384061988
0.5685,0.58125,-49821.29910200181,948.2097325991635
0.5685,0.5875,-49855.41134269861,982.3219732959624
0.5685,0.59375,-49890.032476397275,1016.9431069946295
0.5685,0.6000000000000001,-49925.15913669288,1052.0697672902315
0.5685,0.60625,-49960.78804198279,1087.698672580147
0.5685,0.6125,-49996.91599325703,1123.8266238543874
0.5685,0.61875,-50033.53987196974,1160.450502567095
0.5685,0.625,-50070.65663798844,1197.5672685857935
0.5685,0.6312500000000001,-50108.26332761756,1235.1739582149166
0.5685,0.6375,-50146.35705169312,1273.267682290476
0.5685,0.64375,-50184.93499374548,1311.8456243428373
0.5685,0.65,-50223.99440822733,1350.9050388246833
0.5685,0.65625,-50263.53261880417,1390.4432494015273
0.5685,0.6625000000000001,-50303.547016704695,1430.4576473020497
0.5685,0.66875,-50344.03505912858,1470.945689725937
0.5685,0.675,-50384.994267709415,1511.9048983067696
0.5685,0.68125,-50426.4222270304,1553.3328576277563
0.5685,0.6875,-50468.31658319088,1595.227213788232
0.5685,0.6937500000000001,-50510.67504242155,1637.5856730189043
0.5685,0.7,-50553.49536974645,1680.4060003438062
0.5685,0.70625,-50596.77538768996,1723.6860182873133
0.5685,0.7125000000000001,-50640.51297502696,1767.4236056243171
0.5685,0.71875,-50684.70606557463,1811.6166961719864
0.5685,0.7250000000000001,-50729.35264702417,1856.263277621525
0.5685,0.73125,-50774.45075981096,1901.3613904083177
0.5685,0.7375,-50819.99849602181,1946.909126619168
0.5685,0.7437500000000001,-50865.99399833778,1992.9046289351318
0.5685,0.75,-50912.435459011365,2039.34608960872
0.5685,0.7562500000000001,-50959.321118876775,2086.231749474129
0.5685,0.7625,-51006.64926639197,2133.5598969893254
0.5685,0.76875,-51054.4182367116,2181.3288673089555
0.5685,0.7750000000000001,-51102.62641078937,2229.5370413867277
0.5685,0.78125,-51151.27221450918,2278.1828451065376
0.5685,0.7875000000000001,-51200.35411784364,2327.264748440997
0.5685,0.79375,-51249.87063403938,2376.781264636731
0.5685,0.8,-51299.820318827966,2426.7309494253204
0.5685,0.8062500000000001,-51350.20176966164,2477.112400258993
0.5685,0.8125,-51401.01362497304,2527.924255570397
0.5685,0.8187500000000001,-51452.25456345813,2579.1651940554875
0.5685,0.825,-51503.92330338148,2630.8339339788363
0.5685,0.83125,-51556.01860190321,2682.9292325005663
0.5685,0.8375000000000001,-51608.53925442694,2735.4498850242962
0.5685,0.84375,-51661.48409396793,2788.3947245652816
0.5685,0.8500000000000001,-51714.85199054089,2841.762621138245
0.5685,0.85625,-51768.64185056678,2895.552481164137
0.5685,0.8625,-51822.85261629801,2949.763246895367
0.5685,0.8687500000000001,-51877.48326526137,3004.393895858724
0.5685,0.875,-51932.53280971838,3059.4434403157356
0.5685,0.8812500000000001,-51988.000296142236,3114.9109267395906
0.5685,0.8875,-52043.884804711066,3170.7954353084206
0.5685,0.89375,-52100.18544881689,3227.0960794142447
0.5685,0.9000000000000001,-52156.901374589834,3283.8120051871883
0.5685,0.90625,-52214.031760437196,3340.9423910345504
0.5685,0.9125000000000001,-52271.575816596895,3398.486447194249
0.5685,0.91875,-52329.53278470482,3456.443415302172
0.5685,0.925,-52387.90193737585,3514.812567973204
0.5685,0.9312500000000001,-52446.68257779798,3573.5932083953376
0.5685,0.9375,-52505.87403933931,3632.7846699366637
0.5685,0.9437500000000001,-52565.47568516742,3692.386315764772
0.5685,0.95,-52625.48690788097,3752.397538478326
0.5715833333333333,0.2,-48925.278819363135,52.18944996048958
0.5715833333333333,0.20625000000000002,-48915.530439489536,42.44107008689025
0.5715833333333333,0.21250000000000002,-48906.86000161161,33.77063220896525
0.5715833333333333,0.21875,-48899.24511306679,26.15574366414512
0.5715833333333333,0.225,-48892.66432163912,19.57495223647129
0.5715833333333333,0.23125,-48887.097061183995,14.007691781349422
0.5715833333333333,0.23750000000000002,-48882.52360131704,9.43423191439797
0.5715833333333333,0.24375000000000002,-48878.92500079745,5.835631394802476
0.5715833333333333,0.25,-48876.28306427538,3.1936948727379786
0.5715833333333333,0.25625000000000003,-48874.58030210801,1.4909327053610468
0.5715833333333333,0.2625,-48873.799892978765,0.710523576119158
0.5715833333333333,0.26875000000000004,-48873.925649081895,0.8362796792498557
0.5715833333333333,0.275,-48874.94198365757,1.8526142549235374
0.5715833333333333,0.28125,-48876.83388068435,3.7445112817076733
0.5715833333333333,0.28750000000000003,-48879.586866554266,6.497497151620337
0.5715833333333333,0.29375,-48883.18698357241,10.097614169761073
0.5715833333333333,0.30000000000000004,-48887.620765137865,14.531395735219121
0.5715833333333333,0.30625,-48892.875212475876,19.785843073230353
0.5715833333333333,0.3125,-48898.93777280309,25.848403400443203
0.5715833333333333,0.31875000000000003,-48905.796318818306,32.70694941566035
0.5715833333333333,0.325,-48913.439129420585,40.34976001793984
0.5715833333333333,0.33125000000000004,-48921.8548715652,48.765502162554185
0.5715833333333333,0.3375,-48931.03258317553,57.94321377288725
0.5715833333333333,0.34375,-48940.96165703606,67.87228763341409
0.5715833333333333,0.35000000000000003,-48951.631825597695,78.54245619504945
0.5715833333333333,0.35625,-48963.03314663248,89.94377722983336
0.5715833333333333,0.36250000000000004,-48975.155989679806,102.06662027716084
0.5715833333333333,0.36875,-48987.99102323089,114.90165382824489
0.5715833333333333,0.375,-49001.529202602476,128.4398331998309
0.5715833333333333,0.38125000000000003,-49015.76175845464,142.67238905199338
0.5715833333333333,0.3875,-49030.680185910875,157.59081650822918
0.5715833333333333,0.39375000000000004,-49046.276234242236,173.18686483959027
0.5715833333333333,0.4,-49062.54189707953,189.45252767688362
0.5715833333333333,0.40625,-49079.46940312094,206.3800337182911
0.5715833333333333,0.41250000000000003,-49097.05120730446,223.96183790181385
0.5715833333333333,0.41875,-49115.2799824167,242.190613014056
0.5715833333333333,0.42500000000000004,-49134.14861111197,261.0592417093212
0.5715833333333333,0.43125,-49153.65017831711,280.5608089144662
0.5715833333333333,0.4375,-49173.77796399945,300.68859459680243
0.5715833333333333,0.44375000000000003,-49194.52543627673,321.43606687408464
0.5715833333333333,0.45,-49215.88624484932,342.79687544667104
0.5715833333333333,0.45625000000000004,-49237.85421473644,364.764845333797
0.5715833333333333,0.4625,-49260.42334029926,387.33397089661594
0.5715833333333333,0.46875,-49283.58777953488,410.4984101322334
0.5715833333333333,0.47500000000000003,-49307.341848626296,434.2524792236509
0.5715833333333333,0.48125,-49331.68001673452,458.5906473318755
0.5715833333333333,0.48750000000000004,-49356.5969010196,483.5075316169532
0.5715833333333333,0.49375,-49382.087261878456,508.99789247581066
0.5715833333333333,0.5,-49408.14599838809,535.0566289854469
0.5715833333333333,0.5062500000000001,-49434.768143943395,561.6787745407491
0.5715833333333333,0.5125,-49461.94886207952,588.859492676871
0.5715833333333333,0.51875,-49489.683442469315,616.5940730666698
0.5715833333333333,0.525,-49517.967297087016,644.8779276843707
0.5715833333333333,0.53125,-49546.795956529815,673.7065871271698
0.5715833333333333,0.5375000000000001,-49576.1650664894,703.0756970867515
0.5715833333333333,0.54375,-49606.07038436617,732.9810149635232
0.5715833333333333,0.55,-49636.50777601922,763.4184066165762
0.5715833333333333,0.55625,-49667.47321264529,794.3838432426419
0.5715833333333333,0.5625,-49698.96276778073,825.873398378084
0.5715833333333333,0.5687500000000001,-49730.972614420665,857.8832450180198
0.5715833333333333,0.575,-49763.49902224969,890.4096528470473
0.5715833333333333,0.58125,-49796.53835497906,923.4489855764114
0.5715833333333333,0.5875,-49830.08706778525,956.9976983826054
0.5715833333333333,0.59375,-49864.141704845664,991.0523354430188
0.5715833333333333,0.6000000000000001,-49898.698896966576,1025.609527563931
0.5715833333333333,0.60625,-49933.7553592996,1060.665989896952
0.5715833333333333,0.6125,-49969.30788914247,1096.2185197398212
0.5715833333333333,0.61875,-50005.353363820555,1132.26399441791
0.5715833333333333,0.625,-50041.88873864556,1168.7993692429154
0.5715833333333333,0.6312500000000001,-50078.911044948065,1205.8216755454196
0.5715833333333333,0.6375,-50116.41738818063,1243.328018777982
0.5715833333333333,0.64375,-50154.404946088674,1281.315576686029
0.5715833333333333,0.65,-50192.870966946095,1319.7815975434496
0.5715833333333333,0.65625,-50231.81276785297,1358.7233984503255
0.5715833333333333,0.6625000000000001,-50271.22773309275,1398.1383636901082
0.5715833333333333,0.66875,-50311.11331254658,1438.0239431439331
0.5715833333333333,0.675,-50351.467020162294,1478.3776507596485
0.5715833333333333,0.68125,-50392.28643247597,1519.1970630733267
0.5715833333333333,0.6875,-50433.56918718387,1560.4798177812263
0.5715833333333333,0.6937500000000001,-50475.31298176283,1602.2236123601833
0.5715833333333333,0.7,-50517.51557213712,1644.426202734474
0.5715833333333333,0.70625,-50560.17477139001,1687.085401987366
0.5715833333333333,0.7125000000000001,-50603.288448518244,1730.1990791155986
0.5715833333333333,0.71875,-50646.85452722792,1773.7651578252771
0.5715833333333333,0.7250000000000001,-50690.87098476995,1817.7816153673048
0.5715833333333333,0.73125,-50735.33585081386,1862.2464814112172
0.5715833333333333,0.7375,-50780.2472063583,1907.1578369556519
0.5715833333333333,0.7437500000000001,-50825.60318267705,1952.5138132744032
0.5715833333333333,0.75,-50871.40196029902,1998.3125908963775
0.5715833333333333,0.7562500000000001,-50917.641768021305,2044.55239861866
0.5715833333333333,0.7625,-50964.32088195366,2091.231512551014
0.5715833333333333,0.76875,-51011.437624593775,2138.3482551911293
0.5715833333333333,0.7750000000000001,-51058.990363931734,2185.900994529089
0.5715833333333333,0.78125,-51106.97751258311,2233.888143180462
0.5715833333333333,0.7875000000000001,-51155.39752694928,2282.308157546635
0.5715833333333333,0.79375,-51204.24890640428,2331.1595370016366
0.5715833333333333,0.8,-51253.53019250722,2380.4408231045745
0.5715833333333333,0.8062500000000001,-51303.23996823924,2430.150598836597
0.5715833333333333,0.8125,-51353.376857264455,2480.2874878618095
0.5715833333333333,0.8187500000000001,-51403.939523213776,2530.8501538111304
0.5715833333333333,0.825,-51454.9266689911,2581.8372995884565
0.5715833333333333,0.83125,-51506.33703610095,2633.2476666983057
0.5715833333333333,0.8375000000000001,-51558.16940399693,2685.0800345942844
0.5715833333333333,0.84375,-51610.42258945039,2737.3332200477453
0.5715833333333333,0.8500000000000001,-51663.09544593847,2790.006076535821
0.5715833333333333,0.85625,-51716.186863051145,2843.0974936485
0.5715833333333333,0.8625,-51769.6957659164,2896.606396513758
0.5715833333333333,0.8687500000000001,-51823.62111464319,2950.5317452405434
0.5715833333333333,0.875,-51877.96190378153,3004.872534378883
0.5715833333333333,0.8812500000000001,-51932.71716179922,3059.6277923965754
0.5715833333333333,0.8875,-51987.88595057462,3114.796581171977
0.5715833333333333,0.89375,-52043.46736490514,3170.3779955024947
0.5715833333333333,0.9000000000000001,-52099.46053203082,3226.371162628173
0.5715833333333333,0.90625,-52155.86461117264,3282.775241769996
0.5715833333333333,0.9125000000000001,-52212.67879308516,3339.5894236825116
0.5715833333333333,0.91875,-52269.90229962289,3396.8129302202433
0.5715833333333333,0.925,-52327.53438332032,3454.445013917677
0.5715833333333333,0.9312500000000001,-52385.57432698484,3512.4849575821936
0.5715833333333333,0.9375,-52444.02144330248,3570.932073899836
0.5715833333333333,0.9437500000000001,-52502.87507445605,3629.7857050534076
0.5715833333333333,0.95,-52562.13459175515,3689.0452223525062
0.5746666666666667,0.2,-48929.08938596214,56.00001655949745
0.5746666666666667,0.20625000000000002,-48918.9902507747,45.90088137205748
0.5746666666666667,0.21250000000000002,-48909.96398151464,36.874612111991155
0.5746666666666667,0.21875,-48901.98831737747,28.898947974827024
0.5746666666666667,0.225,-48895.04192973513,21.952560332487337
0.5746666666666667,0.23125,-48889.104368376655,16.01499897400936
0.5746666666666667,0.23750000000000002,-48884.156011756495,11.066642353849602
0.5746666666666667,0.24375000000000002,-48880.17802088703,7.08865148438781
0.5746666666666667,0.25,-48877.15229654999,4.062927147344453
0.5746666666666667,0.25625000000000003,-48875.06143953606,1.9720701334154
0.5746666666666667,0.2625,-48873.88871365158,0.7993442489314475
0.5746666666666667,0.26875000000000004,-48873.61801125771,0.5286418550676899
0.5746666666666667,0.275,-48874.233821130976,1.1444517283307505
0.5746666666666667,0.28125,-48875.7211984544,2.6318290517519927
0.5746666666666667,0.28750000000000003,-48878.06573676736,4.976367364717589
0.5746666666666667,0.29375,-48881.25354171825,8.164172315606265
0.5746666666666667,0.30000000000000004,-48885.27120647855,12.181837075906515
0.5746666666666667,0.30625,-48890.10578869045,17.016419287807366
0.5746666666666667,0.3125,-48895.74478883109,22.655419428447203
0.5746666666666667,0.31875000000000003,-48902.17612988748,29.086760484831757
0.5746666666666667,0.325,-48909.388138245165,36.298768842520076
0.5746666666666667,0.33125000000000004,-48917.36952570244,44.280156299792
0.5746666666666667,0.3375,-48926.109372529114,53.02000312646851
0.5746666666666667,0.34375,-48935.597111495925,62.507742093279376
0.5746666666666667,0.35000000000000003,-48945.8225128068,72.73314340415527
0.5746666666666667,0.35625,-48956.77566987185,83.68630046920589
0.5746666666666667,0.36250000000000004,-48968.44698586363,95.35761646098399
0.5746666666666667,0.36875,-48980.827161004374,107.73779160172853
0.5746666666666667,0.375,-48993.907180535636,120.81781113299076
0.5746666666666667,0.38125000000000003,-49007.67830332562,134.58893392297614
0.5746666666666667,0.3875,-49022.13205107321,149.0426816705658
0.5746666666666667,0.39375000000000004,-49037.26019807033,164.1708286676876
0.5746666666666667,0.4,-49053.054761487714,179.96539208506874
0.5746666666666667,0.40625,-49069.50799215134,196.41862274869345
0.5746666666666667,0.41250000000000003,-49086.612365779336,213.52299637669057
0.5746666666666667,0.41875,-49104.36057465147,231.27120524882775
0.5746666666666667,0.42500000000000004,-49122.74551968508,249.65615028243337
0.5746666666666667,0.43125,-49141.76030289338,268.6709334907355
0.5746666666666667,0.4375,-49161.398220203715,288.30885080106964
0.5746666666666667,0.44375000000000003,-49181.65275461481,308.5633852121682
0.5746666666666667,0.45,-49202.51756967353,329.428200270886
0.5746666666666667,0.45625000000000004,-49223.98650325303,350.8971338503834
0.5746666666666667,0.4625,-49246.05356161544,372.9641922127921
0.5746666666666667,0.46875,-49268.71291374312,395.623544340473
0.5746666666666667,0.47500000000000003,-49291.9588859239,418.8695165212557
0.5746666666666667,0.48125,-49315.78595657632,442.69658717367565
0.5746666666666667,0.48750000000000004,-49340.188751302005,467.0993818993593
0.5746666666666667,0.49375,-49365.16203815324,492.07266875059577
0.5746666666666667,0.5,-49390.70072310416,517.6113537015117
0.5746666666666667,0.5062500000000001,-49416.79984571497,543.710476312328
0.5746666666666667,0.5125,-49443.454574979485,570.3652055768398
0.5746666666666667,0.51875,-49470.6602053462,597.5708359435521
0.5746666666666667,0.525,-49498.41215290446,625.3227835018115
0.5746666666666667,0.53125,-49526.70595172726,653.616582324612
0.5746666666666667,0.5375000000000001,-49555.53725036293,682.4478809602879
0.5746666666666667,0.54375,-49584.90180846848,711.812439065834
0.5746666666666667,0.55,-49614.795493577505,741.7061241748597
0.5746666666666667,0.55625,-49645.2142779964,772.1249085937525
0.5746666666666667,0.5625,-49676.154235822534,803.0648664198889
0.5746666666666667,0.5687500000000001,-49707.611540078804,834.5221706761586
0.5746666666666667,0.575,-49739.58245995894,866.4930905562942
0.5746666666666667,0.58125,-49772.06335817852,898.9739887758769
0.5746666666666667,0.5875,-49805.050688426774,931.9613190241289
0.5746666666666667,0.59375,-49838.540992914626,965.4516235119809
0.5746666666666667,0.6000000000000001,-49872.530900014564,999.441530611919
0.5746666666666667,0.60625,-49907.01712198829,1033.927752585645
0.5746666666666667,0.6125,-49941.99645279814,1068.9070833954975
0.5746666666666667,0.61875,-49977.46576599875,1104.3763965961043
0.5746666666666667,0.625,-50013.42201270528,1140.3326433026377
0.5746666666666667,0.6312500000000001,-50049.86221963506,1176.772850232417
0.5746666666666667,0.6375,-50086.78348721935,1213.6941178167035
0.5746666666666667,0.64375,-50124.18298778233,1251.0936183796875
0.5746666666666667,0.65,-50162.05796378452,1288.9685943818768
0.5746666666666667,0.65625,-50200.40572612775,1327.316356725103
0.5746666666666667,0.6625000000000001,-50239.2236525194,1366.1342831167567
0.5746666666666667,0.66875,-50278.50918589324,1405.4198164905974
0.5746666666666667,0.675,-50318.25983288466,1445.1704634820126
0.5746666666666667,0.68125,-50358.47316235813,1485.3837929554866
0.5746666666666667,0.6875,-50399.146803984724,1526.0574345820787
0.5746666666666667,0.6937500000000001,-50440.27844686774,1567.1890774650965
0.5746666666666667,0.7,-50481.86583821455,1608.776468811906
0.5746666666666667,0.70625,-50523.90678205286,1650.8174126502126
0.5746666666666667,0.7125000000000001,-50566.399137989574,1693.3097685869288
0.5746666666666667,0.71875,-50609.34082001084,1736.2514506081934
0.5746666666666667,0.7250000000000001,-50652.729795321415,1779.6404259187693
0.5746666666666667,0.73125,-50696.56408322211,1823.4747138194653
0.5746666666666667,0.7375,-50740.841754023815,1867.7523846211698
0.5746666666666667,0.7437500000000001,-50785.560927996594,1912.4715585939484
0.5746666666666667,0.75,-50830.719774352794,1957.6304049501487
0.5746666666666667,0.7562500000000001,-50876.316510262826,2003.227140860181
0.5746666666666667,0.7625,-50922.34939990228,2049.2600304996377
0.5746666666666667,0.76875,-50968.816753529594,2095.727384126949
0.5746666666666667,0.7750000000000001,-51015.71692659273,2142.627557190084
0.5746666666666667,0.78125,-51063.04831886432,2189.958949461674
0.5746666666666667,0.7875000000000001,-51110.80937360385,2237.7200042012046
0.5746666666666667,0.79375,-51158.99857674626,2285.9092073436113
0.5746666666666667,0.8,-51207.61445611579,2334.525086713147
0.5746666666666667,0.8062500000000001,-51256.655580664505,2383.5662112618593
0.5746666666666667,0.8125,-51306.12055973433,2433.0311903316833
0.5746666666666667,0.8187500000000001,-51356.00804234203,2482.918672939384
0.5746666666666667,0.825,-51406.316716486326,2533.227347083681
0.5746666666666667,0.83125,-51457.04530847636,2583.955939073712
0.5746666666666667,0.8375000000000001,-51508.19258228085,2635.1032128782026
0.5746666666666667,0.84375,-51559.75733889724,2686.6679694945924
0.5746666666666667,0.8500000000000001,-51611.73841574024,2738.649046337596
0.5746666666666667,0.85625,-51664.13468604907,2791.0453166464213
0.5746666666666667,0.8625,-51716.94505831289,2843.8556889102474
0.5746666666666667,0.8687500000000001,-51770.16847571377,2897.0791063111246
0.5746666666666667,0.875,-51823.80391558676,2950.7145461841137
0.5746666666666667,0.8812500000000001,-51877.850388896346,3004.7610194937006
0.5746666666666667,0.8875,-51932.30693972905,3059.2175703264074
0.5746666666666667,0.89375,-51987.17264480144,3114.0832753987925
0.5746666666666667,0.9000000000000001,-52042.44661298323,3169.3572435805836
0.5746666666666667,0.90625,-52098.127984834995,3225.0386154323496
0.5746666666666667,0.9125000000000001,-52154.21593216007,3281.126562757425
0.5746666666666667,0.91875,-52210.709657570136,3337.620288167491
0.5746666666666667,0.925,-52267.608394064286,3394.5190246616403
0.5746666666666667,0.9312500000000001,-52324.91140462096,3451.8220352183125
0.5746666666666667,0.9375,-52382.61798180261,3509.5286123999613
0.5746666666666667,0.9437500000000001,-52440.72744737252,3567.638077969874
0.5746666666666667,0.95,-52499.23915192364,3626.1497825209954
0.5777500000000001,0.2,-48933.07641946971,59.987050067065866
0.5777500000000001,0.20625000000000002,-48922.62828737566,49.53891797301185
0.5777500000000001,0.21250000000000002,-48913.247936288586,40.15856688594067
0.5777500000000001,0.21875,-48904.91323796267,31.823868560022675
0.5777500000000001,0.225,-48897.60298804579,24.51361864314822
0.5777500000000001,0.23125,-48891.2968529357,18.207483533056802
0.5777500000000001,0.23750000000000002,-48885.975320587604,12.885951184958685
0.5777500000000001,0.24375000000000002,-48881.6196549156,8.530285512955743
0.5777500000000001,0.25,-48878.211853468194,5.122484065548633
0.5777500000000001,0.25625000000000003,-48875.73460809159,2.645238688943209
0.5777500000000001,0.2625,-48874.17126832393,1.081898921285756
0.5777500000000001,0.26875000000000004,-48873.50580728945,0.41643788680812577
0.5777500000000001,0.275,-48873.72278988451,0.6334204818631406
0.5777500000000001,0.28125,-48874.807343067936,1.7179736652906286
0.5777500000000001,0.28750000000000003,-48876.745128085924,3.655758683278691
0.5777500000000001,0.29375,-48879.522314478,6.432945075357566
0.5777500000000001,0.30000000000000004,-48883.12555572491,10.036186322264257
0.5777500000000001,0.30625,-48887.541966411765,14.452597009119927
0.5777500000000001,0.3125,-48892.75910079187,19.66973138922185
0.5777500000000001,0.31875000000000003,-48898.764932646125,25.6755632434797
0.5777500000000001,0.325,-48905.54783634275,32.45846694010106
0.5777500000000001,0.33125000000000004,-48913.096569009984,40.00719960733841
0.5777500000000001,0.3375,-48921.40025374222,48.31088433957484
0.5777500000000001,0.34375,-48930.44836376618,57.35899436353793
0.5777500000000001,0.35000000000000003,-48940.23070750061,67.14133809796476
0.5777500000000001,0.35625,-48950.73741444765,77.64804504500353
0.5777500000000001,0.36250000000000004,-48961.958921859754,88.86955245710851
0.5777500000000001,0.36875,-48973.88596212995,100.7965927273035
0.5777500000000001,0.375,-48986.509550857656,113.4201814550106
0.5777500000000001,0.38125000000000003,-48999.82097554613,126.73160614348308
0.5777500000000001,0.3875,-49013.81178489035,140.72241548770398
0.5777500000000001,0.39375000000000004,-49028.47377861834,155.38440921569418
0.5777500000000001,0.4,-49043.79899785054,170.70962844789756
0.5777500000000001,0.40625,-49059.77971594538,186.69034654273128
0.5777500000000001,0.41250000000000003,-49076.40842980105,203.31906039840396
0.5777500000000001,0.41875,-49093.677851585824,220.5884821831787
0.5777500000000001,0.42500000000000004,-49111.58090087118,238.49153146853496
0.5777500000000001,0.43125,-49130.110697143784,257.0213277411385
0.5777500000000001,0.4375,-49149.26055267437,276.1711832717265
0.5777500000000001,0.44375000000000003,-49169.02396572243,295.93459631978476
0.5777500000000001,0.45,-49189.39461405783,316.305244655181
0.5777500000000001,0.45625000000000004,-49210.366348781135,337.27697937849007
0.5777500000000001,0.4625,-49231.933188426076,358.8438190234301
0.5777500000000001,0.46875,-49254.0893133283,380.99994392565713
0.5777500000000001,0.47500000000000003,-49276.82906024596,403.73969084331475
0.5777500000000001,0.48125,-49300.146917218444,427.0575478157989
0.5777500000000001,0.48750000000000004,-49324.037518650315,450.9481492476698
0.5777500000000001,0.49375,-49348.495640608635,475.40627120598947
0.5777500000000001,0.5,-49373.516196322424,500.42682691977825
0.5777500000000001,0.5062500000000001,-49399.09423187353,526.004862470887
0.5777500000000001,0.5125,-49425.22492206936,552.1355526667176
0.5777500000000001,0.51875,-49451.90356648789,578.8141970852448
0.5777500000000001,0.525,-49479.12558568639,606.0362162837482
0.5777500000000001,0.53125,-49506.88651756566,633.7971481630157
0.5777500000000001,0.5375000000000001,-49535.18201388201,662.0926444793658
0.5777500000000001,0.54375,-49564.007836899764,690.9184674971184
0.5777500000000001,0.55,-49593.35985617747,720.2704867748253
0.5777500000000001,0.55625,-49623.23404548133,750.1446760786857
0.5777500000000001,0.5625,-49653.626479819824,780.5371104171791
0.5777500000000001,0.5687500000000001,-49684.533332593695,811.44396319105
0.5777500000000001,0.575,-49715.95087285609,842.861503453445
0.5777500000000001,0.58125,-49747.87546267749,874.7860932748445
0.5777500000000001,0.5875,-49780.30355461087,907.2141852082277
0.5777500000000001,0.59375,-49813.231689252265,940.1423198496195
0.5777500000000001,0.6000000000000001,-49846.6564928926,973.5671234899564
0.5777500000000001,0.60625,-49880.5746752567,1007.4853058540539
0.5777500000000001,0.6125,-49914.98302732549,1041.8936579228466
0.5777500000000001,0.61875,-49949.878419237866,1076.7890498352208
0.5777500000000001,0.625,-49985.25779826859,1112.1684288659453
0.5777500000000001,0.6312500000000001,-50021.11818687919,1148.0288174765446
0.5777500000000001,0.6375,-50057.45668083838,1184.367311435737
0.5777500000000001,0.64375,-50094.27044740943,1221.1810780067826
0.5777500000000001,0.65,-50131.556723601345,1258.4673541986995
0.5777500000000001,0.65625,-50169.31281448134,1296.2234450786927
0.5777500000000001,0.6625000000000001,-50207.53609154612,1334.4467221434752
0.5777500000000001,0.66875,-50246.2239911494,1373.134621746758
0.5777500000000001,0.675,-50285.374012983506,1412.2846435808606
0.5777500000000001,0.68125,-50324.983718612784,1451.894349210139
0.5777500000000001,0.6875,-50365.05073005682,1491.9613606541752
0.5777500000000001,0.6937500000000001,-50405.57272842146,1532.4833590188136
0.5777500000000001,0.7,-50446.54745257567,1573.4580831730273
0.5777500000000001,0.70625,-50487.97269787261,1614.883328469965
0.5777500000000001,0.7125000000000001,-50529.84631491305,1656.7569455104021
0.5777500000000001,0.71875,-50572.166208349576,1699.0768389469304
0.5777500000000001,0.7250000000000001,-50614.93033573007,1741.8409663274215
0.5777500000000001,0.73125,-50658.13670637887,1785.0473369762258
0.5777500000000001,0.7375,-50701.78338031429,1828.6940109116476
0.5777500000000001,0.7437500000000001,-50745.868467201115,1872.7790977984696
0.5777500000000001,0.75,-50790.39012533674,1917.3007559340913
0.5777500000000001,0.7562500000000001,-50835.34656066989,1962.257191267243
0.5777500000000001,0.7625,-50880.73602585042,2007.6466564477741
0.5777500000000001,0.76875,-50926.556819309466,2053.4674499068205
0.5777500000000001,0.7750000000000001,-50972.80728436849,2099.7179149658477
0.5777500000000001,0.78125,-51019.48580837655,2146.396438973905
0.5777500000000001,0.7875000000000001,-51066.59082187446,2193.5014524718135
0.5777500000000001,0.79375,-51114.12079778516,2241.0314283825137
0.5777500000000001,0.8,-51162.07425062933,2288.9848812266864
0.5777500000000001,0.8062500000000001,-51210.449735765265,2337.36036636262
0.5777500000000001,0.8125,-51259.24584865233,2386.1564792496865
0.5777500000000001,0.8187500000000001,-51308.46122413715,2435.371854734505
0.5777500000000001,0.825,-51358.0945357617,2485.0051663590566
0.5777500000000001,0.83125,-51408.14449509283,2535.0551256901817
0.5777500000000001,0.8375000000000001,-51458.60985107202,2585.520481669373
0.5777500000000001,0.84375,-51509.489389385344,2636.4000199826987
0.5777500000000001,0.8500000000000001,-51560.78193185245,2687.6925624498035
0.5777500000000001,0.85625,-51612.486335834226,2739.396966431581
0.5777500000000001,0.8625,-51664.60149365854,2791.512124255896
0.5777500000000001,0.8687500000000001,-51717.12633206332,2844.036962660677
0.5777500000000001,0.875,-51770.0598116567,2896.9704422540526
0.5777500000000001,0.8812500000000001,-51823.40092639344,2950.311556990797
0.5777500000000001,0.8875,-51877.1487030673,3004.059333664656
0.5777500000000001,0.89375,-51931.30220081884,3058.2128314161964
0.5777500000000001,0.9000000000000001,-51985.86051065805,3112.7711412554054
0.5777500000000001,0.90625,-52040.822755001616,3167.733385598971
0.5777500000000001,0.9125000000000001,-52096.18808722423,3223.0987178215873
0.5777500000000001,0.91875,-52151.9556912235,3278.866321820853
0.5777500000000001,0.925,-52208.12478099814,3335.035411595498
0.5777500000000001,0.9312500000000001,-52264.69460023914,3391.605230836496
0.5777500000000001,0.9375,-52321.664421933325,3448.5750525306794
0.5777500000000001,0.9437500000000001,-52379.033547979176,3505.9441785765302
0.5777500000000001,0.95,-52436.80130881445,3563.7119394118054
0.5808333333333334,0.2,-48937.24093074727,64.1515613446245
0.5808333333333334,0.20625000000000002,-48926.44557262272,53.35620322007162
0.5808333333333334,0.21250000000000002,-48916.71290151031,43.623532107667415
0.5808333333333334,0.21875,-48908.02092242287,34.931553020222054
0.5808333333333334,0.225,-48900.348555971956,27.25918656931026
0.5808333333333334,0.23125,-48893.67558583905,20.586216436407994
0.5808333333333334,0.23750000000000002,-48887.982610142106,14.893240739460452
0.5808333333333334,0.24375000000000002,-48883.25099634581,10.161626943161536
0.5808333333333334,0.25,-48879.462839401036,6.373469998390647
0.5808333333333334,0.25625000000000003,-48876.60092283203,3.511553429387277
0.5808333333333334,0.2625,-48874.64868251828,1.5593131156347226
0.5808333333333334,0.26875000000000004,-48873.59017294381,0.5008035411665333
0.5808333333333334,0.275,-48873.41003570915,0.32066630650660954
0.5808333333333334,0.28125,-48874.093470121006,1.00410071836086
0.5808333333333334,0.28750000000000003,-48875.62620569256,2.536836289917119
0.5808333333333334,0.29375,-48877.99447640324,4.905107000595308
0.5808333333333334,0.30000000000000004,-48881.184996580545,8.095627177899587
0.5808333333333334,0.30625,-48885.18493827937,12.095568876728066
0.5808333333333334,0.3125,-48889.98191004559,16.892540642948006
0.5808333333333334,0.31875000000000003,-48895.56393696043,22.47456755778694
0.5808333333333334,0.325,-48901.91944187158,28.830072468932485
0.5808333333333334,0.33125000000000004,-48909.03722772488,35.94785832223715
0.5808333333333334,0.3375,-48916.90646091806,43.81709151541145
0.5808333333333334,0.34375,-48925.516655604166,52.427286201520474
0.5808333333333334,0.35000000000000003,-48934.85765887893,61.768289476283826
0.5808333333333334,0.35625,-48944.91963679106,71.83026738841727
0.5808333333333334,0.36250000000000004,-48955.69306112002,82.60369171737693
0.5808333333333334,0.36875,-48967.168696869696,94.07932746705046
0.5808333333333334,0.375,-48979.33759043082,106.24822102817416
0.5808333333333334,0.38125000000000003,-48992.191058368604,119.1016889659586
0.5808333333333334,0.3875,-49005.7206767952,132.63130739255575
0.5808333333333334,0.39375000000000004,-49019.91827128988,146.82890188723104
0.5808333333333334,0.4,-49034.77590733257,161.686537929927
0.5808333333333334,0.40625,-49050.28588121878,177.19651181613153
0.5808333333333334,0.41250000000000003,-49066.44071142652,193.35134202387417
0.5808333333333334,0.41875,-49083.23313040768,210.14376100503432
0.5808333333333334,0.42500000000000004,-49100.65607677867,227.5667073760269
0.5808333333333334,0.43125,-49118.70268788635,245.61331848370173
0.5808333333333334,0.4375,-49137.36629272766,264.27692332501465
0.5808333333333334,0.44375000000000003,-49156.64040520218,283.5510357995372
0.5808333333333334,0.45,-49176.51871767868,303.4293482760331
0.5808333333333334,0.45625000000000004,-49196.99509485792,323.9057254552754
0.5808333333333334,0.4625,-49218.063567915044,344.9741985123983
0.5808333333333334,0.46875,-49239.7183289061,366.6289595034541
0.5808333333333334,0.47500000000000003,-49261.95372542422,388.86435602157144
0.5808333333333334,0.48125,-49284.764255491944,411.6748860892985
0.5808333333333334,0.48750000000000004,-49308.14456267694,435.05519327429647
0.5808333333333334,0.49375,-49332.08943141936,459.00006201671204
0.5808333333333334,0.5,-49356.593782559554,483.5044131569084
0.5808333333333334,0.5062500000000001,-49381.652669055984,508.5632996533386
0.5808333333333334,0.5125,-49407.261271883195,534.1719024805498
0.5808333333333334,0.51875,-49433.414896100905,560.3255266982596
0.5808333333333334,0.525,-49460.108967085536,587.0195976828909
0.5808333333333334,0.53125,-49487.339026916015,614.24965751337
0.5808333333333334,0.5375000000000001,-49515.100730906124,642.0113615034788
0.5808333333333334,0.54375,-49543.38984427648,670.3004748738313
0.5808333333333334,0.55,-49572.20223895901,699.1128695563675
0.5808333333333334,0.55625,-49601.53389052788,728.4445211252314
0.5808333333333334,0.5625,-49631.380875250565,758.2915058479193
0.5808333333333334,0.5687500000000001,-49661.73936725358,788.6499978509382
0.5808333333333334,0.575,-49692.60563579745,819.5162663948067
0.5808333333333334,0.58125,-49723.97604265578,850.8866732531314
0.5808333333333334,0.5875,-49755.84703959377,882.7576701911239
0.5808333333333334,0.59375,-49788.21516594154,915.1257965388941
0.5808333333333334,0.6000000000000001,-49821.07704625806,947.9876768554168
0.5808333333333334,0.60625,-49854.42938808157,981.3400186789222
0.5808333333333334,0.6125,-49888.26897976267,1015.1796103600282
0.5808333333333334,0.61875,-49922.592688376564,1049.5033189739188
0.5808333333333334,0.625,-49957.39745771075,1084.3080883081057
0.5808333333333334,0.6312500000000001,-49992.680306325194,1119.5909369225483
0.5808333333333334,0.6375,-50028.43832568168,1155.3489562790346
0.5808333333333334,0.64375,-50064.66867833946,1191.5793089368162
0.5808333333333334,0.65,-50101.368596214495,1228.27922681185
0.5808333333333334,0.65625,-50138.535378899454,1265.446009496809
0.5808333333333334,0.6625000000000001,-50176.16639204211,1303.077022639467
0.5808333333333334,0.66875,-50214.25906577972,1341.1696963770737
0.5808333333333334,0.675,-50252.810893227026,1379.7215238243807
0.5808333333333334,0.68125,-50291.8194290158,1418.7300596131536
0.5808333333333334,0.6875,-50331.282287883805,1458.1929184811597
0.5808333333333334,0.6937500000000001,-50371.19714331128,1498.1077739086322
0.5808333333333334,0.7,-50411.561726203014,1538.4723568003683
0.5808333333333334,0.70625,-50452.373823614245,1579.2844542116
0.5808333333333334,0.7125000000000001,-50493.63127751875,1620.5419081161017
0.5808333333333334,0.71875,-50535.33198361738,1662.2426142147378
0.5808333333333334,0.7250000000000001,-50577.47389018565,1704.3845207830018
0.5808333333333334,0.73125,-50620.054996958715,1746.96562755607
0.5808333333333334,0.7375,-50663.07335405263,1789.9839846499817
0.5808333333333334,0.7437500000000001,-50706.527060920125,1833.4376915174798
0.5808333333333334,0.75,-50750.414265340085,1877.3248959374396
0.5808333333333334,0.7562500000000001,-50794.733162439145,1921.6437930364991
0.5808333333333334,0.7625,-50839.48199374435,1966.3926243417081
0.5808333333333334,0.76875,-50884.659046265886,2011.5696768632406
0.5808333333333334,0.7750000000000001,-50930.26265160857,2057.1732822059275
0.5808333333333334,0.78125,-50976.291185111346,2103.2018157087005
0.5808333333333334,0.7875000000000001,-51022.74306501352,2149.6536956108757
0.5808333333333334,0.79375,-51069.61675164708,2196.527382244436
0.5808333333333334,0.8,-51116.910746653986,2243.821377251341
0.5808333333333334,0.8062500000000001,-51164.62359222769,2291.5342228250447
0.5808333333333334,0.8125,-51212.753870378016,2339.66450097537
0.5808333333333334,0.8187500000000001,-51261.30020221867,2388.210832816025
0.5808333333333334,0.825,-51310.26124727649,2437.171877873843
0.5808333333333334,0.83125,-51359.6357028219,2486.5463334192536
0.5808333333333334,0.8375000000000001,-51409.42230321973,2536.332933817088
0.5808333333333334,0.84375,-51459.619819299754,2586.530449897109
0.5808333333333334,0.8500000000000001,-51510.22705774644,2637.1376883437915
0.5808333333333334,0.85625,-51561.24286050701,2688.1534911043636
0.5808333333333334,0.8625,-51612.66610421766,2739.576734815011
0.5808333333333334,0.8687500000000001,-51664.49569964689,2791.4063302442446
0.5808333333333334,0.875,-51716.73059115578,2843.6412217531324
0.5808333333333334,0.8812500000000001,-51769.36975617451,2896.2803867718612
0.5808333333333334,0.8875,-51822.41220469459,2949.322835291947
0.5808333333333334,0.89375,-51875.85697877657,3002.767609373921
0.5808333333333334,0.9000000000000001,-51929.703152072354,3056.6137826697086
0.5808333333333334,0.90625,-51983.94982936213,3110.8604599594837
0.5808333333333334,0.9125000000000001,-52038.59614610516,3165.5067767025175
0.5808333333333334,0.91875,-52093.64126800412,3220.551898601472
0.5808333333333334,0.925,-52149.08439058266,3275.995021180017
0.5808333333333334,0.9312500000000001,-52204.924738775764,3331.8353693731187
0.5808333333333334,0.9375,-52261.16156653244,3388.072197129797
0.5808333333333334,0.9437500000000001,-52317.79415643066,3444.704787028015
0.5808333333333334,0.95,-52374.82181930382,3501.732449901174
0.5839166666666668,0.2,-48941.58394250599,68.49457310334401
0.5839166666666668,0.20625000000000002,-48930.443141927535,57.35377252488979
0.5839166666666668,0.21250000000000002,-48920.35992506837,47.270555665723805
0.5839166666666668,0.21875,-48911.312430899256,38.22306149661017
0.5839166666666668,0.225,-48903.279705682784,30.19033628013858
0.5839166666666668,0.23125,-48896.24165105907,23.152281656424748
0.5839166666666668,0.23750000000000002,-48890.1789759709,17.089606568253657
0.5839166666666668,0.24375000000000002,-48885.07315208255,11.983782679904834
0.5839166666666668,0.25,-48880.90637238336,7.817002980715188
0.5839166666666668,0.25625000000000003,-48877.66151269857,4.572143295925343
0.5839166666666668,0.2625,-48875.32209585913,2.232726456481032
0.5839166666666668,0.26875000000000004,-48873.872258306306,0.7828889036609326
0.5839166666666668,0.275,-48873.29671892976,0.20734952711791266
0.5839166666666668,0.28125,-48873.580749956905,0.49138055426010396
0.5839166666666668,0.28750000000000003,-48874.710149728955,1.6207803263096139
0.5839166666666668,0.29375,-48876.671217214694,3.581847812049091
0.5839166666666668,0.30000000000000004,-48879.45072812674,6.361358724097954
0.5839166666666668,0.30625,-48883.03591251735,9.946543114703672
0.5839166666666668,0.3125,-48887.41443374216,14.325064339514938
0.5839166666666668,0.31875000000000003,-48892.5743686899,19.48499928725505
0.5839166666666668,0.325,-48898.50418918527,25.414819782621635
0.5839166666666668,0.33125000000000004,-48905.19274448001,32.103375077364035
0.5839166666666668,0.3375,-48912.62924475457,39.53987535192573
0.5839166666666668,0.34375,-48920.80324555926,47.71387615661661
0.5839166666666668,0.35000000000000003,-48929.70463312953,56.615263726882404
0.5839166666666668,0.35625,-48939.32361051564,66.23424111299391
0.5839166666666668,0.36250000000000004,-48949.650684471606,76.56131506896054
0.5839166666666668,0.36875,-48960.67665305261,87.58728364996205
0.5839166666666668,0.375,-48972.39259387436,99.30322447171784
0.5839166666666668,0.38125000000000003,-48984.78985299135,111.70048358870554
0.5839166666666668,0.3875,-48997.86003435396,124.77066495131294
0.5839166666666668,0.39375000000000004,-49011.59498980806,138.50562040541263
0.5839166666666668,0.4,-49025.986809602866,152.89744020022044
0.5839166666666668,0.40625,-49041.027813375535,167.93844397288922
0.5839166666666668,0.41250000000000003,-49056.710541583496,183.6211721808504
0.5839166666666668,0.41875,-49073.027747357235,199.93837795458967
0.5839166666666668,0.42500000000000004,-49089.97238874859,216.88301934594347
0.5839166666666668,0.43125,-49107.53762135101,234.4482519483645
0.5839166666666668,0.4375,-49125.71679127011,252.62742186746618
0.5839166666666668,0.44375000000000003,-49144.5034284243,271.4140590216557
0.5839166666666668,0.45,-49163.89124015662,290.8018707539741
0.5839166666666668,0.45625000000000004,-49183.8741051401,310.7847357374558
0.5839166666666668,0.4625,-49204.446067560435,331.35669815778965
0.5839166666666668,0.46875,-49225.60133156039,352.5119621577469
0.5839166666666668,0.47500000000000003,-49247.33425593182,374.2448865291735
0.5839166666666668,0.48125,-49269.63934904174,396.5499796390941
0.5839166666666668,0.48750000000000004,-49292.51126398006,419.4218945774119
0.5839166666666668,0.49375,-49315.9447939171,442.8554245144551
0.5839166666666668,0.5,-49339.93486765993,466.84549825728755
0.5839166666666668,0.5062500000000001,-49364.4765453972,491.3871759945541
0.5839166666666668,0.5125,-49389.56501462273,516.4756452200818
0.5839166666666668,0.51875,-49415.195586228845,542.1062168261997
0.5839166666666668,0.525,-49441.36369076079,568.2743213581416
0.5839166666666668,0.53125,-49468.06487482423,594.9755054215857
0.5839166666666668,0.5375000000000001,-49495.29479763831,622.2054282356621
0.5839166666666668,0.54375,-49523.049227726995,649.9598583243496
0.5839166666666668,0.55,-49551.3240397422,678.2346703395524
0.5839166666666668,0.55625,-49580.115211412165,707.0258420095197
0.5839166666666668,0.5625,-49609.418820609266,736.3294512066204
0.5839166666666668,0.5687500000000001,-49639.23104253152,766.1416731288773
0.5839166666666668,0.575,-49669.54814699256,796.4587775899126
0.5839166666666668,0.58125,-49700.36649581495,827.2771264123076
0.5839166666666668,0.5875,-49731.682540322254,858.5931709196084
0.5839166666666668,0.59375,-49763.492818925144,890.4034495224987
0.5839166666666668,0.6000000000000001,-49795.79395479759,922.7045853949458
0.5839166666666668,0.60625,-49828.58265363884,955.4932842361959
0.5839166666666668,0.6125,-49861.8557015175,988.7663321148575
0.5839166666666668,0.61875,-49895.60996279425,1022.5205933916077
0.5839166666666668,0.625,-49929.84237811944,1056.753008716798
0.5839166666666668,0.6312500000000001,-49964.5499625027,1091.4605931000551
0.5839166666666668,0.6375,-49999.72980345125,1126.6404340486042
0.5839166666666668,0.64375,-50035.37905917405,1162.2896897714018
0.5839166666666668,0.65,-50071.49495684907,1198.4055874464248
0.5839166666666668,0.65625,-50108.074790950996,1234.9854215483501
0.5839166666666668,0.6625000000000001,-50145.115921636905,1272.0265522342597
0.5839166666666668,0.66875,-50182.61577318751,1309.526403784861
0.5839166666666668,0.675,-50220.57183250169,1347.482463099048
0.5839166666666668,0.68125,-50258.981647642286,1385.8922782396403
0.5839166666666668,0.6875,-50297.842826430904,1424.7534570282587
0.5839166666666668,0.6937500000000001,-50337.15303508997,1464.0636656873248
0.5839166666666668,0.7,-50376.909996930095,1503.8206275274497
0.5839166666666668,0.70625,-50417.111491080934,1544.0221216782884
0.5839166666666668,0.7125000000000001,-50457.755351264,1584.6659818613552
0.5839166666666668,0.71875,-50498.83946460564,1625.750095202995
0.5839166666666668,0.7250000000000001,-50540.36177048885,1667.2724010862075
0.5839166666666668,0.73125,-50582.32025944222,1709.2308900395728
0.5839166666666668,0.7375,-50624.712972064845,1751.6236026621991
0.5839166666666668,0.7437500000000001,-50667.53799798574,1794.4486285830935
0.5839166666666668,0.75,-50710.79347485652,1837.7041054538713
0.5839166666666668,0.7562500000000001,-50754.47758737605,1881.3882179734064
0.5839166666666668,0.7625,-50798.58856634615,1925.4991969435068
0.5839166666666668,0.76875,-50843.12468775689,1970.0353183542466
0.5839166666666668,0.7750000000000001,-50888.08427190065,2014.9949024980015
0.5839166666666668,0.78125,-50933.46568251394,2060.3763131112937
0.5839166666666668,0.7875000000000001,-50979.26732594585,2106.177956543208
0.5839166666666668,0.79375,-51025.48765035234,2152.3982809496956
0.5839166666666668,0.8,-51072.12514491537,2199.035775512726
0.5839166666666668,0.8062500000000001,-51119.17833908614,2246.088969683493
0.5839166666666668,0.8125,-51166.64580185148,2293.556432448837
0.5839166666666668,0.8187500000000001,-51214.5261410228,2341.4367716201523
0.5839166666666668,0.825,-51262.818002546555,2389.72863314391
0.5839166666666668,0.83125,-51311.52006983586,2438.430700433215
0.5839166666666668,0.8375000000000001,-51360.631063122244,2487.5416937195987
0.5839166666666668,0.84375,-51410.149738827124,2537.0603694244783
0.5839166666666668,0.8500000000000001,-51460.07488895219,2586.9855195495475
0.5839166666666668,0.85625,-51510.405340488214,2637.315971085569
0.5839166666666668,0.8625,-51561.1399548416,2688.0505854389557
0.5839166666666668,0.8687500000000001,-51612.27762727824,2739.1882578755976
0.5839166666666668,0.875,-51663.81728638396,2790.727916981312
0.5839166666666668,0.8812500000000001,-51715.75789354122,2842.6685241385712
0.5839166666666668,0.8875,-51768.09844242143,2895.0090730187876
0.5839166666666668,0.89375,-51820.837958492535,2947.7485890898897
0.5839166666666668,0.9000000000000001,-51873.975498541244,3000.8861291385983
0.5839166666666668,0.90625,-51927.51015020961,3054.4207808069623
0.5839166666666668,0.9125000000000001,-51981.44103154552,3108.3516621428716
0.5839166666666668,0.91875,-52035.76729056655,3162.6779211639077
0.5839166666666668,0.925,-52090.48810483701,3217.3987354343626
0.5839166666666668,0.9312500000000001,-52145.60268105756,3272.5133116549114
0.5839166666666668,0.9375,-52201.11025466728,3328.020885264632
0.5839166666666668,0.9437500000000001,-52257.01008945765,3383.920720055008
0.5839166666666668,0.95,-52313.3014771982,3440.2121077955526
0.5870000000000001,0.2,-48946.106489489626,73.01712008698087
0.5870000000000001,0.20625000000000002,-48934.622042970776,61.53267356813012
0.5870000000000001,0.21250000000000002,-48924.19006735542,51.10069795277377
0.5870000000000001,0.21875,-48914.78883627088,41.69946686823823
0.5870000000000001,0.225,-48906.397522317726,33.30815291508043
0.5870000000000001,0.23125,-48898.99614576937,25.906776366726262
0.5870000000000001,0.23750000000000002,-48892.5655270555,19.476157652854454
0.5870000000000001,0.24375000000000002,-48887.087242689304,13.997873286658432
0.5870000000000001,0.25,-48882.54358433487,9.454214932222385
0.5870000000000001,0.25625000000000003,-48878.917520741954,5.828151339308533
0.5870000000000001,0.2625,-48876.19266230362,3.1032929009743384
0.5870000000000001,0.26875000000000004,-48874.353228016465,1.263858613820048
0.5870000000000001,0.275,-48873.384014644995,0.29464524234936107
0.5870000000000001,0.28125,-48873.27036791087,0.18099850822181907
0.5870000000000001,0.28750000000000003,-48873.998155545094,0.9087861424486618
0.5870000000000001,0.29375,-48875.55374205612,2.464372653477767
0.5870000000000001,0.30000000000000004,-48877.92396508085,4.834595678206824
0.5870000000000001,0.30625,-48881.096113197265,8.006743794619979
0.5870000000000001,0.3125,-48885.05790508873,11.968535686086398
0.5870000000000001,0.31875000000000003,-48889.797469959434,16.70810055678885
0.5870000000000001,0.325,-48895.30332910934,22.21395970669255
0.5870000000000001,0.33125000000000004,-48901.564378585055,28.47500918240985
0.5870000000000001,0.3375,-48908.56987282985,35.48050342720671
0.5870000000000001,0.34375,-48916.309409262765,43.22003986011987
0.5870000000000001,0.35000000000000003,-48924.77291372232,51.683544319676
0.5870000000000001,0.35625,-48933.950626715814,60.86125731316861
0.5870000000000001,0.36250000000000004,-48943.83309041979,70.74372101714107
0.5870000000000001,0.36875,-48954.41113638156,81.32176697891555
0.5870000000000001,0.375,-48965.67587387588,92.58650447323453
0.5870000000000001,0.38125000000000003,-48977.61867887394,104.52930947129789
0.5870000000000001,0.3875,-48990.23118358577,117.14181418312364
0.5870000000000001,0.39375000000000004,-49003.50526653927,130.41589713662688
0.5870000000000001,0.4,-49017.43304316279,144.34367376014416
0.5870000000000001,0.40625,-49032.00685683972,158.91748743707285
0.5870000000000001,0.41250000000000003,-49047.21927040642,174.12990100377647
0.5870000000000001,0.41875,-49063.06305806679,189.97368866414763
0.5870000000000001,0.42500000000000004,-49079.53119769844,206.44182829579222
0.5870000000000001,0.43125,-49096.6168635274,223.52749412475532
0.5870000000000001,0.4375,-49114.31341915006,241.2240497474122
0.5870000000000001,0.44375000000000003,-49132.614410882015,259.52504147937
0.5870000000000001,0.45,-49151.51356141534,278.42419201269513
0.5870000000000001,0.45625000000000004,-49171.00476376689,297.915394364245
0.5870000000000001,0.4625,-49191.082075501305,317.99270609865926
0.5870000000000001,0.46875,-49211.739713213625,338.6503438109794
0.5870000000000001,0.47500000000000003,-49232.97204725728,359.8826778546354
0.5870000000000001,0.48125,-49254.77359670421,381.68422730156453
0.5870000000000001,0.48750000000000004,-49277.139024524695,404.04965512204944
0.5870000000000001,0.49375,-49300.06313297528,426.9737635726342
0.5870000000000001,0.5,-49323.540859183835,450.4514897811896
0.5870000000000001,0.5062500000000001,-49347.5672709216,474.47790151895606
0.5870000000000001,0.5125,-49372.137562552496,499.0481931498507
0.5870000000000001,0.51875,-49397.24705115086,524.1576817482128
0.5870000000000001,0.525,-49422.89117277893,549.8018033762855
0.5870000000000001,0.53125,-49449.06547891622,575.9761095135764
0.5870000000000001,0.5375000000000001,-49475.765633033356,602.6762636307103
0.5870000000000001,0.54375,-49502.98740730304,629.8980379003915
0.5870000000000001,0.55,-49530.72667944189,657.6373100392448
0.5870000000000001,0.55625,-49558.979429676474,685.8900602738286
0.5870000000000001,0.5625,-49587.74173782791,714.6523684252679
0.5870000000000001,0.5687500000000001,-49617.00978050938,743.9204111067374
0.5870000000000001,0.575,-49646.77982843117,773.6904590285267
0.5870000000000001,0.58125,-49677.04824380838,803.9588744057328
0.5870000000000001,0.5875,-49707.81147786668,834.7221084640332
0.5870000000000001,0.59375,-49739.06606844132,865.9766990386779
0.5870000000000001,0.6000000000000001,-49770.808637665745,897.7192682630994
0.5870000000000001,0.60625,-49803.03588974512,929.946520342477
0.5870000000000001,0.6125,-49835.744608811714,962.6552394090686
0.5870000000000001,0.61875,-49868.931656857974,995.8422874553289
0.5870000000000001,0.625,-49902.59397174437,1029.5046023417235
0.5870000000000001,0.6312500000000001,-49936.72856527839,1063.639195875745
0.5870000000000001,0.6375,-49971.33252136198,1098.2431519593374
0.5870000000000001,0.64375,-50006.40299420429,1133.3136248016453
0.5870000000000001,0.65,-50041.93720659711,1168.8478371944657
0.5870000000000001,0.65625,-50077.93244825036,1204.8430788477126
0.5870000000000001,0.6625000000000001,-50114.386074185095,1241.2967047824495
0.5870000000000001,0.66875,-50151.2955031818,1278.2061337791529
0.5870000000000001,0.675,-50188.658216281554,1315.5688468789085
0.5870000000000001,0.68125,-50226.47175533811,1353.382385935467
0.5870000000000001,0.6875,-50264.7337216187,1391.6443522160553
0.5870000000000001,0.6937500000000001,-50303.4417744517,1430.3524050490523
0.5870000000000001,0.7,-50342.593629919436,1469.504260516791
0.5870000000000001,0.70625,-50382.18705959408,1509.0976901914328
0.5870000000000001,0.7125000000000001,-50422.21988931528,1549.1305199126364
0.5870000000000001,0.71875,-50462.68999800771,1589.6006286050615
0.5870000000000001,0.7250000000000001,-50503.59531653713,1630.5059471344866
0.5870000000000001,0.73125,-50544.93382660344,1671.8444572007938
0.5870000000000001,0.7375,-50586.703559669404,1713.6141902667587
0.5870000000000001,0.7437500000000001,-50628.90259592366,1755.8132265210152
0.5870000000000001,0.75,-50671.52906327673,1798.4396938740829
0.5870000000000001,0.7562500000000001,-50714.58113638904,1841.4917669863935
0.5870000000000001,0.7625,-50758.05703572938,1884.967666326731
0.5870000000000001,0.76875,-50801.95502666313,1928.8656572604814
0.5870000000000001,0.7750000000000001,-50846.27341856895,1973.1840491663024
0.5870000000000001,0.78125,-50891.01056398297,2017.9211945803254
0.5870000000000001,0.7875000000000001,-50936.16485776953,2063.075488366885
0.5870000000000001,0.79375,-50981.734736317565,2108.6453669149196
0.5870000000000001,0.8,-51027.71867676171,2154.629307359064
0.5870000000000001,0.8062500000000001,-51074.11519622728,2201.0258268246325
0.5870000000000001,0.8125,-51120.922851098374,2247.8334816957286
0.5870000000000001,0.8187500000000001,-51168.1402363082,2295.050866905556
0.5870000000000001,0.825,-51215.76598465101,2342.6766152483615
0.5870000000000001,0.83125,-51263.79876611488,2390.7093967122346
0.5870000000000001,0.8375000000000001,-51312.237287234544,2439.1479178318987
0.5870000000000001,0.84375,-51361.08029046386,2487.990921061217
0.5870000000000001,0.8500000000000001,-51410.326553567,2537.2371841643544
0.5870000000000001,0.85625,-51459.97488902797,2586.885519625328
0.5870000000000001,0.8625,-51510.02414347782,2636.9347740751764
0.5870000000000001,0.8687500000000001,-51560.473197138876,2687.38382773623
0.5870000000000001,0.875,-51611.32096328563,2738.231593882985
0.5870000000000001,0.8812500000000001,-51662.56638772169,2789.4770183190412
0.5870000000000001,0.8875,-51714.2084482722,2841.119078869553
0.5870000000000001,0.89375,-51766.246154291555,2893.15678488891
0.5870000000000001,0.9000000000000001,-51818.678546185496,2945.5891767828507
0.5870000000000001,0.90625,-51871.504694947595,2998.415325544949
0.5870000000000001,0.9125000000000001,-51924.723701709445,3051.6343323067995
0.5870000000000001,0.91875,-51978.334697304206,3105.245327901561
0.5870000000000001,0.925,-52032.33684184316,3159.247472440511
0.5870000000000001,0.9312500000000001,-52086.72932430486,3213.639954902217
0.5870000000000001,0.9375,-52141.51136213651,3268.4219927338636
0.5870000000000001,0.9437500000000001,-52196.682200867246,3323.5928314646007
0.5870000000000001,0.95,-52252.24111373302,3379.1517443303746
0.5900833333333334,0.2,-48950.809618661064,77.72024925841833
0.5900833333333334,0.20625000000000002,-48938.983335893456,65.89396649081027
0.5900833333333334,0.21250000000000002,-48928.204401464565,55.11503206191992
0.5900833333333334,0.21875,-48918.451224355995,45.36185495334939
0.5900833333333334,0.225,-48909.7031041927,36.61373479005124
0.5900833333333334,0.23125,-48901.940180555874,28.85081115322828
0.5900833333333334,0.23750000000000002,-48895.14338602412,22.054016621477786
0.5900833333333334,0.24375000000000002,-48889.294402608975,16.205033206329972
0.5900833333333334,0.25,-48884.375621285915,11.28625188326987
0.5900833333333334,0.25625000000000003,-48880.370104353125,7.2807349504801095
0.5900833333333334,0.2625,-48877.26155037702,4.172180974375806
0.5900833333333334,0.26875000000000004,-48875.034261508205,1.94489210555912
0.5900833333333334,0.275,-48873.67311297241,0.5837435697612818
0.5900833333333334,0.28125,-48873.163524559866,0.07415515722095734
0.5900833333333334,0.28750000000000003,-48873.491433953925,0.4020645512791816
0.5900833333333334,0.29375,-48874.64327175376,1.5539023511155392
0.5900833333333334,0.30000000000000004,-48876.60593806052,3.5165686578766326
0.5900833333333334,0.30625,-48879.36678050707,6.277411104427301
0.5900833333333334,0.3125,-48882.9135736233,9.824204220654792
0.5900833333333334,0.31875000000000003,-48887.2344994375,14.145130034856265
0.5900833333333334,0.325,-48892.31812922396,19.22875982131518
0.5900833333333334,0.33125000000000004,-48898.15340631385,25.06403691120795
0.5900833333333334,0.3375,-48904.72962989398,31.64026049133099
0.5900833333333334,0.34375,-48912.03643972427,38.94707032162114
0.5900833333333334,0.35000000000000003,-48920.06380171022,46.97443230757199
0.5900833333333334,0.35625,-48928.80199427219,55.712624869542196
0.5900833333333334,0.36250000000000004,-48938.24159545769,65.15222605504823
0.5900833333333334,0.36875,-48948.37347074748,75.2841013448342
0.5900833333333334,0.375,-48959.188761509664,86.0993921070185
0.5900833333333334,0.38125000000000003,-48970.67887406005,97.58950465740782
0.5900833333333334,0.3875,-48982.835469289785,109.74609988713928
0.5900833333333334,0.39375000000000004,-48995.65045282446,122.56108342181687
0.5900833333333334,0.4,-49009.11596568153,136.02659627888352
0.5900833333333334,0.40625,-49023.22437539519,150.1350059925462
0.5900833333333334,0.41250000000000003,-49037.96826758028,164.8788981776379
0.5900833333333334,0.41875,-49053.34043790876,180.25106850611337
0.5900833333333334,0.42500000000000004,-49069.33388447409,196.24451507144113
0.5900833333333334,0.43125,-49085.94180052077,212.8524311181245
0.5900833333333334,0.4375,-49103.15756751767,230.06819811502646
0.5900833333333334,0.44375000000000003,-49120.97474855548,247.88537915283814
0.5900833333333334,0.45,-49139.38708204964,266.2977126469923
0.5900833333333334,0.45625000000000004,-49158.38847573174,285.2991063290974
0.5900833333333334,0.4625,-49177.97300091319,304.88363151054364
0.5900833333333334,0.46875,-49198.13488700612,325.04551760347385
0.5900833333333334,0.47500000000000003,-49218.86851628761,345.7791468849682
0.5900833333333334,0.48125,-49240.16841889408,367.07904949143267
0.5900833333333334,0.48750000000000004,-49262.02926803332,388.9398986306769
0.5900833333333334,0.49375,-49284.44587540314,411.3565060004912
0.5900833333333334,0.5,-49307.41318680519,434.3238174025464
0.5900833333333334,0.5062500000000001,-49330.9262779445,457.8369085418526
0.5900833333333334,0.5125,-49354.98035040463,481.89098100198316
0.5900833333333334,0.51875,-49379.57072778997,506.4813583873256
0.5900833333333334,0.525,-49404.69285202647,531.6034826238247
0.5900833333333334,0.53125,-49430.342279813085,557.2529104104397
0.5900833333333334,0.5375000000000001,-49456.514679216416,583.4253098137706
0.5900833333333334,0.54375,-49483.20582640164,610.1164569989924
0.5900833333333334,0.55,-49510.41160249297,637.3222330903227
0.5900833333333334,0.55625,-49538.12799055768,665.0386211550358
0.5900833333333334,0.5625,-49566.35107270761,693.261703304961
0.5900833333333334,0.5687500000000001,-49595.077027312625,721.98765790998
0.5900833333333334,0.575,-49624.302126321134,751.2127569184886
0.5900833333333334,0.58125,-49654.02273268216,780.9333632795169
0.5900833333333334,0.5875,-49684.23529786491,811.1459284622615
0.5900833333333334,0.59375,-49714.93635947091,841.8469900682612
0.5900833333333334,0.6000000000000001,-49746.12253893496,873.0331695323111
0.5900833333333334,0.60625,-49777.790539310605,904.7011699079594
0.5900833333333334,0.6125,-49809.937143136645,936.8477737339999
0.5900833333333334,0.61875,-49842.559210381005,969.4698409783596
0.5900833333333334,0.625,-49875.6536764586,1002.5643070559527
0.5900833333333334,0.6312500000000001,-49909.217550320085,1036.1281809174397
0.5900833333333334,0.6375,-49943.24791260838,1070.1585432057327
0.5900833333333334,0.64375,-49977.74191388019,1104.652544477547
0.5900833333333334,0.65,-50012.6967728897,1139.6074034870544
0.5900833333333334,0.65625,-50048.10977493194,1175.0204055292925
0.5900833333333334,0.6625000000000001,-50083.97827024327,1210.8889008406259
0.5900833333333334,0.66875,-50120.29967245676,1247.2103030541111
0.5900833333333334,0.675,-50157.07145711011,1283.9820877074671
0.5900833333333334,0.68125,-50194.29116020412,1321.201790801475
0.5900833333333334,0.6875,-50231.95637680957,1358.8670074069232
0.5900833333333334,0.6937500000000001,-50270.06475972071,1396.975390318068
0.5900833333333334,0.7,-50308.6140181534,1435.5246487507538
0.5900833333333334,0.70625,-50347.60191648631,1474.5125470836647
0.5900833333333334,0.7125000000000001,-50387.02627304339,1513.9369036407443
0.5900833333333334,0.71875,-50426.88495891609,1553.7955895134437
0.5900833333333334,0.7250000000000001,-50467.17589682378,1594.086527421132
0.5900833333333334,0.73125,-50507.89706001099,1634.8076906083443
0.5900833333333334,0.7375,-50549.04647118003,1675.957101777385
0.5900833333333334,0.7437500000000001,-50590.622201457714,1717.5328320550689
0.5900833333333334,0.75,-50632.62236939484,1759.532999992196
0.5900833333333334,0.7562500000000001,-50675.045139997485,1801.9557705948391
0.5900833333333334,0.7625,-50717.888723788565,1844.7993543859193
0.5900833333333334,0.76875,-50761.15137589894,1888.0620064962932
0.5900833333333334,0.7750000000000001,-50804.83139518679,1931.742025784144
0.5900833333333334,0.78125,-50848.92712338437,1975.837753981723
0.5900833333333334,0.7875000000000001,-50893.43694427108,2020.347574868436
0.5900833333333334,0.79375,-50938.35928287209,2065.2699134694412
0.5900833333333334,0.8,-50983.69260468139,2110.6032352787443
0.5900833333333334,0.8062500000000001,-51029.43541490877,2156.3460455061213
0.5900833333333334,0.8125,-51075.58625774955,2202.4968883469046
0.5900833333333334,0.8187500000000001,-51122.14371567659,2249.0543462739442
0.5900833333333334,0.825,-51169.106408753585,2296.0170393509397
0.5900833333333334,0.83125,-51216.472993969204,2343.383624566559
0.5900833333333334,0.8375000000000001,-51264.24216459113,2391.1527951884855
0.5900833333333334,0.84375,-51312.41264953952,2439.323280136872
0.5900833333333334,0.8500000000000001,-51360.98321277919,2487.8938433765434
0.5900833333333334,0.85625,-51409.95265272992,2536.8632833272713
0.5900833333333334,0.8625,-51459.319801694306,2586.2304322916607
0.5900833333333334,0.8687500000000001,-51509.08352530268,2635.9941559000363
0.5900833333333334,0.875,-51559.2427219744,2686.153352571753
0.5900833333333334,0.8812500000000001,-51609.796322395145,2736.7069529924993
0.5900833333333334,0.8875,-51660.74328900967,2787.6539196070225
0.5900833333333334,0.89375,-51712.08261552954,2838.993246126898
0.5900833333333334,0.9000000000000001,-51763.813326455434,2890.723957052789
0.5900833333333334,0.90625,-51815.93447661344,2942.845107210793
0.5900833333333334,0.9125000000000001,-51868.4451507052,2995.3557813025545
0.5900833333333334,0.91875,-51921.34446287116,3048.255093468513
0.5900833333333334,0.925,-51974.63155626682,3101.5421868641715
0.5900833333333334,0.9312500000000001,-52028.305602651424,3155.2162332487787
0.5900833333333334,0.9375,-52082.36580198886,3209.2764325862154
0.5900833333333334,0.9437500000000001,-52136.81138206032,3263.722012657672
0.5900833333333334,0.95,-52191.64159808847,3318.552228685825
0.5931666666666667,0.2,-48955.694389392535,82.60501998988912
0.5931666666666667,0.20625000000000002,-48943.52809349232,70.43872408967582
0.5931666666666667,0.21250000000000002,-48932.40401338966,59.31464398701792
0.5931666666666667,0.21875,-48922.30069411734,49.21132471469173
0.5931666666666667,0.225,-48913.197563010515,40.10819360786991
0.5931666666666667,0.23125,-48905.07487963227,31.985510229627835
0.5931666666666667,0.23750000000000002,-48897.91368937212,24.824319969477074
0.5931666666666667,0.24375000000000002,-48891.69578038942,18.60641098677297
0.5931666666666667,0.25,-48886.40364360802,13.314274205375114
0.5931666666666667,0.25625000000000003,-48882.02043549878,8.9310660961346
0.5931666666666667,0.2625,-48878.52994341323,5.440574010586715
0.5931666666666667,0.26875000000000004,-48875.916553255294,2.8271838526488864
0.5931666666666667,0.275,-48874.16521929894,1.0758498962968588
0.5931666666666667,0.28125,-48873.261435978086,0.1720665754401125
0.5931666666666667,0.28750000000000003,-48873.19121149165,0.10184208900318481
0.5931666666666667,0.29375,-48873.94104308146,0.851673678815132
0.5931666666666667,0.30000000000000004,-48875.49789385361,2.4085244509624317
0.5931666666666667,0.30625,-48877.8491710259,4.7598016232514055
0.5931666666666667,0.3125,-48880.9827054942,7.893336091554374
0.5931666666666667,0.31875000000000003,-48884.88673262051,11.797363217861857
0.5931666666666667,0.325,-48889.549874153134,16.460504750488326
0.5931666666666667,0.33125000000000004,-48894.96112119823,21.871751795581076
0.5931666666666667,0.3375,-48901.109818167606,28.020448764960747
0.5931666666666667,0.34375,-48907.98564763486,34.89627823221235
0.5931666666666667,0.35000000000000003,-48915.57861603698,42.48924663433718
0.5931666666666667,0.35625,-48923.87904016394,50.78967076129629
0.5931666666666667,0.36250000000000004,-48932.87753438324,59.78816498059314
0.5931666666666667,0.36875,-48942.56499855076,69.47562914811715
0.5931666666666667,0.375,-48952.932606562754,79.8432371601084
0.5931666666666667,0.38125000000000003,-48963.97179550776,90.88242610511224
0.5931666666666667,0.3875,-48975.67425537991,102.58488597726682
0.5931666666666667,0.39375000000000004,-48988.0319193183,114.94254991565685
0.5931666666666667,0.4,-49001.03695433958,127.94758493693371
0.5931666666666667,0.40625,-49014.68175253341,141.5923831307664
0.5931666666666667,0.41250000000000003,-49028.95892269262,155.86955328997283
0.5931666666666667,0.41875,-49043.86128235181,170.77191294916702
0.5931666666666667,0.42500000000000004,-49059.38185021032,186.29248080767138
0.5931666666666667,0.43125,-49075.51383891664,202.42446951399324
0.5931666666666667,0.4375,-49092.25064819362,219.1612787909762
0.5931666666666667,0.44375000000000003,-49109.58585828457,236.49648888192314
0.5931666666666667,0.45,-49127.51322370216,254.42385429951537
0.5931666666666667,0.45625000000000004,-49146.02666726317,272.93729786052427
0.5931666666666667,0.4625,-49165.12027439291,292.0309049902644
0.5931666666666667,0.46875,-49184.78828768477,311.6989182821271
0.5931666666666667,0.47500000000000003,-49205.025101700885,331.9357322982396
0.5931666666666667,0.48125,-49225.825258000754,352.73588859810843
0.5931666666666667,0.48750000000000004,-49247.18344038604,374.0940709833958
0.5931666666666667,0.49375,-49269.09447034974,396.0051009470917
0.5931666666666667,0.5,-49291.55330271928,418.4639333166342
0.5931666666666667,0.5062500000000001,-49314.555021483495,441.4656520808494
0.5931666666666667,0.5125,-49338.09483579389,465.00546639124514
0.5931666666666667,0.51875,-49362.168076131675,489.07870672902936
0.5931666666666667,0.525,-49386.770190631825,513.6808212291799
0.5931666666666667,0.53125,-49411.896741556804,538.8073721541587
0.5931666666666667,0.5375000000000001,-49437.543401912226,564.4540325095804
0.5931666666666667,0.54375,-49463.705952197706,590.6165827950608
0.5931666666666667,0.55,-49490.38027728635,617.2909078837038
0.5931666666666667,0.55625,-49517.562363426674,644.4729940240286
0.5931666666666667,0.5625,-49545.24829536121,672.1589259585671
0.5931666666666667,0.5687500000000001,-49573.434253556254,700.3448841536083
0.5931666666666667,0.575,-49602.11651153763,729.0271421349826
0.5931666666666667,0.58125,-49631.29143332754,758.2020639248949
0.5931666666666667,0.5875,-49660.95547097792,787.8661015752732
0.5931666666666667,0.59375,-49691.10516219591,818.0157927932669
0.5931666666666667,0.6000000000000001,-49721.73712805722,848.6477586545734
0.5931666666666667,0.60625,-49752.84807080367,879.7587014010278
0.5931666666666667,0.6125,-49784.43477172099,911.345402318344
0.5931666666666667,0.61875,-49816.49408909345,943.4047196908068
0.5931666666666667,0.625,-49849.022956232075,975.9335868294293
0.5931666666666667,0.6312500000000001,-49882.01837957307,1008.9290101704246
0.5931666666666667,0.6375,-49915.47743684366,1042.3880674410175
0.5931666666666667,0.64375,-49949.397275292424,1076.3079058897783
0.5931666666666667,0.65,-49983.77510998139,1110.685740578745
0.5931666666666667,0.65625,-50018.608222137336,1145.5188527346909
0.5931666666666667,0.6625000000000001,-50053.89395755989,1180.804588157247
0.5931666666666667,0.66875,-50089.62972508407,1216.5403556814272
0.5931666666666667,0.675,-50125.81299509512,1252.7236256924734
0.5931666666666667,0.68125,-50162.44129809337,1289.351928690725
0.5931666666666667,0.6875,-50199.51222330742,1326.4228539047763
0.5931666666666667,0.6937500000000001,-50237.02341735335,1363.9340479507082
0.5931666666666667,0.7,-50274.97258293853,1401.8832135358825
0.5931666666666667,0.70625,-50313.35747760803,1440.2681082053823
0.5931666666666667,0.7125000000000001,-50352.175912532126,1479.0865431294806
0.5931666666666667,0.71875,-50391.42575133322,1518.3363819305741
0.5931666666666667,0.7250000000000001,-50431.10490895079,1558.0155395481415
0.5931666666666667,0.73125,-50471.21135054283,1598.1219811401825
0.5931666666666667,0.7375,-50511.743090422504,1638.6537210198585
0.5931666666666667,0.7437500000000001,-50552.69819102863,1679.6088216259814
0.5931666666666667,0.75,-50594.074761928816,1720.9853925261705
0.5931666666666667,0.7562500000000001,-50635.87095885399,1762.7815894513478
0.5931666666666667,0.7625,-50678.08498276326,1804.9956133606174
0.5931666666666667,0.76875,-50720.71507893793,1847.6257095352848
0.5931666666666667,0.7750000000000001,-50763.759536103695,1890.6701667010493
0.5931666666666667,0.78125,-50807.21668557999,1934.1273161773424
0.5931666666666667,0.7875000000000001,-50851.084900455564,1977.9955310529185
0.5931666666666667,0.79375,-50895.36259478932,2022.273225386678
0.5931666666666667,0.8,-50940.0482228356,2066.9588534329523
0.5931666666666667,0.8062500000000001,-50985.14027829297,2112.0509088903273
0.5931666666666667,0.8125,-51030.637293575965,2157.547924173319
0.5931666666666667,0.8187500000000001,-51076.53783910863,2203.4484697059816
0.5931666666666667,0.825,-51122.84052263944,2249.7511532367935
0.5931666666666667,0.83125,-51169.543988576814,2296.4546191741683
0.5931666666666667,0.8375000000000001,-51216.64691734446,2343.557547941811
0.5931666666666667,0.84375,-51264.14802475592,2391.0586553532776
0.5931666666666667,0.8500000000000001,-51312.04606140789,2438.9566920052457
0.5931666666666667,0.85625,-51360.33981209132,2487.2504426886735
0.5931666666666667,0.8625,-51409.02809522012,2535.9387258174756
0.5931666666666667,0.8687500000000001,-51458.109762276756,2585.0203928741103
0.5931666666666667,0.875,-51507.58369727405,2634.4943278714054
0.5931666666666667,0.8812500000000001,-51557.44881623303,2684.3594468303854
0.5931666666666667,0.8875,-51607.70406667595,2734.614697273304
0.5931666666666667,0.89375,-51658.34842713433,2785.259057731688
0.5931666666666667,0.9000000000000001,-51709.38090667137,2836.2915372687276
0.5931666666666667,0.90625,-51760.800544418365,2887.71117501572
0.5931666666666667,0.9125000000000001,-51812.606409124724,2939.517039722079
0.5931666666666667,0.91875,-51864.797598721125,2991.7082293184794
0.5931666666666667,0.925,-51917.37323989556,3044.2838704929163
0.5931666666666667,0.9312500000000001,-51970.33248768168,3097.2431182790315
0.5931666666666667,0.9375,-52023.67452505925,3150.585155656605
0.5931666666666667,0.9437500000000001,-52077.398562566406,3204.309193163761
0.5931666666666667,0.95,-52131.50383792314,3258.4144685204956
0.5962500000000001,0.2,-48960.761873659765,87.67250425711973
0.5962500000000001,0.20625000000000002,-48948.25740141905,75.16803201640141
0.5962500000000001,0.21250000000000002,-48936.790002229776,63.7006328271309
0.5962500000000001,0.21875,-48926.338357871806,53.248988469160395
0.5962500000000001,0.225,-48916.88202407565,43.79265467300138
0.5962500000000001,0.23125,-48908.40138106,35.31201165735547
0.5962500000000001,0.23750000000000002,-48900.87758768711,27.788218284462346
0.5962500000000001,0.24375000000000002,-48894.29253891374,21.20316951109271
0.5962500000000001,0.25,-48888.628826249245,15.539456846599933
0.5962500000000001,0.25625000000000003,-48883.86970096186,10.780331559217302
0.5962500000000001,0.2625,-48879.999039800445,6.909670397799346
0.5962500000000001,0.26875000000000004,-48877.001313022105,3.9119436194596346
0.5962500000000001,0.275,-48874.86155453678,1.772185134133906
0.5962500000000001,0.28125,-48873.56533399777,0.4759645951271523
0.5962500000000001,0.28750000000000003,-48873.098730683705,0.00936128105968237
0.5962500000000001,0.29375,-48873.44830903164,0.35893962899717735
0.5962500000000001,0.30000000000000004,-48874.601095694255,1.5117262916101026
0.5962500000000001,0.30625,-48876.544558004985,3.4551886023400584
0.5962500000000001,0.3125,-48879.26658374615,6.17721434350824
0.5962500000000001,0.31875000000000003,-48882.755462123605,9.666092720959568
0.5962500000000001,0.325,-48886.9998658603,13.910496457654517
0.5962500000000001,0.33125000000000004,-48891.98883432854,18.89946492589661
0.5962500000000001,0.3375,-48897.71175764727,24.622388244621106
0.5962500000000001,0.34375,-48904.15836167722,31.068992274573247
0.5962500000000001,0.35000000000000003,-48911.31869385203,38.229324449384876
0.5962500000000001,0.35625,-48919.18310978843,46.09374038578244
0.5962500000000001,0.36250000000000004,-48927.74226062343,54.65289122078684
0.5962500000000001,0.36875,-48936.98708103021,63.897711627563694
0.5962500000000001,0.375,-48946.908777868375,73.8194084657298
0.5962500000000001,0.38125000000000003,-48957.498819427725,84.40945002507942
0.5962500000000001,0.3875,-48968.7489252275,95.65955582485185
0.5962500000000001,0.39375000000000004,-48980.651056336326,107.5616869336809
0.5962500000000001,0.4,-48993.19740618034,120.10803677769582
0.5962500000000001,0.40625,-49006.38039180946,133.29102240681823
0.5962500000000001,0.41250000000000003,-49020.192645593976,147.10327619133022
0.5962500000000001,0.41875,-49034.62700732578,161.53763792313111
0.5962500000000001,0.42500000000000004,-49049.676516699874,176.5871472972285
0.5962500000000001,0.43125,-49065.33440615421,192.24503675156302
0.5962500000000001,0.4375,-49081.59409404677,208.5047246441245
0.5962500000000001,0.44375000000000003,-49098.4491781507,225.35980874805682
0.5962500000000001,0.45,-49115.89342944944,242.8040600467939
0.5962500000000001,0.45625000000000004,-49133.92078621482,260.8314168121724
0.5962500000000001,0.4625,-49152.525348352734,279.4359789500886
0.5962500000000001,0.46875,-49171.70137200138,298.61200259873294
0.5962500000000001,0.47500000000000003,-49191.44326436847,318.353894965825
0.5962500000000001,0.48125,-49211.74557879463,338.6562093919856
0.5962500000000001,0.48750000000000004,-49232.603010030696,359.5136406280508
0.5962500000000001,0.49375,-49254.01038971798,380.9210203153343
0.5962500000000001,0.5,-49275.962682060606,402.8733126579609
0.5962500000000001,0.5062500000000001,-49298.454979680115,425.3656102774694
0.5962500000000001,0.5125,-49321.48249964314,448.39313024049625
0.5962500000000001,0.51875,-49345.04057965313,471.9512102504814
0.5962500000000001,0.525,-49369.12467439812,496.03530499547196
0.5962500000000001,0.53125,-49393.730352046754,520.6409826441086
0.5962500000000001,0.5375000000000001,-49418.8532908851,545.7639214824521
0.5962500000000001,0.54375,-49444.48927608772,571.3999066850738
0.5962500000000001,0.55,-49470.63419661611,597.5448272134672
0.5962500000000001,0.55625,-49497.28404223889,624.1946728362454
0.5962500000000001,0.5625,-49524.4349006675,651.3455312648512
0.5962500000000001,0.5687500000000001,-49552.0829548023,678.9935853996576
0.5962500000000001,0.575,-49580.22448008397,707.1351106813236
0.5962500000000001,0.58125,-49608.855841945,735.7664725423529
0.5962500000000001,0.5875,-49637.97349335713,764.8841239544854
0.5962500000000001,0.59375,-49667.57397247013,794.4846030674817
0.5962500000000001,0.6000000000000001,-49697.65390033787,824.5645309352258
0.5962500000000001,0.60625,-49728.2099787279,855.1206093252549
0.5962500000000001,0.6125,-49759.23898801069,886.1496186080476
0.5962500000000001,0.61875,-49790.73778512524,917.6484157225932
0.5962500000000001,0.625,-49822.70330161754,949.6139322148956
0.5962500000000001,0.6312500000000001,-49855.132541749015,982.0431723463698
0.5962500000000001,0.6375,-49888.02258067159,1014.9332112689444
0.5962500000000001,0.64375,-49921.3705626671,1048.2811932644545
0.5962500000000001,0.65,-49955.173699447754,1082.0843300451088
0.5962500000000001,0.65625,-49989.42926851555,1116.339899112907
0.5962500000000001,0.6625000000000001,-50024.13461157811,1151.0452421754671
0.5962500000000001,0.66875,-50059.28713301846,1186.1977636158117
0.5962500000000001,0.675,-50094.88429841677,1221.794929014126
0.5962500000000001,0.68125,-50130.92363312193,1257.8342637192836
0.5962500000000001,0.6875,-50167.402720870836,1294.3133514681904
0.5962500000000001,0.6937500000000001,-50204.31920245374,1331.2298330510966
0.5962500000000001,0.7,-50241.67077442357,1368.5814050209228
0.5962500000000001,0.70625,-50279.45518784778,1406.3658184451342
0.5962500000000001,0.7125000000000001,-50317.67024710092,1444.580877698274
0.5962500000000001,0.71875,-50356.31380869638,1483.2244392937355
0.5962500000000001,0.7250000000000001,-50395.38378015593,1522.2944107532821
0.5962500000000001,0.73125,-50434.87811891548,1561.788749512838
0.5962500000000001,0.7375,-50474.794831265885,1601.7054618632392
0.5962500000000001,0.7437500000000001,-50515.13197132721,1642.0426019245642
0.5962500000000001,0.75,-50555.88764005561,1682.7982706529656
0.5962500000000001,0.7562500000000001,-50597.05998428131,1723.9706148786645
0.5962500000000001,0.7625,-50638.647195776706,1765.5578263740608
0.5962500000000001,0.76875,-50680.64751035343,1807.5581409507868
0.5962500000000001,0.7750000000000001,-50723.05920698749,1849.9698375848457
0.5962500000000001,0.78125,-50765.88060697129,1892.7912375686428
0.5962500000000001,0.7875000000000001,-50809.110073091724,1936.0207036890788
0.5962500000000001,0.79375,-50852.746008833456,1979.6566394308102
0.5962500000000001,0.8,-50896.786857606334,2023.6974882036884
0.5962500000000001,0.8062500000000001,-50941.23110199636,2068.1417325937146
0.5962500000000001,0.8125,-50986.07726303919,2112.987893636542
0.5962500000000001,0.8187500000000001,-51031.32389951557,2158.2345301129244
0.5962500000000001,0.825,-51076.96960726788,2203.8802378652326
0.5962500000000001,0.83125,-51123.013018537065,2249.92364913442
0.5962500000000001,0.8375000000000001,-51169.452801319436,2296.3634319167904
0.5962500000000001,0.84375,-51216.28765874241,2343.1982893397653
0.5962500000000001,0.8500000000000001,-51263.51632845895,2390.4269590563053
0.5962500000000001,0.85625,-51311.13758205967,2438.0482126570278
0.5962500000000001,0.8625,-51359.15022450246,2486.060855099815
0.5962500000000001,0.8687500000000001,-51407.55309355879,2534.463724156143
0.5962500000000001,0.875,-51456.34505927621,2583.255689873564
0.5962500000000001,0.8812500000000001,-51505.52502345678,2632.435654054134
0.5962500000000001,0.8875,-51555.09191915045,2682.0025497478055
0.5962500000000001,0.89375,-51605.044710163565,2731.95534076092
0.5962500000000001,0.9000000000000001,-51655.38239058145,2782.2930211788043
0.5962500000000001,0.90625,-51706.10398430498,2833.014614902335
0.5962500000000001,0.9125000000000001,-51757.20854460071,2884.119175198066
0.5962500000000001,0.91875,-51808.69515366395,2935.605784261308
0.5962500000000001,0.925,-51860.56292219469,2987.473552792042
0.5962500000000001,0.9312500000000001,-51912.81098898573,3039.7216195830842
0.5962500000000001,0.9375,-51965.438520522854,3092.3491511202083
0.5962500000000001,0.9437500000000001,-52018.444710596676,3145.35534119403
0.5962500000000001,0.95,-52071.828779925665,3198.7394105230196
0.5993333333333334,0.2,-48966.01315623994,92.92378683729476
0.5993333333333334,0.20625000000000002,-48953.17235838358,80.08298898093199
0.5993333333333334,0.21250000000000002,-48941.3634803978,68.27411099515302
0.5993333333333334,0.21875,-48930.56534150431,57.47597210166714
0.5993333333333334,0.225,-48920.75762651343,47.66825711078127
0.5993333333333334,0.23125,-48911.92083697275,38.831467570103996
0.5993333333333334,0.23750000000000002,-48904.03624587883,30.946876476184116
0.5993333333333334,0.24375000000000002,-48897.08585563543,23.996486232783354
0.5993333333333334,0.25,-48891.052358974746,17.962989572100923
0.5993333333333334,0.25625000000000003,-48885.91910258739,12.829733184742508
0.5993333333333334,0.2625,-48881.670053232185,8.580683829539339
0.5993333333333334,0.26875000000000004,-48878.2897661199,5.200396717256808
0.5993333333333334,0.275,-48875.76335538477,2.6739859821245773
0.5993333333333334,0.28125,-48874.07646647596,0.9870970733172726
0.5993333333333334,0.28750000000000003,-48873.21525031657,0.12588091392535716
0.5993333333333334,0.29375,-48873.16633909239,0.07696968974778429
0.5993333333333334,0.30000000000000004,-48873.91682354497,0.8274541423234041
0.5993333333333334,0.30625,-48875.454231655036,2.364862252390594
0.5993333333333334,0.3125,-48877.76650861246,4.677139209816232
0.5993333333333334,0.31875000000000003,-48880.841997978096,7.752628575450217
0.5993333333333334,0.325,-48884.66942395085,11.580054548205226
0.5993333333333334,0.33125000000000004,-48889.23787466109,16.148505258446676
0.5993333333333334,0.3375,-48894.53678641777,21.447417015122483
0.5993333333333334,0.34375,-48900.55592884295,27.46655944030499
0.5993333333333334,0.35000000000000003,-48907.285390832665,34.196021430019755
0.5993333333333334,0.35625,-48914.71556728821,41.62619788556185
0.5993333333333334,0.36250000000000004,-48922.83714656616,49.74777716351673
0.5993333333333334,0.36875,-48931.641098599706,58.55172919706092
0.5993333333333334,0.375,-48941.11866364744,68.02929424479225
0.5993333333333334,0.38125000000000003,-48951.26134162929,78.17197222664254
0.5993333333333334,0.3875,-48962.0608820121,88.97151260945247
0.5993333333333334,0.39375000000000004,-48973.50927421039,100.41990480774257
0.5993333333333334,0.4,-48985.59873847022,112.50936906757124
0.5993333333333334,0.40625,-48998.32171720664,125.23234780399798
0.5993333333333334,0.41250000000000003,-49011.670866767075,138.5814973644301
0.5993333333333334,0.41875,-49025.639049595215,152.5496801925692
0.5993333333333334,0.42500000000000004,-49040.21932677156,167.12995736891753
0.5993333333333334,0.43125,-49055.404950908785,182.31558150614
0.5993333333333334,0.4375,-49071.18935938098,198.09998997833463
0.5993333333333334,0.44375000000000003,-49087.566167868084,214.47679846543906
0.5993333333333334,0.45,-49104.52916419736,231.43979479471454
0.5993333333333334,0.45625000000000004,-49122.07230246527,248.9829330626235
0.5993333333333334,0.4625,-49140.189697424394,267.1003280217483
0.5993333333333334,0.46875,-49158.87561912064,285.7862497179958
0.5993333333333334,0.47500000000000003,-49178.124487767345,305.0351183646999
0.5993333333333334,0.48125,-49197.93086884335,324.8414994407067
0.5993333333333334,0.48750000000000004,-49218.28946840332,345.20009900067816
0.5993333333333334,0.49375,-49239.19512858906,366.1057591864155
0.5993333333333334,0.5,-49260.64282333129,387.55345392864547
0.5993333333333334,0.5062500000000001,-49282.6276542322,409.5382848295558
0.5993333333333334,0.5125,-49305.14484661951,432.0554772168616
0.5993333333333334,0.51875,-49328.1897457632,455.10037636055495
0.5993333333333334,0.525,-49351.757813247095,478.66844384444994
0.5993333333333334,0.53125,-49375.84462348727,502.7552540846227
0.5993333333333334,0.5375000000000001,-49400.445860390355,527.3564909877095
0.5993333333333334,0.54375,-49425.557314144695,552.4679447420494
0.5993333333333334,0.55,-49451.17487813821,578.0855087355667
0.5993333333333334,0.55625,-49477.29454599668,604.2051765940341
0.5993333333333334,0.5625,-49503.91240873686,630.8230393342164
0.5993333333333334,0.5687500000000001,-49531.024652029126,657.9352826264803
0.5993333333333334,0.575,-49558.62755356435,685.5381841617054
0.5993333333333334,0.58125,-49586.717480520456,713.6281111178105
0.5993333333333334,0.5875,-49615.29088712394,742.2015177212961
0.5993333333333334,0.59375,-49644.34431230205,771.2549428994025
0.5993333333333334,0.6000000000000001,-49673.87437742176,800.7850080191129
0.5993333333333334,0.60625,-49703.877784111406,830.7884147087607
0.5993333333333334,0.6125,-49734.35131216164,861.2619427589962
0.5993333333333334,0.61875,-49765.29181750191,892.2024480992623
0.5993333333333334,0.625,-49796.69623024951,923.6068608468631
0.5993333333333334,0.6312500000000001,-49828.561552827916,955.4721834252705
0.5993333333333334,0.6375,-49860.88485815146,987.7954887488158
0.5993333333333334,0.64375,-49893.66328787361,1020.5739184709673
0.5993333333333334,0.65,-49926.89405069614,1053.8046812934917
0.5993333333333334,0.65625,-49960.57442073671,1087.4850513340643
0.5993333333333334,0.6625000000000001,-49994.7017359524,1121.612366549758
0.5993333333333334,0.66875,-50029.273396617005,1156.18402721436
0.5993333333333334,0.675,-50064.2868638497,1191.1974944470567
0.5993333333333334,0.68125,-50099.7396581934,1226.6502887907554
0.5993333333333334,0.6875,-50135.62935824036,1262.5399888377142
0.5993333333333334,0.6937500000000001,-50171.95359930356,1298.8642299009152
0.5993333333333334,0.7,-50208.71007213181,1335.6207027291675
0.5993333333333334,0.70625,-50245.89652166704,1372.807152264395
0.5993333333333334,0.7125000000000001,-50283.51074584204,1410.4213764393935
0.5993333333333334,0.71875,-50321.55059441716,1448.4612250145146
0.5993333333333334,0.7250000000000001,-50360.01396785447,1486.9245984518275
0.5993333333333334,0.73125,-50398.898816228,1525.8094468253548
0.5993333333333334,0.7375,-50438.20313816864,1565.1137687659939
0.5993333333333334,0.7437500000000001,-50477.924979842486,1604.8356104398408
0.5993333333333334,0.75,-50518.06243396142,1644.973064558777
0.5993333333333334,0.7562500000000001,-50558.6136388246,1685.524269421956
0.5993333333333334,0.7625,-50599.576777389964,1726.4874079873189
0.5993333333333334,0.76875,-50640.95007637444,1767.8607069717982
0.5993333333333334,0.7750000000000001,-50682.73180538205,1809.6424359794037
0.5993333333333334,0.78125,-50724.92027605872,1851.830906656076
0.5993333333333334,0.7875000000000001,-50767.51384127303,1894.4244718703849
0.5993333333333334,0.79375,-50810.51089432192,1937.4215249192712
0.5993333333333334,0.8,-50853.90986816044,1980.820498757792
0.5993333333333334,0.8062500000000001,-50897.70923465483,2024.6198652521853
0.5993333333333334,0.8125,-50941.907503858085,2068.8181344554396
0.5993333333333334,0.8187500000000001,-50986.5032233072,2113.4138539045525
0.5993333333333334,0.825,-51031.49497734143,2158.405607938781
0.5993333333333334,0.83125,-51076.88138644086,2203.792017038213
0.5993333333333334,0.8375000000000001,-51122.66110658458,2249.5717371819337
0.5993333333333334,0.84375,-51168.83282862788,2295.743459225232
0.5993333333333334,0.8500000000000001,-51215.39527769774,2342.305908295093
0.5993333333333334,0.85625,-51262.34721260617,2389.2578432035225
0.5993333333333334,0.8625,-51309.68742528073,2436.5980558780866
0.5993333333333334,0.8687500000000001,-51357.41474021171,2484.3253708090633
0.5993333333333334,0.875,-51405.52801391542,2532.4386445127748
0.5993333333333334,0.8812500000000001,-51454.02613441317,2580.936765010527
0.5993333333333334,0.8875,-51502.90802072537,2629.8186513227265
0.5993333333333334,0.89375,-51552.172622380276,2679.0832529776308
0.5993333333333334,0.9000000000000001,-51601.81891893705,2728.729549534408
0.5993333333333334,0.90625,-51651.845919522566,2778.7565501199206
0.5993333333333334,0.9125000000000001,-51702.25266238164,2829.163292978992
0.5993333333333334,0.91875,-51753.038214440225,2879.9488450375793
0.5993333333333334,0.925,-51804.201670881266,2931.112301478621
0.5993333333333334,0.9312500000000001,-51855.742154732754,2982.6527853301086
0.5993333333333334,0.9375,-51907.658816467694,3034.5694470650487
0.5993333333333334,0.9437500000000001,-51959.95083361561,3086.8614642129614
0.5993333333333334,0.95,-52012.61741038525,3139.528040982608
0.6024166666666667,0.2,-48971.44933491373,98.3599655110811
0.6024166666666667,0.20625000000000002,-48958.27407636159,85.18470695894212
0.6024166666666667,0.21250000000000002,-48946.12557383334,73.03620443069667
0.6024166666666667,0.21875,-48934.982784686246,61.893415283600916
0.6024166666666667,0.225,-48924.82552349398,51.73615409133345
0.6024166666666667,0.23125,-48915.6344138058,42.54504440315213
0.6024166666666667,0.23750000000000002,-48907.390843413916,34.30147401127033
0.6024166666666667,0.24375000000000002,-48900.07692281859,26.987553415943694
0.6024166666666667,0.25,-48893.675446612324,20.58607720967848
0.6024166666666667,0.25625000000000003,-48888.169857533394,15.080488130748563
0.6024166666666667,0.2625,-48883.544212963716,10.454843561070447
0.6024166666666667,0.26875000000000004,-48879.78315366866,6.693784266011789
0.6024166666666667,0.275,-48876.871874595716,3.782505193070392
0.6024166666666667,0.28125,-48874.79609756704,1.7067281643976457
0.6024166666666667,0.28750000000000003,-48873.54204571577,0.4526763131216285
0.6024166666666667,0.29375,-48873.09641953061,0.007050127962429542
0.6024166666666667,0.30000000000000004,-48873.44637438515,0.3570049825066235
0.6024166666666667,0.30625,-48874.57949943983,1.490130037185736
0.6024166666666667,0.3125,-48876.483797814086,3.394428411440458
0.6024166666666667,0.31875000000000003,-48879.147667935606,6.05829853296018
0.6024166666666667,0.325,-48882.55988598139,9.470516578745446
0.6024166666666667,0.33125000000000004,-48886.70958933258,13.620219929936866
0.6024166666666667,0.3375,-48891.58626097176,18.49689156911336
0.6024166666666667,0.34375,-48897.17971475716,24.090345354517922
0.6024166666666667,0.35000000000000003,-48903.48008151374,30.390712111096946
0.6024166666666667,0.35625,-48910.477795885745,37.388426483099465
0.6024166666666667,0.36250000000000004,-48918.16358389995,45.07421449730464
0.6024166666666667,0.36875,-48926.52845119276,53.43908179011487
0.6024166666666667,0.375,-48935.56367185792,62.47430245527357
0.6024166666666667,0.38125000000000003,-48945.26077787481,72.17140847216797
0.6024166666666667,0.3875,-48955.61154908071,82.52217967806791
0.6024166666666667,0.39375000000000004,-48966.60800365262,93.51863424997282
0.6024166666666667,0.4,-48978.24238906728,105.15301966463448
0.6024166666666667,0.40625,-48990.50717350995,117.4178041073028
0.6024166666666667,0.41250000000000003,-49003.39503770486,130.30566830221505
0.6024166666666667,0.41875,-49016.89886714214,143.80949773949396
0.6024166666666667,0.42500000000000004,-49031.011744677584,157.92237527493853
0.6024166666666667,0.43125,-49045.726943483685,172.63757408103993
0.6024166666666667,0.4375,-49061.03792033151,187.94855092886428
0.6024166666666667,0.44375000000000003,-49076.93830918448,203.8489397818339
0.6024166666666667,0.45,-49093.42191508647,220.33254568382108
0.6024166666666667,0.45625000000000004,-49110.482708327676,237.39333892503055
0.6024166666666667,0.4625,-49128.11481887303,255.02544947038405
0.6024166666666667,0.46875,-49146.31253103858,273.22316163593496
0.6024166666666667,0.47500000000000003,-49165.07027840261,291.9809089999617
0.6024166666666667,0.48125,-49184.382638938696,311.2932695360505
0.6024166666666667,0.48750000000000004,-49204.24433035914,331.15496095649723
0.6024166666666667,0.49375,-49224.650205657555,351.5608362549101
0.6024166666666667,0.5,-49245.595248840305,372.50587943766004
0.6024166666666667,0.5062500000000001,-49267.074570837125,393.9852014344797
0.6024166666666667,0.5125,-49289.08340558171,415.994036179065
0.6024166666666667,0.51875,-49311.61710625376,438.52773685111606
0.6024166666666667,0.525,-49334.671141674306,461.58177227166016
0.6024166666666667,0.53125,-49358.24109284686,485.15172344421444
0.6024166666666667,0.5375000000000001,-49382.32264963722,509.23328023457725
0.6024166666666667,0.54375,-49406.91160758503,533.8222381823871
0.6024166666666667,0.55,-49432.00386484096,558.9144954383155
0.6024166666666667,0.55625,-49457.595419223464,584.5060498208186
0.6024166666666667,0.5625,-49483.68236538933,610.5929959866844
0.6024166666666667,0.5687500000000001,-49510.26089211296,637.1715227103123
0.6024166666666667,0.575,-49537.327279669014,664.237910266369
0.6024166666666667,0.58125,-49564.877897313985,691.7885279113398
0.6024166666666667,0.5875,-49592.90920086197,719.8198314593246
0.6024166666666667,0.59375,-49621.417730350484,748.3283609478385
0.6024166666666667,0.6000000000000001,-49650.40010779227,777.3107383896277
0.6024166666666667,0.60625,-49679.85303500929,806.7636656066461
0.6024166666666667,0.6125,-49709.77329154532,836.6839221426781
0.6024166666666667,0.61875,-49740.15773265358,867.0683632509317
0.6024166666666667,0.625,-49771.003287356376,897.9139179537306
0.6024166666666667,0.6312500000000001,-49802.30695657351,929.2175871708678
0.6024166666666667,0.6375,-49834.06581131657,960.9764419139246
0.6024166666666667,0.64375,-49866.27699094626,993.1876215436132
0.6024166666666667,0.65,-49898.93770149037,1025.8483320877276
0.6024166666666667,0.65625,-49932.045214019614,1058.9558446169685
0.6024166666666667,0.6625000000000001,-49965.59686307897,1092.5074936763267
0.6024166666666667,0.66875,-49999.59004517249,1126.500675769843
0.6024166666666667,0.675,-50034.02221729919,1160.9328478965472
0.6024166666666667,0.68125,-50068.89089553806,1195.8015261354158
0.6024166666666667,0.6875,-50104.19365368024,1231.1042842775933
0.6024166666666667,0.6937500000000001,-50139.92812190647,1266.838752503827
0.6024166666666667,0.7,-50176.09198550806,1303.002616105412
0.6024166666666667,0.70625,-50212.68298364972,1339.5936142470746
0.6024166666666667,0.7125000000000001,-50249.698908172606,1376.6095387699606
0.6024166666666667,0.71875,-50287.137602435956,1414.0482330333107
0.6024166666666667,0.7250000000000001,-50324.99696019609,1451.9075907934457
0.6024166666666667,0.73125,-50363.274924521116,1490.1855551184708
0.6024166666666667,0.7375,-50401.96948674008,1528.8801173374377
0.6024166666666667,0.7437500000000001,-50441.07868542546,1567.9893160228166
0.6024166666666667,0.75,-50480.60060540745,1607.5112360048079
0.6024166666666667,0.7562500000000001,-50520.53337681924,1647.4440074165977
0.6024166666666667,0.7625,-50560.8751741718,1687.7858047691552
0.6024166666666667,0.76875,-50601.62421545744,1728.5348460547975
0.6024166666666667,0.7750000000000001,-50642.77876128093,1769.689391878288
0.6024166666666667,0.78125,-50684.33711401722,1811.2477446145713
0.6024166666666667,0.7875000000000001,-50726.297616994874,1853.2082475922289
0.6024166666666667,0.79375,-50768.658653704304,1895.5692843016586
0.6024166666666667,0.8,-50811.41864702999,1938.3292776273447
0.6024166666666667,0.8062500000000001,-50854.576058505714,1981.4866891030688
0.6024166666666667,0.8125,-50898.12938759226,2025.0400181896111
0.6024166666666667,0.8187500000000001,-50942.07717097657,2068.987801573923
0.6024166666666667,0.825,-50986.41798189184,2113.3286124891965
0.6024166666666667,0.83125,-51031.150429457775,2158.06106005513
0.6024166666666667,0.8375000000000001,-51076.27315804026,2203.183788637616
0.6024166666666667,0.84375,-51121.784846630006,2248.6954772273602
0.6024166666666667,0.8500000000000001,-51167.68420823934,2294.594838836696
0.6024166666666667,0.85625,-51213.9699893167,2340.8806199140527
0.6024166666666667,0.8625,-51260.640969178254,2387.5515997756083
0.6024166666666667,0.8687500000000001,-51307.69595945599,2434.606590053343
0.6024166666666667,0.875,-51355.133803561876,2482.04443415923
0.6024166666666667,0.8812500000000001,-51402.9533761676,2529.864006764954
0.6024166666666667,0.8875,-51451.15358269922,2578.064213296573
0.6024166666666667,0.89375,-51499.73335884657,2626.6439894439245
0.6024166666666667,0.9000000000000001,-51548.691670086664,2675.6023006840187
0.6024166666666667,0.90625,-51598.027511220855,2724.9381418182093
0.6024166666666667,0.9125000000000001,-51647.739905925366,2774.6505365227204
0.6024166666666667,0.91875,-51697.82790631459,2824.738536911944
0.6024166666666667,0.925,-51748.290592517034,2875.201223114389
0.6024166666666667,0.9312500000000001,-51799.12707226338,2926.0377028607327
0.6024166666666667,0.9375,-51850.33648048628,2977.247111083634
0.6024166666666667,0.9437500000000001,-51901.91797893176,3028.8286095291114
0.6024166666666667,0.95,-51953.870755781594,3080.781386378949
0.6055,0.2,-48977.07152067154,103.98215126889409
0.6055,0.20625000000000002,-48963.56368080622,90.47431140357367
0.6055,0.21250000000000002,-48951.07742222013,77.98805281748355
0.6055,0.21875,-48939.59184109836,66.5024716957123
0.6055,0.225,-48929.08688246067,55.997513058027835
0.6055,0.23125,-48919.54329253013,46.453923127482994
0.6055,0.23750000000000002,-48910.94257455558,37.85320515293279
0.6055,0.24375000000000002,-48903.266947783195,30.177578380549676
0.6055,0.25,-48896.49930930335,23.40993990070274
0.6055,0.25625000000000003,-48890.62319852749,17.533829124848126
0.6055,0.2625,-48885.62276407413,12.533394671481801
0.6055,0.26875000000000004,-48881.48273286465,8.393363462004345
0.6055,0.275,-48878.1883812494,5.099011846752546
0.6055,0.28125,-48875.72550800131,2.6361385986674577
0.6055,0.28750000000000003,-48874.08040902984,0.9910396271952777
0.6055,0.29375,-48873.23985368156,0.15048427891451865
0.6055,0.30000000000000004,-48873.1910625061,0.10169310345372651
0.6055,0.30625,-48873.921686376765,0.8323169741197489
0.6055,0.3125,-48875.41978686537,2.330417462726473
0.6055,0.31875000000000003,-48877.6738177792,4.5844483765540645
0.6055,0.325,-48880.67260777623,7.583238373583299
0.6055,0.33125000000000004,-48884.40534398186,11.315974579214526
0.6055,0.3375,-48888.86155653671,15.772187134061824
0.6055,0.34375,-48894.03110401079,20.941734608146362
0.6055,0.35000000000000003,-48899.90415962513,26.814790222488227
0.6055,0.35625,-48906.471198225954,33.38182882330875
0.6055,0.36250000000000004,-48913.72298396153,40.63361455888662
0.6055,0.36875,-48921.65055861531,48.5611892126617
0.6055,0.375,-48930.24523055274,57.15586115009501
0.6055,0.38125000000000003,-48939.49856424249,66.4091948398418
0.6055,0.3875,-48949.40237031547,76.31300091282174
0.6055,0.39375000000000004,-48959.94869612812,86.85932672547642
0.6055,0.4,-48971.12981679886,98.04044739621168
0.6055,0.40625,-48982.938226688435,109.84885728578956
0.6055,0.41250000000000003,-48995.36663129777,122.2772618951276
0.6055,0.41875,-49008.4079395581,135.31857015545393
0.6055,0.42500000000000004,-49022.05525649025,148.965887087601
0.6055,0.43125,-49036.3018762117,163.2125068090536
0.6055,0.4375,-49051.14127527115,178.05190586850222
0.6055,0.44375000000000003,-49066.567106291994,193.4777368893483
0.6055,0.45,-49082.57319190723,209.48382250458235
0.6055,0.45625000000000004,-49099.153518969586,226.0641495669406
0.6055,0.4625,-49116.302233021575,243.21286361893
0.6055,0.46875,-49134.01363301129,260.9242636086419
0.6055,0.47500000000000003,-49152.28216624074,279.19279683809145
0.6055,0.48125,-49171.1024235341,298.01305413145747
0.6055,0.48750000000000004,-49190.469134614395,317.37976521175005
0.6055,0.49375,-49210.37716367759,337.2877942749474
0.6055,0.5,-49230.82150515387,357.73213575122645
0.6055,0.5062500000000001,-49251.79727964642,378.70791024377104
0.6055,0.5125,-49273.29973003885,400.21036063620704
0.6055,0.51875,-49295.32421776255,422.2348483599053
0.6055,0.525,-49317.86621921605,444.7768498134028
0.6055,0.53125,-49340.92132232906,467.83195292641176
0.6055,0.5375000000000001,-49364.48522326382,491.3958538611769
0.6055,0.54375,-49388.553723247285,515.4643538446398
0.6055,0.55,-49413.122725527806,540.0333561251609
0.6055,0.55625,-49438.18823245039,565.0988630477441
0.6055,0.5625,-49463.74634264491,590.6569732422649
0.6055,0.5687500000000001,-49489.79324832211,616.703878919463
0.6055,0.575,-49516.32523267214,643.2358632694959
0.6055,0.58125,-49543.33866736132,670.249297958675
0.6055,0.5875,-49570.83001012224,697.7406407195958
0.6055,0.59375,-49598.79580243334,725.7064330306966
0.6055,0.6000000000000001,-49627.232667283686,754.1432978810408
0.6055,0.60625,-49656.13730701941,783.0479376167641
0.6055,0.6125,-49685.50650126807,812.4171318654262
0.6055,0.61875,-49715.33710493757,842.2477355349256
0.6055,0.625,-49745.62604628646,872.5366768838139
0.6055,0.6312500000000001,-49776.3703250625,903.2809556598513
0.6055,0.6375,-49807.56701070668,934.4776413040381
0.6055,0.64375,-49839.213240619916,966.1238712172708
0.6055,0.65,-49871.30621848956,998.2168490869153
0.6055,0.65625,-49903.84321267376,1030.7538432711153
0.6055,0.6625000000000001,-49936.82155464081,1063.7321852381647
0.6055,0.66875,-49970.23863746146,1097.1492680588126
0.6055,0.675,-50004.0919143521,1131.002544949457
0.6055,0.68125,-50038.37889726661,1165.2895278639626
0.6055,0.6875,-50073.097155535084,1200.007786132439
0.6055,0.6937500000000001,-50108.24431454754,1235.1549451448955
0.6055,0.7,-50143.81805448084,1270.7286850781966
0.6055,0.70625,-50179.816109067084,1306.7267396644384
0.6055,0.7125000000000001,-50216.23626440205,1343.1468949994014
0.6055,0.71875,-50253.076357791986,1379.9869883893407
0.6055,0.7250000000000001,-50290.33427663738,1417.2449072347372
0.6055,0.73125,-50328.00795735224,1454.9185879495926
0.6055,0.7375,-50366.09538431774,1493.0060149150959
0.6055,0.7437500000000001,-50404.594588868684,1531.5052194660384
0.6055,0.75,-50443.503648311875,1570.4142789092293
0.6055,0.7562500000000001,-50482.82068497496,1609.7313155723168
0.6055,0.7625,-50522.543865284875,1649.4544958822298
0.6055,0.76875,-50562.67139887465,1689.5820294720033
0.6055,0.7750000000000001,-50603.20153771768,1730.112168315034
0.6055,0.78125,-50644.1325752884,1771.043205885755
0.6055,0.7875000000000001,-50685.46284574858,1812.373476345936
0.6055,0.79375,-50727.19072315816,1854.1013537555118
0.6055,0.8,-50769.31462070986,1896.2252513072162
0.6055,0.8062500000000001,-50811.832989986884,1938.7436205842387
0.6055,0.8125,-50854.74432024265,1981.6549508400058
0.6055,0.8187500000000001,-50898.047137702095,2024.9577682994495
0.6055,0.825,-50941.74000488357,2068.6506354809244
0.6055,0.83125,-50985.8215199409,2112.732150538257
0.6055,0.8375000000000001,-51030.29031602469,2157.200946622048
0.6055,0.84375,-51075.14506066241,2202.0556912597676
0.6055,0.8500000000000001,-51120.38445515668,2247.2950857540345
0.6055,0.85625,-51166.00723400092,2292.9178645982756
0.6055,0.8625,-51212.0121643122,2338.922794909551
0.6055,0.8687500000000001,-51258.39804528028,2385.3086758776335
0.6055,0.875,-51305.16370763281,2432.074338230166
0.6055,0.8812500000000001,-51352.308013115806,2479.2186437131604
0.6055,0.8875,-51399.82985398908,2526.7404845864367
0.6055,0.89375,-51447.72815253622,2574.638783133574
0.6055,0.9000000000000001,-51496.0018605886,2622.9124911859544
0.6055,0.90625,-51544.64995906288,2671.5605896602356
0.6055,0.9125000000000001,-51593.67145751194,2720.582088109295
0.6055,0.91875,-51643.06539368841,2769.9760242857665
0.6055,0.925,-51692.830833120795,2819.74146371815
0.6055,0.9312500000000001,-51742.96686870156,2869.877499298913
0.6055,0.9375,-51793.472620286986,2920.3832508843407
0.6055,0.9437500000000001,-51844.34723430844,2971.2578649057978
0.6055,0.95,-51895.58988339462,3022.500513991974
0.6085833333333334,0.2,-48982.88083792385,109.79146852120175
0.6085833333333334,0.20625000000000002,-48969.04231086427,95.95294146162632
0.6085833333333334,0.21250000000000002,-48956.22017920778,83.13080980513769
0.6085833333333334,0.21875,-48944.393678658365,71.30430925572
0.6085833333333334,0.225,-48933.542885363524,60.453515960878576
0.6085833333333334,0.23125,-48923.64866889153,50.55929948888661
0.6085833333333334,0.23750000000000002,-48914.69264860852,41.60327920587588
0.6085833333333334,0.24375000000000002,-48906.657153155786,33.56778375314025
0.6085833333333334,0.25,-48899.52518275911,26.435813356467406
0.6085833333333334,0.25625000000000003,-48893.28037412891,20.19100472626451
0.6085833333333334,0.2625,-48887.90696773406,14.817598331414047
0.6085833333333334,0.26875000000000004,-48883.389777253935,10.300407851289492
0.6085833333333334,0.275,-48879.71416103183,6.624791629183164
0.6085833333333334,0.28125,-48876.865995369924,3.77662596727896
0.6085833333333334,0.28750000000000003,-48874.83164952092,1.7422801182765397
0.6085833333333334,0.29375,-48873.59796224504,0.5085928423941368
0.6085833333333334,0.30000000000000004,-48873.15221981263,0.06285040998773184
0.6085833333333334,0.30625,-48873.48213534398,0.39276594133116305
0.6085833333333334,0.3125,-48874.575829386864,1.486459984218527
0.6085833333333334,0.31875000000000003,-48876.42181164165,3.332442239006923
0.6085833333333334,0.325,-48879.0089637511,5.9195943484519375
0.6085833333333334,0.33125000000000004,-48882.32652307914,9.237153676491289
0.6085833333333334,0.3375,-48886.36406740953,13.274698006884137
0.6085833333333334,0.34375,-48891.11150050049,18.022131097844976
0.6085833333333334,0.35000000000000003,-48896.55903843696,23.469669034311664
0.6085833333333334,0.35625,-48902.69719672688,29.60782732423104
0.6085833333333334,0.36250000000000004,-48909.5167780919,36.42740868925466
0.6085833333333334,0.36875,-48917.00886090685,43.9194915042026
0.6085833333333334,0.375,-48925.16478824613,52.07541884348757
0.6085833333333334,0.38125000000000003,-48933.97615749789,60.88678809524572
0.6085833333333334,0.3875,-48943.434810510335,70.34544110768911
0.6085833333333334,0.39375000000000004,-48953.53282423672,80.44345483407233
0.6085833333333334,0.4,-48964.262501848374,91.1731324457287
0.6085833333333334,0.40625,-48975.616364287096,102.52699488445069
0.6085833333333334,0.41250000000000003,-48987.58714223052,114.49777282787545
0.6085833333333334,0.41875,-49000.16776844579,127.0783990431446
0.6085833333333334,0.42500000000000004,-49013.3513705086,140.26200110595528
0.6085833333333334,0.43125,-49027.131263866504,154.04189446385863
0.6085833333333334,0.4375,-49041.50094522642,168.4115758237749
0.6085833333333334,0.44375000000000003,-49056.45408624802,183.36471684537537
0.6085833333333334,0.45,-49071.98452752576,198.89515812311583
0.6085833333333334,0.45625000000000004,-49088.08627284334,214.99690344069677
0.6085833333333334,0.4625,-49104.753483685716,231.66411428307038
0.6085833333333334,0.46875,-49121.98047399451,248.89110459186486
0.6085833333333334,0.47500000000000003,-49139.7617051537,266.6723357510564
0.6085833333333334,0.48125,-49158.0917811933,285.0024117906578
0.6085833333333334,0.48750000000000004,-49176.96544419951,303.87607479686267
0.6085833333333334,0.49375,-49196.37756992044,323.2882005177962
0.6085833333333334,0.5,-49216.32316355739,343.2337941547448
0.6085833333333334,0.5062500000000001,-49236.797355732066,363.70798632942024
0.6085833333333334,0.5125,-49257.79539862092,384.7060292182723
0.6085833333333334,0.51875,-49279.31266224795,406.22329284530133
0.6085833333333334,0.525,-49301.34463092839,428.2552615257446
0.6085833333333334,0.53125,-49323.88689985564,450.7975304529973
0.6085833333333334,0.5375000000000001,-49346.93517182441,473.8458024217616
0.6085833333333334,0.54375,-49370.485254083615,497.3958846809692
0.6085833333333334,0.55,-49394.53305531273,521.4436859100824
0.6085833333333334,0.55625,-49419.07458271569,545.985213313048
0.6085833333333334,0.5625,-49444.10593922693,571.0165698242854
0.6085833333333334,0.5687500000000001,-49469.62332082411,596.5339514214647
0.6085833333333334,0.575,-49495.623013942866,622.5336445402208
0.6085833333333334,0.58125,-49522.10139298871,649.0120235860668
0.6085833333333334,0.5875,-49549.05491794173,675.9655485390831
0.6085833333333334,0.59375,-49576.48013204989,703.3907626472428
0.6085833333333334,0.6000000000000001,-49604.373659607074,731.2842902044285
0.6085833333333334,0.60625,-49632.732203811946,759.6428344093001
0.6085833333333334,0.6125,-49661.552544704246,788.4631753016001
0.6085833333333334,0.61875,-49690.831537175094,817.7421677724487
0.6085833333333334,0.625,-49720.56610904807,847.4767396454263
0.6085833333333334,0.6312500000000001,-49750.75325922806,877.6638898254168
0.6085833333333334,0.6375,-49781.39005591511,908.3006865124626
0.6085833333333334,0.64375,-49812.47363488035,939.3842654777036
0.6085833333333334,0.65,-49844.0011978016,970.9118283989519
0.6085833333333334,0.65625,-49875.97001065602,1002.880641253374
0.6085833333333334,0.6625000000000001,-49908.37740216761,1035.2880327649618
0.6085833333333334,0.66875,-49941.22076230722,1068.1313929045718
0.6085833333333334,0.675,-49974.497540843004,1101.4081714403583
0.6085833333333334,0.68125,-50008.20524593928,1135.1158765366345
0.6085833333333334,0.6875,-50042.341442801895,1169.2520733992496
0.6085833333333334,0.6937500000000001,-50076.90375236825,1203.8143829656037
0.6085833333333334,0.7,-50111.889850040214,1238.8004806375684
0.6085833333333334,0.70625,-50147.29746445831,1274.2080950556629
0.6085833333333334,0.7125000000000001,-50183.12437631552,1310.0350069128763
0.6085833333333334,0.71875,-50219.36841720937,1346.2790478067254
0.6085833333333334,0.7250000000000001,-50256.02746853049,1382.938099127845
0.6085833333333334,0.73125,-50293.09946038669,1420.0100909840476
0.6085833333333334,0.7375,-50330.58237056103,1457.4930011583856
0.6085833333333334,0.7437500000000001,-50368.47422350247,1495.3848540998224
0.6085833333333334,0.75,-50406.773089348266,1533.6837199456204
0.6085833333333334,0.7562500000000001,-50445.477082976664,1572.3877135740186
0.6085833333333334,0.7625,-50484.58436308887,1611.494993686225
0.6085833333333334,0.76875,-50524.09313131931,1651.0037619166615
0.6085833333333334,0.7750000000000001,-50564.00163137312,1690.9122619704722
0.6085833333333334,0.78125,-50604.308148189906,1731.2187787872608
0.6085833333333334,0.7875000000000001,-50645.01100713282,1771.9216377301782
0.6085833333333334,0.79375,-50686.10857320221,1813.0192037995657
0.6085833333333334,0.8,-50727.59925027275,1854.5098808701077
0.6085833333333334,0.8062500000000001,-50769.48148035353,1896.392110950881
0.6085833333333334,0.8125,-50811.75374287003,1938.6643734673853
0.6085833333333334,0.8187500000000001,-50854.41455396762,1981.325184564972
0.6085833333333334,0.825,-50897.46246583531,2024.3730964326678
0.6085833333333334,0.83125,-50940.89606604974,2067.806696647094
0.6085833333333334,0.8375000000000001,-50984.71397693815,2111.624607535501
0.6085833333333334,0.84375,-51028.9148549601,2155.825485557456
0.6085833333333334,0.8500000000000001,-51073.49739010715,2200.4080207045045
0.6085833333333334,0.85625,-51118.460305319946,2245.370935917301
0.6085833333333334,0.8625,-51163.802355922184,2290.7129865195384
0.6085833333333334,0.8687500000000001,-51209.52232907092,2336.432959668273
0.6085833333333334,0.875,-51255.61904322267,2382.529673820027
0.6085833333333334,0.8812500000000001,-51302.091347614856,2429.001978212211
0.6085833333333334,0.8875,-51348.938121762025,2475.8487523593794
0.6085833333333334,0.89375,-51396.158274966554,2523.0689055639086
0.6085833333333334,0.9000000000000001,-51443.75074584324,2570.661376440592
0.6085833333333334,0.90625,-51491.71450185738,2618.625132454734
0.6085833333333334,0.9125000000000001,-51540.04853887611,2666.9591694734627
0.6085833333333334,0.91875,-51588.751880732234,2715.6625113295886
0.6085833333333334,0.925,-51637.82357880068,2764.7342093980333
0.6085833333333334,0.9312500000000001,-51687.26271158666,2814.173342184018
0.6085833333333334,0.9375,-51737.068384325714,2863.9790149230685
0.6085833333333334,0.9437500000000001,-51787.23972859488,2914.1503591922374
0.6085833333333334,0.95,-51837.77590193495,2964.6865325323015
0.6116666666666667,0.2,-48988.87842471596,115.78905531331111
0.6116666666666667,0.20625000000000002,-48974.711119596745,101.62175019409915
0.6116666666666667,0.21250000000000002,-48961.55501263842,88.46564323577331
0.6116666666666667,0.21875,-48949.389479753394,76.30011035074858
0.6116666666666667,0.225,-48938.19472889747,65.10535949482437
0.6116666666666667,0.23125,-48927.95175365487,54.86238425222109
0.6116666666666667,0.23750000000000002,-48918.64229016904,45.55292076639307
0.6116666666666667,0.24375000000000002,-48910.24877712541,37.15940772276372
0.6116666666666667,0.25,-48902.754318522755,29.664949120109668
0.6116666666666667,0.25625000000000003,-48896.14264899631,23.053279593666957
0.6116666666666667,0.2625,-48890.39810147947,17.308732076824526
0.6116666666666667,0.26875000000000004,-48885.505577011936,12.416207609290723
0.6116666666666667,0.275,-48881.450516520614,8.361147117968358
0.6116666666666667,0.28125,-48878.21887441598,5.129505013333983
0.6116666666666667,0.28750000000000003,-48875.79709386169,2.707724459047313
0.6116666666666667,0.29375,-48874.17208358807,1.0827141854242655
0.6116666666666667,0.30000000000000004,-48873.331196131716,0.24182672907045344
0.6116666666666667,0.30625,-48873.2622073947,0.17283799205324613
0.6116666666666667,0.3125,-48873.95329742524,0.8639280225979746
0.6116666666666667,0.31875000000000003,-48875.39303233115,2.3036629285052186
0.6116666666666667,0.325,-48877.57034724449,4.480977841842105
0.6116666666666667,0.33125000000000004,-48880.47453026285,7.38516086020536
0.6116666666666667,0.3375,-48884.095207299106,11.005837896460434
0.6116666666666667,0.34375,-48888.422327776716,15.332958374070586
0.6116666666666667,0.35000000000000003,-48893.4461511132,20.356781710557698
0.6116666666666667,0.35625,-48899.15723393865,26.067864536002162
0.6116666666666667,0.36250000000000004,-48905.54641800061,32.457048597963876
0.6116666666666667,0.36875,-48912.60481871031,39.51544930766249
0.6116666666666667,0.375,-48920.32381428877,47.23444488612586
0.6116666666666667,0.38125000000000003,-48928.69503547445,55.60566607180226
0.6116666666666667,0.3875,-48937.71035575692,64.62098635427537
0.6116666666666667,0.39375000000000004,-48947.36188210398,74.27251270133274
0.6116666666666667,0.4,-48957.64194615152,84.55257674887253
0.6116666666666667,0.40625,-48968.543095828194,95.45372642554867
0.6116666666666667,0.41250000000000003,-48980.058087388585,106.96871798593929
0.6116666666666667,0.41875,-48992.179877830706,119.09050842806028
0.6116666666666667,0.42500000000000004,-49004.90161767504,131.81224827239203
0.6116666666666667,0.43125,-49018.216644084285,145.1272746816394
0.6116666666666667,0.4375,-49032.11847430414,159.02910490149225
0.6116666666666667,0.44375000000000003,-49046.60079940678,173.5114300041314
0.6116666666666667,0.45,-49061.65747832018,188.56810891753412
0.6116666666666667,0.45625000000000004,-49077.28253212726,204.19316272461583
0.6116666666666667,0.4625,-49093.47013861994,220.38076921729225
0.6116666666666667,0.46875,-49110.2146270944,237.1252576917541
0.6116666666666667,0.47500000000000003,-49127.510473374394,254.42110397174838
0.6116666666666667,0.48125,-49145.352295050485,272.26292564783944
0.6116666666666667,0.48750000000000004,-49163.734846923806,290.6454775211605
0.6116666666666667,0.49375,-49182.65301664373,309.56364724108425
0.6116666666666667,0.5,-49202.10182052923,329.01245112658216
0.6116666666666667,0.5062500000000001,-49222.07639956474,348.98703016209765
0.6116666666666667,0.5125,-49242.57201556149,369.48264615884545
0.6116666666666667,0.51875,-49263.58404747611,390.4946780734681
0.6116666666666667,0.525,-49285.1079878786,412.01861847595137
0.6116666666666667,0.53125,-49307.13943956238,434.0500701597339
0.6116666666666667,0.5375000000000001,-49329.67411228942,456.584742886771
0.6116666666666667,0.54375,-49352.707819663934,479.6184502612887
0.6116666666666667,0.55,-49376.236476128615,503.14710672596993
0.6116666666666667,0.55625,-49400.25609407723,527.1667246745856
0.6116666666666667,0.5625,-49424.76278107861,551.6734116759617
0.6116666666666667,0.5687500000000001,-49449.75273720639,576.663367803747
0.6116666666666667,0.575,-49475.222252469925,602.1328830672792
0.6116666666666667,0.58125,-49501.167704341526,628.0783349388803
0.6116666666666667,0.5875,-49527.58555537583,654.4961859731848
0.6116666666666667,0.59375,-49554.4723509171,681.3829815144563
0.6116666666666667,0.6000000000000001,-49581.82471689042,708.7353474877746
0.6116666666666667,0.60625,-49609.63935767324,736.5499882705917
0.6116666666666667,0.6125,-49637.91305404372,764.8236846410728
0.6116666666666667,0.61875,-49666.64266120242,793.5532917997771
0.6116666666666667,0.625,-49695.82510686439,822.7357374617422
0.6116666666666667,0.6312500000000001,-49725.45738941833,852.3680200156814
0.6116666666666667,0.6375,-49755.53657615035,882.4472067477036
0.6116666666666667,0.64375,-49786.05980152944,912.9704321267927
0.6116666666666667,0.65,-49817.024265551896,943.9348961492506
0.6116666666666667,0.65625,-49848.42723214272,975.3378627400743
0.6116666666666667,0.6625000000000001,-49880.26602761113,1007.176658208482
0.6116666666666667,0.66875,-49912.538039158455,1039.4486697558095
0.6116666666666667,0.675,-49945.24071343598,1072.1513440333365
0.6116666666666667,0.68125,-49978.371555150836,1105.2821857481904
0.6116666666666667,0.6875,-50011.92812571819,1138.838756315541
0.6116666666666667,0.6937500000000001,-50045.90804195753,1172.8186725548876
0.6116666666666667,0.7,-50080.30897483183,1207.2196054291853
0.6116666666666667,0.70625,-50115.12864822749,1242.0392788248428
0.6116666666666667,0.7125000000000001,-50150.36483777369,1277.2754683710446
0.6116666666666667,0.71875,-50186.0153696997,1312.926000297055
0.6116666666666667,0.7250000000000001,-50222.078119728525,1348.9887503258797
0.6116666666666667,0.73125,-50258.55101200573,1385.4616426030843
0.6116666666666667,0.7375,-50295.43201806197,1422.3426486593235
0.6116666666666667,0.7437500000000001,-50332.71915580807,1459.6297864054213
0.6116666666666667,0.75,-50370.41048856142,1497.3211191587761
0.6116666666666667,0.7562500000000001,-50408.504124102576,1535.4147546999302
0.6116666666666667,0.7625,-50446.99821376092,1573.9088443582732
0.6116666666666667,0.76875,-50485.89095152843,1612.8015821257868
0.6116666666666667,0.7750000000000001,-50525.18057320046,1652.0912037978123
0.6116666666666667,0.78125,-50564.86535554261,1691.7759861399682
0.6116666666666667,0.7875000000000001,-50604.943615482785,1731.85424608014
0.6116666666666667,0.79375,-50645.41370932765,1772.324339925006
0.6116666666666667,0.8,-50686.27403200237,1813.1846625997277
0.6116666666666667,0.8062500000000001,-50727.52301631321,1854.433646910562
0.6116666666666667,0.8125,-50769.15913223182,1896.0697628291746
0.6116666666666667,0.8187500000000001,-50811.180886200906,1938.0915167982603
0.6116666666666667,0.825,-50853.58682046013,1980.497451057483
0.6116666666666667,0.83125,-50896.375512391896,2023.286142989251
0.6116666666666667,0.8375000000000001,-50939.54557388621,2066.456204483562
0.6116666666666667,0.84375,-50983.09565072402,2110.0062813213735
0.6116666666666667,0.8500000000000001,-51027.024421978436,2153.935052575791
0.6116666666666667,0.85625,-51071.33059943329,2198.241230030646
0.6116666666666667,0.8625,-51116.012927018375,2242.92355761573
0.6116666666666667,0.8687500000000001,-51161.070180261,2287.980810858353
0.6116666666666667,0.875,-51206.501165753114,2333.4117963504686
0.6116666666666667,0.8812500000000001,-51252.30472063385,2379.215351231207
0.6116666666666667,0.8875,-51298.47971208658,2425.3903426839315
0.6116666666666667,0.89375,-51345.0250368504,2471.935667447753
0.6116666666666667,0.9000000000000001,-51391.939620745456,2518.85025134281
0.6116666666666667,0.90625,-51439.222418211626,2566.1330488089807
0.6116666666666667,0.9125000000000001,-51486.87241186036,2613.7830424577114
0.6116666666666667,0.91875,-51534.88861203895,2661.7992426363053
0.6116666666666667,0.925,-51583.27005640731,2710.180687004664
0.6116666666666667,0.9312500000000001,-51632.01580952643,2758.9264401237815
0.6116666666666667,0.9375,-51681.12496245852,2808.0355930558726
0.6116666666666667,0.9437500000000001,-51730.596632378394,2857.5072629757487
0.6116666666666667,0.95,-51780.42996219559,2907.3405927929416
0.61475,0.2,-48995.06543294719,121.97606354454183
0.61475,0.20625000000000002,-48980.57127420405,107.48190480140329
0.61475,0.21250000000000002,-48967.083104777834,93.99373537518841
0.61475,0.21875,-48954.58044147724,81.49107207459747
0.61475,0.225,-48943.043624745784,69.95425534313836
0.61475,0.23125,-48932.45377285345,59.364403450803366
0.61475,0.23750000000000002,-48922.79273938053,49.703369977883995
0.61475,0.24375000000000002,-48914.043073705296,40.953704302650294
0.61475,0.25,-48906.187984236945,33.09861483429995
0.61475,0.25625000000000003,-48899.21130416152,26.121934758877615
0.61475,0.2625,-48893.09745949133,20.008090088682366
0.61475,0.26875000000000004,-48887.83143922917,14.742069826526858
0.61475,0.275,-48883.39876747671,10.309398074066848
0.61475,0.28125,-48879.78547733239,6.696107929747086
0.61475,0.28750000000000003,-48876.97808643918,3.888717036534217
0.61475,0.29375,-48874.96357405465,1.8742046520055737
0.61475,0.30000000000000004,-48873.729359528006,0.6399901253607823
0.61475,0.30625,-48873.26328207873,0.17391267608763883
0.61475,0.3125,-48873.55358178075,0.4642123781013652
0.61475,0.31875000000000003,-48874.58888166447,1.4995122618274763
0.61475,0.325,-48876.35817085667,3.268801454025379
0.61475,0.33125000000000004,-48878.85078868452,5.761419281872804
0.61475,0.3375,-48882.05640967675,8.967040274103056
0.61475,0.34375,-48885.96502939996,12.87565999731305
0.61475,0.35000000000000003,-48890.56695107362,17.47758167097345
0.61475,0.35625,-48895.85277291107,22.763403508426563
0.61475,0.36250000000000004,-48901.81337613902,28.724006736374577
0.61475,0.36875,-48908.4399136507,35.350544248052756
0.61475,0.375,-48915.72379925207,42.634429849422304
0.61475,0.38125000000000003,-48923.656697463186,50.5673280605406
0.61475,0.3875,-48932.230513839604,59.14114443695871
0.61475,0.39375000000000004,-48941.4373857818,68.3480163791537
0.61475,0.4,-48951.26967380225,78.18030439960421
0.61475,0.40625,-48961.71995322256,88.63058381991141
0.61475,0.41250000000000003,-48972.78100627479,99.69163687214314
0.61475,0.41875,-48984.445814582934,111.35644518028857
0.61475,0.42500000000000004,-48996.707552002306,123.61818259966094
0.61475,0.43125,-49009.559577795924,136.47020839327888
0.61475,0.4375,-49022.99543012876,149.90606072611263
0.61475,0.44375000000000003,-49037.00881986164,163.91945045899774
0.61475,0.45,-49051.59362462805,178.50425522540172
0.61475,0.45625000000000004,-49066.743883178046,193.65451377540012
0.61475,0.4625,-49082.453789974796,209.36442057215027
0.61475,0.46875,-49098.71769002975,225.62832062710368
0.61475,0.47500000000000003,-49115.53007396375,242.44070456110785
0.61475,0.48125,-49132.885573282096,259.79620387945033
0.61475,0.48750000000000004,-49150.77895585212,277.6895864494727
0.61475,0.49375,-49169.20512157286,296.11575217021164
0.61475,0.5,-49188.15909822681,315.0697288241645
0.61475,0.5062500000000001,-49207.63603750449,334.54666810184426
0.61475,0.5125,-49227.631211193075,354.5418417904293
0.61475,0.51875,-49248.14000752081,375.05063811816217
0.61475,0.525,-49269.15792764948,396.0685582468359
0.61475,0.53125,-49290.6805823078,417.5912129051576
0.61475,0.5375000000000001,-49312.7036885586,439.6143191559531
0.61475,0.54375,-49335.22306669353,462.133697290883
0.61475,0.55,-49358.23463724914,485.14526784649206
0.61475,0.55625,-49381.734418138556,508.6450487359107
0.61475,0.5625,-49405.718521893425,532.6291524907792
0.61475,0.5687500000000001,-49430.18315301079,557.093783608143
0.61475,0.575,-49455.124605400255,582.0352359976096
0.61475,0.58125,-49480.53925992688,607.4498905242363
0.61475,0.5875,-49506.42358204514,633.3342126424977
0.61475,0.59375,-49532.77411952037,659.6847501177253
0.61475,0.6000000000000001,-49559.58750023329,686.4981308306451
0.61475,0.60625,-49586.86043006439,713.7710606617475
0.61475,0.6125,-49614.589690854285,741.50032145164
0.61475,0.61875,-49642.77213843707,769.6827690344217
0.61475,0.625,-49671.40470074331,798.3153313406656
0.61475,0.6312500000000001,-49700.48437596987,827.3950065672252
0.61475,0.6375,-49730.008230813546,856.9188614109007
0.61475,0.64375,-49759.9733987661,886.8840293634566
0.61475,0.65,-49790.37707846782,917.2877090651746
0.61475,0.65625,-49821.216532117556,948.1271627149108
0.61475,0.6625000000000001,-49852.48908393648,979.3997145338362
0.61475,0.66875,-49884.19211868392,1011.1027492812718
0.61475,0.675,-49916.3230802226,1043.2337108199572
0.61475,0.68125,-49948.87947013185,1075.790100729202
0.61475,0.6875,-49981.858846366405,1108.76947696376
0.61475,0.6937500000000001,-50015.25882195942,1142.1694525567727
0.61475,0.7,-50049.07706376767,1175.9876943650233
0.61475,0.70625,-50083.31129125742,1210.2219218547762
0.61475,0.7125000000000001,-50117.959275329486,1244.8699059268401
0.61475,0.71875,-50153.01883718178,1279.9294677791331
0.61475,0.7250000000000001,-50188.487847208125,1315.39847780548
0.61475,0.73125,-50224.36422393192,1351.274854529278
0.61475,0.7375,-50260.645932973304,1387.556563570659
0.61475,0.7437500000000001,-50297.33098604855,1424.241616645908
0.61475,0.75,-50334.41744000073,1461.328070598087
0.61475,0.7562500000000001,-50371.90339586023,1498.814026457585
0.61475,0.7625,-50409.78699793418,1536.6976285315322
0.61475,0.76875,-50448.066432923784,1574.977063521139
0.61475,0.7750000000000001,-50486.73992906851,1613.650559665868
0.61475,0.78125,-50525.80575531618,1652.7163859135326
0.61475,0.7875000000000001,-50565.26222051803,1692.1728511153851
0.61475,0.79375,-50605.10767264804,1732.0183032453933
0.61475,0.8,-50645.340498045465,1772.2511286428198
0.61475,0.8062500000000001,-50685.959120679865,1812.8697512772196
0.61475,0.8125,-50726.96200143796,1853.8726320353162
0.61475,0.8187500000000001,-50768.347637431405,1895.2582680287596
0.61475,0.825,-50810.11456132497,1937.0251919223228
0.61475,0.83125,-50852.26134068425,1979.1719712816048
0.61475,0.8375000000000001,-50894.78657734239,2021.6972079397456
0.61475,0.84375,-50937.68890678521,2064.5995373825644
0.61475,0.8500000000000001,-50980.96699755405,2107.8776281514074
0.61475,0.85625,-51024.619550665804,2151.5301812631587
0.61475,0.8625,-51068.64529904958,2195.5559296469364
0.61475,0.8687500000000001,-51113.043006999535,2239.953637596889
0.61475,0.875,-51157.8114696432,2284.7221002405568
0.61475,0.8812500000000001,-51202.94951242507,2329.8601430224226
0.61475,0.8875,-51248.455990604634,2375.366621201989
0.61475,0.89375,-51294.32978876879,2421.2404193661423
0.61475,0.9000000000000001,-51340.569820357865,2467.4804509552196
0.61475,0.90625,-51387.17502720511,2514.0856578024614
0.61475,0.9125000000000001,-51434.144379088975,2561.05500968633
0.61475,0.91875,-51481.476873298074,2608.3875038954284
0.61475,0.925,-51529.17153420823,2656.082164805586
0.61475,0.9312500000000001,-51577.227412871405,2704.13804346876
0.61475,0.9375,-51625.64358661602,2752.554217213372
0.61475,0.9437500000000001,-51674.41915865848,2801.329789255833
0.61475,0.95,-51723.553257725536,2850.463888322891
0.6178333333333333,0.2,-49001.44302859461,128.35365919196192
0.6178333333333333,0.20625000000000002,-48986.623956256015,113.53458685336955
0.6178333333333333,0.21250000000000002,-48972.805652551644,99.71628314899863
0.6178333333333333,0.21875,-48959.967775872785,86.87840647013945
0.6178333333333333,0.225,-48948.09079982867,75.00143042602576
0.6178333333333333,0.23125,-48937.155968043924,64.06659864127869
0.6178333333333333,0.23750000000000002,-48927.145252194605,54.05588279195945
0.6178333333333333,0.24375000000000002,-48918.041313000096,44.951943597450736
0.6178333333333333,0.25,-48909.827463917354,36.73809451470879
0.6178333333333333,0.25625000000000003,-48902.487637309256,29.398267906610272
0.6178333333333333,0.2625,-48896.006352881624,22.91698347897909
0.6178333333333333,0.26875000000000004,-48890.36868820347,17.279318800821784
0.6178333333333333,0.275,-48885.560251142815,12.470881740169716
0.6178333333333333,0.28125,-48881.567154066375,8.477784663729835
0.6178333333333333,0.28750000000000003,-48878.375989665365,5.286620262719225
0.6178333333333333,0.29375,-48875.97380828256,2.884438879911613
0.6178333333333333,0.30000000000000004,-48874.348096626796,1.258727224150789
0.6178333333333333,0.30625,-48873.486757771425,0.39738836877950234
0.6178333333333333,0.3125,-48873.37809234213,0.288722939483705
0.6178333333333333,0.31875000000000003,-48874.01078080796,0.9214114053174853
0.6178333333333333,0.325,-48875.37386679665,2.2844973940082127
0.6178333333333333,0.33125000000000004,-48877.456741361646,4.367371959000593
0.6178333333333333,0.3375,-48880.24912813509,7.1597587324431515
0.6178333333333333,0.34375,-48883.74106930548,10.651699902831751
0.6178333333333333,0.35000000000000003,-48887.92291236428,14.833542961634521
0.6178333333333333,0.35625,-48892.78529757001,19.69592816736258
0.6178333333333333,0.36250000000000004,-48898.31914608243,25.229776679785573
0.6178333333333333,0.36875,-48904.51564872307,31.426279320425238
0.6178333333333333,0.375,-48911.36625532176,38.27688591911283
0.6178333333333333,0.38125000000000003,-48918.862664611996,45.77329520935018
0.6178333333333333,0.3875,-48926.99681464045,53.907445237804495
0.6178333333333333,0.39375000000000004,-48935.76087365889,62.67150425624277
0.6178333333333333,0.4,-48945.147231468756,72.05786206611083
0.6178333333333333,0.40625,-48955.148491191096,82.05912178845028
0.6178333333333333,0.41250000000000003,-48965.75746143622,92.66809203357116
0.6178333333333333,0.41875,-48976.96714884949,103.87777944684785
0.6178333333333333,0.42500000000000004,-48988.77075101121,115.68138160856324
0.6178333333333333,0.43125,-49001.161649669986,128.07228026734083
0.6178333333333333,0.4375,-49014.13340429064,141.0440348879929
0.6178333333333333,0.44375000000000003,-49027.67974589873,154.59037649608217
0.6178333333333333,0.45,-49041.79457120503,168.70520180238236
0.6178333333333333,0.45625000000000004,-49056.471936994654,183.38256759200885
0.6178333333333333,0.4625,-49071.706054765964,198.61668536331854
0.6178333333333333,0.46875,-49087.49128560602,214.40191620337282
0.6178333333333333,0.47500000000000003,-49103.82213528976,230.7327658871145
0.6178333333333333,0.48125,-49120.69324959096,247.60388018831145
0.6178333333333333,0.48750000000000004,-49138.0994097938,265.0100403911565
0.6178333333333333,0.49375,-49156.035528394845,282.94615899219934
0.6178333333333333,0.5,-49174.49664498526,301.4072755826128
0.6178333333333333,0.5062500000000001,-49193.477922304286,320.38855290164065
0.6178333333333333,0.5125,-49212.974642455316,339.8852730526705
0.6178333333333333,0.51875,-49232.98220327629,359.8928338736441
0.6178333333333333,0.525,-49253.49611485693,380.4067454542819
0.6178333333333333,0.53125,-49274.51199619539,401.42262679274427
0.6178333333333333,0.5375000000000001,-49296.02557198785,422.9362025852024
0.6178333333333333,0.54375,-49318.032669544235,444.94330014158913
0.6178333333333333,0.55,-49340.52921582445,467.43984642180294
0.6178333333333333,0.55625,-49363.5112345891,490.4218651864576
0.6178333333333333,0.5625,-49386.97484365961,513.8854742569674
0.6178333333333333,0.5687500000000001,-49410.91625228232,537.8268828796718
0.6178333333333333,0.575,-49435.33175859217,562.2423891895232
0.6178333333333333,0.58125,-49460.21774717107,587.1283777684221
0.6178333333333333,0.5875,-49485.570686696934,612.4813172942886
0.6178333333333333,0.59375,-49511.38712767911,638.2977582764652
0.6178333333333333,0.6000000000000001,-49537.663700276564,664.5743308739184
0.6178333333333333,0.60625,-49564.39711219498,691.3077427923345
0.6178333333333333,0.6125,-49591.58414665944,718.4947772567975
0.6178333333333333,0.61875,-49619.22166045946,746.1322910568124
0.6178333333333333,0.625,-49647.30658206305,774.2172126604055
0.6178333333333333,0.6312500000000001,-49675.83590979717,802.7465403945243
0.6178333333333333,0.6375,-49704.80671009152,831.717340688876
0.6178333333333333,0.64375,-49734.216115783136,861.1267463804907
0.6178333333333333,0.65,-49764.061324479175,890.9719550765294
0.6178333333333333,0.65625,-49794.339596975726,921.2502275730803
0.6178333333333333,0.6625000000000001,-49825.04825572992,951.9588863272729
0.6178333333333333,0.66875,-49856.18468338369,983.0953139810445
0.6178333333333333,0.675,-49887.74632133673,1014.6569519340846
0.6178333333333333,0.68125,-49919.73066836677,1046.6412989641249
0.6178333333333333,0.6875,-49952.13527929547,1079.0459098928259
0.6178333333333333,0.6937500000000001,-49984.95776369791,1111.868394295263
0.6178333333333333,0.7,-50018.195784654105,1145.106415251459
0.6178333333333333,0.70625,-50051.84705754087,1178.7576881382265
0.6178333333333333,0.7125000000000001,-50085.909348862544,1212.8199794598986
0.6178333333333333,0.71875,-50120.38047511907,1247.2911057164238
0.6178333333333333,0.7250000000000001,-50155.25830170988,1282.168932307235
0.6178333333333333,0.73125,-50190.54074187259,1317.4513724699427
0.6178333333333333,0.7375,-50226.22575565474,1353.1363862520957
0.6178333333333333,0.7437500000000001,-50262.31134891783,1389.2219795151832
0.6178333333333333,0.75,-50298.79557237207,1425.706202969428
0.6178333333333333,0.7562500000000001,-50335.676520641035,1462.5871512383892
0.6178333333333333,0.7625,-50372.95233135492,1499.8629619522762
0.6178333333333333,0.76875,-50410.62118427152,1537.5318148688748
0.6178333333333333,0.7750000000000001,-50448.68130042388,1575.591931021234
0.6178333333333333,0.78125,-50487.13094129364,1614.0415718909935
0.6178333333333333,0.7875000000000001,-50525.96840800933,1652.879038606683
0.6178333333333333,0.79375,-50565.192040568494,1692.1026711658487
0.6178333333333333,0.8,-50604.800217083124,1731.7108476804788
0.6178333333333333,0.8062500000000001,-50644.79135304727,1771.701983644627
0.6178333333333333,0.8125,-50685.163900626445,1812.0745312237996
0.6178333333333333,0.8187500000000001,-50725.91634796769,1852.8269785650482
0.6178333333333333,0.825,-50767.04721852999,1893.9578491273423
0.6178333333333333,0.83125,-50808.55507043406,1935.4657010314113
0.6178333333333333,0.8375000000000001,-50850.43849583101,1977.3491264283657
0.6178333333333333,0.84375,-50892.69612028934,2019.6067508866981
0.6178333333333333,0.8500000000000001,-50935.32660219941,2062.237232796768
0.6178333333333333,0.85625,-50978.32863219512,2105.239262792471
0.6178333333333333,0.8625,-51021.700932592044,2148.611563189399
0.6178333333333333,0.8687500000000001,-51065.44225684159,2192.352887438945
0.6178333333333333,0.875,-51109.55138900064,2236.462019597995
0.6178333333333333,0.8812500000000001,-51154.027143216226,2280.937773813581
0.6178333333333333,0.8875,-51198.86836322469,2325.778993822045
0.6178333333333333,0.89375,-51244.07392186499,2370.984552462345
0.6178333333333333,0.9000000000000001,-51289.64272060566,2416.553351203016
0.6178333333333333,0.90625,-51335.573689084966,2462.4843196823203
0.6178333333333333,0.9125000000000001,-51381.865784664,2508.7764152613527
0.6178333333333333,0.91875,-51428.517991992085,2555.4286225894393
0.6178333333333333,0.925,-51475.52932258451,2602.4399531818635
0.6178333333333333,0.9312500000000001,-51522.89881441168,2649.8094450090357
0.6178333333333333,0.9375,-51570.62553149995,2697.5361620973054
0.6178333333333333,0.9437500000000001,-51618.70856354336,2745.619194140716
0.6178333333333333,0.95,-51667.14702552614,2794.057656123492
0.6209166666666667,0.2,-49008.01239194142,134.92302253877278
0.6209166666666667,0.20625000000000002,-48992.87036192657,119.78099252392713
0.6209166666666667,0.21250000000000002,-48978.72386778651,105.63449838386441
0.6209166666666667,0.21875,-48965.55271017948,92.46334077683423
0.6209166666666667,0.225,-48953.33749655716,80.24812715451117
0.6209166666666667,0.23125,-48942.059596566614,68.97022716396896
0.6209166666666667,0.23750000000000002,-48931.701100637816,58.61173123517074
0.6209166666666667,0.24375000000000002,-48922.24478147911,49.15541207646311
0.6209166666666667,0.25,-48913.6740582323,40.584688829650986
0.6209166666666667,0.25625000000000003,-48905.972963063134,32.88359366048826
0.6209166666666667,0.2625,-48899.12610998571,26.036740583062056
0.6209166666666667,0.26875000000000004,-48893.11866573866,20.029296336011612
0.6209166666666667,0.275,-48887.93632254847,14.846953145824955
0.6209166666666667,0.28125,-48883.56527263089,10.475903228245443
0.6209166666666667,0.28750000000000003,-48879.992184294984,6.902814892338938
0.6209166666666667,0.29375,-48877.204179527376,4.114810124730866
0.6209166666666667,0.30000000000000004,-48875.18881294431,2.099443541665096
0.6209166666666667,0.30625,-48873.93405201022,0.8446826075742138
0.6209166666666667,0.3125,-48873.428258429485,0.33888902683975175
0.6209166666666667,0.31875000000000003,-48873.66017062664,0.5708012239920208
0.6209166666666667,0.325,-48874.61888723735,1.5295178347078036
0.6209166666666667,0.33125000000000004,-48876.293851539,3.2044821363524534
0.6209166666666667,0.3375,-48878.674836755505,5.585467352859268
0.6209166666666667,0.34375,-48881.75193217673,8.662562774086837
0.6209166666666667,0.35000000000000003,-48885.515530037075,12.426160634429834
0.6209166666666667,0.35625,-48889.956313102855,16.86694370020996
0.6209166666666667,0.36250000000000004,-48895.06524292152,21.975873518873414
0.6209166666666667,0.36875,-48900.833548689836,27.74417928719049
0.6209166666666667,0.375,-48907.252716701085,34.163347298439476
0.6209166666666667,0.38125000000000003,-48914.31448033468,41.22511093203502
0.6209166666666667,0.3875,-48922.01081055403,48.92144115138217
0.6209166666666667,0.39375000000000004,-48930.3339068813,57.24453747865482
0.6209166666666667,0.4,-48939.27618881976,66.18681941711111
0.6209166666666667,0.40625,-48948.83028769672,75.74091829407553
0.6209166666666667,0.41250000000000003,-48958.989038901855,85.89966949920927
0.6209166666666667,0.41875,-48969.745474497526,96.65610509488033
0.6209166666666667,0.42500000000000004,-48981.0928161794,108.00344677675457
0.6209166666666667,0.43125,-48993.02446856705,119.93509916440235
0.6209166666666667,0.4375,-49005.53401280577,132.44464340312697
0.6209166666666667,0.44375000000000003,-49018.615200461936,145.5258310592908
0.6209166666666667,0.45,-49032.26194769546,159.17257829281152
0.6209166666666667,0.45625000000000004,-49046.4683296941,173.37896029145486
0.6209166666666667,0.4625,-49061.22857535522,188.13920595257514
0.6209166666666667,0.46875,-49076.53706220165,203.44769279900356
0.6209166666666667,0.47500000000000003,-49092.38831151901,219.29894211636565
0.6209166666666667,0.48125,-49108.77698370283,235.6876143001864
0.6209166666666667,0.48750000000000004,-49125.69787380441,252.60850440176728
0.6209166666666667,0.49375,-49143.145907265076,270.05653786243056
0.6209166666666667,0.5,-49161.11613582918,288.02676642653387
0.6209166666666667,0.5062500000000001,-49179.60373362663,306.51436422398547
0.6209166666666667,0.5125,-49198.60399341653,325.5146240138856
0.6209166666666667,0.51875,-49218.11232298383,345.02295358118135
0.6209166666666667,0.525,-49238.124241681224,365.0348722785784
0.6209166666666667,0.53125,-49258.63537710961,385.5460077069656
0.6209166666666667,0.5375000000000001,-49279.64146192985,406.5520925272067
0.6209166666666667,0.54375,-49301.138330799906,428.0489613972604
0.6209166666666667,0.55,-49323.121917431235,450.0325480285901
0.6209166666666667,0.55625,-49345.58825175879,472.49888235614344
0.6209166666666667,0.5625,-49368.533457219295,495.4440878166497
0.6209166666666667,0.5687500000000001,-49391.95374813291,518.8643787302644
0.6209166666666667,0.575,-49415.84542718332,542.7560577806726
0.6209166666666667,0.58125,-49440.204882991944,567.1155135892986
0.6209166666666667,0.5875,-49465.028587781926,591.9392183792806
0.6209166666666667,0.59375,-49490.31309512789,617.2237257252418
0.6209166666666667,0.6000000000000001,-49516.05503778769,642.965668385048
0.6209166666666667,0.60625,-49542.251125612514,669.161756209869
0.6209166666666667,0.6125,-49568.89814353193,695.8087741292838
0.6209166666666667,0.61875,-49595.99294961062,722.9035802079743
0.6209166666666667,0.625,-49623.53247317379,750.4431037711474
0.6209166666666667,0.6312500000000001,-49651.51371299826,778.4243435956159
0.6209166666666667,0.6375,-49679.93373556644,806.8443661637939
0.6209166666666667,0.64375,-49708.78967338073,835.700303978083
0.6209166666666667,0.65,-49738.07872333555,864.9893539329059
0.6209166666666667,0.65625,-49767.79814514503,894.7087757423869
0.6209166666666667,0.6625000000000001,-49797.94525982359,924.8558904209422
0.6209166666666667,0.66875,-49828.51744821768,955.4280788150354
0.6209166666666667,0.675,-49859.5121495865,986.422780183857
0.6209166666666667,0.68125,-49890.926860229636,1017.8374908269907
0.6209166666666667,0.6875,-49922.75913215989,1049.669762757243
0.6209166666666667,0.6937500000000001,-49955.006571819446,1081.9172024168001
0.6209166666666667,0.7,-49987.66683883781,1114.577469435164
0.6209166666666667,0.70625,-50020.73764482971,1147.648275427062
0.6209166666666667,0.7125000000000001,-50054.21675223162,1181.1273828289777
0.6209166666666667,0.71875,-50088.10197317534,1215.012603772695
0.6209166666666667,0.7250000000000001,-50122.39116839718,1249.3017989945365
0.6209166666666667,0.73125,-50157.08224618162,1283.9928767789752
0.6209166666666667,0.7375,-50192.17316133791,1319.0837919352634
0.6209166666666667,0.7437500000000001,-50227.66191420856,1354.5725448059166
0.6209166666666667,0.75,-50263.546549708495,1390.4571803058498
0.6209166666666667,0.7562500000000001,-50299.825156393796,1426.7357869911502
0.6209166666666667,0.7625,-50336.49586555888,1463.4064961562326
0.6209166666666667,0.76875,-50373.55685036124,1500.4674809585922
0.6209166666666667,0.7750000000000001,-50411.006324972586,1537.916955569941
0.6209166666666667,0.78125,-50448.842543755614,1575.753174352969
0.6209166666666667,0.7875000000000001,-50487.06380046544,1613.9744310627939
0.6209166666666667,0.79375,-50525.66842747479,1652.579058072144
0.6209166666666667,0.8,-50564.654795022274,1691.5654256196285
0.6209166666666667,0.8062500000000001,-50604.021310482756,1730.9319410801108
0.6209166666666667,0.8125,-50643.76641765924,1770.6770482565917
0.6209166666666667,0.8187500000000001,-50683.888596095465,1810.7992266928195
0.6209166666666667,0.825,-50724.386360408535,1851.2969910058891
0.6209166666666667,0.83125,-50765.25825964089,1892.1688902382448
0.6209166666666667,0.8375000000000001,-50806.50287663097,1933.4135072283243
0.6209166666666667,0.84375,-50848.118827402155,1975.0294579995098
0.6209166666666667,0.8500000000000001,-50890.10476056895,2017.0153911663074
0.6209166666666667,0.85625,-50932.45935676039,2059.3699873577425
0.6209166666666667,0.8625,-50975.1813280597,2102.0919586570526
0.6209166666666667,0.8687500000000001,-51018.269417459866,2145.18004805722
0.6209166666666667,0.875,-51061.72239833468,2188.633028932032
0.6209166666666667,0.8812500000000001,-51105.53907392459,2232.449704521947
0.6209166666666667,0.8875,-51149.718276837026,2276.6289074343804
0.6209166666666667,0.89375,-51194.2588685607,2321.1694991580516
0.6209166666666667,0.9000000000000001,-51239.15973899357,2366.070369590925
0.6209166666666667,0.90625,-51284.419805983795,2411.330436581149
0.6209166666666667,0.9125000000000001,-51330.0380148836,2456.948645480952
0.6209166666666667,0.91875,-51376.0133381154,2502.9239687127556
0.6209166666666667,0.925,-51422.344774750025,2549.2554053473796
0.6209166666666667,0.9312500000000001,-51469.03135009647,2595.941980693824
0.6209166666666667,0.9375,-51516.07211530315,2642.982745900503
0.6209166666666667,0.9437500000000001,-51563.466146969884,2690.3767775672386
0.6209166666666667,0.95,-51611.212546770796,2738.12317736815
0.624,0.2,-49014.774717810214,141.6853484075691
0.624,0.20625000000000002,-48999.3117022335,126.2223328308537
0.624,0.21250000000000002,-48984.838977456304,111.74960805365845
0.624,0.21875,-48971.336487086264,98.24711768361885
0.624,0.225,-48958.78497309258,85.69560368993552
0.624,0.23125,-48947.16593181153,74.07656240888173
0.624,0.23750000000000002,-48936.461573084256,63.3722036816107
0.624,0.24375000000000002,-48926.65478225544,53.565412852796726
0.624,0.25,-48917.72908478851,44.63971538586338
0.624,0.25625000000000003,-48909.668613278016,36.579243875370594
0.624,0.2625,-48902.45807666125,29.368707258603536
0.624,0.26875000000000004,-48896.08273145013,22.99336204748397
0.624,0.275,-48890.528354822105,17.43898541945964
0.624,0.28125,-48885.781219423196,12.691850020550191
0.624,0.28750000000000003,-48881.82806975063,8.738700347981649
0.624,0.29375,-48878.656099994056,5.566730591410305
0.624,0.30000000000000004,-48876.252933225755,3.1635638231091434
0.624,0.30625,-48874.6066018392,1.517232436555787
0.624,0.3125,-48873.70552914516,0.6161597425161744
0.624,0.31875000000000003,-48873.53851204132,0.44914263867394766
0.624,0.325,-48874.09470467924,1.0053352765971795
0.624,0.33125000000000004,-48875.36360305858,2.2742336559313117
0.624,0.3375,-48877.335030484275,4.245661081629805
0.624,0.34375,-48879.99912382786,6.909754425214487
0.624,0.35000000000000003,-48883.3463205384,10.256951135757845
0.624,0.35625,-48887.36734635336,14.277976950717857
0.624,0.36250000000000004,-48892.053203663294,18.963834260648582
0.624,0.36875,-48897.39516048785,24.305791085207602
0.624,0.375,-48903.384740023976,30.29537062133022
0.624,0.38125000000000003,-48910.01371073009,36.92434132744529
0.624,0.3875,-48917.27407691255,44.18470750990673
0.624,0.39375000000000004,-48925.15806978355,52.0687003809071
0.624,0.4,-48933.65813896149,60.56876955884218
0.624,0.40625,-48942.766944387215,69.67757498456922
0.624,0.41250000000000003,-48952.477348631204,79.38797922855883
0.624,0.41875,-48962.7824095687,89.69304016605747
0.624,0.42500000000000004,-48973.67537340139,100.58600399874558
0.624,0.43125,-48985.14966800537,112.06029860272247
0.624,0.4375,-48997.19889658714,124.10952718449698
0.624,0.44375000000000003,-49009.816831630014,136.72746222736896
0.624,0.45,-49022.99740911478,149.9080397121361
0.624,0.45625000000000004,-49036.73472299945,163.64535359680303
0.624,0.4625,-49051.02301994403,177.9336505413812
0.624,0.46875,-49065.85669426696,192.76732486431138
0.624,0.47500000000000003,-49081.23028312087,208.14091371822724
0.624,0.48125,-49097.13846187602,224.0490924733749
0.624,0.48750000000000004,-49113.57603970055,240.48667029790522
0.624,0.49375,-49130.53795532734,257.44858592469245
0.624,0.5,-49148.01927299785,274.92990359520627
0.624,0.5062500000000001,-49166.015178573936,292.9258091712909
0.624,0.5125,-49184.52097580922,311.4316064065715
0.624,0.51875,-49203.53208277204,330.4427133693971
0.624,0.525,-49223.04402841245,349.95465900980344
0.624,0.53125,-49243.05244926624,369.9630798635917
0.624,0.5375000000000001,-49263.553086289365,390.46371688671934
0.624,0.54375,-49284.54178181646,411.45241241381154
0.624,0.55,-49306.014476637574,432.9251072349289
0.624,0.55625,-49327.96720718757,454.87783778492303
0.624,0.5625,-49350.39610284278,477.30673344013485
0.624,0.5687500000000001,-49373.29738332019,500.20801391754503
0.624,0.575,-49396.66735617425,523.5779867716046
0.624,0.58125,-49420.50241438693,547.4130449842851
0.624,0.5875,-49444.79903404681,571.7096646441641
0.624,0.59375,-49469.5537721133,596.4644027106551
0.624,0.6000000000000001,-49494.763264262045,621.6738948593993
0.624,0.60625,-49520.42422280816,647.3348534055112
0.624,0.6125,-49546.53343470371,673.4440653010679
0.624,0.61875,-49573.08775960639,699.998390203742
0.624,0.625,-49600.08412801616,726.9947586135168
0.624,0.6312500000000001,-49627.519539477245,754.4301700746
0.624,0.6375,-49655.39106084239,782.3016914397449
0.624,0.64375,-49683.695824597045,810.6064551944
0.624,0.65,-49712.43102724092,839.3416578382748
0.624,0.65625,-49741.59392772442,868.5045583217725
0.624,0.6625000000000001,-49771.18184593794,898.0924765352975
0.624,0.66875,-49801.19216125173,928.1027918490872
0.624,0.675,-49831.62231110433,958.5329417016837
0.624,0.68125,-49862.46978963766,989.3804202350148
0.624,0.6875,-49893.73214637698,1020.6427769743314
0.624,0.6937500000000001,-49925.40698495376,1052.3176155511173
0.624,0.7,-49957.49196187014,1084.4025924674934
0.624,0.70625,-49989.98478530289,1116.895415900246
0.624,0.7125000000000001,-50022.88321394591,1149.7938445432665
0.624,0.71875,-50056.18505588932,1183.0956864866748
0.624,0.7250000000000001,-50089.88816753409,1216.7987981314436
0.624,0.73125,-50123.99045254069,1250.9010831380438
0.624,0.7375,-50158.48986081063,1285.400491407985
0.624,0.7437500000000001,-50193.38438749954,1320.295018096891
0.624,0.75,-50228.672072060726,1355.582702658081
0.624,0.7562500000000001,-50264.350997318135,1391.26162791549
0.624,0.7625,-50300.41928856756,1427.329919164913
0.624,0.76875,-50336.87511270509,1463.7857433024474
0.624,0.7750000000000001,-50373.716677382,1500.6273079793536
0.624,0.78125,-50410.94223018484,1537.8528607821936
0.624,0.7875000000000001,-50448.55005784021,1575.460688437568
0.624,0.79375,-50486.53848544306,1613.449116040414
0.624,0.8,-50524.90587570783,1651.8165063051856
0.624,0.8062500000000001,-50563.650628241696,1690.5612588390504
0.624,0.8125,-50602.77117883905,1729.6818094364062
0.624,0.8187500000000001,-50642.26599879662,1769.1766293939727
0.624,0.825,-50682.1335942484,1809.0442248457548
0.624,0.83125,-50722.37250551995,1849.2831361173012
0.624,0.8375000000000001,-50762.981306501075,1889.8919370984295
0.624,0.84375,-50803.95860403676,1930.8692346341122
0.624,0.8500000000000001,-50845.30303733524,1972.2136679325922
0.624,0.85625,-50887.01327739308,2013.9239079904364
0.624,0.8625,-50929.08802643654,2055.998657033895
0.624,0.8687500000000001,-50971.52601737861,2098.436647975963
0.624,0.875,-51014.32601329149,2141.236643888842
0.624,0.8812500000000001,-51057.48680689368,2184.397437491032
0.624,0.8875,-51101.007220051615,2227.9178506489698
0.624,0.89375,-51144.886103295066,2271.796733892421
0.624,0.9000000000000001,-51189.12233534599,2316.0329659433482
0.624,0.90625,-51233.714822660615,2360.6254532579696
0.624,0.9125000000000001,-51278.66249898395,2405.573129581302
0.624,0.91875,-51323.96432491679,2450.8749555141476
0.624,0.925,-51369.619287494555,2496.52991809191
0.624,0.9312500000000001,-51415.626399777655,2542.5370303750096
0.624,0.9375,-51461.98470045316,2588.8953310505167
0.624,0.9437500000000001,-51508.69325344739,2635.6038840447436
0.624,0.95,-51555.75114754895,2682.6617781463065
0.6270833333333334,0.2,-49021.7312158011,148.6418463984519
0.6270833333333334,0.20625000000000002,-49005.94920328332,132.8598338806769
0.6270833333333334,0.21250000000000002,-48991.15222393374,118.0628545310974
0.6270833333333334,0.21875,-48977.320364989755,104.23099558710965
0.6270833333333334,0.225,-48964.43450361162,91.34513420897565
0.6270833333333334,0.23125,-48952.476263490156,79.38689408751088
0.6270833333333334,0.23750000000000002,-48941.42797453419,68.3386051315465
0.6270833333333334,0.24375000000000002,-48931.27263537137,58.18326596872794
0.6270833333333334,0.25,-48921.99387842322,48.90450902057637
0.6270833333333334,0.25625000000000003,-48913.575937338945,40.48656793629925
0.6270833333333334,0.2625,-48906.003616593895,32.91424719124916
0.6270833333333334,0.26875000000000004,-48899.26226307724,26.17289367459307
0.6270833333333334,0.275,-48893.33773951017,20.24837010752526
0.6270833333333334,0.28125,-48888.21639955081,15.127030148163612
0.6270833333333334,0.28750000000000003,-48883.88506445526,10.795695052613155
0.6270833333333334,0.29375,-48880.33100117625,7.241631773606059
0.6270833333333334,0.30000000000000004,-48877.54190179122,4.4525323885754915
0.6270833333333334,0.30625,-48875.50586416153,2.4164947588869836
0.6270833333333334,0.3125,-48874.21137373285,1.1220043302018894
0.6270833333333334,0.31875000000000003,-48873.64728639446,0.5579169918128173
0.6270833333333334,0.325,-48873.80281232256,0.7134429199140868
0.6270833333333334,0.33125000000000004,-48874.667500738346,1.5781313357001636
0.6270833333333334,0.3375,-48876.23122551785,3.141856115202245
0.6270833333333334,0.34375,-48878.484171595395,5.394802192749921
0.6270833333333334,0.35000000000000003,-48881.41682210722,8.327452704572352
0.6270833333333334,0.35625,-48885.01994622613,11.930576823484444
0.6270833333333334,0.36250000000000004,-48889.2845876419,16.195218239256064
0.6270833333333334,0.36875,-48894.20205364547,21.112684242827527
0.6270833333333334,0.375,-48899.76390477835,26.67453537570691
0.6270833333333334,0.38125000000000003,-48905.96194501169,32.87257560904254
0.6270833333333334,0.3875,-48912.7882124216,39.698843018952175
0.6270833333333334,0.39375000000000004,-48920.23497033046,47.145600927811756
0.6270833333333334,0.4,-48928.29469888561,55.2053294829675
0.6270833333333334,0.40625,-48936.96008704914,63.870717646495905
0.6270833333333334,0.41250000000000003,-48946.22402497417,73.13465557152813
0.6270833333333334,0.41875,-48956.0795967451,82.99022734245227
0.6270833333333334,0.42500000000000004,-48966.52007346046,93.43070405781327
0.6270833333333334,0.43125,-48977.538906638656,104.44953723601066
0.6270833333333334,0.4375,-48989.12972192828,116.04035252563335
0.6270833333333334,0.44375000000000003,-49001.2863131058,128.1969437031512
0.6270833333333334,0.45,-49014.00263634461,140.91326694196323
0.6270833333333334,0.45625000000000004,-49027.27280474055,154.18343533790176
0.6270833333333334,0.4625,-49041.091083079766,168.00171367712028
0.6270833333333334,0.46875,-49055.451882836,182.36251343335607
0.6270833333333334,0.47500000000000003,-49070.34975738494,197.26038798229274
0.6270833333333334,0.48125,-49085.77939742421,212.6900280215632
0.6270833333333334,0.48750000000000004,-49101.73562658818,228.64625718553725
0.6270833333333334,0.49375,-49118.21339724756,245.12402784491132
0.6270833333333334,0.5,-49135.207786484316,262.1184170816705
0.6270833333333334,0.5062500000000001,-49152.713992232915,279.6246228302698
0.6270833333333334,0.5125,-49170.72732957962,297.63796017697314
0.6270833333333334,0.51875,-49189.24322721187,316.15385780922225
0.6270833333333334,0.525,-49208.257224010464,335.1678546078183
0.6270833333333334,0.53125,-49227.76496577749,354.67559637484374
0.6270833333333334,0.5375000000000001,-49247.76220209337,374.67283269072504
0.6270833333333334,0.54375,-49268.24478329703,395.15541389438295
0.6270833333333334,0.55,-49289.20865758303,416.11928818038723
0.6270833333333334,0.55625,-49310.6498682105,437.56049880785577
0.6270833333333334,0.5625,-49332.564550818395,459.47518141574983
0.6270833333333334,0.5687500000000001,-49354.94893084225,481.85956143960357
0.6270833333333334,0.575,-49377.799321027844,504.7099516251983
0.6270833333333334,0.58125,-49401.11211903722,528.022749634576
0.6270833333333334,0.5875,-49424.883805143065,551.7944357404194
0.6270833333333334,0.59375,-49449.110940007406,576.0215706047602
0.6270833333333334,0.6000000000000001,-49473.79016254088,600.7007931382323
0.6270833333333334,0.60625,-49498.91818783913,625.8288184364865
0.6270833333333334,0.6125,-49524.49180519291,651.4024357902672
0.6270833333333334,0.61875,-49550.507876168675,677.4185067660292
0.6270833333333334,0.625,-49576.963332756786,703.8739633541409
0.6270833333333334,0.6312500000000001,-49603.85517558425,730.7658061816037
0.6270833333333334,0.6375,-49631.180472189546,758.0911027869006
0.6270833333333334,0.64375,-49658.93635535665,785.8469859540055
0.6270833333333334,0.65,-49687.120021506096,814.0306521034508
0.6270833333333334,0.65625,-49715.728729140465,842.6393597378192
0.6270833333333334,0.6625000000000001,-49744.75979734231,871.6704279396654
0.6270833333333334,0.66875,-49774.210604322245,901.1212349195994
0.6270833333333334,0.675,-49804.0785860153,930.989216612652
0.6270833333333334,0.68125,-49834.36123472351,961.2718653208649
0.6270833333333334,0.6875,-49865.056097803,991.9667284003517
0.6270833333333334,0.6937500000000001,-49896.16077639378,1023.0714069911337
0.6270833333333334,0.7,-49927.672924190636,1054.5835547879906
0.6270833333333334,0.70625,-49959.59024625349,1086.5008768508415
0.6270833333333334,0.7125000000000001,-49991.91049785567,1118.8211284530262
0.6270833333333334,0.71875,-50024.63148336884,1151.5421139661921
0.6270833333333334,0.7250000000000001,-50057.75105518296,1184.6616857803165
0.6270833333333334,0.73125,-50091.26711266017,1218.1777432575254
0.6270833333333334,0.7375,-50125.17760112119,1252.088231718546
0.6270833333333334,0.7437500000000001,-50159.480510863184,1286.391141460539
0.6270833333333334,0.75,-50194.17387620778,1321.0845068051349
0.6270833333333334,0.7562500000000001,-50229.25577457831,1356.166405175667
0.6270833333333334,0.7625,-50264.72432560504,1391.634956202397
0.6270833333333334,0.76875,-50300.57769025762,1427.4883208549727
0.6270833333333334,0.7750000000000001,-50336.814070003515,1463.7247006008693
0.6270833333333334,0.78125,-50373.43170599177,1500.3423365891213
0.6270833333333334,0.7875000000000001,-50410.428878260966,1537.3395088583202
0.6270833333333334,0.79375,-50447.80390497084,1574.7145355681932
0.6270833333333334,0.8,-50485.55514165635,1612.4657722537013
0.6270833333333334,0.8062500000000001,-50523.6809805038,1650.5916111011538
0.6270833333333334,0.8125,-50562.17984964808,1689.0904802454315
0.6270833333333334,0.8187500000000001,-50601.050212490285,1727.9608430876397
0.6270833333333334,0.825,-50640.29056703517,1767.201197632523
0.6270833333333334,0.83125,-50679.89944524762,1806.8100758449727
0.6270833333333334,0.8375000000000001,-50719.87541242766,1846.7860430250148
0.6270833333333334,0.84375,-50760.217066603276,1887.1276972006308
0.6270833333333334,0.8500000000000001,-50800.923037940534,1927.833668537889
0.6270833333333334,0.85625,-50841.99198817044,1968.9026187677955
0.6270833333333334,0.8625,-50883.422610031936,2010.3332406292902
0.6270833333333334,0.8687500000000001,-50925.213626730634,2052.1242573279887
0.6270833333333334,0.875,-50967.36379141266,2094.274422010014
0.6270833333333334,0.8812500000000001,-51009.87188665325,2136.7825172506055
0.6270833333333334,0.8875,-51052.736723959584,2179.647354556939
0.6270833333333334,0.89375,-51095.95714328736,2222.867773884718
0.6270833333333334,0.9000000000000001,-51139.53201257084,2266.442643168193
0.6270833333333334,0.90625,-51183.46022726576,2310.370857863112
0.6270833333333334,0.9125000000000001,-51227.740709904974,2354.651340502329
0.6270833333333334,0.91875,-51272.37240966609,2399.2830402634427
0.6270833333333334,0.925,-51317.354301951156,2444.264932548511
0.6270833333333334,0.9312500000000001,-51362.68538797767,2489.5960185750228
0.6270833333333334,0.9375,-51408.36469438081,2535.275324978167
0.6270833333333334,0.9437500000000001,-51454.39127282654,2581.301903423897
0.6270833333333334,0.95,-51500.76419963509,2627.6748302324413
0.6301666666666668,0.2,-49028.88311053475,155.7937411321036
0.6301666666666668,0.20625000000000002,-49012.78410652124,139.6947371185961
0.6301666666666668,0.21250000000000002,-48997.66486524731,124.57549584466324
0.6301666666666668,0.21875,-48983.50561825825,110.41624885560304
0.6301666666666668,0.225,-48970.28737857709,97.19800917444809
0.6301666666666668,0.23125,-48957.99189791332,84.90252851067635
0.6301666666666668,0.23750000000000002,-48946.60162689879,73.51225749614241
0.6301666666666668,0.24375000000000002,-48936.09967809013,63.01030868748785
0.6301666666666668,0.25,-48926.469791503,53.38042210035201
0.6301666666666668,0.25625000000000003,-48917.69630246681,44.60693306416215
0.6301666666666668,0.2625,-48909.764111609926,36.67474220728036
0.6301666666666668,0.26875000000000004,-48902.65865680286,29.569287400212488
0.6301666666666668,0.275,-48896.365886903695,23.276517501049966
0.6301666666666668,0.28125,-48890.87223716485,17.78286776220193
0.6301666666666668,0.28750000000000003,-48886.16460617264,13.075236769996991
0.6301666666666668,0.29375,-48882.23033420342,9.140964800775691
0.6301666666666668,0.30000000000000004,-48879.05718288978,5.967813487135572
0.6301666666666668,0.30625,-48876.63331610047,3.543946697827778
0.6301666666666668,0.3125,-48874.9472819453,1.857912542654958
0.6301666666666668,0.31875000000000003,-48873.98799582453,0.8986264218838187
0.6301666666666668,0.325,-48873.74472444854,0.6553550458920654
0.6301666666666668,0.33125000000000004,-48874.20707076017,1.1177013575215824
0.6301666666666668,0.3375,-48875.36495969743,2.275590294782887
0.6301666666666668,0.34375,-48877.20862473942,4.119255336772767
0.6301666666666668,0.35000000000000003,-48879.728595182874,6.639225780229026
0.6301666666666668,0.35625,-48882.91568410097,9.826314698322676
0.6301666666666668,0.36250000000000004,-48886.76097693957,13.671607536925876
0.6301666666666668,0.36875,-48891.25582071001,18.166451307362877
0.6301666666666668,0.375,-48896.39181374,23.302444337357883
0.6301666666666668,0.38125000000000003,-48902.1607959478,29.071426545153372
0.6301666666666668,0.3875,-48908.5548396067,35.465470204057056
0.6301666666666668,0.39375000000000004,-48915.56624057006,42.476871167411446
0.6301666666666668,0.4,-48923.18750992846,50.098140525813506
0.6301666666666668,0.40625,-48931.411366073364,58.32199667071836
0.6301666666666668,0.41250000000000003,-48940.23072714283,67.1413577401836
0.6301666666666668,0.41875,-48949.638703827004,76.54933442435868
0.6301666666666668,0.42500000000000004,-48959.62859251248,86.53922310983762
0.6301666666666668,0.43125,-48970.19386874596,97.104499343317
0.6301666666666668,0.4375,-48981.32818099918,108.23881159653683
0.6301666666666668,0.44375000000000003,-48993.025344718095,119.93597531544947
0.6301666666666668,0.45,-49005.27933664054,132.18996723789314
0.6301666666666668,0.45625000000000004,-49018.08428936769,144.99491996504366
0.6301666666666668,0.4625,-49031.43448617527,158.34511677262344
0.6301666666666668,0.46875,-49045.324356051875,172.23498664922954
0.6301666666666668,0.47500000000000003,-49059.7484689521,186.65909954945528
0.6301666666666668,0.48125,-49074.70153125327,201.61216185062221
0.6301666666666668,0.48750000000000004,-49090.17838140499,217.08901200234686
0.6301666666666668,0.49375,-49106.17398576172,233.08461635907588
0.6301666666666668,0.5,-49122.683434588835,249.59406518618925
0.6301666666666668,0.5062500000000001,-49139.70193823351,266.61256883086753
0.6301666666666668,0.5125,-49157.22482345211,284.1354540494649
0.6301666666666668,0.51875,-49175.24752988618,302.15816048353736
0.6301666666666668,0.525,-49193.76560667996,320.6762372773155
0.6301666666666668,0.53125,-49212.774709232326,339.68533982968074
0.6301666666666668,0.5375000000000001,-49232.27059607667,359.1812266740235
0.6301666666666668,0.54375,-49252.24912588275,379.159756480105
0.6301666666666668,0.55,-49272.70625457454,399.6168851718976
0.6301666666666668,0.55625,-49293.6380325587,420.54866315605614
0.6301666666666668,0.5625,-49315.04060205854,441.9512326558979
0.6301666666666668,0.5687500000000001,-49336.9101945486,463.8208251459582
0.6301666666666668,0.575,-49359.24312828519,486.15375888254493
0.6301666666666668,0.58125,-49382.035805928535,508.94643652589
0.6301666666666668,0.5875,-49405.28471225255,532.1953428499037
0.6301666666666668,0.59375,-49428.98641193814,555.8970425354928
0.6301666666666668,0.6000000000000001,-49453.137547446444,580.0481780437985
0.6301666666666668,0.60625,-49477.734836968535,604.6454675658897
0.6301666666666668,0.6125,-49502.77507244815,629.6857030455067
0.6301666666666668,0.61875,-49528.25511767447,655.1657482718219
0.6301666666666668,0.625,-49554.171906441785,681.0825370391394
0.6301666666666668,0.6312500000000001,-49580.522440773326,707.4330713706804
0.6301666666666668,0.6375,-49607.303789206504,734.2144198038586
0.6301666666666668,0.64375,-49634.51308513711,761.4237157344614
0.6301666666666668,0.65,-49662.147525219734,789.0581558170888
0.6301666666666668,0.65625,-49690.20436782263,817.1149984199874
0.6301666666666668,0.6625000000000001,-49718.680931534225,845.5915621315798
0.6301666666666668,0.66875,-49747.5745937196,874.4852243169516
0.6301666666666668,0.675,-49776.88278912477,903.7934197221257
0.6301666666666668,0.68125,-49806.603008526916,933.5136391242704
0.6301666666666668,0.6875,-49836.732797428675,963.6434280260291
0.6301666666666668,0.6937500000000001,-49867.26975479493,994.1803853922829
0.6301666666666668,0.7,-49898.21153183028,1025.1221624276368
0.6301666666666668,0.70625,-49929.55583079572,1056.4664613930727
0.6301666666666668,0.7125000000000001,-49961.30040386299,1088.2110344603425
0.6301666666666668,0.71875,-49993.44305200521,1120.3536826025666
0.6301666666666668,0.7250000000000001,-50025.98162392243,1152.8922545197856
0.6301666666666668,0.73125,-50058.91401500063,1185.8246455979825
0.6301666666666668,0.7375,-50092.238166303294,1219.1487969006484
0.6301666666666668,0.7437500000000001,-50125.95206359394,1252.8626941912953
0.6301666666666668,0.75,-50160.05373638875,1286.9643669861034
0.6301666666666668,0.7562500000000001,-50194.541257038145,1321.4518876354996
0.6301666666666668,0.7625,-50229.41273983621,1356.3233704335653
0.6301666666666668,0.76875,-50264.66634015704,1391.576970754395
0.6301666666666668,0.7750000000000001,-50300.30025361695,1427.2108842143061
0.6301666666666668,0.78125,-50336.31271526187,1463.2233458592236
0.6301666666666668,0.7875000000000001,-50372.701998778706,1499.6126293760608
0.6301666666666668,0.79375,-50409.46641573013,1536.377046327485
0.6301666666666668,0.8,-50446.60431481183,1573.514945409188
0.6301666666666668,0.8062500000000001,-50484.11408113157,1611.0247117289255
0.6301666666666668,0.8125,-50521.994135509085,1648.9047661064396
0.6301666666666668,0.8187500000000001,-50560.242933796544,1687.1535643938987
0.6301666666666668,0.825,-50598.85896621834,1725.7695968156913
0.6301666666666668,0.83125,-50637.84075672999,1764.751387327342
0.6301666666666668,0.8375000000000001,-50677.186862395414,1804.0974929927688
0.6301666666666668,0.84375,-50716.89587278186,1843.8065033792154
0.6301666666666668,0.8500000000000001,-50756.966409372,1883.877039969353
0.6301666666666668,0.85625,-50797.39712499267,1924.3077555900236
0.6301666666666668,0.8625,-50838.18670325966,1965.097333857011
0.6301666666666668,0.8687500000000001,-50879.333858038095,2006.2444886354497
0.6301666666666668,0.875,-50920.83733291786,2047.7479635152122
0.6301666666666668,0.8812500000000001,-50962.695900703584,2089.6065313009385
0.6301666666666668,0.8875,-51004.9083629189,2131.818993516252
0.6301666666666668,0.89375,-51047.47354932422,2174.3841799215734
0.6301666666666668,0.9000000000000001,-51090.39031744797,2217.3009480453256
0.6301666666666668,0.90625,-51133.65755213062,2260.568182727977
0.6301666666666668,0.9125000000000001,-51177.274165081224,2304.1847956785787
0.6301666666666668,0.91875,-51221.239094446,2348.149725043353
0.6301666666666668,0.925,-51265.55130438882,2392.461934986175
0.6301666666666668,0.9312500000000001,-51310.209784683015,2437.1204152803693
0.6301666666666668,0.9375,-51355.213550314176,2482.124180911531
0.6301666666666668,0.9437500000000001,-51400.56164109385,2527.4722716912074
0.6301666666666668,0.95,-51446.25312128361,2573.1637518809657
0.6332500000000001,0.2,-49036.23164190091,163.14227249826217
0.6332500000000001,0.20625000000000002,-49019.81766898667,146.72829958402144
0.6332500000000001,0.21250000000000002,-49004.37817534379,131.28880594114162
0.6332500000000001,0.21875,-48989.893537501295,116.80416809864982
0.6332500000000001,0.225,-48976.34490501481,103.25553561216657
0.6332500000000001,0.23125,-48963.71415827504,90.62478887239558
0.6332500000000001,0.23750000000000002,-48951.983869291216,78.89449988857086
0.6332500000000001,0.24375000000000002,-48941.137265194135,68.04789579148928
0.6332500000000001,0.25,-48931.15819422903,58.06882482638321
0.6332500000000001,0.25625000000000003,-48922.0310940309,48.94172462825372
0.6332500000000001,0.2625,-48913.74096199601,40.6515925933636
0.6332500000000001,0.26875000000000004,-48906.27332758033,33.1839581776876
0.6332500000000001,0.275,-48899.614226372294,26.52485696964868
0.6332500000000001,0.28125,-48893.75017580122,20.660806398576824
0.6332500000000001,0.28750000000000003,-48888.668152355516,15.578782952870824
0.6332500000000001,0.29375,-48884.35557019627,11.266200793623284
0.6332500000000001,0.30000000000000004,-48880.80026106187,7.710891659226036
0.6332500000000001,0.30625,-48877.99045536868,4.901085966033861
0.6332500000000001,0.3125,-48875.91476442079,2.8253950181460823
0.6332500000000001,0.31875000000000003,-48874.56216364949,1.4727942468452966
0.6332500000000001,0.325,-48873.92197680978,0.8326074071374023
0.6332500000000001,0.33125000000000004,-48873.98386106709,0.8944916644468321
0.6332500000000001,0.3375,-48874.73779291315,1.6484235105017433
0.6332500000000001,0.34375,-48876.17405485465,3.0846854520059424
0.6332500000000001,0.35000000000000003,-48878.283222823025,5.193853420380037
0.6332500000000001,0.35625,-48881.05615425754,7.966784854892467
0.6332500000000001,0.36250000000000004,-48884.48397681791,11.394607415262726
0.6332500000000001,0.36875,-48888.558077685724,15.46870828307874
0.6332500000000001,0.375,-48893.27009341726,20.180724014615407
0.6332500000000001,0.38125000000000003,-48898.61190031293,25.522530910282512
0.6332500000000001,0.3875,-48904.57560527131,31.486235868665972
0.6332500000000001,0.39375000000000004,-48911.15353709804,38.06416769539646
0.6332500000000001,0.4,-48918.338238241886,45.24886883924046
0.6332500000000001,0.40625,-48926.12245693234,53.03308752969315
0.6332500000000001,0.41250000000000003,-48934.49913969509,61.40977029244823
0.6332500000000001,0.41875,-48943.46142422306,70.37205482041463
0.6332500000000001,0.42500000000000004,-48953.0026325824,79.91326317975472
0.6332500000000001,0.43125,-48963.1162647344,90.02689533175726
0.6332500000000001,0.4375,-48973.79599235521,100.70662295256625
0.6332500000000001,0.44375000000000003,-48985.035652936785,111.9462835341401
0.6332500000000001,0.45,-48996.82924415331,123.73987475066679
0.6332500000000001,0.45625000000000004,-49009.170918478834,136.08154907618882
0.6332500000000001,0.4625,-49022.05497804207,148.96560863942432
0.6332500000000001,0.46875,-49035.4758697059,162.38650030325516
0.6332500000000001,0.47500000000000003,-49049.42818035956,176.33881095691322
0.6332500000000001,0.48125,-49063.90663241213,190.81726300948503
0.6332500000000001,0.48750000000000004,-49078.906079477194,205.8167100745486
0.6332500000000001,0.49375,-49094.42150223844,221.33213283579244
0.6332500000000001,0.5,-49110.44800448714,237.35863508449256
0.6332500000000001,0.5062500000000001,-49126.9808093228,253.89143992015306
0.6332500000000001,0.5125,-49144.01525550875,270.92588610610255
0.6332500000000001,0.51875,-49161.546793974994,288.4574245723488
0.6332500000000001,0.525,-49179.57098446117,306.48161505852477
0.6332500000000001,0.53125,-49198.08349229263,324.9941228899843
0.6332500000000001,0.5375000000000001,-49217.08008528336,343.9907158807182
0.6332500000000001,0.54375,-49236.55663075965,363.4672613570074
0.6332500000000001,0.55,-49256.50909269869,383.41972329604323
0.6332500000000001,0.55625,-49276.93352897681,403.84415957416786
0.6332500000000001,0.5625,-49297.82608872236,424.7367193197133
0.6332500000000001,0.5687500000000001,-49319.183009768036,446.09364036539046
0.6332500000000001,0.575,-49341.000616198566,467.9112467959203
0.6332500000000001,0.58125,-49363.275315989114,490.1859465864691
0.6332500000000001,0.5875,-49386.00359873051,512.9142293278637
0.6332500000000001,0.59375,-49409.182033437246,536.0926640346006
0.6332500000000001,0.6000000000000001,-49432.807266434866,559.7178970322202
0.6332500000000001,0.60625,-49456.87601932303,583.786649920381
0.6332500000000001,0.6125,-49481.38508701109,608.2957176084456
0.6332500000000001,0.61875,-49506.331335823015,633.2419664203699
0.6332500000000001,0.625,-49531.711701668704,658.622332266059
0.6332500000000001,0.6312500000000001,-49557.52318827898,684.4338188763359
0.6332500000000001,0.6375,-49583.76286550142,710.6734960987742
0.6332500000000001,0.64375,-49610.42786765459,737.3384982519419
0.6332500000000001,0.65,-49637.515391938345,764.4260225356993
0.6332500000000001,0.65625,-49665.02269689771,791.9333274950623
0.6332500000000001,0.6625000000000001,-49692.94710093832,819.8577315356742
0.6332500000000001,0.66875,-49721.28598089133,848.1966114886818
0.6332500000000001,0.675,-49750.03677062572,876.9474012230712
0.6332500000000001,0.68125,-49779.196959706176,906.1075903035307
0.6332500000000001,0.6875,-49808.76409209482,935.6747226921725
0.6332500000000001,0.6937500000000001,-49838.73576489493,965.6463954922874
0.6332500000000001,0.7,-49869.10962713517,996.0202577325254
0.6332500000000001,0.70625,-49899.88337859261,1026.7940091899654
0.6332500000000001,0.7125000000000001,-49931.05476865328,1057.9653992506355
0.6332500000000001,0.71875,-49962.62159520859,1089.532225805946
0.6332500000000001,0.7250000000000001,-49994.581703586446,1121.4923341838003
0.6332500000000001,0.73125,-50026.93298551564,1153.843616112994
0.6332500000000001,0.7375,-50059.67337812248,1186.5840087198376
0.6332500000000001,0.7437500000000001,-50092.800862958175,1219.7114935555292
0.6332500000000001,0.75,-50126.313465056126,1253.2240956534806
0.6332500000000001,0.7562500000000001,-50160.20925201789,1287.1198826152468
0.6332500000000001,0.7625,-50194.486333126886,1321.3969637242408
0.6332500000000001,0.76875,-50229.142858488674,1356.053489086029
0.6332500000000001,0.7750000000000001,-50264.17701819718,1391.0876487945352
0.6332500000000001,0.78125,-50299.587041525534,1426.4976721228886
0.6332500000000001,0.7875000000000001,-50335.37119614105,1462.2818267384064
0.6332500000000001,0.79375,-50371.52778734332,1498.438417940677
0.6332500000000001,0.8,-50408.05515732465,1534.965787922003
0.6332500000000001,0.8062500000000001,-50444.951684452,1571.8623150493513
0.6332500000000001,0.8125,-50482.215782569896,1609.1264131672506
0.6332500000000001,0.8187500000000001,-50519.845900323504,1646.7565309208585
0.6332500000000001,0.825,-50557.840520501006,1684.7511510983604
0.6332500000000001,0.83125,-50596.19815939501,1723.108789992366
0.6332500000000001,0.8375000000000001,-50634.91736618205,1761.8279967794078
0.6332500000000001,0.84375,-50673.99672231971,1800.9073529170637
0.6332500000000001,0.8500000000000001,-50713.43484096088,1840.3454715582338
0.6332500000000001,0.85625,-50753.23036638432,1880.140996981674
0.6332500000000001,0.8625,-50793.38197344139,1920.2926040387465
0.6332500000000001,0.8687500000000001,-50833.88836701811,1960.798997615464
0.6332500000000001,0.875,-50874.748281512206,2001.6589121095603
0.6332500000000001,0.8812500000000001,-50915.96048032465,2042.8711109220021
0.6332500000000001,0.8875,-50957.5237553653,2084.4343859626533
0.6332500000000001,0.89375,-50999.436926572045,2126.3475571694
0.6332500000000001,0.9000000000000001,-51041.698841443285,2168.60947204064
0.6332500000000001,0.90625,-51084.30837458301,2211.2190051803627
0.6332500000000001,0.9125000000000001,-51127.26442725849,2254.175057855842
0.6332500000000001,0.91875,-51170.565926969815,2297.47655756717
0.6332500000000001,0.925,-51214.21182703128,2341.122457628633
0.6332500000000001,0.9312500000000001,-51258.20110616389,2385.111736761246
0.6332500000000001,0.9375,-51302.53276809906,2429.443398696414
0.6332500000000001,0.9437500000000001,-51347.20584119285,2474.1164717902066
0.6332500000000001,0.95,-51392.21937805059,2519.130008647946
0.6363333333333334,0.2,-49043.7780653119,170.6886959092517
0.6363333333333334,0.20625000000000002,-49027.051163574004,153.96179417135863
0.6363333333333334,0.21250000000000002,-49011.293444356445,138.20407495379914
0.6363333333333334,0.21875,-48996.4854298452,123.39606044255197
0.6363333333333334,0.225,-48982.60840679636,109.51903739371483
0.6363333333333334,0.23125,-48969.644384942825,96.55501554017974
0.6363333333333334,0.23750000000000002,-48957.576058324245,84.48668892159913
0.6363333333333334,0.24375000000000002,-48946.38676928994,73.29739988729125
0.6363333333333334,0.25,-48936.06047494956,62.97110554691608
0.6363333333333334,0.25625000000000003,-48926.5817158687,53.49234646605328
0.6363333333333334,0.2625,-48917.935586826236,44.84621742359013
0.6363333333333334,0.26875000000000004,-48910.10770946786,37.01834006521676
0.6363333333333334,0.275,-48903.084206705986,29.99483730334032
0.6363333333333334,0.28125,-48896.851678729785,23.76230932713952
0.6363333333333334,0.28750000000000003,-48891.39718050207,18.307811099424725
0.6363333333333334,0.29375,-48886.708200630426,13.618831227780902
0.6363333333333334,0.30000000000000004,-48882.772641510295,9.683272107649827
0.6363333333333334,0.30625,-48879.57880064663,6.489431243986473
0.6363333333333334,0.3125,-48877.1153530686,4.02598366595339
0.6363333333333334,0.31875000000000003,-48875.3713347595,2.2819653568512877
0.6363333333333334,0.325,-48874.33612703014,1.2467576274939347
0.6363333333333334,0.33125000000000004,-48873.99944177035,0.9100723677038332
0.6363333333333334,0.3375,-48874.351307518176,1.2619381155309384
0.6363333333333334,0.34375,-48875.38205629159,2.292686888948083
0.6363333333333334,0.35000000000000003,-48877.082311131686,3.992941729040467
0.6363333333333334,0.35625,-48879.442974310485,6.353604907839326
0.6363333333333334,0.36250000000000004,-48882.45521616005,9.365846757405961
0.6363333333333334,0.36875,-48886.1104644829,13.02109508025751
0.6363333333333334,0.375,-48890.40039450691,17.311025104267173
0.6363333333333334,0.38125000000000003,-48895.31691935047,22.227549947827356
0.6363333333333334,0.3875,-48900.8521809662,27.762811563552532
0.6363333333333334,0.39375000000000004,-48906.998541534005,33.90917213135981
0.6363333333333334,0.4,-48913.74857527625,40.65920587360597
0.6363333333333334,0.40625,-48921.095060669715,48.00569126706978
0.6363333333333334,0.41250000000000003,-48929.030973030895,55.94160362824914
0.6363333333333334,0.41875,-48937.549477452885,64.4601080502398
0.6363333333333334,0.42500000000000004,-48946.643922073345,73.5545526706992
0.6363333333333334,0.43125,-48956.30783165473,83.21846225208719
0.6363333333333334,0.4375,-48966.534901459156,93.44553205651027
0.6363333333333334,0.44375000000000003,-48977.318991401204,104.22962199855829
0.6363333333333334,0.45,-48988.654120463514,115.56475106086873
0.6363333333333334,0.45625000000000004,-49000.534461360614,127.44509195796854
0.6363333333333334,0.4625,-49012.95433543763,139.8649660349838
0.6363333333333334,0.46875,-49025.90820779113,152.81883838848444
0.6363333333333334,0.47500000000000003,-49039.39068260045,166.30131319780776
0.6363333333333334,0.48125,-49053.39649865845,180.30712925580156
0.6363333333333334,0.48750000000000004,-49067.920525091125,194.83115568848007
0.6363333333333334,0.49375,-49082.95775725657,209.8683878539232
0.6363333333333334,0.5,-49098.503312814035,225.41394341138948
0.6363333333333334,0.5062500000000001,-49114.55242795446,241.46305855181708
0.6363333333333334,0.5125,-49131.10045378453,258.01108438188385
0.6363333333333334,0.51875,-49148.14285285646,275.0534834538121
0.6363333333333334,0.525,-49165.67519583652,292.5858264338749
0.6363333333333334,0.53125,-49183.693158305556,310.6037889029103
0.6363333333333334,0.5375000000000001,-49202.19251768493,329.1031482822873
0.6363333333333334,0.54375,-49221.1691502822,348.07978087955416
0.6363333333333334,0.55,-49240.619028450674,367.5296590480284
0.6363333333333334,0.55625,-49260.538217857546,387.44884845490014
0.6363333333333334,0.5625,-49280.922874855634,407.8335054529889
0.6363333333333334,0.5687500000000001,-49301.76924395385,428.679874551206
0.6363333333333334,0.575,-49323.07365538201,449.98428597936436
0.6363333333333334,0.58125,-49344.83252274561,471.7431533429626
0.6363333333333334,0.5875,-49367.04234076661,493.952971363964
0.6363333333333334,0.59375,-49389.699683106395,516.6103137037499
0.6363333333333334,0.6000000000000001,-49412.80120026728,539.7118308646313
0.6363333333333334,0.60625,-49436.34361756908,563.254248166435
0.6363333333333334,0.6125,-49460.32373319762,587.2343637949743
0.6363333333333334,0.61875,-49484.738416321954,611.6490469193086
0.6363333333333334,0.625,-49509.58460527747,636.4952358748269
0.6363333333333334,0.6312500000000001,-49534.859305811995,661.7699364093496
0.6363333333333334,0.6375,-49560.55958939243,687.4702199897874
0.6363333333333334,0.64375,-49586.68259156919,713.5932221665425
0.6363333333333334,0.65,-49613.22551039624,740.1361409935926
0.6363333333333334,0.65625,-49640.1856049043,767.0962355016527
0.6363333333333334,0.6625000000000001,-49667.560193625264,794.4708242226188
0.6363333333333334,0.66875,-49695.34665316554,822.2572837628977
0.6363333333333334,0.675,-49723.542416826545,850.4530474239
0.6363333333333334,0.68125,-49752.14497327035,879.0556038677023
0.6363333333333334,0.6875,-49781.15186522882,908.062495826176
0.6363333333333334,0.6937500000000001,-49810.56068825447,937.4713188518217
0.6363333333333334,0.7,-49840.3690895114,967.2797201087524
0.6363333333333334,0.70625,-49870.57476660496,997.485397202312
0.6363333333333334,0.7125000000000001,-49901.175466448316,1028.0860970456706
0.6363333333333334,0.71875,-49932.16898416492,1059.079614762275
0.6363333333333334,0.7250000000000001,-49963.553162025215,1090.4637926225696
0.6363333333333334,0.73125,-49995.3258884165,1122.2365190138516
0.6363333333333334,0.7375,-50027.485096844655,1154.39572744201
0.6363333333333334,0.7437500000000001,-50060.028764966504,1186.9393955638589
0.6363333333333334,0.75,-50092.9549136518,1219.8655442491581
0.6363333333333334,0.7562500000000001,-50126.261606073735,1253.1722366710892
0.6363333333333334,0.7625,-50159.946946826865,1286.85757742422
0.6363333333333334,0.76875,-50194.009081071556,1320.9197116689102
0.6363333333333334,0.7750000000000001,-50228.44619370406,1355.356824301416
0.6363333333333334,0.78125,-50263.25650855113,1390.1671391484851
0.6363333333333334,0.7875000000000001,-50298.4382875886,1425.348918185955
0.6363333333333334,0.79375,-50333.98983018276,1460.900460780118
0.6363333333333334,0.8,-50369.90947235406,1496.8201029514166
0.6363333333333334,0.8062500000000001,-50406.1955860622,1533.1062166595511
0.6363333333333334,0.8125,-50442.84657851189,1569.7572091092443
0.6363333333333334,0.8187500000000001,-50479.860891478704,1606.7715220760583
0.6363333333333334,0.825,-50517.23700065412,1644.1476312514715
0.6363333333333334,0.83125,-50554.97341500947,1681.884045606821
0.6363333333333334,0.8375000000000001,-50593.06867617773,1719.979306775087
0.6363333333333334,0.84375,-50631.52135785305,1758.4319884504075
0.6363333333333334,0.8500000000000001,-50670.330065206945,1797.2406958042993
0.6363333333333334,0.85625,-50709.49343432108,1836.4040649184317
0.6363333333333334,0.8625,-50749.01013163575,1875.9207622331014
0.6363333333333334,0.8687500000000001,-50788.878853413815,1915.7894840111694
0.6363333333333334,0.875,-50829.09832521946,1956.008955816811
0.6363333333333334,0.8812500000000001,-50869.66730141124,1996.577932008593
0.6363333333333334,0.8875,-50910.584564649296,2037.4951952466508
0.6363333333333334,0.89375,-50951.84892541585,2078.759556013203
0.6363333333333334,0.9000000000000001,-50993.45922154898,2120.3698521463375
0.6363333333333334,0.90625,-51035.41431778899,2162.3249483863474
0.6363333333333334,0.9125000000000001,-51077.7131053371,2204.6237359344523
0.6363333333333334,0.91875,-51120.35450142615,2247.265132023502
0.6363333333333334,0.925,-51163.337448902836,2290.24807950019
0.6363333333333334,0.9312500000000001,-51206.66091582118,2333.571546418534
0.6363333333333334,0.9375,-51250.32389504698,2377.234525644337
0.6363333333333334,0.9437500000000001,-51294.32540387277,2421.236034470123
0.6363333333333334,0.95,-51338.66448364312,2465.575114240477
0.6394166666666667,0.2,-49051.52365196178,178.4342825591375
0.6394166666666667,0.20625000000000002,-49034.4858792993,161.39650989665824
0.6394166666666667,0.21250000000000002,-49018.41197887907,145.322609476425
0.6394166666666667,0.21875,-49003.28261921466,130.19324981201498
0.6394166666666667,0.225,-48989.07922492828,115.98985552563681
0.6394166666666667,0.23125,-48975.7839357543,102.69456635165261
0.6394166666666667,0.23750000000000002,-48963.37956841453,90.2901990118844
0.6394166666666667,0.24375000000000002,-48951.849581120085,78.76021171743923
0.6394166666666667,0.25,-48941.178040479295,68.08867107664992
0.6394166666666667,0.25625000000000003,-48931.34959061285,58.26022121020651
0.6394166666666667,0.2625,-48922.34942429677,49.26005489412637
0.6394166666666667,0.26875000000000004,-48914.16325597074,41.073886568097805
0.6394166666666667,0.275,-48906.77729646491,33.68792706226668
0.6394166666666667,0.28125,-48900.17822931163,27.08885990898125
0.6394166666666667,0.28750000000000003,-48894.35318852082,21.26381911817589
0.6394166666666667,0.29375,-48889.28973770885,16.200368306206656
0.6394166666666667,0.30000000000000004,-48884.97585048012,11.886481077475764
0.6394166666666667,0.30625,-48881.39989196981,8.310522567167936
0.6394166666666667,0.3125,-48878.55060146378,5.461232061134069
0.6394166666666667,0.31875000000000003,-48876.41707601902,3.32770661637187
0.6394166666666667,0.325,-48874.98875501423,1.8993856115848757
0.6394166666666667,0.33125000000000004,-48874.25540556626,1.166036163616809
0.6394166666666667,0.3375,-48874.207108752926,1.117739350280317
0.6394166666666667,0.34375,-48874.834246588,1.7448771853523795
0.6394166666666667,0.35000000000000003,-48876.127489698105,3.038120295459521
0.6394166666666667,0.35625,-48878.07778565549,4.988416252846946
0.6394166666666667,0.36250000000000004,-48880.676347923836,7.586978521190758
0.6394166666666667,0.36875,-48883.91464537808,10.825275975432305
0.6394166666666667,0.375,-48887.784392361566,14.695022958920163
0.6394166666666667,0.38125000000000003,-48892.27753924717,19.188169844521326
0.6394166666666667,0.3875,-48897.386263470966,24.296894068320398
0.6394166666666667,0.39375000000000004,-48903.10296100979,30.013591607144917
0.6394166666666667,0.4,-48909.42023827569,36.33086887304671
0.6394166666666667,0.40625,-48916.330904402465,43.24153499981912
0.6394166666666667,0.41250000000000003,-48923.827963901174,50.73859449852898
0.6394166666666667,0.41875,-48931.904609662946,58.815240260300925
0.6394166666666667,0.42500000000000004,-48940.55421628924,67.46484688659257
0.6394166666666667,0.43125,-48949.77033373065,76.68096432800667
0.6394166666666667,0.4375,-48959.54668121706,86.45731181441806
0.6394166666666667,0.44375000000000003,-48969.87714146263,96.78777205998631
0.6394166666666667,0.45,-48980.75575513064,107.66638572799275
0.6394166666666667,0.45625000000000004,-48992.176715543865,119.08734614121931
0.6394166666666667,0.4625,-49004.134363627265,131.0449942246196
0.6394166666666667,0.46875,-49016.62318307045,143.53381366780377
0.6394166666666667,0.47500000000000003,-49029.63779569842,156.54842629577615
0.6394166666666667,0.48125,-49043.17295703951,170.08358763686556
0.6394166666666667,0.48750000000000004,-49057.22355208039,184.1341826777425
0.6394166666666667,0.49375,-49071.78459119848,198.69522179583146
0.6394166666666667,0.5,-49086.85120626271,213.76183686006698
0.6394166666666667,0.5062500000000001,-49102.418646894206,229.3292774915608
0.6394166666666667,0.5125,-49118.48227687886,245.3929074762127
0.6394166666666667,0.51875,-49135.037570724264,261.9482013216184
0.6394166666666667,0.525,-49152.08011035406,278.9907409514126
0.6394166666666667,0.53125,-49169.60558193276,296.516212530114
0.6394166666666667,0.5375000000000001,-49187.60977281518,314.5204034125345
0.6394166666666667,0.54375,-49206.0885686141,332.9991992114519
0.6394166666666667,0.55,-49225.037950380894,351.9485809782491
0.6394166666666667,0.55625,-49244.453991893795,371.36462249114993
0.6394166666666667,0.5625,-49264.33285704856,391.2434876459156
0.6394166666666667,0.5687500000000001,-49284.67079734722,411.5814279445767
0.6394166666666667,0.575,-49305.46414948009,432.3747800774436
0.6394166666666667,0.58125,-49326.709332997154,453.6199635945086
0.6394166666666667,0.5875,-49348.40284806446,475.3134786618175
0.6394166666666667,0.59375,-49370.54127330213,497.451903899484
0.6394166666666667,0.6000000000000001,-49393.12126370008,520.0318942974336
0.6394166666666667,0.60625,-49416.13954860832,543.0501792056748
0.6394166666666667,0.6125,-49439.59292979838,566.5035603957367
0.6394166666666667,0.61875,-49463.47827959302,590.3889101903769
0.6394166666666667,0.625,-49487.79253906109,614.7031696584454
0.6394166666666667,0.6312500000000001,-49512.53271627507,639.4433468724237
0.6394166666666667,0.6375,-49537.69588462842,664.6065152257725
0.6394166666666667,0.64375,-49563.27918121036,690.1898118077152
0.6394166666666667,0.65,-49589.27980523577,716.190435833123
0.6394166666666667,0.65625,-49615.695016527876,742.6056471252305
0.6394166666666667,0.6625000000000001,-49642.52213405154,769.4327646488964
0.6394166666666667,0.66875,-49669.75853449533,796.6691650926878
0.6394166666666667,0.675,-49697.40165090015,824.3122814975068
0.6394166666666667,0.68125,-49725.448971332815,852.3596019301694
0.6394166666666667,0.6875,-49753.89803760265,880.8086682000067
0.6394166666666667,0.6937500000000001,-49782.74644401956,909.6570746169164
0.6394166666666667,0.7,-49811.99183619185,938.9024667892081
0.6394166666666667,0.70625,-49841.631909862364,968.542540459719
0.6394166666666667,0.7125000000000001,-49871.66440978146,998.5750403788115
0.6394166666666667,0.71875,-49902.087128615356,1028.9977592127107
0.6394166666666667,0.7250000000000001,-49932.897905888676,1059.8085364860308
0.6394166666666667,0.73125,-49964.09462695975,1091.0052575571026
0.6394166666666667,0.7375,-49995.675222027545,1122.5858526248994
0.6394166666666667,0.7437500000000001,-50027.637665169095,1154.5482957664499
0.6394166666666667,0.75,-50059.979973406276,1186.8906040036309
0.6394166666666667,0.7562500000000001,-50092.70020580081,1219.610836398162
0.6394166666666667,0.7625,-50125.79646257665,1252.7070931740018
0.6394166666666667,0.76875,-50159.26688426857,1286.1775148659217
0.6394166666666667,0.7750000000000001,-50193.10965089618,1320.0202814935328
0.6394166666666667,0.78125,-50227.32298116243,1354.233611759788
0.6394166666666667,0.7875000000000001,-50261.905131675696,1388.8157622730505
0.6394166666666667,0.79375,-50296.85439619473,1423.7650267920835
0.6394166666666667,0.8,-50332.16910489558,1459.0797354929382
0.6394166666666667,0.8062500000000001,-50367.84762365991,1494.7582542572636
0.6394166666666667,0.8125,-50403.888353383634,1530.7989839809889
0.6394166666666667,0.8187500000000001,-50440.28972930573,1567.2003599030868
0.6394166666666667,0.825,-50477.050220355915,1603.96085095327
0.6394166666666667,0.83125,-50514.16832852125,1641.078959118604
0.6394166666666667,0.8375000000000001,-50551.64258823027,1678.5532188276266
0.6394166666666667,0.84375,-50589.47156575491,1716.3821963522641
0.6394166666666667,0.8500000000000001,-50627.65385862891,1754.5644892262644
0.6394166666666667,0.85625,-50666.188095082616,1793.0987256799708
0.6394166666666667,0.8625,-50705.07293349353,1831.983564090886
0.6394166666666667,0.8687500000000001,-50744.307061852014,1871.2176924493688
0.6394166666666667,0.875,-50783.88919724183,1910.7998278391824
0.6394166666666667,0.8812500000000001,-50823.81808533493,1950.7287159322877
0.6394166666666667,0.8875,-50864.0924999001,1991.0031304974545
0.6394166666666667,0.89375,-50904.71124232503,2031.6218729223838
0.6394166666666667,0.9000000000000001,-50945.67314115136,2072.5837717487157
0.6394166666666667,0.90625,-50986.97705162239,2113.8876822197417
0.6394166666666667,0.9125000000000001,-51028.62185524298,2155.532485840333
0.6394166666666667,0.91875,-51070.60645935134,2197.517089948691
0.6394166666666667,0.925,-51112.92979670223,2239.840427299583
0.6394166666666667,0.9312500000000001,-51155.5908250615,2282.5014556588576
0.6394166666666667,0.9375,-51198.58852681129,2325.4991574086453
0.6394166666666667,0.9437500000000001,-51241.92190856584,2368.832539163195
0.6394166666666667,0.95,-51285.59000079752,2412.500631394876
0.6425000000000001,0.2,-49059.46968909101,186.3803196883673
0.6425000000000001,0.20625000000000002,-49042.12312157257,169.03375216992572
0.6425000000000001,0.21250000000000002,-49025.735102246064,152.64573284341895
0.6425000000000001,0.21875,-49010.28644662053,137.1970772178829
0.6425000000000001,0.225,-48995.75871784761,122.66934844496427
0.6425000000000001,0.23125,-48982.134186320574,109.04481691792898
0.6425000000000001,0.23750000000000002,-48969.39579209369,96.30642269104283
0.6425000000000001,0.24375000000000002,-48957.52710988209,84.43774047944316
0.6425000000000001,0.25,-48946.51231642617,73.42294702352228
0.6425000000000001,0.25625000000000003,-48936.33616002576,63.246790623117704
0.6425000000000001,0.2625,-48926.983932068266,53.89456266562047
0.6425000000000001,0.26875000000000004,-48918.441440391536,45.35207098889077
0.6425000000000001,0.275,-48910.69498433739,37.605614934742334
0.6425000000000001,0.28125,-48903.731331364834,30.64196196218836
0.6425000000000001,0.28750000000000003,-48897.537695104096,24.448325701450813
0.6425000000000001,0.29375,-48892.101714743076,19.01234534043033
0.6425000000000001,0.30000000000000004,-48887.41143564763,14.322066244982125
0.6425000000000001,0.30625,-48883.455291125494,10.365921722848725
0.6425000000000001,0.3125,-48880.22208525153,7.132715848885709
0.6425000000000001,0.31875000000000003,-48877.70097667891,4.611607276267023
0.6425000000000001,0.325,-48875.88146336713,2.792093964482774
0.6425000000000001,0.33125000000000004,-48874.75336816348,1.663998760835966
0.6425000000000001,0.3375,-48874.30682517987,1.217455777223222
0.6425000000000001,0.34375,-48874.53226691125,1.4428975086048013
0.6425000000000001,0.35000000000000003,-48875.4204120465,2.331042643854744
0.6425000000000001,0.35625,-48876.96225392638,3.872884523734683
0.6425000000000001,0.36250000000000004,-48879.14904960637,6.059680203725293
0.6425000000000001,0.36875,-48881.97230948607,8.882940083422
0.6425000000000001,0.375,-48885.423787468935,12.3344180662898
0.6425000000000001,0.38125000000000003,-48889.4954716196,16.406102216955333
0.6425000000000001,0.3875,-48894.179575287766,21.090205885120668
0.6425000000000001,0.39375000000000004,-48899.468528670506,26.379159267860814
0.6425000000000001,0.4,-48905.354970786255,32.265601383609464
0.6425000000000001,0.40625,-48911.8317418362,38.7423724335531
0.6425000000000001,0.41250000000000003,-48918.89187593018,45.802506527536025
0.6425000000000001,0.41875,-48926.52859415578,53.43922475313593
0.6425000000000001,0.42500000000000004,-48934.735297970976,61.64592856833042
0.6425000000000001,0.43125,-48943.50556290186,70.4161934992153
0.6425000000000001,0.4375,-48952.83313252823,79.74376312558161
0.6425000000000001,0.44375000000000003,-48962.711912741,89.62254333835153
0.6425000000000001,0.45,-48973.13596625652,100.04659685387742
0.6425000000000001,0.45625000000000004,-48984.099507373714,111.01013797106862
0.6425000000000001,0.4625,-48995.596896960924,122.50752755827853
0.6425000000000001,0.46875,-49007.6226376602,134.53326825755357
0.6425000000000001,0.47500000000000003,-49020.17136929761,147.08199989496643
0.6425000000000001,0.48125,-49033.23786448868,160.1484950860322
0.6425000000000001,0.48750000000000004,-49046.817024428805,173.72765502615948
0.6425000000000001,0.49375,-49060.90387485939,187.81450545674306
0.6425000000000001,0.5,-49075.4935622005,202.4041927978542
0.6425000000000001,0.5062500000000001,-49090.58134984177,217.49198043912475
0.6425000000000001,0.5125,-49106.16261458376,233.07324518111272
0.6425000000000001,0.51875,-49122.23284322213,249.14347381948755
0.6425000000000001,0.525,-49138.78762926791,265.6982598652612
0.6425000000000001,0.53125,-49155.822669796995,282.7333003943495
0.6425000000000001,0.5375000000000001,-49173.333762422924,300.24439302027895
0.6425000000000001,0.54375,-49191.316802386864,318.22743298421847
0.6425000000000001,0.55,-49209.76777975943,336.6784103567843
0.6425000000000001,0.55625,-49228.68277674904,355.5934073463941
0.6425000000000001,0.5625,-49248.05796511191,374.9685957092661
0.6425000000000001,0.5687500000000001,-49267.889603658994,394.80023425634863
0.6425000000000001,0.575,-49288.17403585548,415.08466645283625
0.6425000000000001,0.58125,-49308.90768750871,435.8183181060667
0.6425000000000001,0.5875,-49330.08706454051,456.99769513786305
0.6425000000000001,0.59375,-49351.708750840175,478.6193814375292
0.6425000000000001,0.6000000000000001,-49373.76940619472,500.6800367920732
0.6425000000000001,0.60625,-49396.26576429282,523.1763948901717
0.6425000000000001,0.6125,-49419.19463079939,546.1052613967477
0.6425000000000001,0.61875,-49442.552881497824,569.4635120951789
0.6425000000000001,0.625,-49466.33746049678,593.2480910941376
0.6425000000000001,0.6312500000000001,-49490.545378499184,617.4560090965388
0.6425000000000001,0.6375,-49515.17371113037,642.084341727721
0.6425000000000001,0.64375,-49540.21959732343,667.1302279207812
0.6425000000000001,0.65,-49565.680237758956,692.5908683563102
0.6425000000000001,0.65625,-49591.55289335727,718.463523954626
0.6425000000000001,0.6625000000000001,-49617.83488382085,744.7455144182022
0.6425000000000001,0.66875,-49644.52358622499,771.4342168223448
0.6425000000000001,0.675,-49671.61643365486,798.5270642522155
0.6425000000000001,0.68125,-49699.11091388692,826.0215444842761
0.6425000000000001,0.6875,-49727.004568113196,853.9151987105506
0.6425000000000001,0.6937500000000001,-49755.29498970658,882.2056203039319
0.6425000000000001,0.7,-49783.97982302558,910.8904536229311
0.6425000000000001,0.70625,-49813.05676225714,939.9673928544944
0.6425000000000001,0.7125000000000001,-49842.52355029597,969.4341808933241
0.6425000000000001,0.71875,-49872.37797765895,999.2886082563055
0.6425000000000001,0.7250000000000001,-49902.61788143347,1029.5285120308254
0.6425000000000001,0.73125,-49933.24114425834,1060.1517748556944
0.6425000000000001,0.7375,-49964.24569333601,1091.1563239333627
0.6425000000000001,0.7437500000000001,-49995.62949947508,1122.5401300724334
0.6425000000000001,0.75,-50027.39057616192,1154.3012067592717
0.6425000000000001,0.7562500000000001,-50059.52697866036,1186.437609257715
0.6425000000000001,0.7625,-50092.03680313848,1218.9474337358333
0.6425000000000001,0.76875,-50124.91818582145,1251.8288164188052
0.6425000000000001,0.7750000000000001,-50158.16930216961,1285.0799327669665
0.6425000000000001,0.78125,-50191.78836608081,1318.698996678162
0.6425000000000001,0.7875000000000001,-50225.77362911624,1352.684259713591
0.6425000000000001,0.79375,-50260.12337974887,1387.0340103462222
0.6425000000000001,0.8,-50294.83594263376,1421.7465732311175
0.6425000000000001,0.8062500000000001,-50329.90967789955,1456.8203084969064
0.6425000000000001,0.8125,-50365.342980460235,1492.2536110575893
0.6425000000000001,0.8187500000000001,-50401.13427934678,1528.044909944132
0.6425000000000001,0.825,-50437.28203705768,1564.1926676550356
0.6425000000000001,0.83125,-50473.78474892811,1600.6953795254667
0.6425000000000001,0.8375000000000001,-50510.640942516686,1637.5515731140404
0.6425000000000001,0.84375,-50547.84917700965,1674.7598076070062
0.6425000000000001,0.8500000000000001,-50585.408042641626,1712.3186732389804
0.6425000000000001,0.85625,-50623.31616013257,1750.2267907299247
0.6425000000000001,0.8625,-50661.57218014028,1788.482810737638
0.6425000000000001,0.8687500000000001,-50700.174782728165,1827.0854133255198
0.6425000000000001,0.875,-50739.122676847444,1866.033307444799
0.6425000000000001,0.8812500000000001,-50778.41459983381,1905.3252304311682
0.6425000000000001,0.8875,-50818.049316917604,1944.959947514959
0.6425000000000001,0.89375,-50858.025620747445,1984.9362513447995
0.6425000000000001,0.9000000000000001,-50898.34233092672,2025.252961524071
0.6425000000000001,0.90625,-50938.9982935626,2065.9089241599577
0.6425000000000001,0.9125000000000001,-50979.99238082729,2106.9030114246416
0.6425000000000001,0.91875,-51021.32349053082,2148.2341211281746
0.6425000000000001,0.925,-51062.99054570556,2189.901176302912
0.6425000000000001,0.9312500000000001,-51104.99249420158,2231.9031247989333
0.6425000000000001,0.9375,-51147.32830829289,2274.2389388902448
0.6425000000000001,0.9437500000000001,-51189.996984294085,2316.907614891439
0.6425000000000001,0.95,-51232.99754218715,2359.908172784504
0.6455833333333334,0.2,-49067.61748025686,194.52811085421126
0.6455833333333334,0.20625000000000002,-49049.96421247606,176.8748430734122
0.6455833333333334,0.21250000000000002,-49033.26415481867,160.1747854160276
0.6455833333333334,0.21875,-49017.498270453994,144.40890105134895
0.6455833333333334,0.225,-49002.64826172404,129.55889232139452
0.6455833333333334,0.23125,-48988.696530336405,115.60716093375959
0.6455833333333334,0.23750000000000002,-48975.62614032654,102.53677092389262
0.6455833333333334,0.24375000000000002,-48963.4207835546,90.33141415195132
0.6455833333333334,0.25,-48952.064747525554,78.9753781229083
0.6455833333333334,0.25625000000000003,-48941.54288534184,68.45351593919622
0.6455833333333334,0.2625,-48931.84058761611,58.75121821346693
0.6455833333333334,0.26875000000000004,-48922.94375618841,49.85438678576611
0.6455833333333334,0.275,-48914.83877950618,41.74941010353359
0.6455833333333334,0.28125,-48907.512509538865,34.423140136219445
0.6455833333333334,0.28750000000000003,-48900.95224011045,27.862870707802358
0.6455833333333334,0.29375,-48895.14568654362,22.056317140973988
0.6455833333333334,0.30000000000000004,-48890.08096651871,16.99159711606626
0.6455833333333334,0.30625,-48885.746582059015,12.657212656369666
0.6455833333333334,0.3125,-48882.13140256143,9.042033158781123
0.6455833333333334,0.31875000000000003,-48879.22464879854,6.135279395894031
0.6455833333333334,0.325,-48877.01587782429,3.926508421645849
0.6455833333333334,0.33125000000000004,-48875.494968720755,2.405599318110035
0.6455833333333334,0.3375,-48874.65210912908,1.5627397264324827
0.6455833333333334,0.34375,-48874.4777825116,1.3884131089580478
0.6455833333333334,0.35000000000000003,-48874.9627560971,1.8733866944530746
0.6455833333333334,0.35625,-48876.09806946393,3.0087000612838892
0.6455833333333334,0.36250000000000004,-48877.87502372043,4.785654317784065
0.6455833333333334,0.36875,-48880.2851712439,7.195801841255161
0.6455833333333334,0.375,-48883.32030594339,10.230936540741823
0.6455833333333334,0.38125000000000003,-48886.97245401329,13.883084610642982
0.6455833333333334,0.3875,-48891.23386514788,18.144495745233144
0.6455833333333334,0.39375000000000004,-48896.09700418844,23.007634785797563
0.6455833333333334,0.4,-48901.55454317719,28.465173774544382
0.6455833333333334,0.40625,-48907.599353793674,34.50998439102841
0.6455833333333334,0.41250000000000003,-48914.22450015135,41.135130748705706
0.6455833333333334,0.41875,-48921.42323193313,48.33386253048229
0.6455833333333334,0.42500000000000004,-48929.18897784676,56.09960844411398
0.6455833333333334,0.43125,-48937.515339381556,64.42596997891087
0.6455833333333334,0.4375,-48946.396084849745,73.30671544709912
0.6455833333333334,0.44375000000000003,-48955.82514369651,82.73577429386205
0.6455833333333334,0.45,-48965.79660106396,92.70723166131211
0.6455833333333334,0.45625000000000004,-48976.304692595215,103.21532319256949
0.6455833333333334,0.4625,-48987.34379946568,114.25443006303249
0.6455833333333334,0.46875,-48998.90844362932,125.81907422667427
0.6455833333333334,0.47500000000000003,-49010.99328326872,137.9039138660737
0.6455833333333334,0.48125,-49023.59310843816,150.50373903551372
0.6455833333333334,0.48750000000000004,-49036.70283688977,163.61346748712822
0.6455833333333334,0.49375,-49050.31751007341,177.2281406707625
0.6455833333333334,0.5,-49064.432289301425,191.34291989877966
0.6455833333333334,0.5062500000000001,-49079.04245207002,205.95308266737266
0.6455833333333334,0.5125,-49094.14338852944,221.05401912679372
0.6455833333333334,0.51875,-49109.73059809566,236.64122869301355
0.6455833333333334,0.525,-49125.79968619665,252.71031679400767
0.6455833333333334,0.53125,-49142.34636114673,269.2569917440851
0.6455833333333334,0.5375000000000001,-49159.36643114281,286.277061740162
0.6455833333333334,0.54375,-49176.85580137688,303.76643197423255
0.6455833333333334,0.55,-49194.8104712591,321.7211018564558
0.6455833333333334,0.55625,-49213.22653174649,340.1371623438463
0.6455833333333334,0.5625,-49232.100162772214,359.010793369569
0.6455833333333334,0.5687500000000001,-49251.427630770966,378.3382613683207
0.6455833333333334,0.575,-49271.205286296055,398.11591689341003
0.6455833333333334,0.58125,-49291.42956172397,418.34019232132414
0.6455833333333334,0.5875,-49312.09696904267,439.00759964002646
0.6455833333333334,0.59375,-49333.20409771991,460.1147283172613
0.6455833333333334,0.6000000000000001,-49354.747612647814,481.6582432451687
0.6455833333333334,0.60625,-49376.7242521608,503.63488275815325
0.6455833333333334,0.6125,-49399.130826123335,526.0414567206899
0.6455833333333334,0.61875,-49421.96421408477,548.8748446821264
0.6455833333333334,0.625,-49445.22136349827,572.1319940956237
0.6455833333333334,0.6312500000000001,-49468.89928800117,595.8099185985266
0.6455833333333334,0.6375,-49492.995065754345,619.9056963516996
0.6455833333333334,0.64375,-49517.50583783783,644.4164684351854
0.6455833333333334,0.65,-49542.428806700795,669.3394372981493
0.6455833333333334,0.65625,-49567.76123466325,694.6718652606069
0.6455833333333334,0.6625000000000001,-49593.50044246773,720.4110730650864
0.6455833333333334,0.66875,-49619.64380787872,746.5544384760724
0.6455833333333334,0.675,-49646.18876432809,773.099394925448
0.6455833333333334,0.68125,-49673.13279960457,800.0434302019275
0.6455833333333334,0.6875,-49700.47345458567,827.3840851830246
0.6455833333333334,0.6937500000000001,-49728.20832201033,855.1189526076851
0.6455833333333334,0.7,-49756.33504529075,883.2456758881017
0.6455833333333334,0.70625,-49784.851317361885,911.7619479592395
0.6455833333333334,0.7125000000000001,-49813.754879567205,940.6655101645592
0.6455833333333334,0.71875,-49843.04352057928,969.9541511766365
0.6455833333333334,0.7250000000000001,-49872.71507535402,999.6257059513737
0.6455833333333334,0.73125,-49902.76742411715,1029.6780547145027
0.6455833333333334,0.7375,-49933.1984913819,1060.109121979258
0.6455833333333334,0.7437500000000001,-49964.006244996635,1090.91687559399
0.6455833333333334,0.75,-49995.18869522138,1122.0993258187373
0.6455833333333334,0.7562500000000001,-50026.74389383231,1153.654524429665
0.6455833333333334,0.7625,-50058.66993325291,1185.5805638502643
0.6455833333333334,0.76875,-50090.96494571127,1217.8755763086228
0.6455833333333334,0.7750000000000001,-50123.627102422186,1250.5377330195406
0.6455833333333334,0.78125,-50156.654612793514,1283.565243390869
0.6455833333333334,0.7875000000000001,-50190.04572365568,1316.9563542530377
0.6455833333333334,0.79375,-50223.79871851382,1350.7093491111737
0.6455833333333334,0.8,-50257.91191682142,1384.8225474187711
0.6455833333333334,0.8062500000000001,-50292.38367327511,1419.2943038724625
0.6455833333333334,0.8125,-50327.21237712961,1454.1230077269647
0.6455833333333334,0.8187500000000001,-50362.39645153229,1489.3070821296424
0.6455833333333334,0.825,-50397.934352876575,1524.8449834739295
0.6455833333333334,0.83125,-50433.82457017378,1560.735200771138
0.6455833333333334,0.8375000000000001,-50470.06562444252,1596.9762550398736
0.6455833333333334,0.84375,-50506.65606811524,1633.566698712595
0.6455833333333334,0.8500000000000001,-50543.5944844614,1670.5051150587533
0.6455833333333334,0.85625,-50580.879487026585,1707.7901176239393
0.6455833333333334,0.8625,-50618.50971908713,1745.4203496844857
0.6455833333333334,0.8687500000000001,-50656.48385311989,1783.3944837172457
0.6455833333333334,0.875,-50694.80059028634,1821.7112208836916
0.6455833333333334,0.8812500000000001,-50733.45865993097,1860.3692905283242
0.6455833333333334,0.8875,-50772.4568190932,1899.3674496905514
0.6455833333333334,0.89375,-50811.793852032584,1938.7044826299389
0.6455833333333334,0.9000000000000001,-50851.46856976679,1978.379200364143
0.6455833333333334,0.90625,-50891.47980962208,2018.3904402194312
0.6455833333333334,0.9125000000000001,-50931.826434795745,2058.7370653930993
0.6455833333333334,0.91875,-50972.507333930334,2099.417964527689
0.6455833333333334,0.925,-51013.52142069915,2140.432051296506
0.6455833333333334,0.9312500000000001,-51054.867633402755,2181.7782640001096
0.6455833333333334,0.9375,-51096.544934576246,2223.455565173601
0.6455833333333334,0.9437500000000001,-51138.55231060674,2265.462941204096
0.6455833333333334,0.95,-51180.88877136111,2307.7994019584658
0.6486666666666667,0.2,-49075.96834560971,202.87897620706644
0.6486666666666667,0.20625000000000002,-49058.0104910487,184.9211216460535
0.6486666666666667,0.21250000000000002,-49041.000494277476,167.91112487483042
0.6486666666666667,0.21875,-49024.9194667873,151.83009738465626
0.6486666666666667,0.225,-49009.74925076885,136.6598813662058
0.6486666666666667,0.23125,-48995.47237989737,122.38301049472648
0.6486666666666667,0.23750000000000002,-48982.0720428365,108.98267343385669
0.6486666666666667,0.24375000000000002,-48969.532049231115,96.44267982846941
0.6486666666666667,0.25,-48957.836797982294,84.74742857964884
0.6486666666666667,0.25625000000000003,-48946.971247617796,73.88187821515021
0.6486666666666667,0.2625,-48936.920888589,63.831519186351215
0.6486666666666667,0.26875000000000004,-48927.671717341975,54.58234793932934
0.6486666666666667,0.275,-48919.210212023696,46.12084262105054
0.6486666666666667,0.28125,-48911.52330969795,38.43394029530464
0.6486666666666667,0.28750000000000003,-48904.59838495626,31.509015553616337
0.6486666666666667,0.29375,-48898.42322981976,25.33386041711492
0.6486666666666667,0.30000000000000004,-48892.986034836875,19.896665434229362
0.6486666666666667,0.30625,-48888.27537129,15.186001887355815
0.6486666666666667,0.3125,-48884.28017443176,11.190805029116746
0.6486666666666667,0.31875000000000003,-48880.989727678214,7.900358275568578
0.6486666666666667,0.325,-48878.393647692166,5.30427828952088
0.6486666666666667,0.33125000000000004,-48876.481870295625,3.392500892980024
0.6486666666666667,0.3375,-48875.24463715493,2.155267752284999
0.6486666666666667,0.34375,-48874.672483186994,1.583113784348825
0.6486666666666667,0.35000000000000003,-48874.75622463882,1.6668552361734328
0.6486666666666667,0.35625,-48875.48694779648,2.3975783938367385
0.6486666666666667,0.36250000000000004,-48876.85599828294,3.7666288802938652
0.6486666666666667,0.36875,-48878.85497090719,5.765601504543156
0.6486666666666667,0.375,-48881.47570003006,8.386330627414281
0.6486666666666667,0.38125000000000003,-48884.71025041462,11.620881011971505
0.6486666666666667,0.3875,-48888.550908531295,15.461539128649747
0.6486666666666667,0.39375000000000004,-48892.99017429038,19.90080488773674
0.6486666666666667,0.4,-48898.02075317589,24.931383773247944
0.6486666666666667,0.40625,-48903.635548757404,30.54617935475835
0.6486666666666667,0.41250000000000003,-48909.82765555737,36.73828615472303
0.6486666666666667,0.41875,-48916.59035225351,43.50098285086278
0.6486666666666667,0.42500000000000004,-48923.91709519705,50.82772579440643
0.6486666666666667,0.43125,-48931.80151222873,58.712142826087074
0.6486666666666667,0.4375,-48940.23739677615,67.14802737350692
0.6486666666666667,0.44375000000000003,-48949.21870221658,76.12933281393634
0.6486666666666667,0.45,-48958.73953649086,85.6501670882135
0.6486666666666667,0.45625000000000004,-48968.79415695462,95.7047875519711
0.6486666666666667,0.4625,-48979.37696545415,106.28759605150117
0.6486666666666667,0.46875,-48990.4825036149,117.39313421225233
0.6486666666666667,0.47500000000000003,-49002.10544833148,129.01607892883476
0.6486666666666667,0.48125,-49014.24060744852,141.15123804587347
0.6486666666666667,0.48750000000000004,-49026.882915622744,153.7935462200985
0.6486666666666667,0.49375,-49040.0274303568,166.93806095415493
0.6486666666666667,0.5,-49053.669328196294,180.57995879364898
0.6486666666666667,0.5062500000000001,-49067.803901081716,194.7145316790702
0.6486666666666667,0.5125,-49082.426552847755,209.33718344510999
0.6486666666666667,0.51875,-49097.532795862484,224.44342645983852
0.6486666666666667,0.525,-49113.11824779994,240.02887839729374
0.6486666666666667,0.53125,-49129.1786285393,256.08925913665735
0.6486666666666667,0.5375000000000001,-49145.70975718494,272.6203877822918
0.6486666666666667,0.54375,-49162.70754920141,289.6181797987665
0.6486666666666667,0.55,-49180.168013657996,307.0786442553508
0.6486666666666667,0.55625,-49198.08725057784,324.99788117519347
0.6486666666666667,0.5625,-49216.461448386726,343.3720789840809
0.6486666666666667,0.5687500000000001,-49235.28688145697,362.1975120543211
0.6486666666666667,0.575,-49254.55990774214,381.4705383394976
0.6486666666666667,0.58125,-49274.2769664986,401.1875970959518
0.6486666666666667,0.5875,-49294.43457608973,421.3452066870814
0.6486666666666667,0.59375,-49315.02933186961,441.9399624669677
0.6486666666666667,0.6000000000000001,-49336.057904142304,462.96853473965893
0.6486666666666667,0.60625,-49357.51703619362,484.4276667909726
0.6486666666666667,0.6125,-49379.40354239229,506.31417298964516
0.6486666666666667,0.61875,-49401.71430635746,528.6249369548168
0.6486666666666667,0.625,-49424.4462791898,551.3569097871514
0.6486666666666667,0.6312500000000001,-49447.59647776353,574.5071083608855
0.6486666666666667,0.6375,-49471.16198307677,598.0726136741214
0.6486666666666667,0.64375,-49495.139938657885,622.0505692552397
0.6486666666666667,0.65,-49519.527549025515,646.4381796228699
0.6486666666666667,0.65625,-49544.322078200006,671.2327087973608
0.6486666666666667,0.6625000000000001,-49569.520848264394,696.4314788617485
0.6486666666666667,0.66875,-49595.12123797265,722.031868570004
0.6486666666666667,0.675,-49621.12068140361,748.0313120009669
0.6486666666666667,0.68125,-49647.516666658565,774.4272972559193
0.6486666666666667,0.6875,-49674.30673460096,801.2173651983176
0.6486666666666667,0.6937500000000001,-49701.48847763648,828.3991082338325
0.6486666666666667,0.7,-49729.059538531925,855.9701691292794
0.6486666666666667,0.70625,-49757.01760927159,883.9282398689465
0.6486666666666667,0.7125000000000001,-49785.36042994948,912.271060546831
0.6486666666666667,0.71875,-49814.08578769612,940.9964182934782
0.6486666666666667,0.7250000000000001,-49843.19151563883,970.1021462361823
0.6486666666666667,0.73125,-49872.675491893824,999.5861224911787
0.6486666666666667,0.7375,-49902.53563858943,1029.4462691867811
0.6486666666666667,0.7437500000000001,-49932.769920918836,1059.6805515161905
0.6486666666666667,0.75,-49963.37634622179,1090.286976819145
0.6486666666666667,0.7562500000000001,-49994.352963093705,1121.2635936910592
0.6486666666666667,0.7625,-50025.697860521526,1152.608491118881
0.6486666666666667,0.76875,-50057.40916704532,1184.3197976426745
0.6486666666666667,0.7750000000000001,-50089.485049944604,1216.3956805419584
0.6486666666666667,0.78125,-50121.92371444868,1248.834345046038
0.6486666666666667,0.7875000000000001,-50154.72340297007,1281.634033567425
0.6486666666666667,0.79375,-50187.88239436012,1314.793024957471
0.6486666666666667,0.8,-50221.39900318634,1348.3096337836978
0.6486666666666667,0.8062500000000001,-50255.27157903045,1382.1822096278047
0.6486666666666667,0.8125,-50289.49850580651,1416.4091364038613
0.6486666666666667,0.8187500000000001,-50324.07820109851,1450.9888316958677
0.6486666666666667,0.825,-50359.00911551676,1485.9197461141157
0.6486666666666667,0.83125,-50394.28973207241,1521.2003626697624
0.6486666666666667,0.8375000000000001,-50429.91856556953,1556.8291961668874
0.6486666666666667,0.84375,-50465.894162014185,1592.8047926115396
0.6486666666666667,0.8500000000000001,-50502.215098039975,1629.1257286373293
0.6486666666666667,0.85625,-50538.87998034942,1665.790610946773
0.6486666666666667,0.8625,-50575.88744517082,1702.7980757681726
0.6486666666666667,0.8687500000000001,-50613.23615772994,1740.1467883272926
0.6486666666666667,0.875,-50650.924811736215,1777.8354423335695
0.6486666666666667,0.8812500000000001,-50688.9521288829,1815.8627594802529
0.6486666666666667,0.8875,-50727.31685836076,1854.2274889581167
0.6486666666666667,0.89375,-50766.01777638492,1892.9284069822752
0.6486666666666667,0.9000000000000001,-50805.053685734456,1931.9643163318106
0.6486666666666667,0.90625,-50844.423415304234,1971.334045901589
0.6486666666666667,0.9125000000000001,-50884.12581966885,2011.036450266205
0.6486666666666667,0.91875,-50924.1597786581,2051.0704092554515
0.6486666666666667,0.925,-50964.52419694368,2091.4348275410375
0.6486666666666667,0.9312500000000001,-51005.21800363691,2132.1286342342646
0.6486666666666667,0.9375,-51046.24015189694,2173.1507824942964
0.6486666666666667,0.9437500000000001,-51087.58961854939,2214.500249146746
0.6486666666666667,0.95,-51129.26540371482,2256.1760343121714
0.65175,0.2,-49084.52362217543,211.43425277278584
0.65175,0.20625000000000002,-49066.263313576776,193.17394417413016
0.65175,0.21250000000000002,-49048.94549592151,175.85612651886186
0.65175,0.21875,-49032.55142968123,159.46206027858716
0.65175,0.225,-49017.06309755084,143.9737281481939
0.65175,0.23125,-49002.46316582424,129.37379642159794
0.65175,0.23750000000000002,-48988.734948438476,115.64557903583045
0.65175,0.24375000000000002,-48975.862373461365,102.77300405871938
0.65175,0.25,-48963.82995182056,90.740582417915
0.65175,0.25625000000000003,-48952.62274809105,79.53337868840754
0.65175,0.2625,-48942.22635317593,69.13698377328546
0.65175,0.26875000000000004,-48932.626858730764,59.53748932811868
0.65175,0.275,-48923.81083319595,50.72146379330661
0.65175,0.28125,-48915.76529931357,42.67592991092533
0.65175,0.28750000000000003,-48908.47771301675,35.38834361410409
0.65175,0.29375,-48901.93594358911,28.84657418646384
0.65175,0.30000000000000004,-48896.1282550012,23.038885598551133
0.65175,0.30625,-48891.04328833871,17.953918936065747
0.65175,0.3125,-48886.67004524439,13.580675841745688
0.65175,0.31875000000000003,-48882.99787230243,9.908502899786981
0.65175,0.325,-48880.01644629979,6.927076897147344
0.65175,0.33125000000000004,-48877.715760304316,4.626390901670675
0.65175,0.3375,-48876.0861105044,2.9967411017569248
0.65175,0.34375,-48875.118083759444,2.028714356798446
0.65175,0.35000000000000003,-48874.80254581402,1.7131764113728423
0.65175,0.35625,-48875.130630132764,2.0412607301186654
0.65175,0.36250000000000004,-48876.09372731602,3.004357913378044
0.65175,0.36875,-48877.68347505924,4.594105656593456
0.65175,0.375,-48879.8917486221,6.802379219458089
0.65175,0.38125000000000003,-48882.71065177598,9.621282373336726
0.65175,0.3875,-48886.13250819994,13.043138797293068
0.65175,0.39375000000000004,-48890.14985329872,17.060483896071673
0.65175,0.4,-48894.75542641694,21.666057014292164
0.65175,0.40625,-48899.94216342644,26.852794023798197
0.65175,0.41250000000000003,-48905.703189664775,32.61382026212959
0.65175,0.41875,-48912.03181320452,38.942443801875925
0.65175,0.42500000000000004,-48918.921518434596,45.832149031950394
0.65175,0.43125,-48926.365959935894,53.276590533248964
0.65175,0.4375,-48934.35895663471,61.269587232061895
0.65175,0.44375000000000003,-48942.894486218625,69.80511681598
0.65175,0.45,-48951.96667980049,78.87731039784558
0.65175,0.45625000000000004,-48961.569816817035,88.48044741438935
0.65175,0.4625,-48971.698320149495,98.60895074684959
0.65175,0.46875,-48982.346751454534,109.25738205188827
0.65175,0.47500000000000003,-48993.5098066943,120.42043729165744
0.65175,0.48125,-49005.182311855446,132.09294245280034
0.65175,0.48750000000000004,-49017.35921884711,144.26984944446303
0.65175,0.49375,-49030.035601568976,156.94623216633045
0.65175,0.5,-49043.206652140696,170.11728273805056
0.65175,0.5062500000000001,-49056.86767728461,183.77830788196297
0.65175,0.5125,-49071.014094854196,197.92472545155033
0.65175,0.51875,-49085.64143050115,212.55206109850405
0.65175,0.525,-49100.745314474174,227.65594507152855
0.65175,0.53125,-49116.32147854336,243.23210914071387
0.65175,0.5375000000000001,-49132.365753044025,259.27638364137965
0.65175,0.54375,-49148.874064034375,275.7846946317295
0.65175,0.55,-49165.84243056172,292.75306115907733
0.65175,0.55625,-49183.266962032125,310.1775926294795
0.65175,0.5625,-49201.143855678776,328.0544862761308
0.65175,0.5687500000000001,-49219.469394124564,346.38002472191874
0.65175,0.575,-49238.2399430346,365.1505736319523
0.65175,0.58125,-49257.45194885471,384.3625794520631
0.65175,0.5875,-49277.10193663185,404.01256722920516
0.65175,0.59375,-49297.186507913255,424.0971385106095
0.65175,0.6000000000000001,-49317.70233872035,444.6129693177063
0.65175,0.60625,-49338.646177594754,465.5568081921083
0.65175,0.6125,-49360.01484371271,486.92547431006824
0.65175,0.61875,-49381.80522506557,508.71585566292197
0.65175,0.625,-49404.01427670302,530.9249073003739
0.65175,0.6312500000000001,-49426.6390190369,553.549649634253
0.65175,0.6375,-49449.67653620272,576.5871668000764
0.65175,0.64375,-49473.123974476744,600.0346050740991
0.65175,0.65,-49496.97854074616,623.889171343515
0.65175,0.65625,-49521.237501030424,648.1481316277786
0.65175,0.6625000000000001,-49545.898179051466,672.8088096488209
0.65175,0.66875,-49570.95795485102,697.8685854483774
0.65175,0.675,-49596.414263453014,723.324894050369
0.65175,0.68125,-49622.26459356943,749.1752241667855
0.65175,0.6875,-49648.50648634781,775.4171169451656
0.65175,0.6937500000000001,-49675.13753415884,802.0481647561974
0.65175,0.7,-49702.1553794225,829.0660100198511
0.65175,0.70625,-49729.557713471164,856.4683440685185
0.65175,0.7125000000000001,-49757.34227544856,884.2529060459128
0.65175,0.71875,-49785.50685124284,912.4174818401953
0.65175,0.7250000000000001,-49814.049272452816,940.9599030501704
0.65175,0.73125,-49842.96741538594,969.8780459832924
0.65175,0.7375,-49872.25920008696,999.1698306843173
0.65175,0.7437500000000001,-49901.92258939611,1028.8332199934666
0.65175,0.75,-49931.955588035744,1058.8662186330985
0.65175,0.7562500000000001,-49962.35624172432,1089.2668723216775
0.65175,0.7625,-49993.12263631699,1120.0332669143463
0.65175,0.76875,-50024.25289697154,1151.1635275688968
0.65175,0.7750000000000001,-50055.74518733907,1182.655817936422
0.65175,0.78125,-50087.597708778325,1214.5083393756795
0.65175,0.7875000000000001,-50119.80869959302,1246.7193301903753
0.65175,0.79375,-50152.37643429128,1279.287064888631
0.65175,0.8,-50185.29922286641,1312.2098534637626
0.65175,0.8062500000000001,-50218.57541009841,1345.4860406957669
0.65175,0.8125,-50252.20337487536,1379.1140054727148
0.65175,0.8187500000000001,-50286.18152953411,1413.0921601314622
0.65175,0.825,-50320.50831921963,1447.4189498169872
0.65175,0.83125,-50355.182221262374,1482.0928518597284
0.65175,0.8375000000000001,-50390.20174457305,1517.1123751704072
0.65175,0.84375,-50425.56542905432,1552.4760596516717
0.65175,0.8500000000000001,-50461.27184502868,1588.182475626032
0.65175,0.85625,-50497.31959268234,1624.2302232796937
0.65175,0.8625,-50533.70730152418,1660.6179321215313
0.65175,0.8687500000000001,-50570.433629859624,1697.344260456979
0.65175,0.875,-50607.497264278834,1734.407894876189
0.65175,0.8812500000000001,-50644.896919158775,1771.8075497561294
0.65175,0.8875,-50682.63133617868,1809.5419667760361
0.65175,0.89375,-50720.699283848706,1847.6099144460604
0.65175,0.9000000000000001,-50759.099557051,1886.0101876483532
0.65175,0.90625,-50797.83097659322,1924.7416071905755
0.65175,0.9125000000000001,-50836.89238877387,1963.8030193712257
0.65175,0.91875,-50876.282664959064,2003.193295556419
0.65175,0.925,-50916.000701170604,2042.9113317679585
0.65175,0.9312500000000001,-50956.045417684836,2082.9560482821907
0.65175,0.9375,-50996.41575864205,2123.3263892394025
0.65175,0.9437500000000001,-51037.11069166605,2164.0213222634047
0.65175,0.95,-51078.12920749374,2205.039838091092
0.6548333333333334,0.2,-49093.28466414394,220.19529474129376
0.6548333333333334,0.20625000000000002,-49074.72405389104,201.63468448839558
0.6548333333333334,0.21250000000000002,-49057.10055297397,184.0111835713251
0.6548333333333334,0.21875,-49040.39557149951,167.30620209686458
0.6548333333333334,0.225,-49024.591233319385,151.50186391673924
0.6548333333333334,0.23125,-49009.67033799481,136.58096859216312
0.6548333333333334,0.23750000000000002,-48995.6163253794,122.52695597675483
0.6548333333333334,0.24375000000000002,-48982.41324260062,109.32387319797272
0.6548333333333334,0.25,-48970.04571324194,96.95634383929428
0.6548333333333334,0.25625000000000003,-48958.49890854664,85.40953914399142
0.6548333333333334,0.2625,-48947.758520481795,74.66915107914974
0.6548333333333334,0.26875000000000004,-48937.810736515676,64.72136711303028
0.6548333333333334,0.275,-48928.64221597575,55.552846573104034
0.6548333333333334,0.28125,-48920.240067866456,47.15069846381084
0.6548333333333334,0.28750000000000003,-48912.591830036734,39.50246063408849
0.6548333333333334,0.29375,-48905.68544959703,32.59608019438747
0.6548333333333334,0.30000000000000004,-48899.50926449459,26.419895091945364
0.6548333333333334,0.30625,-48894.051986163075,20.962616760429228
0.6548333333333334,0.3125,-48889.30268317035,16.213313767701038
0.6548333333333334,0.31875000000000003,-48885.2507657942,12.161396391551534
0.6548333333333334,0.325,-48881.8859714617,8.79660205905384
0.6548333333333334,0.33125000000000004,-48879.198350993254,6.108981590608892
0.6548333333333334,0.3375,-48877.17825559701,4.08888619436766
0.6548333333333334,0.34375,-48875.816324563646,2.72695516100066
0.6548333333333334,0.35000000000000003,-48875.10347361548,2.0141042128379922
0.6548333333333334,0.35625,-48875.030883867505,1.9415144648592104
0.6548333333333334,0.36250000000000004,-48875.589991360976,2.500621958330157
0.6548333333333334,0.36875,-48876.772477133396,3.683107730750635
0.6548333333333334,0.375,-48878.57025779132,5.480888388672611
0.6548333333333334,0.38125000000000003,-48880.975476554806,7.886107152160548
0.6548333333333334,0.3875,-48883.98049474483,10.891125342182931
0.6548333333333334,0.39375000000000004,-48887.57788368681,14.48851428416674
0.6548333333333334,0.4,-48891.7604170055,18.671047602852923
0.6548333333333334,0.40625,-48896.521063288,23.431693885351706
0.6548333333333334,0.41250000000000003,-48901.85297909363,28.763609690984595
0.6548333333333334,0.41875,-48907.74950229048,34.66013288783142
0.6548333333333334,0.42500000000000004,-48914.204145700016,41.114776297370554
0.6548333333333334,0.43125,-48921.210591032475,48.12122162982996
0.6548333333333334,0.4375,-48928.76268309666,55.67331369401654
0.6548333333333334,0.44375000000000003,-48936.8544242691,63.76505486645328
0.6548333333333334,0.45,-48945.47996920831,72.39059980566526
0.6548333333333334,0.45625000000000004,-48954.633619800996,81.54425039835041
0.6548333333333334,0.4625,-48964.309820327624,91.22045092497865
0.6548333333333334,0.46875,-48974.503152835954,101.41378343330871
0.6548333333333334,0.47500000000000003,-48985.20833271147,112.11896330882155
0.6548333333333334,0.48125,-48996.42020443445,123.33083503180387
0.6548333333333334,0.48750000000000004,-49008.133737514334,135.04436811168853
0.6548333333333334,0.49375,-49020.344022592,147.25465318935312
0.6548333333333334,0.5,-49033.04626770184,159.95689829919138
0.6548333333333334,0.5062500000000001,-49046.235794685344,173.14642528269906
0.6548333333333334,0.5125,-49059.90803574903,186.81866634638573
0.6548333333333334,0.51875,-49074.0585301593,200.9691607566565
0.6548333333333334,0.525,-49088.68292106784,215.59355166519526
0.6548333333333334,0.53125,-49103.776952461194,230.68758305854863
0.6548333333333334,0.5375000000000001,-49119.336466228604,246.24709682595858
0.6548333333333334,0.54375,-49135.357399342494,262.26802993984893
0.6548333333333334,0.55,-49151.83578114642,278.74641174377757
0.6548333333333334,0.55625,-49168.76773074543,295.6783613427833
0.6548333333333334,0.5625,-49186.14945449415,313.06008509150706
0.6548333333333334,0.5687500000000001,-49203.97724357818,330.8878741755325
0.6548333333333334,0.575,-49222.2474716845,349.1581022818573
0.6548333333333334,0.58125,-49240.95659275702,367.8672233543766
0.6548333333333334,0.5875,-49260.101138833386,387.01176943074097
0.6548333333333334,0.59375,-49279.67771795958,406.58834855693567
0.6548333333333334,0.6000000000000001,-49299.68301217879,426.59364277614804
0.6548333333333334,0.60625,-49320.11377559147,447.02440618882247
0.6548333333333334,0.6125,-49340.966832483406,467.8774630807602
0.6548333333333334,0.61875,-49362.23907551903,489.14970611638273
0.6548333333333334,0.625,-49383.92746399714,510.8380945944955
0.6548333333333334,0.6312500000000001,-49406.0290221664,532.9396527637582
0.6548333333333334,0.6375,-49428.540837598244,555.4514681955989
0.6548333333333334,0.64375,-49451.460059614634,578.3706902119884
0.6548333333333334,0.65,-49474.783897768706,601.6945283660607
0.6548333333333334,0.65625,-49498.509620375866,625.4202509732204
0.6548333333333334,0.6625000000000001,-49522.63455309353,649.5451836908833
0.6548333333333334,0.66875,-49547.156077547406,674.0667081447609
0.6548333333333334,0.675,-49572.071630002625,698.9822605999798
0.6548333333333334,0.68125,-49597.37870007781,724.2893306751648
0.6548333333333334,0.6875,-49623.074829500576,749.9854600979306
0.6548333333333334,0.6937500000000001,-49649.157610902635,776.0682414999901
0.6548333333333334,0.7,-49675.624686653224,802.5353172505784
0.6548333333333334,0.70625,-49702.47374772926,829.3843783266129
0.6548333333333334,0.7125000000000001,-49729.702532620795,856.6131632181496
0.6548333333333334,0.71875,-49757.30882627063,884.2194568679843
0.6548333333333334,0.7250000000000001,-49785.29045904653,912.2010896438878
0.6548333333333334,0.73125,-49813.64530574515,940.5559363425054
0.6548333333333334,0.7375,-49842.37128462628,969.2819152236334
0.6548333333333334,0.7437500000000001,-49871.46635647635,998.3769870737015
0.6548333333333334,0.75,-49900.92852370024,1027.839154297595
0.6548333333333334,0.7562500000000001,-49930.75582944024,1057.6664600375952
0.6548333333333334,0.7625,-49960.94635672125,1087.8569873186061
0.6548333333333334,0.76875,-49991.49822762133,1118.4088582186814
0.6548333333333334,0.7750000000000001,-50022.40960246663,1149.3202330639833
0.6548333333333334,0.78125,-50053.67867904993,1180.5893096472864
0.6548333333333334,0.7875000000000001,-50085.30369187186,1212.2143224692118
0.6548333333333334,0.79375,-50117.28291140415,1244.193542001507
0.6548333333333334,0.8,-50149.61464337409,1276.5252739714415
0.6548333333333334,0.8062500000000001,-50182.29722806938,1309.207858666734
0.6548333333333334,0.8125,-50215.32903966296,1342.2396702603146
0.6548333333333334,0.8187500000000001,-50248.708485556825,1375.6191161541792
0.6548333333333334,0.825,-50282.434005744355,1409.3446363417097
0.6548333333333334,0.83125,-50316.504072190655,1443.41470278801
0.6548333333333334,0.8375000000000001,-50350.91718823005,1477.8278188274053
0.6548333333333334,0.84375,-50385.6718879804,1512.5825185777576
0.6548333333333334,0.8500000000000001,-50420.76673577358,1547.6773663709318
0.6548333333333334,0.85625,-50456.20032560161,1583.1109561989651
0.6548333333333334,0.8625,-50491.97128057808,1618.8819111754347
0.6548333333333334,0.8687500000000001,-50528.07825241407,1654.9888830114214
0.6548333333333334,0.875,-50564.51992090844,1691.4305515057931
0.6548333333333334,0.8812500000000001,-50601.29499345187,1728.2056240492238
0.6548333333333334,0.8875,-50638.402204544276,1765.3128351416308
0.6548333333333334,0.89375,-50675.84031532507,1802.7509459224239
0.6548333333333334,0.9000000000000001,-50713.608113116075,1840.51874371343
0.6548333333333334,0.90625,-50751.704410976556,1878.6150415739103
0.6548333333333334,0.9125000000000001,-50790.12804727003,1917.0386778673856
0.6548333333333334,0.91875,-50828.87788524253,1955.7885158398858
0.6548333333333334,0.925,-50867.95281261201,1994.8634432093677
0.6548333333333334,0.9312500000000001,-50907.3517411684,2034.2623717657552
0.6548333333333334,0.9375,-50947.07360638421,2073.984236981567
0.6548333333333334,0.9437500000000001,-50987.11736703529,2114.027997632642
0.6548333333333334,0.95,-51027.48200483133,2154.3926354286814
0.6579166666666667,0.2,-49102.252843164075,229.1634737614295
0.6579166666666667,0.20625000000000002,-49083.39410367045,210.30473426780372
0.6579166666666667,0.21250000000000002,-49065.4670768948,192.3777074921527
0.6579166666666667,0.21875,-49048.453323230264,175.3639538276184
0.6579166666666667,0.225,-49032.3351083349,159.2457389322517
0.6579166666666667,0.23125,-49017.09536568324,144.00599628059717
0.6579166666666667,0.23750000000000002,-49002.71766168662,129.6282922839746
0.6579166666666667,0.24375000000000002,-48989.186163167135,116.09679376448912
0.6579166666666667,0.25,-48976.48560699192,103.39623758927337
0.6579166666666667,0.25625000000000003,-48964.60127169265,91.51190229000349
0.6579166666666667,0.2625,-48953.518950911974,80.42958150932827
0.6579166666666667,0.26875000000000004,-48943.22492853354,70.13555913089658
0.6579166666666667,0.275,-48933.705955365396,60.61658596275083
0.6579166666666667,0.28125,-48924.949227258316,51.85985785567027
0.6579166666666667,0.28750000000000003,-48916.94236455135,43.85299514870712
0.6579166666666667,0.29375,-48909.67339274648,36.584023343835725
0.6579166666666667,0.30000000000000004,-48903.1307243225,30.04135491985653
0.6579166666666667,0.30625,-48897.30314160633,24.21377220368595
0.6579166666666667,0.3125,-48892.17978062654,19.09041122389317
0.6579166666666667,0.31875000000000003,-48887.75011588059,14.660746477944485
0.6579166666666667,0.325,-48884.003945952405,10.914576549759659
0.6579166666666667,0.33125000000000004,-48880.931379922484,7.842010519838368
0.6579166666666667,0.3375,-48878.522824517175,5.433455114529352
0.6579166666666667,0.34375,-48876.768971948106,3.6796025454605115
0.6579166666666667,0.35000000000000003,-48875.66078839639,2.5714189937425544
0.6579166666666667,0.35625,-48875.18950309995,2.100133697305864
0.6579166666666667,0.36250000000000004,-48875.346598005446,2.257228602800751
0.6579166666666667,0.36875,-48876.12379794896,3.0344285463143024
0.6579166666666667,0.375,-48877.51306133264,4.423691929994675
0.6579166666666667,0.38125000000000003,-48879.50657126657,6.417201863921946
0.6579166666666667,0.3875,-48882.096727147655,9.007357745009358
0.6579166666666667,0.39375000000000004,-48885.276136649074,12.186767246428644
0.6579166666666667,0.4,-48889.03760809591,15.948238693265012
0.6579166666666667,0.40625,-48893.37414320429,20.284773801642586
0.6579166666666667,0.41250000000000003,-48898.27893016266,25.18956076001632
0.6579166666666667,0.41875,-48903.745337035914,30.65596763326903
0.6579166666666667,0.42500000000000004,-48909.76690547349,36.6775360708416
0.6579166666666667,0.43125,-48916.337344704705,43.247975302059785
0.6579166666666667,0.4375,-48923.450525805216,50.36115640257049
0.6579166666666667,0.44375000000000003,-48931.10047621956,58.011106816913525
0.6579166666666667,0.45,-48939.28137452599,66.19200512334646
0.6579166666666667,0.45625000000000004,-48947.98754543037,74.89817602772382
0.6579166666666667,0.4625,-48957.213454977,84.12408557435265
0.6579166666666667,0.46875,-48966.95370596487,93.86433656222653
0.6579166666666667,0.47500000000000003,-48977.203033558646,104.1136641560006
0.6579166666666667,0.48125,-48987.95630108409,114.8669316814412
0.6579166666666667,0.48750000000000004,-48999.208495998784,126.11912659613881
0.6579166666666667,0.49375,-49010.954726029006,137.86535662636015
0.6579166666666667,0.5,-49023.19021546446,150.10084606181772
0.6579166666666667,0.5062500000000001,-49035.91030160306,162.82093220041133
0.6579166666666667,0.5125,-49049.11043133827,176.02106193562213
0.6579166666666667,0.51875,-49062.786157882096,189.69678847945033
0.6579166666666667,0.525,-49076.93313761717,203.84376821452315
0.6579166666666667,0.53125,-49091.54712707165,218.45775766900624
0.6579166666666667,0.5375000000000001,-49106.62398001122,233.53461060857808
0.6579166666666667,0.54375,-49122.15964464254,249.07027523989382
0.6579166666666667,0.55,-49138.150160923076,265.06079152043094
0.6579166666666667,0.55625,-49154.59165797227,281.5022885696235
0.6579166666666667,0.5625,-49171.48035157949,298.3909821768466
0.6579166666666667,0.5687500000000001,-49188.81254180438,315.7231724017329
0.6579166666666667,0.575,-49206.584610665195,333.4952412625498
0.6579166666666667,0.58125,-49224.793019911696,351.70365050905093
0.6579166666666667,0.5875,-49243.434308878306,370.3449394756608
0.6579166666666667,0.59375,-49262.50509241434,389.415723011698
0.6579166666666667,0.6000000000000001,-49282.00205888793,408.9126894852816
0.6579166666666667,0.60625,-49301.92196826023,428.8325988575816
0.6579166666666667,0.6125,-49322.26165022725,449.17228082460497
0.6579166666666667,0.61875,-49343.01800242618,469.9286330235336
0.6579166666666667,0.625,-49364.1879887035,491.09861930085754
0.6579166666666667,0.6312500000000001,-49385.76863744246,512.6792680398139
0.6579166666666667,0.6375,-49407.75703994729,534.6676705446444
0.6579166666666667,0.64375,-49430.15034888199,557.0609794793418
0.6579166666666667,0.65,-49452.94577676122,579.856407358573
0.6579166666666667,0.65625,-49476.14059449149,603.0512250888423
0.6579166666666667,0.6625000000000001,-49499.73212996035,626.6427605577046
0.6579166666666667,0.66875,-49523.71776667186,650.6283972692181
0.6579166666666667,0.675,-49548.094942426425,675.00557302378
0.6579166666666667,0.68125,-49572.86114804324,699.771778640592
0.6579166666666667,0.6875,-49598.013926123764,724.9245567211183
0.6579166666666667,0.6937500000000001,-49623.550869854545,750.4615004519001
0.6579166666666667,0.7,-49649.46962184798,776.3802524453349
0.6579166666666667,0.70625,-49675.76787301946,802.6785036168149
0.6579166666666667,0.7125000000000001,-49702.443361499645,829.3539920969997
0.6579166666666667,0.71875,-49729.493871580424,856.4045021777783
0.6579166666666667,0.7250000000000001,-49756.917232693435,883.8278632907895
0.6579166666666667,0.73125,-49784.71131841981,911.6219490171643
0.6579166666666667,0.7375,-49812.874045530174,939.7846761275287
0.6579166666666667,0.7437500000000001,-49841.40337305356,968.314003650914
0.6579166666666667,0.75,-49870.29730137439,997.207931971745
0.6579166666666667,0.7562500000000001,-49899.553871356504,1026.4645019538584
0.6579166666666667,0.7625,-49929.17116349308,1056.081794090438
0.6579166666666667,0.76875,-49959.147297081814,1086.0579276791686
0.6579166666666667,0.7750000000000001,-49989.480429424206,1116.3910600215604
0.6579166666666667,0.78125,-50020.16875504827,1147.079385645622
0.6579166666666667,0.7875000000000001,-50051.21050495385,1178.121135551206
0.6579166666666667,0.79375,-50082.60394587973,1209.514576477086
0.6579166666666667,0.8,-50114.34737959165,1241.2580101890053
0.6579166666666667,0.8062500000000001,-50146.43914219088,1273.349772788235
0.6579166666666667,0.8125,-50178.87760344226,1305.7882340396172
0.6579166666666667,0.8187500000000001,-50211.661166121354,1338.5717967187084
0.6579166666666667,0.825,-50244.78826537984,1371.6988959771916
0.6579166666666667,0.83125,-50278.25736812877,1405.1679987261232
0.6579166666666667,0.8375000000000001,-50312.06697243893,1438.9776030362846
0.6579166666666667,0.84375,-50346.21560695786,1473.1262375552178
0.6579166666666667,0.8500000000000001,-50380.70183034286,1507.6124609402177
0.6579166666666667,0.85625,-50415.52423070966,1542.4348613070179
0.6579166666666667,0.8625,-50450.68142509607,1577.5920556934216
0.6579166666666667,0.8687500000000001,-50486.17205894025,1613.0826895376013
0.6579166666666667,0.875,-50521.99480557309,1648.9054361704475
0.6579166666666667,0.8812500000000001,-50558.14836572427,1685.0589963216262
0.6579166666666667,0.8875,-50594.631467041574,1721.5420976389287
0.6579166666666667,0.89375,-50631.44286362306,1758.3534942204133
0.6579166666666667,0.9000000000000001,-50668.58133556164,1795.4919661589956
0.6579166666666667,0.90625,-50706.0456885018,1832.956319099154
0.6579166666666667,0.9125000000000001,-50743.83475320798,1870.7453838053334
0.6579166666666667,0.91875,-50781.947385144296,1908.858015741651
0.6579166666666667,0.925,-50820.38246406533,1947.2930946626875
0.6579166666666667,0.9312500000000001,-50859.13889361755,1986.0495242149045
0.6579166666666667,0.9375,-50898.21560095111,2025.1262315484637
0.6579166666666667,0.9437500000000001,-50937.61153634181,2064.5221669391613
0.6579166666666667,0.95,-50977.325672822684,2104.236303420039
0.661,0.2,-49111.42954864516,238.34017924251384
0.661,0.20625000000000002,-49092.27487275274,219.18550335009786
0.661,0.21250000000000002,-49074.04649770037,200.95712829772674
0.661,0.21875,-49056.726134814875,183.63676541222958
0.661,0.225,-49040.29619220683,167.2068228041826
0.661,0.23125,-49024.739737907395,151.65036850475008
0.661,0.23750000000000002,-49010.040465524464,136.9510961218184
0.661,0.24375000000000002,-48996.1826622079,123.09329280525708
0.661,0.25,-48983.15117873499,110.06180933234282
0.661,0.25625000000000003,-48970.931401544694,97.84203214204899
0.661,0.2625,-48959.509226566064,86.41985716341878
0.661,0.26875000000000004,-48948.87103470029,75.78166529764712
0.661,0.275,-48939.00366882913,65.91429942648392
0.661,0.28125,-48929.894412233516,56.80504283087066
0.661,0.28750000000000003,-48921.53096831712,48.441598914476344
0.661,0.29375,-48913.90144153827,40.812072135624476
0.661,0.30000000000000004,-48906.994319462625,33.904950059979456
0.661,0.30625,-48900.79845585601,27.70908645336749
0.661,0.3125,-48895.303054743905,22.213685341259406
0.661,0.31875000000000003,-48890.4976553702,17.408285967554548
0.661,0.325,-48886.37211799307,13.282748590427218
0.661,0.33125000000000004,-48882.91661046139,9.82724105874513
0.661,0.3375,-48880.12159551903,7.032226116381935
0.661,0.34375,-48877.97781878903,4.888449386387947
0.661,0.35000000000000003,-48876.47629739321,3.386927990562981
0.661,0.35625,-48875.60830916593,2.5189397632857435
0.661,0.36250000000000004,-48875.36538242458,2.276013021932158
0.661,0.36875,-48875.739286261145,2.649916858499637
0.661,0.375,-48876.72202132304,3.6326519203939824
0.661,0.38125000000000003,-48878.30581105253,5.2164416498853825
0.661,0.3875,-48880.48309335734,7.393723954693996
0.661,0.39375000000000004,-48883.24651268621,10.157143283562618
0.661,0.4,-48886.58891248565,13.499543083002209
0.661,0.40625,-48890.50332801516,17.41395861251658
0.661,0.41250000000000003,-48894.98297950052,21.893610097875353
0.661,0.41875,-48900.021265605326,26.931896202680946
0.661,0.42500000000000004,-48905.61175720302,32.52238780037442
0.661,0.43125,-48911.74819143238,38.65882202973444
0.661,0.4375,-48918.42446602072,45.335096618073294
0.661,0.44375000000000003,-48925.63463386018,52.54526445753436
0.661,0.45,-48933.37289782318,60.28352842053573
0.661,0.45625000000000004,-48941.63360580438,68.54423640173627
0.661,0.4625,-48950.41124597682,77.32187657417671
0.661,0.46875,-48959.700442251145,86.61107284850004
0.661,0.47500000000000003,-48969.49594992723,96.40658052458457
0.661,0.48125,-48979.79265152829,106.70328212564345
0.661,0.48750000000000004,-48990.58555280807,117.49618340542656
0.661,0.49375,-49001.86977892242,128.78040951977164
0.661,0.5,-49013.640570756965,140.55120135431935
0.661,0.5062500000000001,-49025.8932814031,152.80391200045415
0.661,0.5125,-49038.6233727751,165.53400337245694
0.661,0.51875,-49051.82641236125,178.73704295860807
0.661,0.525,-49065.498070102796,192.4087007001508
0.661,0.53125,-49079.634115394314,206.5447459916686
0.661,0.5375000000000001,-49094.23041420004,221.14104479739763
0.661,0.54375,-49109.28292628045,236.19355687780626
0.661,0.55,-49124.78770252399,251.69833312134142
0.661,0.55625,-49140.74088237931,267.65151297666307
0.661,0.5625,-49157.13869138319,284.049321980543
0.661,0.5687500000000001,-49173.97743877981,300.88806937716436
0.661,0.575,-49191.253515227465,318.16414582481957
0.661,0.58125,-49208.963390588564,335.87402118591854
0.661,0.5875,-49227.103611799444,354.0142423967991
0.661,0.59375,-49245.67080081637,372.5814314137242
0.661,0.6000000000000001,-49264.66165263443,391.57228323178424
0.661,0.60625,-49284.07293337632,410.9835639736775
0.661,0.6125,-49303.90147844773,430.8121090450877
0.661,0.61875,-49324.144190756895,451.0548213542497
0.661,0.625,-49344.79803899526,471.70866959261184
0.661,0.6312500000000001,-49365.860055976955,492.77068657430937
0.661,0.6375,-49387.32733703452,514.2379676318742
0.661,0.64375,-49409.19703846859,536.1076690659465
0.661,0.65,-49431.4663760494,558.377006646755
0.661,0.65625,-49454.13262356796,581.0432541653136
0.661,0.6625000000000001,-49477.193111434855,604.10374203221
0.661,0.66875,-49500.645225324995,627.55585592235
0.661,0.675,-49524.48640486623,651.3970354635821
0.661,0.68125,-49548.71414237021,675.624772967567
0.661,0.6875,-49573.32598160402,700.2366122013773
0.661,0.6937500000000001,-49598.31951660069,725.2301471980463
0.661,0.7,-49623.69239050741,750.6030211047619
0.661,0.70625,-49649.442294469765,776.3529250671199
0.661,0.7125000000000001,-49675.56696655083,802.4775971481868
0.661,0.71875,-49702.06419068369,828.9748212810446
0.661,0.7250000000000001,-49728.931795656164,855.8424262535191
0.661,0.73125,-49756.167654126606,883.0782847239607
0.661,0.7375,-49783.76968166957,910.6803122669226
0.661,0.7437500000000001,-49811.735835850326,938.6464664476807
0.661,0.75,-49840.064115327055,966.97474592441
0.661,0.7562500000000001,-49868.75255897996,995.6631895773171
0.661,0.7625,-49897.79924506604,1024.7098756633932
0.661,0.76875,-49927.20229039888,1054.1129209962382
0.661,0.7750000000000001,-49956.959849552455,1083.8704801498097
0.661,0.78125,-49987.07011408806,1113.9807446854174
0.661,0.7875000000000001,-50017.53131180375,1144.4419424011066
0.661,0.79375,-50048.341706005274,1175.252336602629
0.661,0.8,-50079.49959479798,1206.4102253953315
0.661,0.8062500000000001,-50111.00331039887,1237.9139409962227
0.661,0.8125,-50142.85121846815,1269.7618490655077
0.661,0.8187500000000001,-50175.04171745964,1301.9523480569915
0.661,0.825,-50207.57323798929,1334.4838685866416
0.661,0.83125,-50240.444242221536,1367.3548728188907
0.661,0.8375000000000001,-50273.6532232725,1400.563853869855
0.661,0.84375,-50307.1987046297,1434.1093352270545
0.661,0.8500000000000001,-50341.07923958781,1467.9898701851635
0.661,0.85625,-50375.29341069975,1502.2040412971037
0.661,0.8625,-50409.83982924282,1536.750459840172
0.661,0.8687500000000001,-50444.7171346992,1571.6277652965582
0.661,0.875,-50479.92399425054,1606.834624847892
0.661,0.8812500000000001,-50515.459102286084,1642.3697328834387
0.661,0.8875,-50551.321179924016,1678.2318105213708
0.661,0.89375,-50587.508974545475,1714.4196051428298
0.661,0.9000000000000001,-50624.02125934098,1750.931889938336
0.661,0.90625,-50660.8568328688,1787.7674634661525
0.661,0.9125000000000001,-50698.01451862497,1824.9251492223266
0.661,0.91875,-50735.49316462459,1862.4037952219442
0.661,0.925,-50773.29164299402,1900.202273591378
0.661,0.9312500000000001,-50811.408849573716,1938.3194801710706
0.661,0.9375,-50849.843703531296,1976.754334128651
0.661,0.9437500000000001,-50888.59514698473,2015.5057775820824
0.661,0.95,-50927.66214463507,2054.5727752324237
0.6640833333333334,0.2,-49120.81618806516,247.72681866251514
0.6640833333333334,0.20625000000000002,-49101.367789451884,228.27842004923878
0.6640833333333334,0.21250000000000002,-49082.84026429035,209.75089488770755
0.6640833333333334,0.21875,-49065.21547548427,192.12610608162504
0.6640833333333334,0.225,-49048.47597423945,175.38660483680724
0.6640833333333334,0.23125,-49032.60496378409,159.51559438144614
0.6640833333333334,0.23750000000000002,-49017.58626555903,144.49689615638636
0.6640833333333334,0.24375000000000002,-49003.4042876731,130.31491827045102
0.6640833333333334,0.25,-48990.043995438595,116.95462603594933
0.6640833333333334,0.25625000000000003,-48977.490883819504,104.40151441685884
0.6640833333333334,0.2625,-48965.73095164112,92.64158223847335
0.6640833333333334,0.26875000000000004,-48954.750677423704,81.66130802105909
0.6640833333333334,0.275,-48944.536996715455,71.44762731280935
0.6640833333333334,0.28125,-48935.077280811216,61.98791140857065
0.6640833333333334,0.28750000000000003,-48926.35931675363,53.2699473509856
0.6640833333333334,0.29375,-48918.37128852244,45.28191911979229
0.6640833333333334,0.30000000000000004,-48911.10175932573,38.01238992308208
0.6640833333333334,0.30625,-48904.53965491435,31.450285511702532
0.6640833333333334,0.3125,-48898.67424784742,25.584878444773494
0.6640833333333334,0.31875000000000003,-48893.495142642554,20.40577323990874
0.6640833333333334,0.325,-48888.99226175038,15.902892347738089
0.6640833333333334,0.33125000000000004,-48885.15583229713,12.066462894486904
0.6640833333333334,0.3375,-48881.97637354428,8.88700414163759
0.6640833333333334,0.34375,-48879.44468501765,6.355315615001018
0.6640833333333334,0.35000000000000003,-48877.55183526242,4.462465859774966
0.6640833333333334,0.35625,-48876.28915118382,3.199781781171623
0.6640833333333334,0.36250000000000004,-48875.648207936116,2.558838533470407
0.6640833333333334,0.36875,-48875.620819325515,2.531449922869797
0.6640833333333334,0.375,-48876.19902869518,3.1096592925314326
0.6640833333333334,0.38125000000000003,-48877.37510026255,4.285730859905016
0.6640833333333334,0.3875,-48879.1415108819,6.052141479252896
0.6640833333333334,0.39375000000000004,-48881.49094220623,8.401572803581075
0.6640833333333334,0.4,-48884.41627322522,11.326903822577151
0.6640833333333334,0.40625,-48887.91057315708,14.821203754436283
0.6640833333333334,0.41250000000000003,-48891.96709467363,18.87772527098423
0.6640833333333334,0.41875,-48896.57926743988,23.489898037238163
0.6640833333333334,0.42500000000000004,-48901.74069194997,28.651322547324526
0.6640833333333334,0.43125,-48907.44513364304,34.35576424039755
0.6640833333333334,0.4375,-48913.68651728353,40.59714788088604
0.6640833333333334,0.44375000000000003,-48920.458921591206,47.36955218856019
0.6640833333333334,0.45,-48927.756574107654,54.66720470500877
0.6640833333333334,0.45625000000000004,-48935.57384628631,62.484476883662865
0.6640833333333334,0.4625,-48943.905248794195,70.81587939154997
0.6640833333333334,0.46875,-48952.745427014335,79.6560576116899
0.6640833333333334,0.47500000000000003,-48962.08915673818,88.99978733553144
0.6640833333333334,0.48125,-48971.931340038514,98.84197063586907
0.6640833333333334,0.48750000000000004,-48982.26700131339,109.17763191074482
0.6640833333333334,0.49375,-48993.09128349248,120.00191408983665
0.6640833333333334,0.5,-49004.399444397946,131.31007499530097
0.6640833333333334,0.5062500000000001,-49016.186853251755,143.09748384910927
0.6640833333333334,0.5125,-49028.44898732267,155.3596179200249
0.6640833333333334,0.51875,-49041.18142870575,168.09205930310418
0.6640833333333334,0.525,-49054.37986122829,181.2904918256463
0.6640833333333334,0.53125,-49068.04006747585,194.95069807320397
0.6640833333333334,0.5375000000000001,-49082.157925932974,209.06855653032835
0.6640833333333334,0.54375,-49096.72940823302,223.64003883037367
0.6640833333333334,0.55,-49111.75057651207,238.66120710942778
0.6640833333333334,0.55625,-49127.217580862256,254.1282114596106
0.6640833333333334,0.5625,-49143.12665687972,270.03728747707646
0.6640833333333334,0.5687500000000001,-49159.47412330317,286.3847539005219
0.6640833333333334,0.575,-49176.256379738756,303.16701033611025
0.6640833333333334,0.58125,-49193.469904467594,320.3805350649491
0.6640833333333334,0.5875,-49211.11125233222,338.02188292957726
0.6640833333333334,0.59375,-49229.17705269844,356.0876832957947
0.6640833333333334,0.6000000000000001,-49247.66400748943,374.57463808678585
0.6640833333333334,0.60625,-49266.56888928902,393.47951988637215
0.6640833333333334,0.6125,-49285.88853951091,412.79917010826466
0.6640833333333334,0.61875,-49305.6198666315,432.5304972288577
0.6640833333333334,0.625,-49325.75984448319,452.67047508054384
0.6640833333333334,0.6312500000000001,-49346.30551060592,473.21614120327285
0.6640833333333334,0.6375,-49367.253964654534,494.1645952518884
0.6640833333333334,0.64375,-49388.602366859515,515.5129974568699
0.6640833333333334,0.65,-49410.34793653908,537.2585671364359
0.6640833333333334,0.65625,-49432.48795066049,559.3985812578467
0.6640833333333334,0.6625000000000001,-49455.0197424486,581.9303730459578
0.6640833333333334,0.66875,-49477.94070003988,604.8513306372333
0.6640833333333334,0.675,-49501.24826517988,628.1588957772328
0.6640833333333334,0.68125,-49524.93993196275,651.8505625601028
0.6640833333333334,0.6875,-49549.0132456109,675.9238762082532
0.6640833333333334,0.6937500000000001,-49573.465801293445,700.3764318907997
0.6640833333333334,0.7,-49598.29524298184,725.2058735791943
0.6640833333333334,0.70625,-49623.49926234138,750.4098929387328
0.6640833333333334,0.7125000000000001,-49649.0755976571,775.9862282544564
0.6640833333333334,0.71875,-49675.02203279297,801.9326633903256
0.6640833333333334,0.7250000000000001,-49701.336396182895,828.2470267802491
0.6640833333333334,0.73125,-49728.016559852615,854.9271904499692
0.6640833333333334,0.7375,-49755.06043847119,881.9710690685461
0.6640833333333334,0.7437500000000001,-49782.465988431046,909.3766190284005
0.6640833333333334,0.75,-49810.231206955585,937.1418375529393
0.6640833333333334,0.7562500000000001,-49838.35413123336,965.2647618307165
0.6640833333333334,0.7625,-49866.832837577815,993.7434681751693
0.6640833333333334,0.76875,-49895.66544061176,1022.5760712091142
0.6640833333333334,0.7750000000000001,-49924.850092475666,1051.760723073021
0.6640833333333334,0.78125,-49954.384982059004,1081.2956126563586
0.6640833333333334,0.7875000000000001,-49984.26833425374,1111.1789648510967
0.6640833333333334,0.79375,-50014.49840922932,1141.409039826678
0.6640833333333334,0.8,-50045.07350172837,1171.9841323257278
0.6640833333333334,0.8062500000000001,-50075.99194038239,1202.9025709797424
0.6640833333333334,0.8125,-50107.252087046785,1234.1627176441398
0.6640833333333334,0.8187500000000001,-50138.85233615466,1265.762966752016
0.6640833333333334,0.825,-50170.7911140886,1297.7017446859536
0.6640833333333334,0.83125,-50203.06687856997,1329.9775091673218
0.6640833333333334,0.8375000000000001,-50235.678118065116,1362.5887486624706
0.6640833333333334,0.84375,-50268.623351207956,1395.5339818053108
0.6640833333333334,0.8500000000000001,-50301.90112623834,1428.8117568356975
0.6640833333333334,0.85625,-50335.510020455775,1462.4206510531294
0.6640833333333334,0.8625,-50369.448639687944,1496.3592702852984
0.6640833333333334,0.8687500000000001,-50403.71561777364,1530.6262483709943
0.6640833333333334,0.875,-50438.30961605956,1565.2202466569142
0.6640833333333334,0.8812500000000001,-50473.229322910585,1600.13995350794
0.6640833333333334,0.8875,-50508.473453233135,1635.3840838304895
0.6640833333333334,0.89375,-50544.04074801116,1670.9513786085154
0.6640833333333334,0.9000000000000001,-50579.92997385441,1706.8406044517615
0.6640833333333334,0.90625,-50616.13992255855,1743.050553155903
0.6640833333333334,0.9125000000000001,-50652.669410676914,1779.5800412742683
0.6640833333333334,0.91875,-50689.51727910331,1816.4279097006656
0.6640833333333334,0.925,-50726.682392665796,1853.5930232631508
0.6640833333333334,0.9312500000000001,-50764.163639730854,1891.0742703282085
0.6640833333333334,0.9375,-50801.95993181797,1928.8705624153226
0.6640833333333334,0.9437500000000001,-50840.07020322391,1966.9808338212679
0.6640833333333334,0.95,-50878.49341065684,2005.4040412541945
0.6671666666666667,0.2,-49130.41418728582,257.3248178831782
0.6671666666666667,0.20625000000000002,-49110.67430088284,237.58493148019625
0.6671666666666667,0.21250000000000002,-49091.849844782075,218.7604753794294
0.6671666666666667,0.21875,-49073.92283410295,200.83346470030665
0.6671666666666667,0.225,-49056.87596378566,183.7865943830111
0.6671666666666667,0.23125,-49040.69257289266,167.60320349001267
0.6671666666666667,0.23750000000000002,-49025.3566113316,152.267241928952
0.6671666666666667,0.24375000000000002,-49010.85260879934,137.76323939669237
0.6671666666666667,0.25,-48997.165645766334,124.07627636368852
0.6671666666666667,0.25625000000000003,-48984.28132633795,111.19195693530492
0.6671666666666667,0.2625,-48972.18575284457,99.09638344192354
0.6671666666666667,0.26875000000000004,-48960.865502026325,87.77613262367959
0.6671666666666667,0.275,-48950.30760269008,77.2182332874363
0.6671666666666667,0.28125,-48940.49951472802,67.4101453253752
0.6671666666666667,0.28750000000000003,-48931.42910939612,58.33973999347654
0.6671666666666667,0.29375,-48923.08465076066,49.995281358016655
0.6671666666666667,0.30000000000000004,-48915.454778228,42.36540882535337
0.6671666666666667,0.30625,-48908.52849008053,35.439120677881874
0.6671666666666667,0.3125,-48902.29512794813,29.20575854548224
0.6671666666666667,0.31875000000000003,-48896.74436215015,23.654992747506185
0.6671666666666667,0.325,-48891.86617784838,18.776808445734787
0.6671666666666667,0.33125000000000004,-48887.6508619562,14.561492553555581
0.6671666666666667,0.3375,-48884.088990753546,10.99962135090027
0.6671666666666667,0.34375,-48881.1714181611,8.08204875845695
0.6671666666666667,0.35000000000000003,-48878.889264631085,5.799895228439709
0.6671666666666667,0.35625,-48877.23390661474,4.144537212094292
0.6671666666666667,0.36250000000000004,-48876.196966570344,3.107597167698259
0.6671666666666667,0.36875,-48875.77030347742,2.6809340747713577
0.6671666666666667,0.375,-48875.94600382628,2.8566344236314762
0.6671666666666667,0.38125000000000003,-48876.716373053445,3.627003650799452
0.6671666666666667,0.3875,-48878.07392739627,4.9845579936227296
0.6671666666666667,0.39375000000000004,-48880.011386141516,6.922016738870298
0.6671666666666667,0.4,-48882.52166424475,9.432294842103147
0.6671666666666667,0.40625,-48885.597865298776,12.508495896130626
0.6671666666666667,0.41250000000000003,-48889.233274831124,16.14390542847832
0.6671666666666667,0.41875,-48893.42135391153,20.33198450888449
0.6671666666666667,0.42500000000000004,-48898.15573305222,25.06636364957376
0.6671666666666667,0.43125,-48903.430206384306,30.340836981660686
0.6671666666666667,0.4375,-48909.2387260953,36.149356692651054
0.6671666666666667,0.44375000000000003,-48915.575397113265,42.486027710619965
0.6671666666666667,0.45,-48922.43447202437,49.34510262172262
0.6671666666666667,0.45625000000000004,-48929.8103462113,56.720976808654086
0.6671666666666667,0.4625,-48937.697553200735,64.60818379808916
0.6671666666666667,0.46875,-48946.0907602091,73.0013908064575
0.6671666666666667,0.47500000000000003,-48954.984763876084,81.8953944734385
0.6671666666666667,0.48125,-48964.37448617641,91.2851167737681
0.6671666666666667,0.48750000000000004,-48974.25497050072,101.16560109807324
0.6671666666666667,0.49375,-48984.621377896925,111.53200849427958
0.6671666666666667,0.5,-48995.46898346435,122.37961406170507
0.6671666666666667,0.5062500000000001,-49006.79317289262,133.70380348997423
0.6671666666666667,0.5125,-49018.58943913864,145.50006973599375
0.6671666666666667,0.51875,-49030.85337923464,157.7640098319971
0.6671666666666667,0.525,-49043.5806912212,170.49132181855384
0.6671666666666667,0.53125,-49056.76717119914,183.67780179649708
0.6671666666666667,0.5375000000000001,-49070.40871049477,197.31934109212307
0.6671666666666667,0.54375,-49084.50129293305,211.41192353040242
0.6671666666666667,0.55,-49099.04099221392,225.95162281127705
0.6671666666666667,0.55625,-49114.02396938672,240.93459998407343
0.6671666666666667,0.5625,-49129.44647041842,256.3571010157757
0.6671666666666667,0.5687500000000001,-49145.30482385149,272.21545444884396
0.6671666666666667,0.575,-49161.59543854716,288.5060691445178
0.6671666666666667,0.58125,-49178.314801510554,305.225432107909
0.6671666666666667,0.5875,-49195.45947579378,322.3701063911358
0.6671666666666667,0.59375,-49213.02609847394,339.93672907129803
0.6671666666666667,0.6000000000000001,-49231.011378702424,357.92200929977844
0.6671666666666667,0.60625,-49249.41209582279,376.3227264201414
0.6671666666666667,0.6125,-49268.22509755402,395.1357281513774
0.6671666666666667,0.61875,-49287.447298236584,414.3579288339388
0.6671666666666667,0.625,-49307.075677138564,433.9863077359187
0.6671666666666667,0.6312500000000001,-49327.10727681939,454.0179074167463
0.6671666666666667,0.6375,-49347.53920154884,474.44983214619424
0.6671666666666667,0.64375,-49368.368615778985,495.27924637633987
0.6671666666666667,0.65,-49389.59274266694,516.5033732642914
0.6671666666666667,0.65625,-49411.208862646396,538.1194932437502
0.6671666666666667,0.6625000000000001,-49433.21431204605,560.1249426434078
0.6671666666666667,0.66875,-49455.60648175289,582.5171123502441
0.6671666666666667,0.675,-49478.38281591874,605.2934465160943
0.6671666666666667,0.68125,-49501.54081070831,628.4514413056677
0.6671666666666667,0.6875,-49525.07801308719,651.9886436845482
0.6671666666666667,0.6937500000000001,-49548.992019648154,675.902650245509
0.6671666666666667,0.7,-49573.280475474334,700.1911060716884
0.6671666666666667,0.70625,-49597.94107303806,724.8517036354169
0.6671666666666667,0.7125000000000001,-49622.9715511337,749.8821817310527
0.6671666666666667,0.71875,-49648.36969384346,775.2803244408133
0.6671666666666667,0.7250000000000001,-49674.13332953489,801.0439601322432
0.6671666666666667,0.73125,-49700.26032988887,827.1709604862262
0.6671666666666667,0.7375,-49726.74860895694,853.6592395542975
0.6671666666666667,0.7437500000000001,-49753.59612224709,880.5067528444415
0.6671666666666667,0.75,-49780.800865836696,907.7114964340508
0.6671666666666667,0.7562500000000001,-49808.360875511935,935.2715061092895
0.6671666666666667,0.7625,-49836.27422593246,963.1848565298133
0.6671666666666667,0.76875,-49864.53902982072,991.4496604180749
0.6671666666666667,0.7750000000000001,-49893.1534371748,1020.0640677721531
0.6671666666666667,0.78125,-49922.115634504094,1049.026265101449
0.6671666666666667,0.7875000000000001,-49951.42384408713,1078.3344746844814
0.6671666666666667,0.79375,-49981.07632325051,1107.986953847867
0.6671666666666667,0.8,-50011.0713636685,1137.9819942658578
0.6671666666666667,0.8062500000000001,-50041.407290682466,1168.3179212798204
0.6671666666666667,0.8125,-50072.08246263944,1198.9930932367934
0.6671666666666667,0.8187500000000001,-50103.09527024932,1230.0059008466778
0.6671666666666667,0.825,-50134.4441359599,1261.354766557255
0.6671666666666667,0.83125,-50166.127513349384,1293.0381439467383
0.6671666666666667,0.8375000000000001,-50198.143886535516,1325.0545171328704
0.6671666666666667,0.84375,-50230.49176960102,1357.402400198378
0.6671666666666667,0.8500000000000001,-50263.16970603481,1390.0803366321634
0.6671666666666667,0.85625,-50296.176268188225,1423.0868987855793
0.6671666666666667,0.8625,-50329.510056746156,1456.4206873435105
0.6671666666666667,0.8687500000000001,-50363.16970021234,1490.0803308096947
0.6671666666666667,0.875,-50397.153854408454,1524.0644850058088
0.6671666666666667,0.8812500000000001,-50431.46120198662,1558.3718325839727
0.6671666666666667,0.8875,-50466.09045195482,1593.001082552175
0.6671666666666667,0.89375,-50501.04033921492,1627.950969812271
0.6671666666666667,0.9000000000000001,-50536.30962411281,1663.2202547101624
0.6671666666666667,0.90625,-50571.89709200039,1698.8077225977468
0.6671666666666667,0.9125000000000001,-50607.80155280901,1734.7121834063655
0.6671666666666667,0.91875,-50644.02184063392,1770.9324712312737
0.6671666666666667,0.925,-50680.556813329626,1807.4674439269802
0.6671666666666667,0.9312500000000001,-50717.40535211559,1844.315982712942
0.6671666666666667,0.9375,-50754.566361192105,1881.4769917894591
0.6671666666666667,0.9437500000000001,-50792.03876736606,1918.9493979634135
0.6671666666666667,0.95,-50829.821519686186,1956.7321502835402
0.67025,0.2,-49140.22499087487,267.13562147222547
0.67025,0.20625000000000002,-49120.19587329362,247.10650389097282
0.67025,0.21250000000000002,-49101.076726852494,227.9873574498488
0.67025,0.21875,-49082.84971952104,209.76035011839122
0.67025,0.225,-49065.49769060899,192.4083212063415
0.67025,0.23125,-49049.004115647076,175.91474624443072
0.67025,0.23750000000000002,-49033.35307364089,160.2637042382412
0.67025,0.24375000000000002,-49018.52921650206,145.43984709941287
0.67025,0.25,-49004.51774048049,131.42837107784726
0.67025,0.25625000000000003,-48991.30435943781,118.2149900351651
0.67025,0.2625,-48978.875279817235,105.78591041459003
0.67025,0.26875000000000004,-48967.21717717862,94.127807775978
0.67025,0.275,-48956.31717417925,83.22780477660126
0.67025,0.28125,-48946.16281989165,73.07345048900606
0.67025,0.28750000000000003,-48936.74207035939,63.6527009567435
0.67025,0.29375,-48928.04327030045,54.95390089780267
0.67025,0.30000000000000004,-48920.05513587546,46.96576647281472
0.67025,0.30625,-48912.76673844517,39.67736904252524
0.67025,0.3125,-48906.167489247884,33.07811984523869
0.67025,0.31875000000000003,-48900.24712493315,27.1577555305048
0.67025,0.325,-48894.99569389333,21.90632449068653
0.67025,0.33125000000000004,-48890.403543339395,17.314173936749285
0.67025,0.3375,-48886.46130707133,13.37193766868586
0.67025,0.34375,-48883.15989389765,10.070524495007703
0.67025,0.35000000000000003,-48880.49047666197,7.401107259327546
0.67025,0.35625,-48878.44448183772,5.355112435077899
0.67025,0.36250000000000004,-48877.01357965506,3.924210252414923
0.67025,0.36875,-48876.18967472687,3.100305324223882
0.67025,0.375,-48875.96489714288,2.875527740237885
0.67025,0.38125000000000003,-48876.33159400346,3.2422246008136426
0.67025,0.3875,-48877.282321366496,4.192951963850646
0.67025,0.39375000000000004,-48878.80983658285,5.7204671802028315
0.67025,0.4,-48880.90709099741,7.817721594765317
0.67025,0.40625,-48883.567222994454,10.477853591808525
0.67025,0.41250000000000003,-48886.7835513675,13.694181964856398
0.67025,0.41875,-48890.549568995164,17.46019959251862
0.67025,0.42500000000000004,-48894.858936805795,21.769567403149267
0.67025,0.43125,-48899.705478014745,26.616108612099197
0.67025,0.4375,-48905.083172619234,31.993803216588276
0.67025,0.44375000000000003,-48910.98615213682,37.89678273417667
0.67025,0.45,-48917.40869457423,44.31932517158566
0.67025,0.45625000000000004,-48924.34521961434,51.25585021169536
0.67025,0.4625,-48931.79028400958,58.7009146069322
0.67025,0.46875,-48939.738577171214,66.64920776856889
0.67025,0.47500000000000003,-48948.18491694413,75.09554754148121
0.67025,0.48125,-48957.124245557636,84.03487615499034
0.67025,0.48750000000000004,-48966.55162574346,93.46225634081202
0.67025,0.49375,-48976.46223701237,103.37286760972347
0.67025,0.5,-48986.85137208156,113.76200267891545
0.67025,0.5062500000000001,-48997.71443344545,124.6250640428043
0.67025,0.5125,-49009.04693008271,135.9575606800645
0.67025,0.51875,-49020.84447429305,147.75510489040607
0.67025,0.525,-49033.10277865746,160.01340925481782
0.67025,0.53125,-49045.81765311609,172.72828371344804
0.67025,0.5375000000000001,-49058.98500215818,185.8956327555352
0.67025,0.54375,-49072.60082211878,199.51145271613495
0.67025,0.55,-49086.66119857744,213.57182917479804
0.67025,0.55625,-49101.162303854,228.07293445135292
0.67025,0.5625,-49116.10039459722,243.01102519457345
0.67025,0.5687500000000001,-49131.471809462,258.3824400593512
0.67025,0.575,-49147.27296687124,274.1835974685964
0.67025,0.58125,-49163.50036285858,290.410993455931
0.67025,0.5875,-49180.15056898842,307.0611995857762
0.67025,0.59375,-49197.22023035,324.13086094735627
0.67025,0.6000000000000001,-49214.706063622165,341.61669421951956
0.67025,0.60625,-49232.60485520585,359.5154858032038
0.67025,0.6125,-49250.913459421485,377.82409001883934
0.67025,0.61875,-49269.62879676845,396.5394273658021
0.67025,0.625,-49288.74785224408,415.6584828414343
0.67025,0.6312500000000001,-49308.267673719696,435.1783043170508
0.67025,0.6375,-49328.18537037136,455.09600096871145
0.67025,0.64375,-49348.498111163084,475.4087417604387
0.67025,0.65,-49369.203123380335,496.11375397769007
0.67025,0.65625,-49390.29769121198,517.2083218093321
0.67025,0.6625000000000001,-49411.77915437845,538.6897849758025
0.67025,0.66875,-49433.644906804606,560.5555374019605
0.67025,0.675,-49455.89239533535,582.8030259327061
0.67025,0.68125,-49478.519118492324,605.4297490896788
0.67025,0.6875,-49501.522625270205,628.4332558675596
0.67025,0.6937500000000001,-49524.900513971035,651.8111445683899
0.67025,0.7,-49548.650431075126,675.5610616724807
0.67025,0.70625,-49572.77007014707,699.6807007444222
0.67025,0.7125000000000001,-49597.257170775716,724.1678013730707
0.67025,0.71875,-49622.109517546734,749.020148144089
0.67025,0.7250000000000001,-49647.32493904655,774.2355696439045
0.67025,0.73125,-49672.90130689652,799.811937493876
0.67025,0.7375,-49698.836534816306,825.7471654136607
0.67025,0.7437500000000001,-49725.12857771525,852.0392083126062
0.67025,0.75,-49751.775430810914,878.6860614082689
0.67025,0.7562500000000001,-49778.775128773676,905.6857593710301
0.67025,0.7625,-49806.12574489648,933.0363754938371
0.67025,0.76875,-49833.82539028898,960.736020886332
0.67025,0.7750000000000001,-49861.87221309502,988.7828436923737
0.67025,0.78125,-49890.264397732826,1017.1750283301808
0.67025,0.7875000000000001,-49919.000164157,1045.9107947543525
0.67025,0.79375,-49948.07776714164,1074.9883977389982
0.67025,0.8,-49977.49549558385,1104.4061261812021
0.67025,0.8062500000000001,-50007.25167182689,1134.1623024242435
0.67025,0.8125,-50037.344651002466,1164.2552815998206
0.67025,0.8187500000000001,-50067.772820391285,1194.6834509886394
0.67025,0.825,-50098.53459880153,1225.445229398887
0.67025,0.83125,-50129.62843596444,1256.539066561796
0.67025,0.8375000000000001,-50161.05281194657,1287.9634425439217
0.67025,0.84375,-50192.80623657818,1319.7168671755353
0.67025,0.8500000000000001,-50224.88724889714,1351.7978794944938
0.67025,0.85625,-50257.29441660801,1384.205047205367
0.67025,0.8625,-50290.026335555594,1416.936966152949
0.67025,0.8687500000000001,-50323.08162921276,1449.9922598101111
0.67025,0.875,-50356.458948181884,1483.3695787792385
0.67025,0.8812500000000001,-50390.15696970963,1517.067600306982
0.67025,0.8875,-50424.17439721442,1551.0850278117723
0.67025,0.89375,-50458.509959826646,1585.4205904240007
0.67025,0.9000000000000001,-50493.16241194068,1620.0730425380316
0.67025,0.90625,-50528.13053277873,1655.0411633760814
0.67025,0.9125000000000001,-50563.41312596611,1690.3237565634627
0.67025,0.91875,-50599.009019117366,1725.9196497147204
0.67025,0.925,-50634.917063433255,1761.8276940306096
0.67025,0.9312500000000001,-50671.13613330797,1798.046763905324
0.67025,0.9375,-50707.665125946514,1834.575756543869
0.67025,0.9437500000000001,-50744.50296099176,1871.4135915891165
0.67025,0.95,-50781.64858016112,1908.5592107584744
0.6733333333333333,0.2,-49150.250062435516,277.16069303287077
0.6733333333333333,0.20625000000000002,-49129.93399240489,256.8446230022455
0.6733333333333333,0.21250000000000002,-49110.52241808807,237.43304868542327
0.6733333333333333,0.21875,-49091.99766093433,218.90829153168306
0.6733333333333333,0.225,-49074.342705254065,201.25333585141925
0.6733333333333333,0.23125,-49057.541163676855,184.45179427420953
0.6733333333333333,0.23750000000000002,-49041.57724493432,168.48787553167494
0.6733333333333333,0.24375000000000002,-49026.435723777235,153.34635437458928
0.6733333333333333,0.25,-49012.101912854254,139.0125434516085
0.6733333333333333,0.25625000000000003,-48998.561636396524,125.47226699387829
0.6733333333333333,0.2625,-48985.801205566524,112.71183616387862
0.6733333333333333,0.26875000000000004,-48973.807395342825,100.71802594017936
0.6733333333333333,0.275,-48962.5674228241,89.47805342145148
0.6733333333333333,0.28125,-48952.06892684588,78.97955744323554
0.6733333333333333,0.28750000000000003,-48942.29994881328,69.21057941063191
0.6733333333333333,0.29375,-48933.248914661104,60.15954525845882
0.6733333333333333,0.30000000000000004,-48924.90461786042,51.81524845777312
0.6733333333333333,0.30625,-48917.256203397454,44.16683399480826
0.6733333333333333,0.3125,-48910.29315265693,37.203783254284644
0.6733333333333333,0.31875000000000003,-48904.00526914756,30.915899744912167
0.6733333333333333,0.325,-48898.38266501231,25.29329560966289
0.6733333333333333,0.33125000000000004,-48893.415748270825,20.326378868179745
0.6733333333333333,0.3375,-48889.095210745494,16.005841342848726
0.6733333333333333,0.34375,-48885.41201662636,12.322647223714739
0.6733333333333333,0.35000000000000003,-48882.35739163369,9.268022231044597
0.6733333333333333,0.35625,-48879.922812739984,6.8334433373383945
0.6733333333333333,0.36250000000000004,-48878.09999841616,5.010629013515427
0.6733333333333333,0.36875,-48876.880899369324,3.791529966678354
0.6733333333333333,0.375,-48876.257689741804,3.1683203391585266
0.6733333333333333,0.38125000000000003,-48876.22275874342,3.133389340771828
0.6733333333333333,0.3875,-48876.76870269093,3.679333288288035
0.6733333333333333,0.39375000000000004,-48877.88831743052,4.798948027877486
0.6733333333333333,0.4,-48879.57459112073,6.485221718081448
0.6733333333333333,0.40625,-48881.82069735488,8.731327952235006
0.6733333333333333,0.41250000000000003,-48884.61998860365,11.530619201002992
0.6733333333333333,0.41875,-48887.9659899594,14.876620556751732
0.6733333333333333,0.42500000000000004,-48891.852393165434,18.76302376278909
0.6733333333333333,0.43125,-48896.27305091426,23.183681511611212
0.6733333333333333,0.4375,-48901.22197140007,28.13260199742217
0.6733333333333333,0.44375000000000003,-48906.693313111755,33.603943709109444
0.6733333333333333,0.45,-48912.681379853144,39.59201045049849
0.6733333333333333,0.45625000000000004,-48919.18061597873,46.091246576084814
0.6733333333333333,0.4625,-48926.1856018333,53.09623243065289
0.6733333333333333,0.46875,-48933.69104938482,60.601679982173664
0.6733333333333333,0.47500000000000003,-48941.691798040636,68.60242863799067
0.6733333333333333,0.48125,-48950.18281063765,77.09344123500341
0.6733333333333333,0.48750000000000004,-48959.15916959748,86.06980019483308
0.6733333333333333,0.49375,-48968.61607323844,95.52670383579243
0.6733333333333333,0.5,-48978.548832236556,105.45946283391095
0.6733333333333333,0.5062500000000001,-48988.952866228225,115.8634968255792
0.6733333333333333,0.5125,-48999.82370054755,126.73433114490763
0.6733333333333333,0.51875,-49011.156963092,138.0675936893531
0.6733333333333333,0.525,-49022.94838130998,149.8590119073342
0.6733333333333333,0.53125,-49035.19377930493,162.1044099022838
0.6733333333333333,0.5375000000000001,-49047.889075049985,174.79970564733958
0.6733333333333333,0.54375,-49061.03027770843,187.94090830578352
0.6733333333333333,0.55,-49074.613485054884,201.52411565223883
0.6733333333333333,0.55625,-49088.634880992606,215.54551158996037
0.6733333333333333,0.5625,-49103.09073316259,230.0013637599477
0.6733333333333333,0.5687500000000001,-49117.97739064037,244.8880212377262
0.6733333333333333,0.575,-49133.29128171646,260.20191231381614
0.6733333333333333,0.58125,-49149.02891175692,275.9395423542737
0.6733333333333333,0.5875,-49165.18686114039,292.09749173774617
0.6733333333333333,0.59375,-49181.761783268375,308.67241386573005
0.6733333333333333,0.6000000000000001,-49198.750402645484,325.66103324283904
0.6733333333333333,0.60625,-49216.149513026816,343.06014362417045
0.6733333333333333,0.6125,-49233.95597562945,360.8666062268021
0.6733333333333333,0.61875,-49252.16671740543,379.0773480027856
0.6733333333333333,0.625,-49270.778729373844,397.6893599711984
0.6733333333333333,0.6312500000000001,-49289.7890650091,416.69969560645404
0.6733333333333333,0.6375,-49309.19483868365,436.10546928100666
0.6733333333333333,0.64375,-49328.99322416247,455.90385475982475
0.6733333333333333,0.65,-49349.18145314751,476.0920837448648
0.6733333333333333,0.65625,-49369.75681387,496.6674444673554
0.6733333333333333,0.6625000000000001,-49390.716649728594,517.627280325949
0.6733333333333333,0.66875,-49412.05835797178,538.9689885691332
0.6733333333333333,0.675,-49433.77938842265,560.6900190200031
0.6733333333333333,0.68125,-49455.87724224436,582.7878728417127
0.6733333333333333,0.6875,-49478.349470744884,605.2601013422391
0.6733333333333333,0.6937500000000001,-49501.193674219336,628.1043048166903
0.6733333333333333,0.7,-49524.40750082862,651.3181314259782
0.6733333333333333,0.70625,-49547.98864551289,674.8992761102418
0.6733333333333333,0.7125000000000001,-49571.934848938574,698.8454795359285
0.6733333333333333,0.71875,-49596.24389647786,723.1545270752176
0.6733333333333333,0.7250000000000001,-49620.91361721902,747.8242478163738
0.6733333333333333,0.73125,-49645.94188300703,772.8525136043827
0.6733333333333333,0.7375,-49671.326607512834,798.2372381101886
0.6733333333333333,0.7437500000000001,-49697.065745330576,823.9763759279303
0.6733333333333333,0.75,-49723.15729110166,850.0679216990175
0.6733333333333333,0.7562500000000001,-49749.59927866467,876.5099092620221
0.6733333333333333,0.7625,-49776.38978023022,903.3004108275782
0.6733333333333333,0.76875,-49803.526905580045,930.4375361774
0.6733333333333333,0.7750000000000001,-49831.00880128913,957.9194318864829
0.6733333333333333,0.78125,-49858.833649970424,985.7442805677783
0.6733333333333333,0.7875000000000001,-49886.99966954124,1013.9103001385956
0.6733333333333333,0.79375,-49915.50511251045,1042.4157431078056
0.6733333333333333,0.8,-49944.34826528601,1071.2588958833658
0.6733333333333333,0.8062500000000001,-49973.52744750202,1100.4380780993743
0.6733333333333333,0.8125,-50003.041011364534,1129.9516419618885
0.6733333333333333,0.8187500000000001,-50032.8873410158,1159.7979716131522
0.6733333333333333,0.825,-50063.06485191601,1189.975482513364
0.6733333333333333,0.83125,-50093.57199024218,1220.4826208395316
0.6733333333333333,0.8375000000000001,-50124.407232303514,1251.317862900869
0.6733333333333333,0.84375,-50155.569083972754,1282.4797145701086
0.6733333333333333,0.8500000000000001,-50187.05608013297,1313.9667107303248
0.6733333333333333,0.85625,-50218.86678413935,1345.7774147367018
0.6733333333333333,0.8625,-50250.999787295405,1377.9104178927591
0.6733333333333333,0.8687500000000001,-50283.45370834332,1410.3643389406716
0.6733333333333333,0.875,-50316.22719296775,1443.1378235651064
0.6733333333333333,0.8812500000000001,-50349.31891331292,1476.2295439102745
0.6733333333333333,0.8875,-50382.727567512404,1509.6381981097584
0.6733333333333333,0.89375,-50416.45187923123,1543.3625098285847
0.6733333333333333,0.9000000000000001,-50450.49059722009,1577.4012278174414
0.6733333333333333,0.90625,-50484.84249488107,1611.7531254784262
0.6733333333333333,0.9125000000000001,-50519.506369844705,1646.4170004420594
0.6733333333333333,0.91875,-50554.48104355791,1681.3916741552675
0.6733333333333333,0.925,-50589.76536088262,1716.6759914799768
0.6733333333333333,0.9312500000000001,-50625.35818970459,1752.2688203019425
0.6733333333333333,0.9375,-50661.25842055226,1788.1690511496126
0.6733333333333333,0.9437500000000001,-50697.46496622532,1824.375596822676
0.6733333333333333,0.95,-50733.976761432714,1860.8873920300684
0.6764166666666667,0.2,-49160.490884943494,287.4015155408488
0.6764166666666667,0.20625000000000002,-49139.89016375749,266.8007943548437
0.6764166666666667,0.21250000000000002,-49120.188446342756,247.09907694011054
0.6764166666666667,0.21875,-49101.3682082529,228.2788388502522
0.6764166666666667,0.225,-49083.41257942584,210.32321002319804
0.6764166666666667,0.23125,-49066.305310216834,193.2159408141888
0.6764166666666667,0.23750000000000002,-49050.03073970863,176.94137030598358
0.6764166666666667,0.24375000000000002,-49034.57376611282,161.48439671017695
0.6764166666666667,0.25,-49019.91981909398,146.83044969133334
0.6764166666666667,0.25625000000000003,-49006.05483386427,132.96546446162392
0.6764166666666667,0.2625,-48992.96522691047,119.87585750782455
0.6764166666666667,0.26875000000000004,-48980.63787322778,107.54850382513541
0.6764166666666667,0.275,-48969.06008494645,95.97071554380818
0.6764166666666667,0.28125,-48958.21959124711,85.13022184446163
0.6764166666666667,0.28750000000000003,-48948.104519470115,75.01515006746922
0.6764166666666667,0.29375,-48938.703377332116,65.61400792947097
0.6764166666666667,0.30000000000000004,-48930.00503617081,56.915666768167284
0.6764166666666667,0.30625,-48921.9987151452,48.90934574255516
0.6764166666666667,0.3125,-48914.673966324815,41.58459692217002
0.6764166666666667,0.31875000000000003,-48908.020660606955,34.93129120430967
0.6764166666666667,0.325,-48902.02897440575,28.939605003106408
0.6764166666666667,0.33125000000000004,-48896.68937706125,23.600007658606046
0.6764166666666667,0.3375,-48891.9926189213,18.903249518654775
0.6764166666666667,0.34375,-48887.92972005192,14.840350649275933
0.6764166666666667,0.35000000000000003,-48884.4919595361,11.402590133453486
0.6764166666666667,0.35625,-48881.67086532315,8.581495920501766
0.6764166666666667,0.36250000000000004,-48879.45820459443,6.368835191788094
0.6764166666666667,0.36875,-48877.845974613054,4.756605210408452
0.6764166666666667,0.375,-48876.82639402799,3.7370246253412915
0.6764166666666667,0.38125000000000003,-48876.39189460501,3.3025252023653593
0.6764166666666667,0.3875,-48876.53511335901,3.4457439563630032
0.6764166666666667,0.39375000000000004,-48877.24888506354,4.159515660896432
0.6764166666666667,0.4,-48878.52623511594,5.436865713294537
0.6764166666666667,0.40625,-48880.36037273708,7.271003334433772
0.6764166666666667,0.41250000000000003,-48882.74468448675,9.655315084106405
0.6764166666666667,0.41875,-48885.672728076715,12.583358674070041
0.6764166666666667,0.42500000000000004,-48889.13822646477,16.048857062123716
0.6764166666666667,0.43125,-48893.135062214234,20.045692811589106
0.6764166666666667,0.4375,-48897.657272104276,24.567902701630373
0.6764166666666667,0.44375000000000003,-48902.69904197752,29.609672574872093
0.6764166666666667,0.45,-48908.25470181204,35.16533240939316
0.6764166666666667,0.45625000000000004,-48914.318721006,41.22935160335328
0.6764166666666667,0.4625,-48920.88570386356,47.796334460916114
0.6764166666666667,0.46875,-48927.95038527171,54.86101586906443
0.6764166666666667,0.47500000000000003,-48935.50762655803,62.41825715538289
0.6764166666666667,0.48125,-48943.552411520286,70.46304211764073
0.6764166666666667,0.48750000000000004,-48952.07984261906,78.9904732164141
0.6764166666666667,0.49375,-48961.08513732523,87.99576792258449
0.6764166666666667,0.5,-48970.563624614755,97.47425521210971
0.6764166666666667,0.5062500000000001,-48980.51074160333,107.42137220068253
0.6764166666666667,0.5125,-48990.922030314236,117.83266091159021
0.6764166666666667,0.51875,-49001.79313457296,128.703765170314
0.6764166666666667,0.525,-49013.11979702237,140.03042761972756
0.6764166666666667,0.53125,-49024.89785625299,151.8084868503429
0.6764166666666667,0.5375000000000001,-49037.12324404266,164.0338746400157
0.6764166666666667,0.54375,-49049.79198270083,176.7026132981846
0.6764166666666667,0.55,-49062.90018251236,189.81081310971786
0.6764166666666667,0.55625,-49076.44403927648,203.35466987383552
0.6764166666666667,0.5625,-49090.41983193652,217.33046253387147
0.6764166666666667,0.5687500000000001,-49104.82392029629,231.73455089364143
0.6764166666666667,0.575,-49119.65274281936,246.56337341671315
0.6764166666666667,0.58125,-49134.902814507535,261.81344510489
0.6764166666666667,0.5875,-49150.57072485499,277.48135545234254
0.6764166666666667,0.59375,-49166.653135874825,293.56376647217985
0.6764166666666667,0.6000000000000001,-49183.14678019504,310.0574107923967
0.6764166666666667,0.60625,-49200.04845922074,326.9590898180977
0.6764166666666667,0.6125,-49217.355041359915,344.26567195726966
0.6764166666666667,0.61875,-49235.06346031017,361.97409090752626
0.6764166666666667,0.625,-49253.17071340364,380.08134400099516
0.6764166666666667,0.6312500000000001,-49271.673860008,398.5844906053535
0.6764166666666667,0.6375,-49290.570019980936,417.4806505782908
0.6764166666666667,0.64375,-49309.85637217625,436.76700277360214
0.6764166666666667,0.65,-49329.53015299912,456.4407835964739
0.6764166666666667,0.65625,-49349.58865500898,476.4992856063327
0.6764166666666667,0.6625000000000001,-49370.02922556768,496.9398561650378
0.6764166666666667,0.66875,-49390.849265531615,517.7598961289696
0.6764166666666667,0.675,-49412.046227985586,538.9568585829402
0.6764166666666667,0.68125,-49433.61761701727,560.528247614624
0.6764166666666667,0.6875,-49455.5609865303,582.4716171276523
0.6764166666666667,0.6937500000000001,-49477.87393909489,604.784569692245
0.6764166666666667,0.7,-49500.55412483413,627.464755431487
0.6764166666666667,0.70625,-49523.59924034507,650.5098709424274
0.6764166666666667,0.7125000000000001,-49547.00702765287,673.9176582502259
0.6764166666666667,0.71875,-49570.775273197105,697.6859037944596
0.6764166666666667,0.7250000000000001,-49594.90180684885,721.8124374462059
0.6764166666666667,0.73125,-49619.3845009575,746.2951315548562
0.6764166666666667,0.7375,-49644.221269426256,771.1319000236108
0.6764166666666667,0.7437500000000001,-49669.41006681509,796.3206974124478
0.6764166666666667,0.75,-49694.9488874705,821.8595180678531
0.6764166666666667,0.7562500000000001,-49720.835764680756,847.7463952781109
0.6764166666666667,0.7625,-49747.06876985599,873.9794004533469
0.6764166666666667,0.76875,-49773.646011732155,900.5566423295095
0.6764166666666667,0.7750000000000001,-49800.56563559805,927.4762661954082
0.6764166666666667,0.78125,-49827.825822544524,954.7364531418789
0.6764166666666667,0.7875000000000001,-49855.424788735254,982.3354193326086
0.6764166666666667,0.79375,-49883.36078469825,1010.2714152956032
0.6764166666666667,0.8,-49911.63209463736,1038.5427252347145
0.6764166666666667,0.8062500000000001,-49940.2370357632,1067.1476663605572
0.6764166666666667,0.8125,-49969.1739576428,1096.0845882401554
0.6764166666666667,0.8187500000000001,-49998.441241567314,1125.3518721646687
0.6764166666666667,0.825,-50028.037299937314,1154.9479305346686
0.6764166666666667,0.83125,-50057.96057566484,1184.8712062621926
0.6764166666666667,0.8375000000000001,-50088.20954159206,1215.1201721894176
0.6764166666666667,0.84375,-50118.78269992561,1245.6933305229613
0.6764166666666667,0.8500000000000001,-50149.67858168624,1276.589212283594
0.6764166666666667,0.85625,-50180.895746173475,1307.80637677083
0.6764166666666667,0.8625,-50212.4327804445,1339.343411041853
0.6764166666666667,0.8687500000000001,-50244.288298807005,1371.1989294043597
0.6764166666666667,0.875,-50276.460942325524,1403.3715729228788
0.6764166666666667,0.8812500000000001,-50308.94937834084,1435.8600089381944
0.6764166666666667,0.8875,-50341.75230000199,1468.662930599341
0.6764166666666667,0.89375,-50374.868425810644,1501.7790564079987
0.6764166666666667,0.9000000000000001,-50408.29649917727,1535.2071297746224
0.6764166666666667,0.90625,-50442.03528798887,1568.9459185862215
0.6764166666666667,0.9125000000000001,-50476.08358418794,1602.9942147852926
0.6764166666666667,0.91875,-50510.440203362195,1637.35083395955
0.6764166666666667,0.925,-50545.10398434491,1672.0146149422653
0.6764166666666667,0.9312500000000001,-50580.07378882537,1706.9844194227262
0.6764166666666667,0.9375,-50615.34850096934,1742.2591315666941
0.6764166666666667,0.9437500000000001,-50650.92702704908,1777.8376576464361
0.6764166666666667,0.95,-50686.80829508274,1813.718925680092
0.6795,0.2,-49170.94896109171,297.85959168906265
0.6795,0.20625000000000002,-49150.06591306782,276.97654366517236
0.6795,0.21250000000000002,-49130.07636010423,256.9869907015818
0.6795,0.21875,-49110.96293247827,237.87356307562732
0.6795,0.225,-49092.70890637772,219.61953697507124
0.6795,0.23125,-49075.298170506445,202.2088011037995
0.6795,0.23750000000000002,-49058.715194920114,185.6258255174689
0.6795,0.24375000000000002,-49042.94500191009,169.855632507446
0.6795,0.25,-49027.973138771646,154.88376936900022
0.6795,0.25625000000000003,-49013.785652307604,140.69628290495893
0.6795,0.2625,-49000.36906493253,127.27969552988361
0.6795,0.26875000000000004,-48987.710352254966,114.6209828523206
0.6795,0.275,-48975.79692202604,102.70755262339662
0.6795,0.28125,-48964.61659435296,91.52722495031776
0.6795,0.28750000000000003,-48954.15758308458,81.06821368193778
0.6795,0.29375,-48944.408478284226,71.31910888158018
0.6795,0.30000000000000004,-48935.35822971242,62.268860309777665
0.6795,0.30625,-48926.996131248394,53.906761845748406
0.6795,0.3125,-48919.31180618514,46.222436782496516
0.6795,0.31875000000000003,-48912.295193338425,39.205823935779335
0.6795,0.325,-48905.93653391454,32.847164511891606
0.6795,0.33125000000000004,-48900.22635908632,27.136989683676802
0.6795,0.3375,-48895.155478230765,22.066108828119468
0.6795,0.34375,-48890.714967785105,17.62559838245943
0.6795,0.35000000000000003,-48886.8961606818,13.806791279152094
0.6795,0.35625,-48883.69063632564,10.601266922996729
0.6795,0.36250000000000004,-48881.09021107895,8.000841676301206
0.6795,0.36875,-48879.08692922346,5.997559820811148
0.6795,0.375,-48877.67305436969,4.583684967044974
0.6795,0.38125000000000003,-48876.841061286876,3.7516918842302402
0.6795,0.3875,-48876.58362812804,3.4942587253972306
0.6795,0.39375000000000004,-48876.89362902712,3.8042596244777087
0.6795,0.4,-48877.76412704631,4.674757643660996
0.6795,0.40625,-48879.18836745331,6.098998050663795
0.6795,0.41250000000000003,-48881.15977130982,8.070401907178166
0.6795,0.41875,-48883.67192935346,10.582559950817085
0.6795,0.42500000000000004,-48886.71859615686,13.629226754215779
0.6795,0.43125,-48890.29368454855,17.204315145907458
0.6795,0.4375,-48894.39126028134,21.301890878698032
0.6795,0.44375000000000003,-48899.00553693471,25.91616753206472
0.6795,0.45,-48904.13087103874,31.041501636093017
0.6795,0.45625000000000004,-48909.76175740786,36.67238800521591
0.6795,0.4625,-48915.89282467321,42.80345527056488
0.6795,0.46875,-48922.5188310036,49.42946160095744
0.6795,0.47500000000000003,-48929.634660005,56.545290602356545
0.6795,0.48125,-48937.235316789775,64.14594738712913
0.6795,0.48750000000000004,-48945.315924206865,72.22655480421963
0.6795,0.49375,-48953.87171922502,80.78234982237336
0.6795,0.5,-48962.89804946144,89.80868005879165
0.6795,0.5062500000000001,-48972.39036984861,99.30100044596475
0.6795,0.5125,-48982.34423943289,109.25487003024318
0.6795,0.51875,-48992.75531829812,119.6659488954756
0.6795,0.525,-49003.61936460862,130.52999520597223
0.6795,0.53125,-49014.93223176575,141.84286236310436
0.6795,0.5375000000000001,-49026.68986567277,153.6004962701263
0.6795,0.54375,-49038.88830210305,165.79893270040338
0.6795,0.55,-49051.52366416664,178.43429476399615
0.6795,0.55625,-49064.592159871,191.50279046835203
0.6795,0.5625,-49078.09007977146,205.00071036881127
0.6795,0.5687500000000001,-49092.013794707396,218.9244253047509
0.6795,0.575,-49106.35975362043,233.27038421778707
0.6795,0.58125,-49121.12448145085,248.03511204820825
0.6795,0.5875,-49136.304577109,263.21520770635107
0.6795,0.59375,-49151.89671151835,278.80734211570234
0.6795,0.6000000000000001,-49167.89762572707,294.8082563244243
0.6795,0.60625,-49184.30412908537,311.21475968272716
0.6795,0.6125,-49201.113097485606,328.0237280829606
0.6795,0.61875,-49218.32147166274,345.2321022600954
0.6795,0.625,-49235.92625555244,362.83688614979474
0.6795,0.6312500000000001,-49253.924514704646,380.83514530200046
0.6795,0.6375,-49272.31337475012,399.2240053474743
0.6795,0.64375,-49291.09001991803,418.00065051538695
0.6795,0.65,-49310.25169160236,437.16232219971425
0.6795,0.65625,-49329.79568697521,456.7063175725634
0.6795,0.6625000000000001,-49349.719357645314,476.62998824266833
0.6795,0.66875,-49370.02010835968,496.9307389570313
0.6795,0.675,-49390.695395746894,517.6060263442487
0.6795,0.68125,-49411.74272710044,538.6533576977963
0.6795,0.6875,-49433.15965920051,560.0702897978626
0.6795,0.6937500000000001,-49454.94379717256,581.8544277699111
0.6795,0.7,-49477.09279338178,604.0034239791348
0.6795,0.70625,-49499.604346361535,626.5149769588897
0.6795,0.7125000000000001,-49522.47619977487,649.3868303722265
0.6795,0.71875,-49545.70614140776,672.6167720051162
0.6795,0.7250000000000001,-49569.29200219283,696.202632790184
0.6795,0.73125,-49593.23165526267,720.1422858600272
0.6795,0.7375,-49617.52301503141,744.4336456287638
0.6795,0.7437500000000001,-49642.16403630364,769.0746669009968
0.6795,0.75,-49667.152713409814,794.0633440071688
0.6795,0.7562500000000001,-49692.487079366976,819.3977099643307
0.6795,0.7625,-49718.16520506408,845.0758356614315
0.6795,0.76875,-49744.18519847094,871.0958290682975
0.6795,0.7750000000000001,-49770.54520387013,897.4558344674879
0.6795,0.78125,-49797.243401110834,924.154031708189
0.6795,0.7875000000000001,-49824.278004884014,951.1886354813687
0.6795,0.79375,-49851.64726401826,978.5578946156165
0.6795,0.8,-49879.34946079539,1006.2600913927454
0.6795,0.8062500000000001,-49907.38291028529,1034.2935408826452
0.6795,0.8125,-49935.745959699394,1062.6565902967486
0.6795,0.8187500000000001,-49964.436987762034,1091.3476183593884
0.6795,0.825,-49993.454404099146,1120.3650346965005
0.6795,0.83125,-50022.79664864383,1149.7072792411855
0.6795,0.8375000000000001,-50052.462191058075,1179.37282165543
0.6795,0.84375,-50082.44953017027,1209.3601607676246
0.6795,0.8500000000000001,-50112.75719342783,1239.6678240251858
0.6795,0.85625,-50143.38373636465,1270.2943669620072
0.6795,0.8625,-50174.32774208278,1301.2383726801345
0.6795,0.8687500000000001,-50205.58782074782,1332.4984513451782
0.6795,0.875,-50237.16260909783,1364.0732396951862
0.6795,0.8812500000000001,-50269.05076996512,1395.9614005624753
0.6795,0.8875,-50301.250991810564,1428.161622407919
0.6795,0.89375,-50333.761988270184,1460.6726188675384
0.6795,0.9000000000000001,-50366.58249771342,1493.4931283107726
0.6795,0.90625,-50399.71128281294,1526.621913410294
0.6795,0.9125000000000001,-50433.14713012547,1560.057760722826
0.6795,0.91875,-50466.888849683426,1593.7994802807807
0.6795,0.925,-50500.93527459698,1627.8459051943355
0.6795,0.9312500000000001,-50535.28526066624,1662.1958912635964
0.6795,0.9375,-50569.937686003315,1696.84831660067
0.6795,0.9437500000000001,-50604.89145066388,1731.8020812612376
0.6795,0.95,-50640.14547628798,1767.0561068853349
0.6825833333333333,0.2,-49181.625813642924,308.5364442402788
0.6825833333333333,0.20625000000000002,-49160.46278659155,287.3734171889082
0.6825833333333333,0.21250000000000002,-49140.18772886873,267.09835946608655
0.6825833333333333,0.21875,-49120.78342608943,247.6940566867852
0.6825833333333333,0.225,-49102.233301308836,229.14393190619012
0.6825833333333333,0.23125,-49084.521382198356,211.43201279571076
0.6825833333333333,0.23750000000000002,-49067.63227040476,194.54290100211801
0.6825833333333333,0.24375000000000002,-49051.5511129152,178.46174351255468
0.6825833333333333,0.25,-49036.26357526796,163.17420586531807
0.6825833333333333,0.25625000000000003,-49021.75581646409,148.66644706144143
0.6825833333333333,0.2625,-49008.014465447784,134.92509604513907
0.6825833333333333,0.26875000000000004,-48995.02659903629,121.93722963364417
0.6825833333333333,0.275,-48982.779721189916,109.69035178727063
0.6825833333333333,0.28125,-48971.26174352319,98.17237412054237
0.6825833333333333,0.28750000000000003,-48960.4609669662,87.37159756355686
0.6825833333333333,0.29375,-48950.36606449353,77.27669509088446
0.6825833333333333,0.30000000000000004,-48940.966064844644,67.87669544199889
0.6825833333333333,0.30625,-48932.250337166515,59.16096776386985
0.6825833333333333,0.3125,-48924.2085765145,51.11920711185667
0.6825833333333333,0.31875000000000003,-48916.830790152984,43.741420750338875
0.6825833333333333,0.325,-48910.107284602,37.01791519935796
0.6825833333333333,0.33125000000000004,-48904.02865338007,30.939283977422747
0.6825833333333333,0.3375,-48898.58576539767,25.496395995025523
0.6825833333333333,0.34375,-48893.769753959146,20.68038455650094
0.6825833333333333,0.35000000000000003,-48889.57200633406,16.4826369314178
0.6825833333333333,0.35625,-48885.98415386204,12.894784459393122
0.6825833333333333,0.36250000000000004,-48882.99806255773,9.90869315508462
0.6825833333333333,0.36875,-48880.605824185,7.516454782351502
0.6825833333333333,0.375,-48878.79974777177,5.710378369127284
0.6825833333333333,0.38125000000000003,-48877.57235153901,4.4829821363673545
0.6825833333333333,0.3875,-48876.91635521887,3.826985816223896
0.6825833333333333,0.39375000000000004,-48876.82467273952,3.7353033368781325
0.6825833333333333,0.4,-48877.290405254935,4.201035852289351
0.6825833333333333,0.40625,-48878.30683449984,5.217465097193781
0.6825833333333333,0.41250000000000003,-48879.86741645147,6.778047048821463
0.6825833333333333,0.41875,-48881.965775280565,8.876405877919751
0.6825833333333333,0.42500000000000004,-48884.59569757573,11.506328173083602
0.6825833333333333,0.43125,-48887.751126825904,14.661757423258678
0.6825833333333333,0.4375,-48891.42615814688,18.3367887442364
0.6825833333333333,0.44375000000000003,-48895.615033238835,22.52566383618978
0.6825833333333333,0.45,-48900.3121355623,27.222766159655293
0.6825833333333333,0.45625000000000004,-48905.511985721125,32.42261631847941
0.6825833333333333,0.4625,-48911.209237041665,38.1198676390195
0.6825833333333333,0.46875,-48917.39867133784,44.309301935194526
0.6825833333333333,0.47500000000000003,-48924.075194852674,50.98582545002864
0.6825833333333333,0.48125,-48931.23383436723,58.144464964585495
0.6825833333333333,0.48750000000000004,-48938.86973346864,65.78036406599131
0.6825833333333333,0.49375,-48946.97814896912,73.88877956647775
0.6825833333333333,0.5,-48955.554447468676,82.4650780660304
0.6825833333333333,0.5062500000000001,-48964.5941020544,91.50473265175242
0.6825833333333333,0.5125,-48974.09268912967,101.00331972702406
0.6825833333333333,0.51875,-48984.045885367166,110.9565159645208
0.6825833333333333,0.525,-48994.44946477968,121.36009537703649
0.6825833333333333,0.53125,-49005.29929590321,132.20992650056724
0.6825833333333333,0.5375000000000001,-49016.591339087056,143.50196968441014
0.6825833333333333,0.54375,-49028.3216438861,155.23227448345278
0.6825833333333333,0.55,-49040.486346550366,167.39697714772046
0.6825833333333333,0.55625,-49053.08166760755,179.9922982049029
0.6825833333333333,0.5625,-49066.10390953438,193.01454013173498
0.6825833333333333,0.5687500000000001,-49079.54945451274,206.4600851100913
0.6825833333333333,0.575,-49093.414762266766,220.32539286412066
0.6825833333333333,0.58125,-49107.69636797751,234.6069985748618
0.6825833333333333,0.5875,-49122.39088027166,249.30151086901606
0.6825833333333333,0.59375,-49137.49497928108,264.4056098784349
0.6825833333333333,0.6000000000000001,-49153.00541477032,279.9160453676741
0.6825833333333333,0.60625,-49168.919004329015,295.8296349263692
0.6825833333333333,0.6125,-49185.23263162652,312.1432622238717
0.6825833333333333,0.61875,-49201.943244726106,328.85387532346067
0.6825833333333333,0.625,-49219.0478544565,345.9584850538522
0.6825833333333333,0.6312500000000001,-49236.54353283794,363.4541634352936
0.6825833333333333,0.6375,-49254.42741156099,381.33804215834243
0.6825833333333333,0.64375,-49272.69668051567,399.6073111130245
0.6825833333333333,0.65,-49291.348586369044,418.2592169663985
0.6825833333333333,0.65625,-49310.38043118924,437.29106178659276
0.6825833333333333,0.6625000000000001,-49329.78957111407,456.70020171142824
0.6825833333333333,0.66875,-49349.57341506258,476.48404565993405
0.6825833333333333,0.675,-49369.72942348772,496.64005408507364
0.6825833333333333,0.68125,-49390.255107168676,517.1657377660304
0.6825833333333333,0.6875,-49411.148026041235,538.05865663859
0.6825833333333333,0.6937500000000001,-49432.40578806483,559.3164186621871
0.6825833333333333,0.7,-49454.02604812482,580.9366787221734
0.6825833333333333,0.70625,-49476.00650696853,602.9171375658843
0.6825833333333333,0.7125000000000001,-49498.34491017423,625.2555407715845
0.6825833333333333,0.71875,-49521.03904715127,647.9496777486274
0.6825833333333333,0.7250000000000001,-49544.08675017071,670.9973807680653
0.6825833333333333,0.73125,-49567.485893424935,694.3965240222897
0.6825833333333333,0.7375,-49591.234392115584,718.145022712939
0.6825833333333333,0.7437500000000001,-49615.330201568446,742.2408321658004
0.6825833333333333,0.75,-49639.77131637452,766.6819469718757
0.6825833333333333,0.7562500000000001,-49664.55576955635,791.4664001537021
0.6825833333333333,0.7625,-49689.681631758576,816.5922623559309
0.6825833333333333,0.76875,-49715.14701046205,842.0576410594076
0.6825833333333333,0.7750000000000001,-49740.95004922052,867.8606798178735
0.6825833333333333,0.78125,-49767.08892691928,893.9995575166322
0.6825833333333333,0.7875000000000001,-49793.56185705481,920.472487652165
0.6825833333333333,0.79375,-49820.36708703493,947.2777176322852
0.6825833333333333,0.8,-49847.502897498634,974.413528095989
0.6825833333333333,0.8062500000000001,-49874.967601654906,1001.8782322522602
0.6825833333333333,0.8125,-49902.759544639994,1029.6701752373483
0.6825833333333333,0.8187500000000001,-49930.87710289254,1057.787733489895
0.6825833333333333,0.825,-49959.318683545804,1086.2293141431583
0.6825833333333333,0.83125,-49988.08272383659,1114.9933544339438
0.6825833333333333,0.8375000000000001,-50017.16769053032,1144.078321127672
0.6825833333333333,0.84375,-50046.572079361606,1173.4827099589602
0.6825833333333333,0.8500000000000001,-50076.29441449,1203.2050450873576
0.6825833333333333,0.85625,-50106.333247970266,1233.2438785676204
0.6825833333333333,0.8625,-50136.687159236804,1263.597789834159
0.6825833333333333,0.8687500000000001,-50167.35475460186,1294.2653851992145
0.6825833333333333,0.875,-50198.33466676688,1325.2452973642357
0.6825833333333333,0.8812500000000001,-50229.625554346756,1356.5361849441106
0.6825833333333333,0.8875,-50261.22610140656,1388.1367320039135
0.6825833333333333,0.89375,-50293.13501701036,1420.045647607716
0.6825833333333333,0.9000000000000001,-50325.35103478165,1452.2616653790028
0.6825833333333333,0.90625,-50357.872912475206,1484.7835430725609
0.6825833333333333,0.9125000000000001,-50390.69943155997,1517.6100621573278
0.6825833333333333,0.91875,-50423.82939681255,1550.7400274099055
0.6825833333333333,0.925,-50457.261635921066,1584.1722665184207
0.6825833333333333,0.9312500000000001,-50490.99499909914,1617.9056296964918
0.6825833333333333,0.9375,-50525.02835870957,1651.9389893069238
0.6825833333333333,0.9437500000000001,-50559.36060889749,1686.2712394948467
0.6825833333333333,0.95,-50593.99066523273,1720.9012958300882
0.6856666666666666,0.2,-49192.52298579052,319.4336163878761
0.6856666666666666,0.20625000000000002,-49171.08235149581,297.99298209316476
0.6856666666666666,0.21250000000000002,-49150.52414352473,277.4347741220845
0.6856666666666666,0.21875,-49130.831303438084,257.74193403543904
0.6856666666666666,0.225,-49111.987401770995,238.89803236834996
0.6856666666666666,0.23125,-49093.976605777,220.8872363743576
0.6856666666666666,0.23750000000000002,-49076.78364930855,203.6942799059034
0.6856666666666666,0.24375000000000002,-49060.39380466132,187.30443525867304
0.6856666666666666,0.25,-49044.79285622634,171.70348682369513
0.6856666666666666,0.25625000000000003,-49029.96707580818,156.87770640553208
0.6856666666666666,0.2625,-49015.90319948072,142.81383007807744
0.6856666666666666,0.26875000000000004,-49002.58840586382,129.4990364611731
0.6856666666666666,0.275,-48990.010295714135,116.9209263114899
0.6856666666666666,0.28125,-48978.156872733365,105.06750333071977
0.6856666666666666,0.28750000000000003,-48967.01652550506,93.9271561024143
0.6856666666666666,0.29375,-48956.57801047919,83.48864107654663
0.6856666666666666,0.30000000000000004,-48946.83043593014,73.7410665274947
0.6856666666666666,0.30625,-48937.76324682015,64.67387741750281
0.6856666666666666,0.3125,-48929.36621050598,56.27684110333212
0.6856666666666666,0.31875000000000003,-48921.62940323117,48.54003382852534
0.6856666666666666,0.325,-48914.54319735141,41.45382794876787
0.6856666666666666,0.33125000000000004,-48908.098249244315,35.00887984166911
0.6856666666666666,0.3375,-48902.285487858826,29.196118456180557
0.6856666666666666,0.34375,-48897.09610386296,24.006734460315784
0.6856666666666666,0.35000000000000003,-48892.5215393517,19.432169949053787
0.6856666666666666,0.35625,-48888.55347807972,15.464108677071636
0.6856666666666666,0.36250000000000004,-48885.18383618616,12.09446678351378
0.6856666666666666,0.36875,-48882.4047533814,9.315383978755563
0.6856666666666666,0.375,-48880.208584567474,7.119215164828347
0.6856666666666666,0.38125000000000003,-48878.587891866206,5.498522463560221
0.6856666666666666,0.3875,-48877.53543703083,4.446067628181481
0.6856666666666666,0.39375000000000004,-48877.04417421849,3.954804815846728
0.6856666666666666,0.4,-48877.10724310271,4.017873700067867
0.6856666666666666,0.40625,-48877.71796230634,4.628592903696699
0.6856666666666666,0.41250000000000003,-48878.869823136614,5.780453733968898
0.6856666666666666,0.41875,-48880.55648360555,7.467114202903758
0.6856666666666666,0.42500000000000004,-48882.771762719654,9.682393317008973
0.6856666666666666,0.43125,-48885.50963502421,12.420265621563885
0.6856666666666666,0.4375,-48888.76422538819,15.674855985547765
0.6856666666666666,0.44375000000000003,-48892.52980401699,19.44043461434194
0.6856666666666666,0.45,-48896.80078168065,23.71141227800399
0.6856666666666666,0.45625000000000004,-48901.57170514636,28.48233574371261
0.6856666666666666,0.4625,-48906.83725280441,33.74788340176747
0.6856666666666666,0.46875,-48912.592230477756,39.50286107511056
0.6856666666666666,0.47500000000000003,-48918.83156740561,45.74219800296123
0.6856666666666666,0.48125,-48925.550312392355,52.46094298971002
0.6856666666666666,0.48750000000000004,-48932.7436301135,59.65426071085676
0.6856666666666666,0.49375,-48940.40679757072,67.31742816807673
0.6856666666666666,0.5,-48948.535200688755,75.44583128610975
0.6856666666666666,0.5062500000000001,-48957.124331047235,84.0349616445892
0.6856666666666666,0.5125,-48966.16978274082,93.08041333817528
0.6856666666666666,0.51875,-48975.667249361635,102.5778799589898
0.6856666666666666,0.525,-48985.61252109809,112.52315169544454
0.6856666666666666,0.53125,-48996.00148194459,122.91211254194786
0.6856666666666666,0.5375000000000001,-49006.830107017115,133.74073761446925
0.6856666666666666,0.54375,-49018.094459969616,145.00509056697047
0.6856666666666666,0.55,-49029.79069050668,156.7013211040321
0.6856666666666666,0.55625,-49041.915031988065,168.8256625854192
0.6856666666666666,0.5625,-49054.46379912108,181.3744297184312
0.6856666666666666,0.5687500000000001,-49067.43338573663,194.34401633398375
0.6856666666666666,0.575,-49080.82026264558,207.73089324293687
0.6856666666666666,0.58125,-49094.62097557159,221.53160616894456
0.6856666666666666,0.5875,-49108.83214315724,235.74277375459496
0.6856666666666666,0.59375,-49123.45045504037,250.36108563772723
0.6856666666666666,0.6000000000000001,-49138.47266999744,265.3833005947963
0.6856666666666666,0.60625,-49153.89561415116,280.80624474851356
0.6856666666666666,0.6125,-49169.71617923971,296.6268098370638
0.6856666666666666,0.61875,-49185.93132094496,312.84195154231566
0.6856666666666666,0.625,-49202.53805727722,329.4486878745738
0.6856666666666666,0.6312500000000001,-49219.533467014175,346.4440976115293
0.6856666666666666,0.6375,-49236.91468819187,363.825318789226
0.6856666666666666,0.64375,-49254.67891664564,381.5895472429911
0.6856666666666666,0.65,-49272.82340459881,399.73403519616113
0.6856666666666666,0.65625,-49291.34545929759,418.25608989494503
0.6856666666666666,0.6625000000000001,-49310.24244168992,437.1530722872776
0.6856666666666666,0.66875,-49329.511765146926,456.42239574428095
0.6856666666666666,0.675,-49349.15089422511,476.061524822464
0.6856666666666666,0.68125,-49369.15734346771,496.06797406506666
0.6856666666666666,0.6875,-49389.528676243855,516.43930684121
0.6856666666666666,0.6937500000000001,-49410.262503623926,537.1731342212806
0.6856666666666666,0.7,-49431.356483289834,558.2671138871883
0.6856666666666666,0.70625,-49452.808318478914,579.7189490762685
0.6856666666666666,0.7125000000000001,-49474.615756960106,601.5263875574601
0.6856666666666666,0.71875,-49496.77659004137,623.687220638727
0.6856666666666666,0.7250000000000001,-49519.288651607,646.199282204354
0.6856666666666666,0.73125,-49542.14981718389,669.0604477812449
0.6856666666666666,0.7375,-49565.35800303571,692.2686336330662
0.6856666666666666,0.7437500000000001,-49588.91116528383,715.8217958811874
0.6856666666666666,0.75,-49612.80729905424,739.7179296515969
0.6856666666666666,0.7562500000000001,-49637.0444376494,763.9550682467525
0.6856666666666666,0.7625,-49661.620651744204,788.5312823415588
0.6856666666666666,0.76875,-49686.53404860523,813.4446792025847
0.6856666666666666,0.7750000000000001,-49711.78277133239,838.6934019297478
0.6856666666666666,0.78125,-49737.364998122284,864.2756287196389
0.6856666666666666,0.7875000000000001,-49763.278941552475,890.1895721498295
0.6856666666666666,0.79375,-49789.52284788603,916.4334784833845
0.6856666666666666,0.8,-49816.094996395506,943.0056269928609
0.6856666666666666,0.8062500000000001,-49842.993698705934,969.9043293032883
0.6856666666666666,0.8125,-49870.217298155934,997.1279287532889
0.6856666666666666,0.8187500000000001,-49897.76416917659,1024.674799773944
0.6856666666666666,0.825,-49925.632716687265,1052.5433472846198
0.6856666666666666,0.83125,-49953.82137550808,1080.7320061054343
0.6856666666666666,0.8375000000000001,-49982.32860978821,1109.2392403855629
0.6856666666666666,0.84375,-50011.1529124497,1138.0635430470575
0.6856666666666666,0.8500000000000001,-50040.29280464629,1167.2034352436458
0.6856666666666666,0.85625,-50069.746835236605,1196.6574658339596
0.6856666666666666,0.8625,-50099.513580271494,1226.4242108688486
0.6856666666666666,0.8687500000000001,-50129.59164249485,1256.5022730922065
0.6856666666666666,0.875,-50159.979650857626,1286.8902814549801
0.6856666666666666,0.8812500000000001,-50190.67626004465,1317.5868906420073
0.6856666666666666,0.8875,-50221.680150013664,1348.590780611019
0.6856666666666666,0.89375,-50252.9900255465,1379.9006561438582
0.6856666666666666,0.9000000000000001,-50284.60461581173,1411.515246409086
0.6856666666666666,0.90625,-50316.522673938634,1443.433304535989
0.6856666666666666,0.9125000000000001,-50348.742976602116,1475.6536071994706
0.6856666666666666,0.91875,-50381.26432361813,1508.1749542154867
0.6856666666666666,0.925,-50414.085537549465,1540.9961681468194
0.6856666666666666,0.9312500000000001,-50447.20546332145,1574.1160939188048
0.6856666666666666,0.9375,-50480.62296784736,1607.5335984447156
0.6856666666666666,0.9437500000000001,-50514.33693966322,1641.2475702605734
0.6856666666666666,0.95,-50548.346288571745,1675.2569191691
0.6887500000000001,0.2,-49203.64204152761,330.55267212496256
0.6887500000000001,0.20625000000000002,-49181.92619624,308.8368268373524
0.6887500000000001,0.21250000000000002,-49161.087216745604,287.99784734295827
0.6887500000000001,0.21875,-49141.10820115321,268.0188317505672
0.6887500000000001,0.225,-49121.97286808523,248.88349868258229
0.6887500000000001,0.23125,-49103.665524987315,230.57615558466932
0.6887500000000001,0.23750000000000002,-49086.17103852819,213.0816691255459
0.6887500000000001,0.24375000000000002,-49069.474806921586,196.3854375189403
0.6887500000000001,0.25,-49053.56273401805,180.47336461540544
0.6887500000000001,0.25625000000000003,-49038.42120502863,165.33183562598424
0.6887500000000001,0.2625,-49024.03706375498,150.9476943523332
0.6887500000000001,0.26875000000000004,-49010.39759121186,137.30822180921678
0.6887500000000001,0.275,-48997.49048553819,124.40111613554473
0.6887500000000001,0.28125,-48985.303843101734,112.21447369908856
0.6887500000000001,0.28750000000000003,-48973.82614071098,100.73677130833676
0.6887500000000001,0.29375,-48963.046218855015,89.95684945237008
0.6887500000000001,0.30000000000000004,-48952.953265898796,79.86389649615012
0.6887500000000001,0.30625,-48943.53680316737,70.44743376472616
0.6887500000000001,0.3125,-48934.786670858,61.69730145535141
0.6887500000000001,0.31875000000000003,-48926.693014724115,53.60364532146923
0.6887500000000001,0.325,-48919.24627347938,46.15690407673537
0.6887500000000001,0.33125000000000004,-48912.437166874384,39.347797471738886
0.6887500000000001,0.3375,-48906.256684402055,33.16731499940943
0.6887500000000001,0.34375,-48900.69607459132,27.606705188671185
0.6887500000000001,0.35000000000000003,-48895.74683485161,22.657465448966832
0.6887500000000001,0.35625,-48891.40070183357,18.311332430923358
0.6887500000000001,0.36250000000000004,-48887.64964227387,14.560272871225607
0.6887500000000001,0.36875,-48884.48584429459,11.396474891946127
0.6887500000000001,0.375,-48881.9017091294,8.812339726755454
0.6887500000000001,0.38125000000000003,-48879.889843251134,6.800473848488764
0.6887500000000001,0.3875,-48878.44305087681,5.353681474167388
0.6887500000000001,0.39375000000000004,-48877.554326828234,4.464957425589091
0.6887500000000001,0.4,-48877.21684972719,4.127480324546923
0.6887500000000001,0.40625,-48877.423975506565,4.334606103919214
0.6887500000000001,0.41250000000000003,-48878.16923121899,5.079861816346238
0.6887500000000001,0.41875,-48879.44630912674,6.356939724093536
0.6887500000000001,0.42500000000000004,-48881.249061056995,8.159691654349444
0.6887500000000001,0.43125,-48883.57149300813,10.482123605484958
0.6887500000000001,0.4375,-48886.40775999325,13.318390590604395
0.6887500000000001,0.44375000000000003,-48889.75216110822,16.66279170557391
0.6887500000000001,0.45,-48893.59913481246,20.509765409813554
0.6887500000000001,0.45625000000000004,-48897.94325441098,24.853885008335055
0.6887500000000001,0.4625,-48902.779223727455,29.689854324809858
0.6887500000000001,0.46875,-48908.10187295833,35.012503555684816
0.6887500000000001,0.47500000000000003,-48913.906154698685,40.8167852960396
0.6887500000000001,0.48125,-48920.18714013137,47.097770728723845
0.6887500000000001,0.48750000000000004,-48926.94001537091,53.85064596826123
0.6887500000000001,0.49375,-48934.16007795481,61.07070855216443
0.6887500000000001,0.5,-48941.84273347481,68.75336407216673
0.6887500000000001,0.5062500000000001,-48949.98349234138,76.89412293873465
0.6887500000000001,0.5125,-48958.577966674944,85.48859727229865
0.6887500000000001,0.51875,-48967.621867317874,94.5324979152283
0.6887500000000001,0.525,-48977.111000961435,104.02163155878952
0.6887500000000001,0.53125,-48987.04126738238,113.9518979797358
0.6887500000000001,0.5375000000000001,-48997.40865678397,124.3192873813241
0.6887500000000001,0.54375,-49008.20924723675,135.11987783410586
0.6887500000000001,0.55,-49019.4392022144,146.34983281175664
0.6887500000000001,0.55625,-49031.09476822044,158.00539881779696
0.6887500000000001,0.5625,-49043.17227250166,170.0829030990135
0.6887500000000001,0.5687500000000001,-49055.66812084436,182.57875144171703
0.6887500000000001,0.575,-49068.57879544991,195.48942604726471
0.6887500000000001,0.58125,-49081.90085288602,208.81148348337592
0.6887500000000001,0.5875,-49095.63092211041,222.5415527077639
0.6887500000000001,0.59375,-49109.76570256388,236.676333161231
0.6887500000000001,0.6000000000000001,-49124.30196232975,251.21259292710602
0.6887500000000001,0.60625,-49139.23653635685,266.14716695420793
0.6887500000000001,0.6125,-49154.566324743384,281.47695534073864
0.6887500000000001,0.61875,-49170.288291079225,297.19892167657963
0.6887500000000001,0.625,-49186.39946084406,313.31009144141717
0.6887500000000001,0.6312500000000001,-49202.89691985926,329.807550456615
0.6887500000000001,0.6375,-49219.77781279116,346.6884433885134
0.6887500000000001,0.64375,-49237.03934170377,363.94997230112494
0.6887500000000001,0.65,-49254.67876465886,381.589395256211
0.6887500000000001,0.65625,-49272.6933943616,399.60402495895687
0.6887500000000001,0.6625000000000001,-49291.08059684992,417.99122744727356
0.6887500000000001,0.66875,-49309.83779022583,436.74842082318355
0.6887500000000001,0.675,-49328.96244342722,455.8730740245737
0.6887500000000001,0.68125,-49348.452075038396,475.3627056357509
0.6887500000000001,0.6875,-49368.30425213801,495.2148827353667
0.6887500000000001,0.6937500000000001,-49388.5165891829,515.4272197802566
0.6887500000000001,0.7,-49409.08674692641,535.9973775237668
0.6887500000000001,0.70625,-49430.01243137012,556.9230619674781
0.6887500000000001,0.7125000000000001,-49451.29139274752,578.2020233448711
0.6887500000000001,0.71875,-49472.92142453849,599.8320551358411
0.6887500000000001,0.7250000000000001,-49494.90036251361,621.8109931109648
0.6887500000000001,0.73125,-49517.22608380705,644.1367144044052
0.6887500000000001,0.7375,-49539.89650601699,666.8071366143413
0.6887500000000001,0.7437500000000001,-49562.90958633277,689.8202169301221
0.6887500000000001,0.75,-49586.26332068762,713.1739512849745
0.6887500000000001,0.7562500000000001,-49609.95574293622,736.8663735335722
0.6887500000000001,0.7625,-49633.984924055985,760.8955546533398
0.6887500000000001,0.76875,-49658.3489713716,785.2596019689518
0.6887500000000001,0.7750000000000001,-49683.046027801654,809.956658399009
0.6887500000000001,0.78125,-49708.07427112683,834.9849017241868
0.6887500000000001,0.7875000000000001,-49733.4319132788,860.3425438761551
0.6887500000000001,0.79375,-49759.117199649205,886.0278302465595
0.6887500000000001,0.8,-49785.12840841796,912.0390390153116
0.6887500000000001,0.8062500000000001,-49811.46384990029,938.374480497645
0.6887500000000001,0.8125,-49838.121865911875,965.0324965092295
0.6887500000000001,0.8187500000000001,-49865.10082915146,992.0114597488136
0.6887500000000001,0.825,-49892.39914260042,1019.3097731977759
0.6887500000000001,0.83125,-49920.01523893865,1046.925869536004
0.6887500000000001,0.8375000000000001,-49947.947579976266,1074.8582105736205
0.6887500000000001,0.84375,-49976.19465610075,1103.1052866981045
0.6887500000000001,0.8500000000000001,-50004.75498573879,1131.6656163361477
0.6887500000000001,0.85625,-50033.62711483259,1160.537745429945
0.6887500000000001,0.8625,-50062.809616329934,1189.7202469272888
0.6887500000000001,0.8687500000000001,-50092.30108968793,1219.2117202852824
0.6887500000000001,0.875,-50122.10016038963,1249.010790986984
0.6887500000000001,0.8812500000000001,-50152.205479473356,1279.1161100707104
0.6887500000000001,0.8875,-50182.61572307427,1309.526353671623
0.6887500000000001,0.89375,-50213.32959197787,1340.240222575223
0.6887500000000001,0.9000000000000001,-50244.345811184874,1371.2564417822286
0.6887500000000001,0.90625,-50275.663129487446,1402.5737600848006
0.6887500000000001,0.9125000000000001,-50307.280319056095,1434.19094965345
0.6887500000000001,0.91875,-50339.19617503714,1466.1068056344957
0.6887500000000001,0.925,-50371.409515160456,1498.3201457578107
0.6887500000000001,0.9312500000000001,-50403.919179356926,1530.8298099542808
0.6887500000000001,0.9375,-50436.72402938566,1563.634659983014
0.6887500000000001,0.9437500000000001,-50469.82294847046,1596.7335790678117
0.6887500000000001,0.95,-50503.21484094537,1630.1254715427276
0.6918333333333334,0.2,-49214.984566024825,341.89519662217936
0.6918333333333334,0.20625000000000002,-49192.99593096565,319.90656156300247
0.6918333333333334,0.21250000000000002,-49171.87858339162,298.78921398897364
0.6918333333333334,0.21875,-49151.615778555366,278.5264091527206
0.6918333333333334,0.225,-49132.1913837684,259.10201436575153
0.6918333333333334,0.23125,-49113.58984727372,240.50047787107178
0.6918333333333334,0.23750000000000002,-49095.79616916278,222.70679976013344
0.6918333333333334,0.24375000000000002,-49078.795874173265,205.70650477062009
0.6918333333333334,0.25,-49062.57498621903,189.4856168163824
0.6918333333333334,0.25625000000000003,-49047.120004518016,174.0306351153704
0.6918333333333334,0.2625,-49032.417881195535,159.3285117928899
0.6918333333333334,0.26875000000000004,-49018.45600025187,145.36663084922475
0.6918333333333334,0.275,-49005.222157792654,132.1327883900085
0.6918333333333334,0.28125,-48992.70454342956,119.61517402691243
0.6918333333333334,0.28750000000000003,-48980.89172276668,107.80235336403712
0.6918333333333334,0.29375,-48969.77262089538,96.68325149273733
0.6918333333333334,0.30000000000000004,-48959.336506826534,86.24713742388849
0.6918333333333334,0.30625,-48949.57297879527,76.48360939262784
0.6918333333333334,0.3125,-48940.471950378575,67.38258097592916
0.6918333333333334,0.31875000000000003,-48932.02363737064,58.934267967997584
0.6918333333333334,0.325,-48924.21854536573,51.12917596308398
0.6918333333333334,0.33125000000000004,-48917.04745800173,43.958088599087205
0.6918333333333334,0.3375,-48910.50142582158,37.41205641893612
0.6918333333333334,0.34375,-48904.571755712954,31.482386310308357
0.6918333333333334,0.35000000000000003,-48899.25000088944,26.160631486796774
0.6918333333333334,0.35625,-48894.527951379336,21.43858197669033
0.6918333333333334,0.36250000000000004,-48890.397624990626,17.308255587980966
0.6918333333333334,0.36875,-48886.851258723116,13.7618893204708
0.6918333333333334,0.375,-48883.881300600544,10.79193119789852
0.6918333333333334,0.38125000000000003,-48881.48040189768,8.391032495033869
0.6918333333333334,0.3875,-48879.64140973905,6.552040336406208
0.6918333333333334,0.39375000000000004,-48878.3573600476,5.267990644955717
0.6918333333333334,0.4,-48877.62147082304,4.532101420394611
0.6918333333333334,0.40625,-48877.427135731086,4.337766328440921
0.6918333333333334,0.41250000000000003,-48877.76791798604,4.67854858339706
0.6918333333333334,0.41875,-48878.63754451027,5.548175107622228
0.6918333333333334,0.42500000000000004,-48880.02990035529,6.940530952640984
0.6918333333333334,0.43125,-48881.939023370156,8.849653967510676
0.6918333333333334,0.4375,-48884.35909910378,11.269729701132746
0.6918333333333334,0.44375000000000003,-48887.28445592863,14.195086525985971
0.6918333333333334,0.45,-48890.709560374,17.62019097135635
0.6918333333333334,0.45625000000000004,-48894.629012657984,21.539643255338888
0.6918333333333334,0.4625,-48899.037542407685,25.94817300503928
0.6918333333333334,0.46875,-48903.93000455814,30.840635155494965
0.6918333333333334,0.47500000000000003,-48909.30137542063,36.21200601798773
0.6918333333333334,0.48125,-48915.14674891205,42.05737950940238
0.6918333333333334,0.48750000000000004,-48921.46133293712,48.37196353447507
0.6918333333333334,0.49375,-48928.240445915995,55.151076513349835
0.6918333333333334,0.5,-48935.479513450075,62.3901440474292
0.6918333333333334,0.5062500000000001,-48943.17406511928,70.0846957166359
0.6918333333333334,0.5125,-48951.31973140458,78.23036200193746
0.6918333333333334,0.51875,-48959.91224072962,86.8228713269782
0.6918333333333334,0.525,-48968.94741661603,95.85804721338354
0.6918333333333334,0.53125,-48978.42117494687,105.33180554422142
0.6918333333333334,0.5375000000000001,-48988.3295213334,115.2401519307532
0.6918333333333334,0.54375,-48998.66854858032,125.5791791776719
0.6918333333333334,0.55,-49009.434434244904,136.34506484225858
0.6918333333333334,0.55625,-49020.623438285984,147.53406888333848
0.6918333333333334,0.5625,-49032.23190079862,159.14253139597713
0.6918333333333334,0.5687500000000001,-49044.25623983063,171.1668704279873
0.6918333333333334,0.575,-49056.692949277465,183.60357987481984
0.6918333333333334,0.58125,-49069.538596851984,196.44922744933865
0.6918333333333334,0.5875,-49082.78982212581,209.70045272316202
0.6918333333333334,0.59375,-49096.4433346393,223.35396523665258
0.6918333333333334,0.6000000000000001,-49110.4959120771,237.40654267445643
0.6918333333333334,0.60625,-49124.944398506595,251.85502910395007
0.6918333333333334,0.6125,-49139.785702676585,266.6963332739397
0.6918333333333334,0.61875,-49155.01679637366,281.92742697101494
0.6918333333333334,0.625,-49170.63471283395,297.5453434313022
0.6918333333333334,0.6312500000000001,-49186.6365452079,313.54717580525175
0.6918333333333334,0.6375,-49203.01944507603,329.93007567338645
0.6918333333333334,0.64375,-49219.78062101352,346.6912516108714
0.6918333333333334,0.65,-49236.91733720166,363.827967799014
0.6918333333333334,0.65625,-49254.426912084506,381.3375426818602
0.6918333333333334,0.6625000000000001,-49272.30671706862,399.21734766597365
0.6918333333333334,0.66875,-49290.55417526453,417.4648058618841
0.6918333333333334,0.675,-49309.16676026812,436.0773908654737
0.6918333333333334,0.68125,-49328.14199498042,455.05262557777314
0.6918333333333334,0.6875,-49347.47745046443,474.38808106178476
0.6918333333333334,0.6937500000000001,-49367.17074483745,494.0813754348055
0.6918333333333334,0.7,-49387.219542197636,514.1301727949904
0.6918333333333334,0.70625,-49407.62155158352,534.5321821808757
0.6918333333333334,0.7125000000000001,-49428.37452596525,555.2851565626042
0.6918333333333334,0.71875,-49449.47626126633,576.3868918636872
0.6918333333333334,0.7250000000000001,-49470.9245954149,597.8352260122556
0.6918333333333334,0.73125,-49492.71740742322,619.6280380205717
0.6918333333333334,0.7375,-49514.85261649463,641.7632470919852
0.6918333333333334,0.7437500000000001,-49537.32818115683,664.238811754185
0.6918333333333334,0.75,-49560.14209842053,687.052729017887
0.6918333333333334,0.7562500000000001,-49583.29240296272,710.2030335600721
0.6918333333333334,0.7625,-49606.777166333464,733.6877969308189
0.6918333333333334,0.76875,-49630.594496185666,757.5051267830204
0.6918333333333334,0.7750000000000001,-49654.74253552683,781.6531661241825
0.6918333333333334,0.78125,-49679.21946199206,806.1300925894175
0.6918333333333334,0.7875000000000001,-49704.0234871377,830.934117735058
0.6918333333333334,0.79375,-49729.1528557548,856.0634863521555
0.6918333333333334,0.8,-49754.605845201746,881.5164757991006
0.6918333333333334,0.8062500000000001,-49780.38076475549,907.2913953528478
0.6918333333333334,0.8125,-49806.4759549807,933.3865855780532
0.6918333333333334,0.8187500000000001,-49832.889787116204,959.800417713559
0.6918333333333334,0.825,-49859.62066247831,986.5312930756627
0.6918333333333334,0.83125,-49886.6670118802,1013.577642477554
0.6918333333333334,0.8375000000000001,-49914.02729506716,1040.9379256645116
0.6918333333333334,0.84375,-49941.70000016694,1068.6106307642913
0.6918333333333334,0.8500000000000001,-49969.68364315478,1096.5942737521327
0.6918333333333334,0.85625,-49997.9767673328,1124.887397930157
0.6918333333333334,0.8625,-50026.577942823016,1153.4885734203708
0.6918333333333334,0.8687500000000001,-50055.485766073834,1182.396396671189
0.6918333333333334,0.875,-50084.69885937942,1211.6094899767777
0.6918333333333334,0.8812500000000001,-50114.215870411674,1241.1265010090283
0.6918333333333334,0.8875,-50144.035471764226,1270.9461023615804
0.6918333333333334,0.89375,-50174.15636050838,1301.066991105734
0.6918333333333334,0.9000000000000001,-50204.577257760306,1331.4878883576603
0.6918333333333334,0.90625,-50235.29690825947,1362.2075388568264
0.6918333333333334,0.9125000000000001,-50266.31407995768,1393.224710555034
0.6918333333333334,0.91875,-50297.6275636186,1424.538194215951
0.6918333333333334,0.925,-50329.23617242738,1456.1468030247343
0.6918333333333334,0.9312500000000001,-50361.13874161011,1488.049372207468
0.6918333333333334,0.9375,-50393.334128062765,1520.2447586601193
0.6918333333333334,0.9437500000000001,-50425.8212099894,1552.7318405867554
0.6918333333333334,0.95,-50458.59888654937,1585.5095171467256
0.6949166666666667,0.2,-49226.55216601696,353.4627966143162
0.6949166666666667,0.20625000000000002,-49204.2931878955,331.2038184928533
0.6949166666666667,0.21250000000000002,-49182.899900921584,309.81053151893866
0.6949166666666667,0.21875,-49162.355718080944,289.2663486782985
0.6949166666666667,0.225,-49142.64465597022,269.55528656757815
0.6949166666666667,0.23125,-49123.751304229954,250.66193482730887
0.6949166666666667,0.23750000000000002,-49105.66079697644,232.57142757379188
0.6949166666666667,0.24375000000000002,-49088.35878607339,215.26941667074425
0.6949166666666667,0.25,-49071.83141609855,198.74204669590108
0.6949166666666667,0.25625000000000003,-49056.06530087438,182.97593147173757
0.6949166666666667,0.2625,-49041.04750144351,167.95813204086153
0.6949166666666667,0.26875000000000004,-49026.765505380405,153.67613597775926
0.6949166666666667,0.275,-49013.20720734036,140.1178379377161
0.6949166666666667,0.28125,-49000.36089075556,127.27152135291544
0.6949166666666667,0.28750000000000003,-48988.21521059546,115.12584119281382
0.6949166666666667,0.29375,-48976.75917711614,103.66980771349336
0.6949166666666667,0.30000000000000004,-48965.982140529304,92.89277112665877
0.6949166666666667,0.30625,-48955.87377652727,82.7844071246218
0.6949166666666667,0.3125,-48946.424072605834,73.33470320318884
0.6949166666666667,0.31875000000000003,-48937.623315130986,64.53394572834077
0.6949166666666667,0.325,-48929.46207710043,56.37270769778115
0.6949166666666667,0.33125000000000004,-48921.931206554014,48.84183715136896
0.6949166666666667,0.3375,-48915.021815591215,41.932446188569884
0.6949166666666667,0.34375,-48908.72526995686,35.6359005542181
0.6949166666666667,0.35000000000000003,-48903.03317915903,29.943809756383416
0.6949166666666667,0.35625,-48897.93738708607,24.848017683427315
0.6949166666666667,0.36250000000000004,-48893.42996309183,20.34059368918679
0.6949166666666667,0.36875,-48889.50319352069,16.41382411804807
0.6949166666666667,0.375,-48886.149573645715,13.060204243069165
0.6949166666666667,0.38125000000000003,-48883.3617999954,10.272430592754972
0.6949166666666667,0.3875,-48881.13276304635,8.043393643703894
0.6949166666666667,0.39375000000000004,-48879.455540260125,6.366170857480029
0.6949166666666667,0.4,-48878.32338944482,5.234020042174961
0.6949166666666667,0.40625,-48877.729742422765,4.640373020120023
0.6949166666666667,0.41250000000000003,-48877.66819898707,4.578829584424966
0.6949166666666667,0.41875,-48878.1325211309,5.043151728255907
0.6949166666666667,0.42500000000000004,-48879.116627534604,6.027258131958661
0.6949166666666667,0.43125,-48880.61458829637,7.525218893722922
0.6949166666666667,0.4375,-48882.620619893496,9.531250490850653
0.6949166666666667,0.44375000000000003,-48885.12908036185,12.03971095920133
0.6949166666666667,0.45,-48888.13446468194,15.04509527929622
0.6949166666666667,0.45625000000000004,-48891.63140036088,18.542030958233227
0.6949166666666667,0.4625,-48895.61464320001,22.525273797364207
0.6949166666666667,0.46875,-48900.079073238696,26.989703836050467
0.6949166666666667,0.47500000000000003,-48905.019690865294,31.930321462648863
0.6949166666666667,0.48125,-48910.431613086956,37.34224368431023
0.6949166666666667,0.48750000000000004,-48916.31006995028,43.220700547637534
0.6949166666666667,0.49375,-48922.65040110539,49.56103170274582
0.6949166666666667,0.5,-48929.44805250641,56.358683103760995
0.6949166666666667,0.5062500000000001,-48936.69857324175,63.60920383910707
0.6949166666666667,0.5125,-48944.397612488,71.30824308535375
0.6949166666666667,0.51875,-48952.54091658142,79.45154717877449
0.6949166666666667,0.525,-48961.124326201636,88.0349567989906
0.6949166666666667,0.53125,-48970.14377366226,97.0544042596157
0.6949166666666667,0.5375000000000001,-48979.59528030341,106.50591090076341
0.6949166666666667,0.54375,-48989.47495398148,116.38558457883482
0.6949166666666667,0.55,-48999.77898665187,126.68961724922701
0.6949166666666667,0.55625,-49010.50365204028,137.41428263763373
0.6949166666666667,0.5625,-49021.64530339869,148.5559339960455
0.6949166666666667,0.5687500000000001,-49033.20037134236,160.11100193971652
0.6949166666666667,0.575,-49045.16536176421,172.07599236156238
0.6949166666666667,0.58125,-49057.536853823076,184.44748442043056
0.6949166666666667,0.5875,-49070.311498002935,197.22212860028958
0.6949166666666667,0.59375,-49083.48601423987,210.396644837223
0.6949166666666667,0.6000000000000001,-49097.05719011386,223.9678207112156
0.6949166666666667,0.60625,-49111.0218791028,237.93250970015652
0.6949166666666667,0.6125,-49125.37699889602,252.28762949337397
0.6949166666666667,0.61875,-49140.119529764954,267.0301603623084
0.6949166666666667,0.625,-49155.246512988495,282.15714358584955
0.6949166666666667,0.6312500000000001,-49170.755049330844,297.6656799281991
0.6949166666666667,0.6375,-49186.64229756978,313.55292816713336
0.6949166666666667,0.64375,-49202.905473073195,329.81610367054964
0.6949166666666667,0.65,-49219.54184642215,346.45247701950575
0.6949166666666667,0.65625,-49236.54874207839,363.4593726757448
0.6949166666666667,0.6625000000000001,-49253.92353709476,380.8341676921118
0.6949166666666667,0.66875,-49271.663659866754,398.57429046410834
0.6949166666666667,0.675,-49289.76658892367,416.67721952102147
0.6949166666666667,0.68125,-49308.22985175767,435.1404823550256
0.6949166666666667,0.6875,-49327.051023689586,453.96165428694076
0.6949166666666667,0.6937500000000001,-49346.22772676985,473.1383573672065
0.6949166666666667,0.7,-49365.757628713305,492.6682593106598
0.6949166666666667,0.70625,-49385.63844186663,512.5490724639822
0.6949166666666667,0.7125000000000001,-49405.86792220721,532.7785528045642
0.6949166666666667,0.71875,-49426.4438683722,553.3544989695511
0.6949166666666667,0.7250000000000001,-49447.36412071678,574.2747513141367
0.6949166666666667,0.73125,-49468.62656040046,595.537190997813
0.6949166666666667,0.7375,-49490.22910850053,617.1397390978818
0.6949166666666667,0.7437500000000001,-49512.169725151485,639.0803557488398
0.6949166666666667,0.75,-49534.446408709795,661.3570393071495
0.6949166666666667,0.7562500000000001,-49557.05719494281,683.9678255401668
0.6949166666666667,0.7625,-49580.00015624126,706.9107868386127
0.6949166666666667,0.76875,-49603.27340085423,730.1840314515866
0.6949166666666667,0.7750000000000001,-49626.87507214608,753.7857027434366
0.6949166666666667,0.78125,-49650.80334787439,777.7139784717438
0.6949166666666667,0.7875000000000001,-49675.05643948838,801.9670700857314
0.6949166666666667,0.79375,-49699.63259144683,826.5432220441871
0.6949166666666667,0.8,-49724.53008055524,851.4407111525943
0.6949166666666667,0.8062500000000001,-49749.747215321215,876.6578459185694
0.6949166666666667,0.8125,-49775.28233532765,902.1929659250018
0.6949166666666667,0.8187500000000001,-49801.13381062317,928.0444412205252
0.6949166666666667,0.825,-49827.30004112912,954.210671726476
0.6949166666666667,0.83125,-49853.77945606267,980.6900866600263
0.6949166666666667,0.8375000000000001,-49880.57051337546,1007.4811439728146
0.6949166666666667,0.84375,-49907.67169920732,1034.5823298046744
0.6949166666666667,0.8500000000000001,-49935.0815273546,1061.9921579519578
0.6949166666666667,0.85625,-49962.7985387525,1089.7091693498514
0.6949166666666667,0.8625,-49990.82130097124,1117.7319315685963
0.6949166666666667,0.8687500000000001,-50019.148407725326,1146.0590383226809
0.6949166666666667,0.875,-50047.77847839572,1174.6891089930723
0.6949166666666667,0.8812500000000001,-50076.71015756439,1203.6207881617447
0.6949166666666667,0.8875,-50105.94211456099,1232.8527451583432
0.6949166666666667,0.89375,-50135.47304302112,1262.3836736184749
0.6949166666666667,0.9000000000000001,-50165.30166045601,1292.2122910533653
0.6949166666666667,0.90625,-50195.426707833045,1322.3373384303995
0.6949166666666667,0.9125000000000001,-50225.84694916715,1352.757579764504
0.6949166666666667,0.91875,-50256.561171122295,1383.47180171965
0.6949166666666667,0.925,-50287.56818262318,1414.4788132205358
0.6949166666666667,0.9312500000000001,-50318.86681447657,1445.7774450739234
0.6949166666666667,0.9375,-50350.45591900211,1477.3665495994646
0.6949166666666667,0.9437500000000001,-50382.3343696723,1509.2450002696569
0.6949166666666667,0.95,-50414.501060761424,1541.4116913587786
0.6980000000000001,0.2,-49238.346470198616,365.2571007959705
0.6980000000000001,0.20625000000000002,-49215.81962174199,342.7302523393446
0.6980000000000001,0.21250000000000002,-49194.15284981426,321.06348041161255
0.6980000000000001,0.21875,-49173.32972571664,300.240356313996
0.6980000000000001,0.225,-49153.33441592092,280.2450465182774
0.6980000000000001,0.23125,-49134.151652060005,261.0622826573599
0.6980000000000001,0.23750000000000002,-49115.76670287253,242.67733346988098
0.6980000000000001,0.24375000000000002,-49098.16534794634,225.0759785436967
0.6980000000000001,0.25,-49081.33385312019,208.2444837175426
0.6980000000000001,0.25625000000000003,-49065.2589474158,192.16957801315584
0.6980000000000001,0.2625,-49049.92780138422,176.8384319815741
0.6980000000000001,0.26875000000000004,-49035.32800676074,162.23863735809573
0.6980000000000001,0.275,-49021.44755733161,148.35818792896316
0.6980000000000001,0.28125,-49008.27483092471,135.18546152206545
0.6980000000000001,0.28750000000000003,-48995.79857244356,122.70920304091123
0.6980000000000001,0.29375,-48984.007877870674,110.91850846802845
0.6980000000000001,0.30000000000000004,-48972.89217917292,99.80280977027724
0.6980000000000001,0.30625,-48962.441230046585,89.35186064393929
0.6980000000000001,0.3125,-48952.64509244521,79.55572304256202
0.6980000000000001,0.31875000000000003,-48943.49412383763,70.40475443498144
0.6980000000000001,0.325,-48934.97896514803,61.88959574538603
0.6980000000000001,0.33125000000000004,-48927.0905293332,54.00115993055806
0.6980000000000001,0.3375,-48919.81999055612,46.7306211534742
0.6980000000000001,0.34375,-48913.15877391764,40.06940451499395
0.6980000000000001,0.35000000000000003,-48907.09854571131,34.00917630866752
0.6980000000000001,0.35625,-48901.631204168596,28.541834765950625
0.6980000000000001,0.36250000000000004,-48896.74887066451,23.659501261863625
0.6980000000000001,0.36875,-48892.443881355604,19.354511952959
0.6980000000000001,0.375,-48888.70877922431,15.619409821665613
0.6980000000000001,0.38125000000000003,-48885.53630650563,12.44693710298452
0.6980000000000001,0.3875,-48882.919397473626,9.830028070980916
0.6980000000000001,0.39375000000000004,-48880.85117156679,7.761802164146502
0.6980000000000001,0.4,-48879.32492683305,6.235557430401968
0.6980000000000001,0.40625,-48878.33413367597,5.244764273324108
0.6980000000000001,0.41250000000000003,-48877.8724288855,4.783059482855606
0.6980000000000001,0.41875,-48877.93360993728,4.844240534635901
0.6980000000000001,0.42500000000000004,-48878.511629545836,5.422260143190215
0.6980000000000001,0.43125,-48879.600590457776,6.511221055130591
0.6980000000000001,0.4375,-48881.19474047219,8.105371069541434
0.6980000000000001,0.44375000000000003,-48883.288467675986,10.199098273340496
0.6980000000000001,0.45,-48885.87629588302,12.78692648037395
0.6980000000000001,0.45625000000000004,-48888.95288026614,15.863510863491683
0.6980000000000001,0.4625,-48892.51300317238,19.423633769736625
0.6980000000000001,0.46875,-48896.55157011187,23.462200709225726
0.6980000000000001,0.47500000000000003,-48901.06360591161,27.97423650896235
0.6980000000000001,0.48125,-48906.044251025814,32.95488162316906
0.6980000000000001,0.48750000000000004,-48911.48875799519,38.39938859254471
0.6980000000000001,0.49375,-48917.392488047626,44.303118644980714
0.6980000000000001,0.5,-48923.750907833535,50.66153843088978
0.6980000000000001,0.5062500000000001,-48930.55958628929,57.47021688664245
0.6980000000000001,0.5125,-48937.81419162253,64.72482221988321
0.6980000000000001,0.51875,-48945.51048841377,72.42111901112366
0.6980000000000001,0.525,-48953.644334828656,80.55496542601031
0.6980000000000001,0.53125,-48962.211679935725,89.12231053307914
0.6980000000000001,0.5375000000000001,-48971.20856112489,98.11919172224589
0.6980000000000001,0.54375,-48980.63110162206,107.54173221941164
0.6980000000000001,0.55,-48990.47550809526,117.38613869261462
0.6980000000000001,0.55625,-49000.73806834857,127.64869894592266
0.6980000000000001,0.5625,-49011.41514909957,138.32577969692647
0.6980000000000001,0.5687500000000001,-49022.503193836834,149.41382443418843
0.6980000000000001,0.575,-49033.998720753814,160.90935135116888
0.6980000000000001,0.58125,-49045.898320755994,172.80895135334868
0.6980000000000001,0.5875,-49058.1986555379,185.10928613525175
0.6980000000000001,0.59375,-49070.896455727125,197.80708632447931
0.6980000000000001,0.6000000000000001,-49083.98851909263,210.89914968998346
0.6980000000000001,0.60625,-49097.47170881426,224.3823394116116
0.6980000000000001,0.6125,-49111.34295181135,238.25358240870264
0.6980000000000001,0.61875,-49125.599237127695,252.50986772504984
0.6980000000000001,0.625,-49140.23761437065,267.1482449680043
0.6980000000000001,0.6312500000000001,-49155.25519220212,282.1658227994776
0.6980000000000001,0.6375,-49170.64913687947,297.55976747682143
0.6980000000000001,0.64375,-49186.416670844075,313.3273014414299
0.6980000000000001,0.65,-49202.55507135602,329.465701953377
0.6980000000000001,0.65625,-49219.061669172675,345.9722997700301
0.6980000000000001,0.6625000000000001,-49235.9338472698,362.84447786715464
0.6980000000000001,0.66875,-49253.16903960328,380.0796702006337
0.6980000000000001,0.675,-49270.76472991003,397.6753605073827
0.6980000000000001,0.68125,-49288.71845054661,415.62908114396123
0.6980000000000001,0.6875,-49307.027781363904,433.9384119612587
0.6980000000000001,0.6937500000000001,-49325.69034861682,452.60097921417764
0.6980000000000001,0.7,-49344.70382390737,471.6144545047282
0.6980000000000001,0.70625,-49364.06592316015,490.97655375750765
0.6980000000000001,0.7125000000000001,-49383.774405628836,510.6850362261903
0.6980000000000001,0.71875,-49403.82707293267,530.7377035300233
0.6980000000000001,0.7250000000000001,-49424.22176812178,551.1323987191354
0.6980000000000001,0.73125,-49444.95637477035,571.8670053677051
0.6980000000000001,0.7375,-49466.02881609657,592.9394466939266
0.6980000000000001,0.7437500000000001,-49487.437054108406,614.3476847057609
0.6980000000000001,0.75,-49509.1790887744,636.0897193717537
0.6980000000000001,0.7562500000000001,-49531.25295721846,658.1635878158122
0.6980000000000001,0.7625,-49553.656732937874,680.5673635352287
0.6980000000000001,0.76875,-49576.38852504378,703.2991556411362
0.6980000000000001,0.7750000000000001,-49599.44647752319,726.3571081205446
0.6980000000000001,0.78125,-49622.828768522,749.739399119353
0.6980000000000001,0.7875000000000001,-49646.53360964811,773.4442402454661
0.6980000000000001,0.79375,-49670.55924529411,797.4698758914674
0.6980000000000001,0.8,-49694.90395197876,821.8145825761167
0.6980000000000001,0.8062500000000001,-49719.56603770669,846.4766683040434
0.6980000000000001,0.8125,-49744.543841345774,871.4544719431287
0.6980000000000001,0.8187500000000001,-49769.83573202143,896.7463626187819
0.6980000000000001,0.825,-49795.440108527466,922.3507391248204
0.6980000000000001,0.83125,-49821.3553987529,948.2660293502558
0.6980000000000001,0.8375000000000001,-49847.58005912408,974.4906897214314
0.6980000000000001,0.84375,-49874.112574061844,1001.0232046591991
0.6980000000000001,0.8500000000000001,-49900.951455453076,1027.8620860504307
0.6980000000000001,0.85625,-49928.095242136274,1055.005872733629
0.6980000000000001,0.8625,-49955.54249940063,1082.4531299979863
0.6980000000000001,0.8687500000000001,-49983.29181849832,1110.2024490956755
0.6980000000000001,0.875,-50011.341816169435,1138.25244676679
0.6980000000000001,0.8812500000000001,-50039.69113417923,1166.6017647765839
0.6980000000000001,0.8875,-50068.3384388674,1195.2490694647568
0.6980000000000001,0.89375,-50097.28242070886,1224.193051306218
0.6980000000000001,0.9000000000000001,-50126.5217938858,1253.4324244831514
0.6980000000000001,0.90625,-50156.05529587056,1282.965926467914
0.6980000000000001,0.9125000000000001,-50185.88168701917,1312.7923176165277
0.6980000000000001,0.91875,-50215.99975017507,1342.910380772424
0.6980000000000001,0.925,-50246.40829028278,1373.318920880134
0.6980000000000001,0.9312500000000001,-50277.10613401124,1404.0167646085974
0.6980000000000001,0.9375,-50308.09212938651,1435.002759983865
0.6980000000000001,0.9437500000000001,-50339.36514543355,1466.2757760309032
0.6980000000000001,0.95,-50370.92407182686,1497.8347024242175
0.7010833333333334,0.2,-49250.3691296294,377.27976022675284
0.7010833333333334,0.20625000000000002,-49227.576910125594,354.4875407229483
0.7010833333333334,0.21250000000000002,-49205.63913400001,332.54976459736645
0.7010833333333334,0.21875,-49184.53953144457,311.45016204192507
0.7010833333333334,0.225,-49164.262419389794,291.17304998714826
0.7010833333333334,0.23125,-49144.79267205028,271.7033026476347
0.7010833333333334,0.23750000000000002,-49126.11569337958,253.02632397693378
0.7010833333333334,0.24375000000000002,-49108.21739128359,235.12802188094793
0.7010833333333334,0.25,-49091.08415345551,217.9947840528621
0.7010833333333334,0.25625000000000003,-49074.70282470786,201.61345530521794
0.7010833333333334,0.2625,-49059.0606856887,185.97131628605712
0.7010833333333334,0.26875000000000004,-49044.14543287846,171.05606347581488
0.7010833333333334,0.275,-49029.94515977375,156.85579037110438
0.7010833333333334,0.28125,-49016.44833917194,143.35896976929507
0.7010833333333334,0.28750000000000003,-49003.64380647809,130.55443707544327
0.7010833333333334,0.29375,-48991.520743961926,118.43137455928081
0.7010833333333334,0.30000000000000004,-48980.06866589919,106.97929649654543
0.7010833333333334,0.30625,-48969.277404536464,96.18803513381863
0.7010833333333334,0.3125,-48959.137096823775,86.04772742112982
0.7010833333333334,0.31875000000000003,-48949.638171863815,76.54880246116954
0.7010833333333334,0.325,-48940.771339030354,67.6819696277089
0.7010833333333334,0.33125000000000004,-48932.52757671238,59.438207309736754
0.7010833333333334,0.3375,-48924.898121643644,51.80875224099873
0.7010833333333334,0.34375,-48917.87445878045,44.78508937780134
0.7010833333333334,0.35000000000000003,-48911.4483116933,38.35894229065161
0.7010833333333334,0.35625,-48905.61163344049,32.52226403784152
0.7010833333333334,0.36250000000000004,-48900.356597894206,27.267228491560672
0.7010833333333334,0.36875,-48895.67559149153,22.586222088881186
0.7010833333333334,0.375,-48891.561205385195,18.471835982549237
0.7010833333333334,0.38125000000000003,-48888.00622797018,14.91685856753611
0.7010833333333334,0.3875,-48885.0036377643,11.91426836165192
0.7010833333333334,0.39375000000000004,-48882.546596622255,9.457227219609194
0.7010833333333334,0.4,-48880.62844326407,7.5390738614223665
0.7010833333333334,0.40625,-48879.24268710011,6.153317697462626
0.7010833333333334,0.41250000000000003,-48878.38300233614,5.293632933491608
0.7010833333333334,0.41875,-48878.04322234275,4.953852940103388
0.7010833333333334,0.42500000000000004,-48878.21733427494,5.127964872292068
0.7010833333333334,0.43125,-48878.89947392789,5.81010452524788
0.7010833333333334,0.4375,-48880.08392081675,6.9945514141072636
0.7010833333333334,0.44375000000000003,-48881.765093467984,8.675724065338727
0.7010833333333334,0.45,-48883.93754491166,10.848175509017892
0.7010833333333334,0.45625000000000004,-48886.59595836385,13.506588961201487
0.7010833333333334,0.4625,-48889.73514308956,16.645773686912435
0.7010833333333334,0.46875,-48893.350030436806,20.260661034160876
0.7010833333333334,0.47500000000000003,-48897.43567003345,24.346300630801124
0.7010833333333334,0.48125,-48901.9872261382,28.897856735551613
0.7010833333333334,0.48750000000000004,-48906.999974138715,33.91060473606922
0.7010833333333334,0.49375,-48912.469297189025,39.379927786379994
0.7010833333333334,0.5,-48918.390682979916,45.301313577270776
0.7010833333333334,0.5062500000000001,-48924.75972063556,51.670351232911344
0.7010833333333334,0.5125,-48931.57209773057,58.482728327922814
0.7010833333333334,0.51875,-48938.82359742174,65.73422801909328
0.7010833333333334,0.525,-48946.51009568895,73.42072628630558
0.7010833333333334,0.53125,-48954.627558680375,81.53818927772954
0.7010833333333334,0.5375000000000001,-48963.17204015698,90.08267075433105
0.7010833333333334,0.54375,-48972.13967903194,99.05030962929595
0.7010833333333334,0.55,-48981.526697000685,108.4373275980397
0.7010833333333334,0.55625,-48991.32939625723,118.24002685458254
0.7010833333333334,0.5625,-49001.54415729336,128.45478789071785
0.7010833333333334,0.5687500000000001,-49012.167436776705,139.07806737405917
0.7010833333333334,0.575,-49023.195765504395,150.10639610174985
0.7010833333333334,0.58125,-49034.62574642895,161.53637702630658
0.7010833333333334,0.5875,-49046.45405275337,173.36468335072277
0.7010833333333334,0.59375,-49058.67742609237,185.5880566897249
0.7010833333333334,0.6000000000000001,-49071.292674697055,198.2033052944098
0.7010833333333334,0.60625,-49084.29667174035,211.20730233770155
0.7010833333333334,0.6125,-49097.68635366058,224.59698425793613
0.7010833333333334,0.61875,-49111.458718560905,238.36934915825987
0.7010833333333334,0.625,-49125.610824662246,252.52145525960077
0.7010833333333334,0.6312500000000001,-49140.139788807544,267.050419404899
0.7010833333333334,0.6375,-49155.04278501532,281.9534156126756
0.7010833333333334,0.64375,-49170.31704308049,297.227673677844
0.7010833333333334,0.65,-49185.9598472206,312.87047781795263
0.7010833333333334,0.65625,-49201.96853476569,328.8791653630469
0.7010833333333334,0.6625000000000001,-49218.3404948901,345.2511254874553
0.7010833333333334,0.66875,-49235.07316738447,361.9837979818258
0.7010833333333334,0.675,-49252.164041466625,379.07467206397996
0.7010833333333334,0.68125,-49269.610654629534,396.5212852268887
0.7010833333333334,0.6875,-49287.4105915252,414.3212221225549
0.7010833333333334,0.6937500000000001,-49305.56148288309,432.4721134804422
0.7010833333333334,0.7,-49324.061004461575,450.9716350589297
0.7010833333333334,0.70625,-49342.90687603154,469.8175066288968
0.7010833333333334,0.7125000000000001,-49362.09686039055,489.007490987904
0.7010833333333334,0.71875,-49381.628762406865,508.53939300421916
0.7010833333333334,0.7250000000000001,-49401.50042809194,528.411058689293
0.7010833333333334,0.73125,-49421.70974370037,548.6203742977232
0.7010833333333334,0.7375,-49442.25463485654,569.1652654538921
0.7010833333333334,0.7437500000000001,-49463.133065706774,590.0436963041284
0.7010833333333334,0.75,-49484.34303809624,611.2536686935928
0.7010833333333334,0.7562500000000001,-49505.88259076959,632.793221366941
0.7010833333333334,0.7625,-49527.74979859472,654.6604291920739
0.7010833333333334,0.76875,-49549.94277180859,676.8534024059481
0.7010833333333334,0.7750000000000001,-49572.459655284634,699.3702858819888
0.7010833333333334,0.78125,-49595.29862782066,722.2092584180136
0.7010833333333334,0.7875000000000001,-49618.45790144697,745.3685320443255
0.7010833333333334,0.79375,-49641.93572075362,768.8463513509778
0.7010833333333334,0.8,-49665.73036223646,792.640992833818
0.7010833333333334,0.8062500000000001,-49689.840133661164,816.7507642585188
0.7010833333333334,0.8125,-49714.263373444715,841.17400404207
0.7010833333333334,0.8187500000000001,-49738.998450053834,865.9090806511886
0.7010833333333334,0.825,-49764.043761419605,890.9543920169599
0.7010833333333334,0.83125,-49789.397734368016,916.3083649653709
0.7010833333333334,0.8375000000000001,-49815.05882406573,941.9694546630853
0.7010833333333334,0.84375,-49841.02551348062,967.9361440779758
0.7010833333333334,0.8500000000000001,-49867.29631285672,994.2069434540754
0.7010833333333334,0.85625,-49893.86975920292,1020.7803898002749
0.7010833333333334,0.8625,-49920.7444157952,1047.6550463925523
0.7010833333333334,0.8687500000000001,-49947.91887169181,1074.8295022891616
0.7010833333333334,0.875,-49975.391741261104,1102.302371858459
0.7010833333333334,0.8812500000000001,-50003.161663721534,1130.0722943188885
0.7010833333333334,0.8875,-50031.22730269353,1158.1379332908837
0.7010833333333334,0.89375,-50059.5873457629,1186.4979763602532
0.7010833333333334,0.9000000000000001,-50088.24050405521,1215.1511346525658
0.7010833333333334,0.90625,-50117.18551182114,1244.0961424184934
0.7010833333333334,0.9125000000000001,-50146.42112603225,1273.3317566296028
0.7010833333333334,0.91875,-50175.9461259868,1302.8567565841513
0.7010833333333334,0.925,-50205.75931292563,1332.669943522982
0.7010833333333334,0.9312500000000001,-50235.85950965743,1362.7701402547827
0.7010833333333334,0.9375,-50266.245560193434,1393.156190790789
0.7010833333333334,0.9437500000000001,-50296.91632939101,1423.8269599883643
0.7010833333333334,0.95,-50327.87070260612,1454.7813332034711
0.7041666666666667,0.2,-49262.621818148604,389.5324487459584
0.7041666666666667,0.20625000000000002,-49239.56675400314,366.4773846004973
0.7041666666666667,0.21250000000000002,-49217.3604813029,344.2711119002561
0.7041666666666667,0.21875,-49195.98688969815,322.89752029550436
0.7041666666666667,0.225,-49175.43044715514,302.3410777524914
0.7041666666666667,0.23125,-49155.676171053594,282.5868016509485
0.7041666666666667,0.23750000000000002,-49136.70960114947,263.6202317468269
0.7041666666666667,0.24375000000000002,-49118.51677425609,245.42740485344257
0.7041666666666667,0.25,-49101.08420051067,227.99483110802248
0.7041666666666667,0.25625000000000003,-49084.39884110485,211.30947170220315
0.7041666666666667,0.2625,-49068.44808736923,195.35871796658466
0.7041666666666667,0.26875000000000004,-49053.21974111141,180.13037170876487
0.7041666666666667,0.275,-49038.701996115764,165.61262671311852
0.7041666666666667,0.28125,-49024.88342072126,151.7940513186113
0.7041666666666667,0.28750000000000003,-49011.752941400635,138.6635719979895
0.7041666666666667,0.29375,-48999.29982727063,126.2104578679864
0.7041666666666667,0.30000000000000004,-48987.513675468785,114.42430606613925
0.7041666666666667,0.30625,-48976.38439733775,103.29502793510619
0.7041666666666667,0.3125,-48965.90220536248,92.81283595983405
0.7041666666666667,0.31875000000000003,-48956.057600810345,82.96823140769993
0.7041666666666667,0.325,-48946.8413620279,73.75199262525712
0.7041666666666667,0.33125000000000004,-48938.244533351746,65.15516394910082
0.7041666666666667,0.3375,-48930.25841459398,57.16904519133823
0.7041666666666667,0.34375,-48922.87455106617,49.78518166352296
0.7041666666666667,0.35000000000000003,-48916.0847241078,42.99535470515548
0.7041666666666667,0.35625,-48909.880942088355,36.79157268570998
0.7041666666666667,0.36250000000000004,-48904.25543185377,31.1660624511278
0.7041666666666667,0.36875,-48899.20063059086,26.111261188212666
0.7041666666666667,0.375,-48894.70917808425,21.619808681607537
0.7041666666666667,0.38125000000000003,-48890.77390934328,17.684539940637478
0.7041666666666667,0.3875,-48887.38784757668,14.298478174037882
0.7041666666666667,0.39375000000000004,-48884.544197495445,11.45482809279929
0.7041666666666667,0.4,-48882.23633892489,9.146969522247673
0.7041666666666667,0.40625,-48880.457820708674,7.368451306028874
0.7041666666666667,0.41250000000000003,-48879.202354888184,6.112985485538957
0.7041666666666667,0.41875,-48878.46381114244,5.374441739797476
0.7041666666666667,0.42500000000000004,-48878.23621147405,5.146842071408173
0.7041666666666667,0.43125,-48878.51372512787,5.424355725226633
0.7041666666666667,0.4375,-48879.290663730164,6.2012943275185535
0.7041666666666667,0.44375000000000003,-48880.56147663633,7.472107233683346
0.7041666666666667,0.45,-48882.32074647639,9.231377073745534
0.7041666666666667,0.45625000000000004,-48884.56318488794,11.473815485296655
0.7041666666666667,0.4625,-48887.28362842693,14.194259024283383
0.7041666666666667,0.46875,-48890.4770346472,17.387665244554228
0.7041666666666667,0.47500000000000003,-48894.13847834032,21.049108937673736
0.7041666666666667,0.48125,-48898.26314792768,25.17377852503705
0.7041666666666667,0.48750000000000004,-48902.84634199731,29.756972594666877
0.7041666666666667,0.49375,-48907.88346597836,34.79409657571523
0.7041666666666667,0.5,-48913.37002894656,40.280659543917864
0.7041666666666667,0.5062500000000001,-48919.30164055429,46.2122711516422
0.7041666666666667,0.5125,-48925.674008079506,52.58463867686078
0.7041666666666667,0.51875,-48932.48293358765,59.393564185003925
0.7041666666666667,0.525,-48939.7243112015,66.6349417988531
0.7041666666666667,0.53125,-48947.39412447381,74.30475507116353
0.7041666666666667,0.5375000000000001,-48955.48844385806,82.39907445541758
0.7041666666666667,0.54375,-48964.00342427287,90.91405487022712
0.7041666666666667,0.55,-48972.93530275576,99.84593335311365
0.7041666666666667,0.55625,-48982.280396202426,109.19102679978096
0.7041666666666667,0.5625,-48992.03509918752,118.94572978487122
0.7041666666666667,0.5687500000000001,-49002.1958818635,129.10651246085763
0.7041666666666667,0.575,-49012.759287934154,139.6699185315083
0.7041666666666667,0.58125,-49023.721932699365,150.63256329672004
0.7041666666666667,0.5875,-49035.08050116837,161.99113176572428
0.7041666666666667,0.59375,-49046.83174623828,173.74237683563115
0.7041666666666667,0.6000000000000001,-49058.97248693538,185.88311753273592
0.7041666666666667,0.60625,-49071.499606716345,198.41023731369933
0.7041666666666667,0.6125,-49084.41005182709,211.32068242444802
0.7041666666666667,0.61875,-49097.70082971667,224.61146031402313
0.7041666666666667,0.625,-49111.36900750416,238.27963810151414
0.7041666666666667,0.6312500000000001,-49125.411710496264,252.3223410936189
0.7041666666666667,0.6375,-49139.82612075368,266.7367513510326
0.7041666666666667,0.64375,-49154.609475704085,281.5201063014392
0.7041666666666667,0.65,-49169.75906680025,296.6696973976068
0.7041666666666667,0.65625,-49185.272238221085,312.1828688184396
0.7041666666666667,0.6625000000000001,-49201.14638561428,328.0570162116346
0.7041666666666667,0.66875,-49217.378954878746,344.2895854761009
0.7041666666666667,0.675,-49233.96744098534,360.87807158269425
0.7041666666666667,0.68125,-49250.90938683449,377.8200174318481
0.7041666666666667,0.6875,-49268.20238214928,395.1130127466313
0.7041666666666667,0.6937500000000001,-49285.84406240255,412.754692999908
0.7041666666666667,0.7,-49303.83210777705,430.74273837440705
0.7041666666666667,0.70625,-49322.164242156934,449.07487275428866
0.7041666666666667,0.7125000000000001,-49340.83823214997,467.74886274732125
0.7041666666666667,0.71875,-49359.85188613893,486.76251673628576
0.7041666666666667,0.7250000000000001,-49379.20305336136,506.1136839587125
0.7041666666666667,0.73125,-49398.889623016534,525.8002536138883
0.7041666666666667,0.7375,-49418.9095233987,545.8201539960573
0.7041666666666667,0.7437500000000001,-49439.260721055754,566.171351653109
0.7041666666666667,0.75,-49459.9412199722,586.8518505695538
0.7041666666666667,0.7562500000000001,-49480.94906077592,607.8596913732763
0.7041666666666667,0.7625,-49502.282319967475,629.1929505648295
0.7041666666666667,0.76875,-49523.9391091716,650.8497397689571
0.7041666666666667,0.7750000000000001,-49545.917574409774,672.8282050071284
0.7041666666666667,0.78125,-49568.21589539335,695.1265259907013
0.7041666666666667,0.7875000000000001,-49590.832284836506,717.7429154338606
0.7041666666666667,0.79375,-49613.764987788294,740.6756183856487
0.7041666666666667,0.8,-49637.01228098319,763.9229115805429
0.7041666666666667,0.8062500000000001,-49660.57247220952,787.4831028068729
0.7041666666666667,0.8125,-49684.44389969524,811.3545302925922
0.7041666666666667,0.8187500000000001,-49708.62493151029,835.5355621076451
0.7041666666666667,0.825,-49733.1139649853,860.024595582654
0.7041666666666667,0.83125,-49757.909426145794,884.8200567431486
0.7041666666666667,0.8375000000000001,-49783.00976916161,909.9203997589648
0.7041666666666667,0.84375,-49808.41347581101,935.3241064083631
0.7041666666666667,0.8500000000000001,-49834.11905495887,961.0296855562265
0.7041666666666667,0.85625,-49860.12504204878,987.0356726461323
0.7041666666666667,0.8625,-49886.42999860827,1013.3406292056243
0.7041666666666667,0.8687500000000001,-49913.03251176707,1039.9431423644273
0.7041666666666667,0.875,-49939.93119378782,1066.8418243851775
0.7041666666666667,0.8812500000000001,-49967.1246816089,1094.0353122062515
0.7041666666666667,0.8875,-49994.61163639893,1121.5222669962823
0.7041666666666667,0.89375,-50022.39074312277,1149.3013737201254
0.7041666666666667,0.9000000000000001,-50050.460710118496,1177.3713407158502
0.7041666666666667,0.90625,-50078.820268685,1205.7308992823528
0.7041666666666667,0.9125000000000001,-50107.46817268015,1234.3788032775046
0.7041666666666667,0.91875,-50136.40319812886,1263.3138287262118
0.7041666666666667,0.925,-50165.62414284103,1292.5347734383831
0.7041666666666667,0.9312500000000001,-50195.129826038916,1322.0404566362704
0.7041666666666667,0.9375,-50224.919087993796,1351.8297185911506
0.7041666666666667,0.9437500000000001,-50254.99078967146,1381.9014202688122
0.7041666666666667,0.95,-50285.343812386476,1412.2544429838308
0.70725,0.2,-49275.106232799924,402.01686339727894
0.70725,0.20625000000000002,-49251.79087810654,378.70150870389625
0.70725,0.21250000000000002,-49229.318643893515,356.22927449087
0.70725,0.21875,-49207.67357982925,334.58421042660484
0.70725,0.225,-49186.84030548578,313.7509360831318
0.70725,0.23125,-49166.803981985264,293.71461258261843
0.70725,0.23750000000000002,-49147.55028546805,274.4609160654072
0.70725,0.24375000000000002,-49129.065382239634,255.97601283698896
0.70725,0.25,-49111.335905466694,238.246536064049
0.70725,0.25625000000000003,-49094.34893330462,221.25956390197098
0.70725,0.2625,-49078.091968349225,205.00259894657938
0.70725,0.26875000000000004,-49062.55291831461,189.46354891196825
0.70725,0.275,-49047.72007784815,174.63070844550384
0.70725,0.28125,-49033.582111400676,160.4927419980304
0.70725,0.28750000000000003,-49020.128037077375,147.03866767472937
0.70725,0.29375,-49007.34721140053,134.25784199788177
0.70725,0.30000000000000004,-48995.229314921555,122.13994551890937
0.70725,0.30625,-48983.76433862431,110.67496922166174
0.70725,0.3125,-48972.942571066684,99.85320166403835
0.70725,0.31875000000000003,-48962.75458621135,89.6652168087021
0.70725,0.325,-48953.19123190077,80.1018624981225
0.70725,0.33125000000000004,-48944.24361893462,71.15424953197362
0.70725,0.3375,-48935.90311071127,62.81374130862241
0.70725,0.34375,-48928.16131339765,55.0719439950044
0.70725,0.35000000000000003,-48921.01006659477,47.92069719212304
0.70725,0.35625,-48914.44143446811,41.352065065468196
0.70725,0.36250000000000004,-48908.44769731474,35.358327912093955
0.70725,0.36875,-48903.0213435409,29.93197413825692
0.70725,0.375,-48898.15506202565,25.065692623007635
0.70725,0.38125000000000003,-48893.841734847774,20.752365445128817
0.70725,0.3875,-48890.074430354915,16.985060952269123
0.70725,0.39375000000000004,-48886.846396555324,13.757027152678347
0.70725,0.4,-48884.151054813745,11.061685411099461
0.70725,0.40625,-48881.981993834415,8.892624431769946
0.70725,0.41250000000000003,-48880.33296391516,7.24359451251803
0.70725,0.41875,-48879.197871457785,6.108502055139979
0.70725,0.42500000000000004,-48878.57077372052,5.481404317877605
0.70725,0.43125,-48878.445873799894,5.3565043972485
0.70725,0.4375,-48878.81751582929,5.728146426641615
0.70725,0.44375000000000003,-48879.68018038324,6.590810980596871
0.70725,0.45,-48881.02848007632,7.939110673672985
0.70725,0.45625000000000004,-48882.85715534676,9.76778594411735
0.70725,0.4625,-48885.16107041524,12.07170101259544
0.70725,0.46875,-48887.935209410076,14.845840007430525
0.70725,0.47500000000000003,-48891.17467265023,18.085303247586126
0.70725,0.48125,-48894.874673078564,21.78530367591884
0.70725,0.48750000000000004,-48899.03053283758,25.941163434938062
0.70725,0.49375,-48903.63767998114,30.548310578495148
0.70725,0.5,-48908.691645315084,35.60227591243893
0.70725,0.5062500000000001,-48914.18805936097,41.09868995832221
0.70725,0.5125,-48920.122649436875,47.03328003422939
0.70725,0.51875,-48926.491236849775,53.401867447129916
0.70725,0.525,-48933.28973419437,60.20036479172268
0.70725,0.53125,-48940.51414275333,67.42477335068543
0.70725,0.5375000000000001,-48948.16054999442,75.07118059177446
0.70725,0.54375,-48956.22512715996,83.13575775731442
0.70725,0.55,-48964.704126944685,91.61475754204002
0.70725,0.55625,-48973.59388125774,100.50451185509155
0.70725,0.5625,-48982.8907990654,109.80142966275162
0.70725,0.5687500000000001,-48992.591364310785,119.50199490813975
0.70725,0.575,-49002.69213390729,129.60276450464153
0.70725,0.58125,-49013.189735802414,140.10036639976897
0.70725,0.5875,-49024.08086710927,150.99149770662189
0.70725,0.59375,-49035.36229230251,162.27292289986508
0.70725,0.6000000000000001,-49047.03084147631,173.94147207366768
0.70725,0.60625,-49059.08340866155,185.9940392589051
0.70725,0.6125,-49071.51695019993,198.4275807972881
0.70725,0.61875,-49084.32848317253,211.2391137698869
0.70725,0.625,-49097.51508388073,224.42571447808587
0.70725,0.6312500000000001,-49111.0738863772,237.98451697455312
0.70725,0.6375,-49125.00208104515,251.91271164250793
0.70725,0.64375,-49139.29691322376,266.2075438211177
0.70725,0.65,-49153.955681877975,280.8663124753293
0.70725,0.65625,-49168.97573831104,295.8863689083955
0.70725,0.6625000000000001,-49184.35448491799,311.2651155153435
0.70725,0.66875,-49200.089373978524,327.00000457587885
0.70725,0.675,-49216.17790648784,343.08853708519746
0.70725,0.68125,-49232.617631023866,359.52826162122074
0.70725,0.6875,-49249.40614264955,376.316773246901
0.70725,0.6937500000000001,-49266.54108184897,393.45171244632365
0.70725,0.7,-49284.02013349591,410.9307640932675
0.70725,0.70625,-49301.84102585371,428.7516564510661
0.70725,0.7125000000000001,-49320.001529605215,446.9121602025698
0.70725,0.71875,-49338.49945691186,465.41008750921173
0.70725,0.7250000000000001,-49357.33266050069,484.2432910980424
0.70725,0.73125,-49376.499032778374,503.409663375729
0.70725,0.7375,-49395.99650497116,522.9071355685155
0.70725,0.7437500000000001,-49415.82304629004,542.7336768873938
0.70725,0.75,-49435.97666312004,562.8872937173946
0.70725,0.7562500000000001,-49456.45539823285,583.3660288302053
0.70725,0.7625,-49477.257330022076,604.1679606194302
0.70725,0.76875,-49498.38057176019,625.2912023575482
0.70725,0.7750000000000001,-49519.82327087653,646.7339014738827
0.70725,0.78125,-49541.58360825553,668.4942388528871
0.70725,0.7875000000000001,-49563.65979755474,690.5704281520957
0.70725,0.79375,-49586.05008454154,712.9607151388918
0.70725,0.8,-49608.75274644838,735.6633770457338
0.70725,0.8062500000000001,-49631.766091345664,758.6767219430185
0.70725,0.8125,-49655.08845753172,781.9990881290723
0.70725,0.8187500000000001,-49678.71821293937,805.6288435367242
0.70725,0.825,-49702.65375455851,829.5643851558634
0.70725,0.83125,-49726.89350787425,853.8041384716053
0.70725,0.8375000000000001,-49751.435926319915,878.3465569172695
0.70725,0.84375,-49776.27949074477,903.1901213421224
0.70725,0.8500000000000001,-49801.42270889559,928.3333394929432
0.70725,0.85625,-49826.864114912074,953.7747455094286
0.70725,0.8625,-49852.60226883524,979.5128994325933
0.70725,0.8687500000000001,-49878.63575612875,1005.546386726106
0.70725,0.875,-49904.963187212576,1031.8738178099302
0.70725,0.8812500000000001,-49931.58319700859,1058.4938276059474
0.70725,0.8875,-49958.49444449794,1085.4050750952956
0.70725,0.89375,-49985.695612289564,1112.606242886919
0.70725,0.9000000000000001,-50013.1854061997,1140.0960367970547
0.70725,0.90625,-50040.962554842044,1167.873185439399
0.70725,0.9125000000000001,-50069.02580922815,1195.9364398255057
0.70725,0.91875,-50097.3739423778,1224.284572975157
0.70725,0.925,-50126.00574893912,1252.916379536473
0.70725,0.9312500000000001,-50154.920044818085,1281.83067541544
0.70725,0.9375,-50184.11566681712,1311.0262974144716
0.70725,0.9437500000000001,-50213.59147228261,1340.5021028799674
0.70725,0.95,-50243.34633876104,1370.2569693583937
0.7103333333333334,0.2,-49287.824094266325,414.73472486367973
0.7103333333333334,0.20625000000000002,-49264.251031392116,391.1616619894703
0.7103333333333334,0.21250000000000002,-49241.51539875293,368.42602935028117
0.7103333333333334,0.21875,-49219.60140658694,346.51203718429315
0.7103333333333334,0.225,-49198.49382663469,325.40445723204175
0.7103333333333334,0.23125,-49178.17796433158,305.0885949289368
0.7103333333333334,0.23750000000000002,-49158.639632778824,285.5502633761789
0.7103333333333334,0.24375000000000002,-49139.865128353704,266.7757589510584
0.7103333333333334,0.25,-49121.84120783345,248.75183843080595
0.7103333333333334,0.25625000000000003,-49104.55506691817,231.46569751552306
0.7103333333333334,0.2625,-49087.99432004815,214.90495064550487
0.7103333333333334,0.26875000000000004,-49072.14698142061,199.05761201796122
0.7103333333333334,0.275,-49057.001447118746,183.9120777161006
0.7103333333333334,0.28125,-49042.54647827366,169.4571088710145
0.7103333333333334,0.28750000000000003,-49028.771185186,155.68181578335498
0.7103333333333334,0.29375,-49015.66501234093,142.57564293828182
0.7103333333333334,0.30000000000000004,-49003.21772425474,130.12835485209507
0.7103333333333334,0.30625,-48991.41939209693,118.33002269428107
0.7103333333333334,0.3125,-48980.26038103575,107.17101163310144
0.7103333333333334,0.31875000000000003,-48969.73133825949,96.64196885684214
0.7103333333333334,0.325,-48959.823181629494,86.73381222684839
0.7103333333333334,0.33125000000000004,-48950.52708892408,77.43771952143288
0.7103333333333334,0.3375,-48941.834487635824,68.7451182331788
0.7103333333333334,0.34375,-48933.73704528758,60.64767588493123
0.7103333333333334,0.35000000000000003,-48926.22666023474,53.13729083209182
0.7103333333333334,0.35625,-48919.29545292414,46.20608352149429
0.7103333333333334,0.36250000000000004,-48912.93575758187,39.84638817922678
0.7103333333333334,0.36875,-48907.14011430414,34.05074490149127
0.7103333333333334,0.375,-48901.90126152751,28.81189212486788
0.7103333333333334,0.38125000000000003,-48897.21212885616,24.122759453515755
0.7103333333333334,0.3875,-48893.06583022548,19.97646082283609
0.7103333333333334,0.39375000000000004,-48889.45565738279,16.36628798014135
0.7103333333333334,0.4,-48886.3750736672,13.285704264555534
0.7103333333333334,0.40625,-48883.81770807181,10.72833866916335
0.7103333333333334,0.41250000000000003,-48881.77734957255,8.687980169903312
0.7103333333333334,0.41875,-48880.247941709225,7.158572306580027
0.7103333333333334,0.42500000000000004,-48879.22357740475,6.134208002105879
0.7103333333333334,0.43125,-48878.6984940101,5.609124607457488
0.7103333333333334,0.4375,-48878.66706856275,5.577699160101474
0.7103333333333334,0.44375000000000003,-48879.12381324743,6.034443844786438
0.7103333333333334,0.45,-48880.06337104871,6.974001646063698
0.7103333333333334,0.45625000000000004,-48881.48051158541,8.39114218276518
0.7103333333333334,0.4625,-48883.3701271176,10.280757714957872
0.7103333333333334,0.46875,-48885.72722871748,12.637859314832895
0.7103333333333334,0.47500000000000003,-48888.54694259583,15.457573193183634
0.7103333333333334,0.48125,-48891.82450657645,18.735137173804105
0.7103333333333334,0.48750000000000004,-48895.55526671122,22.465897308575222
0.7103333333333334,0.49375,-48899.734674028885,26.645304626239522
0.7103333333333334,0.5,-48904.358281411216,31.268912008570624
0.7103333333333334,0.5062500000000001,-48909.421740590435,36.33237118778925
0.7103333333333334,0.5125,-48914.920799262094,41.83142985944869
0.7103333333333334,0.51875,-48920.85129830806,47.76192890541279
0.7103333333333334,0.525,-48927.20916912439,54.11979972174595
0.7103333333333334,0.53125,-48933.99043104942,60.90106164677127
0.7103333333333334,0.5375000000000001,-48941.191188887286,68.10181948464015
0.7103333333333334,0.54375,-48948.80763052267,75.718261120026
0.7103333333333334,0.55,-48956.83602462272,83.74665522007126
0.7103333333333334,0.55625,-48965.27271842207,92.1833490194258
0.7103333333333334,0.5625,-48974.114135587544,101.02476618489891
0.7103333333333334,0.5687500000000001,-48983.356774158805,110.26740475615952
0.7103333333333334,0.575,-48992.99720456185,119.90783515920339
0.7103333333333334,0.58125,-49003.03206769206,129.9426982894147
0.7103333333333334,0.5875,-49013.45807306394,140.36870366129733
0.7103333333333334,0.59375,-49024.27199702473,151.18262762208178
0.7103333333333334,0.6000000000000001,-49035.47068102899,162.38131162634818
0.7103333333333334,0.60625,-49047.051029972026,173.9616605693809
0.7103333333333334,0.6125,-49059.01001057925,185.9206411766063
0.7103333333333334,0.61875,-49071.34464984956,198.255280446916
0.7103333333333334,0.625,-49084.052033550324,210.96266414767888
0.7103333333333334,0.6312500000000001,-49097.12930476193,224.03993535928748
0.7103333333333334,0.6375,-49110.57366247,237.48429306735488
0.7103333333333334,0.64375,-49124.38236020322,251.29299080057535
0.7103333333333334,0.65,-49138.55270471513,265.4633353124882
0.7103333333333334,0.65625,-49153.08205470805,279.99268530540576
0.7103333333333334,0.6625000000000001,-49167.96781959756,294.87845019491215
0.7103333333333334,0.66875,-49183.207458315934,310.1180889132884
0.7103333333333334,0.675,-49198.798478153076,325.70910875043046
0.7103333333333334,0.68125,-49214.738433633465,341.64906423081993
0.7103333333333334,0.6875,-49231.02492542784,357.93555602519336
0.7103333333333334,0.6937500000000001,-49247.65559929821,374.5662298955649
0.7103333333333334,0.7,-49264.628145075054,391.5387756724085
0.7103333333333334,0.70625,-49281.94029566547,408.8509262628213
0.7103333333333334,0.7125000000000001,-49299.58982609113,426.5004566884818
0.7103333333333334,0.71875,-49317.57455255497,444.4851831523265
0.7103333333333334,0.7250000000000001,-49335.89233153558,462.8029621329333
0.7103333333333334,0.73125,-49354.54105890832,481.45168950567313
0.7103333333333334,0.7375,-49373.51866909207,500.4292996894219
0.7103333333333334,0.7437500000000001,-49392.82313422097,519.7337648183238
0.7103333333333334,0.75,-49412.45246334001,539.3630939373616
0.7103333333333334,0.7562500000000001,-49432.40470162375,559.3153322211074
0.7103333333333334,0.7625,-49452.67792961739,579.5885602147464
0.7103333333333334,0.76875,-49473.270262499376,600.1808930967309
0.7103333333333334,0.7750000000000001,-49494.17984936477,621.0904799621276
0.7103333333333334,0.78125,-49515.40487252883,642.3155031261849
0.7103333333333334,0.7875000000000001,-49536.943546849856,663.8541774472105
0.7103333333333334,0.79375,-49558.79411907091,685.7047496682644
0.7103333333333334,0.8,-49580.95486717967,707.8654977770275
0.7103333333333334,0.8062500000000001,-49603.4240997858,730.3347303831542
0.7103333333333334,0.8125,-49626.20015551521,753.1107861125638
0.7103333333333334,0.8187500000000001,-49649.28140242089,776.1920330182475
0.7103333333333334,0.825,-49672.66623740946,799.576868006814
0.7103333333333334,0.83125,-49696.353085683135,823.2637162804895
0.7103333333333334,0.8375000000000001,-49720.340400196554,847.2510307939083
0.7103333333333334,0.84375,-49744.626661128015,871.5372917253699
0.7103333333333334,0.8500000000000001,-49769.21037536461,896.1210059619625
0.7103333333333334,0.85625,-49794.09007600084,921.0007065981918
0.7103333333333334,0.8625,-49819.26432185038,946.1749524477345
0.7103333333333334,0.8687500000000001,-49844.73169697044,971.6423275677953
0.7103333333333334,0.875,-49870.49081019836,997.4014407957147
0.7103333333333334,0.8812500000000001,-49896.54029470023,1023.450925297584
0.7103333333333334,0.8875,-49922.87880753089,1049.7894381282458
0.7103333333333334,0.89375,-49949.505029205226,1076.4156598025802
0.7103333333333334,0.9000000000000001,-49976.41766328023,1103.328293877581
0.7103333333333334,0.90625,-50003.61543594762,1130.526066544975
0.7103333333333334,0.9125000000000001,-50031.097095636644,1158.0077262339983
0.7103333333333334,0.91875,-50058.86141262679,1185.7720432241476
0.7103333333333334,0.925,-50086.907178670095,1213.8178092674498
0.7103333333333334,0.9312500000000001,-50115.23320662276,1242.1438372201155
0.7103333333333334,0.9375,-50143.838330085884,1270.7489606832387
0.7103333333333334,0.9437500000000001,-50172.72140305491,1299.6320336522622
0.7103333333333334,0.95,-50201.88129957767,1328.7919301750226
0.7134166666666667,0.2,-49300.77714731551,427.68777791286266
0.7134166666666667,0.20625000000000002,-49276.9489875009,403.85961809825676
0.7134166666666667,0.21250000000000002,-49253.95254814805,380.8631787454069
0.7134166666666667,0.21875,-49231.77220060796,358.68283120531123
0.7134166666666667,0.225,-49210.39286934475,337.303499942107
0.7134166666666667,0.23125,-49189.80000467125,316.71063526860235
0.7134166666666667,0.23750000000000002,-49169.97955721983,296.89018781718187
0.7134166666666667,0.24375000000000002,-49150.917954014,277.82858461135766
0.7134166666666667,0.25,-49132.6020760181,259.51270661545277
0.7134166666666667,0.25625000000000003,-49115.019237053726,241.9298676510807
0.7134166666666667,0.2625,-49098.15716398155,225.06779457890661
0.7134166666666667,0.26875000000000004,-49082.003978055494,208.91460865284898
0.7134166666666667,0.275,-49066.54817736495,193.4588079623063
0.7134166666666667,0.28125,-49051.77862028735,178.68925088470132
0.7134166666666667,0.28750000000000003,-49037.684509880186,164.59514047754055
0.7134166666666667,0.29375,-49024.25537914733,151.16600974468747
0.7134166666666667,0.30000000000000004,-49011.481077119846,138.39170771720092
0.7134166666666667,0.30625,-48999.351755696356,126.26238629371073
0.7134166666666667,0.3125,-48987.85785719229,114.76848778964631
0.7134166666666667,0.31875000000000003,-48976.99010255147,103.90073314882466
0.7134166666666667,0.325,-48966.73948017684,93.65011077419331
0.7134166666666667,0.33125000000000004,-48957.097235340814,84.00786593816883
0.7134166666666667,0.3375,-48948.05486013836,74.96549073571805
0.7134166666666667,0.34375,-48939.604083948856,66.5147145462106
0.7134166666666667,0.35000000000000003,-48931.736864375365,58.64749497271987
0.7134166666666667,0.35625,-48924.44537863195,51.35600922930462
0.7134166666666667,0.36250000000000004,-48917.72201535211,44.63264594946668
0.7134166666666667,0.36875,-48911.559366793124,38.469997390478966
0.7134166666666667,0.375,-48905.95022141292,32.86085201027163
0.7134166666666667,0.38125000000000003,-48900.88755679772,27.798187395077548
0.7134166666666667,0.3875,-48896.36453292028,23.27516351763188
0.7134166666666667,0.39375000000000004,-48892.37448570963,19.28511630698631
0.7134166666666667,0.4,-48888.91092091509,15.821551512446604
0.7134166666666667,0.40625,-48885.96750824775,12.878138845102512
0.7134166666666667,0.41250000000000003,-48883.538075784236,10.448706381590455
0.7134166666666667,0.41875,-48881.616604618495,8.527235215849942
0.7134166666666667,0.42500000000000004,-48880.19722374803,7.107854345384112
0.7134166666666667,0.43125,-48879.27420518206,6.1848357794151525
0.7134166666666667,0.4375,-48878.84195925991,5.752589857263956
0.7134166666666667,0.44375000000000003,-48878.895030168525,5.80566076588002
0.7134166666666667,0.45,-48879.42809164882,6.338722246175166
0.7134166666666667,0.45625000000000004,-48880.435942881,7.346573478353093
0.7134166666666667,0.4625,-48881.913504539974,8.824135137328994
0.7134166666666667,0.46875,-48883.855815012066,10.76644560942077
0.7134166666666667,0.47500000000000003,-48886.25802676509,13.168657362446538
0.7134166666666667,0.48125,-48889.11540286411,16.026033461464976
0.7134166666666667,0.48750000000000004,-48892.423313625826,19.33394422318088
0.7134166666666667,0.49375,-48896.17723340483,23.087864002183778
0.7134166666666667,0.5,-48900.37273750524,27.283368102594977
0.7134166666666667,0.5062500000000001,-48905.00549921207,31.91612980942591
0.7134166666666667,0.5125,-48910.071286936276,36.98191753363062
0.7134166666666667,0.51875,-48915.56596146844,42.47659206579556
0.7134166666666667,0.525,-48921.48547333596,48.39610393331532
0.7134166666666667,0.53125,-48927.82586025897,54.73649085632496
0.7134166666666667,0.5375000000000001,-48934.58324470046,61.49387529781234
0.7134166666666667,0.54375,-48941.75383150644,68.66446210379218
0.7134166666666667,0.55,-48949.33390563201,76.24453622936562
0.7134166666666667,0.55625,-48957.31982994959,84.23046054694714
0.7134166666666667,0.5625,-48965.7080431356,92.61867373295536
0.7134166666666667,0.5687500000000001,-48974.49505763228,101.40568822963542
0.7134166666666667,0.575,-48983.67745768133,110.58808827868779
0.7134166666666667,0.58125,-48993.251897426264,120.1625280236185
0.7134166666666667,0.5875,-49003.21509908057,130.1257296779222
0.7134166666666667,0.59375,-49013.5638511589,140.47448175625323
0.7134166666666667,0.6000000000000001,-49024.295006768705,151.20563736605982
0.7134166666666667,0.60625,-49035.40548195968,162.3161125570332
0.7134166666666667,0.6125,-49046.89225412866,173.80288472601387
0.7134166666666667,0.61875,-49058.75236047782,185.6629910751726
0.7134166666666667,0.625,-49070.982896523885,197.89352712123946
0.7134166666666667,0.6312500000000001,-49083.581014656294,210.49164525364904
0.7134166666666667,0.6375,-49096.54392274247,223.45455333982682
0.7134166666666667,0.64375,-49109.86888277817,236.77951337552804
0.7134166666666667,0.65,-49123.55320958132,250.4638401786724
0.7134166666666667,0.65625,-49137.5942695274,264.5049001247535
0.7134166666666667,0.6625000000000001,-49151.98947932506,278.9001099224115
0.7134166666666667,0.66875,-49166.73630483016,293.64693542751775
0.7134166666666667,0.675,-49181.83225989689,308.7428904942426
0.7134166666666667,0.68125,-49197.27490526451,324.1855358618632
0.7134166666666667,0.6875,-49213.061847478435,339.9724780757897
0.7134166666666667,0.6937500000000001,-49229.19073784435,356.10136844170484
0.7134166666666667,0.7,-49245.65927141402,372.56990201137523
0.7134166666666667,0.70625,-49262.465186001864,389.3758165992185
0.7134166666666667,0.7125000000000001,-49279.60626123088,406.5168918282361
0.7134166666666667,0.71875,-49297.08031760712,423.990948204475
0.7134166666666667,0.7250000000000001,-49314.88521562148,441.7958462188326
0.7134166666666667,0.73125,-49333.01885487793,459.92948547528795
0.7134166666666667,0.7375,-49351.47917324726,478.3898038446132
0.7134166666666667,0.7437500000000001,-49370.26414604529,497.1747766426415
0.7134166666666667,0.75,-49389.37178523495,516.2824158323056
0.7134166666666667,0.7562500000000001,-49408.800138651044,535.7107692483987
0.7134166666666667,0.7625,-49428.54728924732,555.4579198446736
0.7134166666666667,0.76875,-49448.61135436468,575.5219849620335
0.7134166666666667,0.7750000000000001,-49468.990485020084,595.9011156174383
0.7134166666666667,0.78125,-49489.682865215334,616.5934958126891
0.7134166666666667,0.7875000000000001,-49510.686711265116,637.5973418624708
0.7134166666666667,0.79375,-49532.00027114352,658.9109017408773
0.7134166666666667,0.8,-49553.62182384863,680.5324544459872
0.7134166666666667,0.8062500000000001,-49575.549678784446,702.4603093818005
0.7134166666666667,0.8125,-49597.78217515959,724.6928057569457
0.7134166666666667,0.8187500000000001,-49620.31768140225,747.2283119996064
0.7134166666666667,0.825,-49643.15459459086,770.0652251882129
0.7134166666666667,0.83125,-49666.291339899966,793.2019704973209
0.7134166666666667,0.8375000000000001,-49689.72637006093,816.6370006582874
0.7134166666666667,0.84375,-49713.458164836615,840.3687954339694
0.7134166666666667,0.8500000000000001,-49737.485230510254,864.3958611076087
0.7134166666666667,0.85625,-49761.80609938731,888.7167299846624
0.7134166666666667,0.8625,-49786.419329310535,913.3299599078891
0.7134166666666667,0.8687500000000001,-49811.323503187494,938.2341337848484
0.7134166666666667,0.875,-49836.51722853024,963.4278591275943
0.7134166666666667,0.8812500000000001,-49861.99913700677,988.9097676041274
0.7134166666666667,0.8875,-49887.767884003915,1014.6785146012699
0.7134166666666667,0.89375,-49913.82214820132,1040.7327787986724
0.7134166666666667,0.9000000000000001,-49940.16063115616,1067.0712617535173
0.7134166666666667,0.90625,-49966.78205689827,1093.6926874956262
0.7134166666666667,0.9125000000000001,-49993.68517153537,1120.5958021327242
0.7134166666666667,0.91875,-50020.868742868144,1147.7793734654988
0.7134166666666667,0.925,-50048.33156001482,1175.2421906121745
0.7134166666666667,0.9312500000000001,-50076.07243304493,1202.9830636422848
0.7134166666666667,0.9375,-50104.090192622185,1231.0008232195396
0.7134166666666667,0.9437500000000001,-50132.38368965592,1259.294320253277
0.7134166666666667,0.95,-50160.9517949611,1287.8624255584582
0.7165,0.2,-49313.96716125611,440.87779185346153
0.7165,0.20625000000000002,-49289.886545230285,416.7971758276399
0.7165,0.21250000000000002,-49266.63192011879,393.5425507161417
0.7165,0.21875,-49244.187818919585,371.0984495169396
0.7165,0.225,-49222.53931936757,349.4499499649246
0.7165,0.23125,-49201.672017209916,328.5826478072704
0.7165,0.23750000000000002,-49181.572001174325,308.48263177167973
0.7165,0.24375000000000002,-49162.22582949942,289.13646009677177
0.7165,0.25,-49143.620507908185,270.5311385055393
0.7165,0.25625000000000003,-49125.74346891641,252.65409951376205
0.7165,0.2625,-49108.58255237721,235.49318297456193
0.7165,0.26875000000000004,-49092.12598717162,219.03661776897206
0.7165,0.275,-49076.362373962795,203.27300456014927
0.7165,0.28125,-49061.28066893839,188.19129953574156
0.7165,0.28750000000000003,-49046.87016847207,173.7807990694273
0.7165,0.29375,-49033.120494640665,160.03112523801974
0.7165,0.30000000000000004,-49020.02158153857,146.93221213592187
0.7165,0.30625,-49007.56366233603,134.47429293338791
0.7165,0.3125,-48995.73725703177,122.64788762912212
0.7165,0.31875000000000003,-48984.533160854415,111.44379145176936
0.7165,0.325,-48973.94243327096,100.85306386831508
0.7165,0.33125000000000004,-48963.95638756326,90.86701816061395
0.7165,0.3375,-48954.566580936735,81.47721153408929
0.7165,0.34375,-48945.764805128216,72.67543572557042
0.7165,0.35000000000000003,-48937.54307748193,64.45370807928703
0.7165,0.35625,-48929.89363246539,56.80426306274603
0.7165,0.36250000000000004,-48922.80891359845,49.71954419580288
0.7165,0.36875,-48916.281565771125,43.19219636847993
0.7165,0.375,-48910.3044279272,37.21505852455448
0.7165,0.38125000000000003,-48904.870526092374,31.78115668972896
0.7165,0.3875,-48899.97306672706,26.88369732441788
0.7165,0.39375000000000004,-48895.605430385534,22.51606098288903
0.7165,0.4,-48891.76116566399,18.67179626134748
0.7165,0.40625,-48888.4339834215,15.344614018853463
0.7165,0.41250000000000003,-48885.61775125885,12.528381856202031
0.7165,0.41875,-48883.306488241244,10.217118838598253
0.7165,0.42500000000000004,-48881.49435985151,8.404990448863828
0.7165,0.43125,-48880.17567316185,7.086303759206203
0.7165,0.4375,-48879.344872212154,6.255502809508471
0.7165,0.44375000000000003,-48878.99653358448,5.907164181837288
0.7165,0.45,-48879.12536216329,6.035992760647787
0.7165,0.45625000000000004,-48879.72618707187,6.63681766922673
0.7165,0.4625,-48880.79395777629,7.704588373642764
0.7165,0.46875,-48882.32374034808,9.23437094543624
0.7165,0.47500000000000003,-48884.31071387809,11.221344475445221
0.7165,0.48125,-48886.75016703371,13.66079763106245
0.7165,0.48750000000000004,-48889.637494752744,16.548125350098417
0.7165,0.49375,-48892.968195067224,19.87882566457847
0.7165,0.5,-48896.73786605078,23.648496648136643
0.7165,0.5062500000000001,-48900.94220288393,27.852833481287234
0.7165,0.5125,-48905.57699503155,32.487625628906244
0.7165,0.51875,-48910.63812352739,37.54875412474212
0.7165,0.525,-48916.121558360624,43.03218895797909
0.7165,0.53125,-48922.0233559598,48.93398655715282
0.7165,0.5375000000000001,-48928.339656769705,55.25028736706008
0.7165,0.54375,-48935.066682917,61.977313514355046
0.7165,0.55,-48942.200735960636,69.11136655799055
0.7165,0.55625,-48949.73819472332,76.64882532067713
0.7165,0.5625,-48957.675513200404,84.58614379775827
0.7165,0.5687500000000001,-48966.00921854295,92.91984914030763
0.7165,0.575,-48974.73590911158,101.64653970893414
0.7165,0.58125,-48983.85225259824,110.76288319559535
0.7165,0.5875,-48993.35498421299,120.2656148103415
0.7165,0.59375,-49003.24090493283,130.15153553018172
0.7165,0.6000000000000001,-49013.50687981042,140.41751040777308
0.7165,0.60625,-49024.149836339675,151.06046693702956
0.7165,0.6125,-49035.16676287639,162.07739347374445
0.7165,0.61875,-49046.554707111274,173.4653377086288
0.7165,0.625,-49058.310774593454,185.22140519080858
0.7165,0.6312500000000001,-49070.432127302396,197.34275789975072
0.7165,0.6375,-49082.91598226632,209.8266128636751
0.7165,0.64375,-49095.75961022514,222.67024082249554
0.7165,0.65,-49108.9603343364,235.8709649337543
0.7165,0.65625,-49122.515528922326,249.42615951968037
0.7165,0.6625000000000001,-49136.42261825652,263.33324885387265
0.7165,0.66875,-49150.67907538871,277.5897059860654
0.7165,0.675,-49165.28242100619,292.1930516035427
0.7165,0.68125,-49180.230222330414,307.1408529277687
0.7165,0.6875,-49195.52009204756,322.4307226449164
0.7165,0.6937500000000001,-49211.149687271754,338.060317869109
0.7165,0.7,-49227.1167085397,354.0273391370574
0.7165,0.70625,-49243.418898835575,370.3295294329291
0.7165,0.7125000000000001,-49260.05404264518,386.9646732425317
0.7165,0.71875,-49277.019965038104,403.9305956354583
0.7165,0.7250000000000001,-49294.314530777076,421.2251613744302
0.7165,0.73125,-49311.9356434534,438.846274050753
0.7165,0.7375,-49329.881244647586,456.79187524494046
0.7165,0.7437500000000001,-49348.14931311435,475.0599437117053
0.7165,0.75,-49366.73786399103,493.6484945883858
0.7165,0.7562500000000001,-49385.644948028596,512.5555786259501
0.7165,0.7625,-49404.86865084464,531.7792814419954
0.7165,0.76875,-49424.407092197405,551.3177227947599
0.7165,0.7750000000000001,-49444.258425280146,571.1690558775008
0.7165,0.78125,-49464.42083603531,591.3314666326623
0.7165,0.7875000000000001,-49484.89254248764,611.803173084998
0.7165,0.79375,-49505.67179409573,632.5824246930861
0.7165,0.8,-49526.75687112133,653.6675017186863
0.7165,0.8062500000000001,-49548.146084015876,675.0567146132307
0.7165,0.8125,-49569.83777282364,696.748403420992
0.7165,0.8187500000000001,-49591.83030660092,718.7409371982721
0.7165,0.825,-49614.122082850896,741.0327134482504
0.7165,0.83125,-49636.711526973435,763.6221575707896
0.7165,0.8375000000000001,-49659.59709172955,786.5077223269036
0.7165,0.84375,-49682.77725671996,809.6878873173118
0.7165,0.8500000000000001,-49706.250527877295,833.1611584746497
0.7165,0.85625,-49730.0154369716,856.9260675689511
0.7165,0.8625,-49754.070541128545,880.9811717258999
0.7165,0.8687500000000001,-49778.41442236028,905.3250529576326
0.7165,0.875,-49803.045687108024,929.9563177053788
0.7165,0.8812500000000001,-49827.96296579669,954.8735963940417
0.7165,0.8875,-49853.16491240046,980.0755429978162
0.7165,0.89375,-49878.650204019665,1005.5608346170193
0.7165,0.9000000000000001,-49904.41754046807,1031.3281710654264
0.7165,0.90625,-49930.46564387064,1057.3762744679916
0.7165,0.9125000000000001,-49956.79325827118,1083.7038888685347
0.7165,0.91875,-49983.39914924986,1110.3097798472154
0.7165,0.925,-50010.2821035501,1137.1927341474511
0.7165,0.9312500000000001,-50037.44092871449,1164.3515593118427
0.7165,0.9375,-50064.87445272987,1191.7850833272241
0.7165,0.9437500000000001,-50092.5815236808,1219.4921542781522
0.7165,0.95,-50120.561009411555,1247.4716400089092
0.7195833333333334,0.2,-49327.39593040513,454.306561002486
0.7195833333333334,0.20625000000000002,-49303.065529017214,429.97615961456904
0.7195833333333334,0.21250000000000002,-49279.55536897729,406.46599957464787
0.7195833333333334,0.21875,-49256.85014545511,383.76077605246246
0.7195833333333334,0.225,-49234.93508999513,361.84572059248603
0.7195833333333334,0.23125,-49213.79594432849,340.70657492584724
0.7195833333333334,0.23750000000000002,-49193.418935835725,320.3295664330799
0.7195833333333334,0.24375000000000002,-49173.79075453356,300.7013851309166
0.7195833333333334,0.25,-49154.89853147014,281.8091620674968
0.7195833333333334,0.25625000000000003,-49136.72981842349,263.64044902084424
0.7195833333333334,0.2625,-49119.2725688074,246.1831994047534
0.7195833333333334,0.26875000000000004,-49102.51511969695,229.42575029430736
0.7195833333333334,0.275,-49086.44617489366,213.3568054910138
0.7195833333333334,0.28125,-49071.05478895677,197.9654195541225
0.7195833333333334,0.28750000000000003,-49056.33035213336,183.24098273071286
0.7195833333333334,0.29375,-49042.26257612568,169.17320672303322
0.7195833333333334,0.30000000000000004,-49028.84148063859,155.75211123594636
0.7195833333333334,0.30625,-49016.057380655344,142.9680112526985
0.7195833333333334,0.3125,-49003.900874393046,130.81150499040086
0.7195833333333334,0.31875000000000003,-48992.362831893886,119.27346249124093
0.7195833333333334,0.325,-48981.43438421088,108.34501480823383
0.7195833333333334,0.33125000000000004,-48971.10691315038,98.01754374773736
0.7195833333333334,0.3375,-48961.37204153635,88.28267213370418
0.7195833333333334,0.34375,-48952.22162396395,79.13225456130749
0.7195833333333334,0.35000000000000003,-48943.64773801237,70.5583686097234
0.7195833333333334,0.35625,-48935.6426758891,62.553306486457586
0.7195833333333334,0.36250000000000004,-48928.19893647974,55.10956707709556
0.7195833333333334,0.36875,-48921.30921777926,48.21984837661148
0.7195833333333334,0.375,-48914.9664096824,41.87704027975269
0.7195833333333334,0.38125000000000003,-48909.16358711236,36.074217709712684
0.7195833333333334,0.3875,-48903.8940034684,30.804634065752907
0.7195833333333334,0.39375000000000004,-48899.15108437426,26.061714971612673
0.7195833333333334,0.4,-48894.92842171047,21.839052307826933
0.7195833333333334,0.40625,-48891.219767915,18.130398512352258
0.7195833333333334,0.41250000000000003,-48888.01903053714,14.92966113449802
0.7195833333333334,0.41875,-48885.32026703129,12.230897628644016
0.7195833333333334,0.42500000000000004,-48883.11767977738,10.028310374735156
0.7195833333333334,0.43125,-48881.40561131615,8.3162419135042
0.7195833333333334,0.4375,-48880.178539787725,7.089170385079342
0.7195833333333334,0.44375000000000003,-48879.43107456307,6.3417051604265
0.7195833333333334,0.45,-48879.157952058296,6.068582655650971
0.7195833333333334,0.45625000000000004,-48879.354031722396,6.2646623197506415
0.7195833333333334,0.4625,-48880.01429218974,6.924922787096875
0.7195833333333334,0.46875,-48881.13382758905,8.0444581864067
0.7195833333333334,0.47500000000000003,-48882.707844000994,9.618474598348257
0.7195833333333334,0.48125,-48884.73165605717,11.642286654525378
0.7195833333333334,0.48750000000000004,-48887.20068367355,14.111314270907314
0.7195833333333334,0.49375,-48890.11044891198,17.02107950933714
0.7195833333333334,0.5,-48893.4565729634,20.367203560752387
0.7195833333333334,0.5062500000000001,-48897.234773247255,24.145403844609973
0.7195833333333334,0.5125,-48901.4408606215,28.35149121885479
0.7195833333333334,0.51875,-48906.070736698064,32.98136729541875
0.7195833333333334,0.525,-48911.12039125893,38.031021856288135
0.7195833333333334,0.53125,-48916.58589976818,43.496530365533545
0.7195833333333334,0.5375000000000001,-48922.46342097578,49.37405157313333
0.7195833333333334,0.54375,-48928.7491946088,55.65982520615216
0.7195833333333334,0.55,-48935.439539146304,62.350169743658626
0.7195833333333334,0.55625,-48942.53084967414,69.4414802714964
0.7195833333333334,0.5625,-48950.01959581624,76.9302264135913
0.7195833333333334,0.5687500000000001,-48957.902319738874,84.81295033622882
0.7195833333333334,0.575,-48966.175634225,93.08626482235559
0.7195833333333334,0.58125,-48974.83622081553,101.74685141288501
0.7195833333333334,0.5875,-48983.88082801467,110.79145861202414
0.7195833333333334,0.59375,-48993.30626955675,120.21690015410422
0.7195833333333334,0.6000000000000001,-49003.10942273188,130.02005332923727
0.7195833333333334,0.60625,-49013.287226768094,140.19785736544873
0.7195833333333334,0.6125,-49023.83668126744,150.74731186479767
0.7195833333333334,0.61875,-49034.754844694224,161.66547529157833
0.7195833333333334,0.625,-49046.0388329128,172.94946351015824
0.7195833333333334,0.6312500000000001,-49057.68581777338,184.59644837073574
0.7195833333333334,0.6375,-49069.693025743574,196.60365634092886
0.7195833333333334,0.64375,-49082.05773658415,208.96836718150735
0.7195833333333334,0.65,-49094.777282067094,221.68791266444896
0.7195833333333334,0.65625,-49107.849044734365,234.75967533171934
0.7195833333333334,0.6625000000000001,-49121.27045669581,248.18108729316737
0.7195833333333334,0.66875,-49135.03899846476,261.9496290621173
0.7195833333333334,0.675,-49149.152197829724,276.0628284270788
0.7195833333333334,0.68125,-49163.60762876099,290.51825935834495
0.7195833333333334,0.6875,-49178.40291035079,305.3135409481474
0.7195833333333334,0.6937500000000001,-49193.53570578564,320.44633638299274
0.7195833333333334,0.7,-49209.003721349814,335.91435194716905
0.7195833333333334,0.70625,-49224.804705458824,351.7153360561788
0.7195833333333334,0.7125000000000001,-49240.93644772162,367.84707831897686
0.7195833333333334,0.71875,-49257.39677803073,384.30740862808307
0.7195833333333334,0.7250000000000001,-49274.18356567907,401.0941962764264
0.7195833333333334,0.73125,-49291.29471850273,418.2053491000843
0.7195833333333334,0.7375,-49308.72818204861,435.6388126459642
0.7195833333333334,0.7437500000000001,-49326.4819387661,453.3925693634519
0.7195833333333334,0.75,-49344.55400722205,471.4646378194011
0.7195833333333334,0.7562500000000001,-49362.942441338055,489.8530719354094
0.7195833333333334,0.7625,-49381.64532964941,508.55596024676197
0.7195833333333334,0.76875,-49400.66079458494,527.5714251822938
0.7195833333333334,0.7750000000000001,-49419.986991767015,546.8976223643695
0.7195833333333334,0.78125,-49439.62210933105,566.532739928407
0.7195833333333334,0.7875000000000001,-49459.56436726386,586.4749978612163
0.7195833333333334,0.79375,-49479.812016760174,606.7226473575283
0.7195833333333334,0.8,-49500.36333959676,627.2739701941173
0.7195833333333334,0.8062500000000001,-49521.21664752367,648.1272781210282
0.7195833333333334,0.8125,-49542.370281671785,669.2809122691397
0.7195833333333334,0.8187500000000001,-49563.82261197639,690.7332425737477
0.7195833333333334,0.825,-49585.57203661617,712.4826672135241
0.7195833333333334,0.83125,-49607.61698146706,734.5276120644121
0.7195833333333334,0.8375000000000001,-49629.955899570545,756.8665301678993
0.7195833333333334,0.84375,-49652.58727061601,779.4979012133626
0.7195833333333334,0.8500000000000001,-49675.509600436504,802.4202310338587
0.7195833333333334,0.85625,-49698.72142051773,825.6320511150843
0.7195833333333334,0.8625,-49722.2212875197,849.1319181170547
0.7195833333333334,0.8687500000000001,-49746.00778281065,872.918413408006
0.7195833333333334,0.875,-49770.07951201296,896.990142610317
0.7195833333333334,0.8812500000000001,-49794.435104560616,921.3457351579709
0.7195833333333334,0.8875,-49819.07321326784,945.9838438651932
0.7195833333333334,0.89375,-49843.99251390864,970.9031445059954
0.7195833333333334,0.9000000000000001,-49869.19170480692,996.1023354042773
0.7195833333333334,0.90625,-49894.66950643678,1021.580137034136
0.7195833333333334,0.9125000000000001,-49920.42466103272,1047.3352916300719
0.7195833333333334,0.91875,-49946.455932209574,1073.3665628069284
0.7195833333333334,0.925,-49972.762104591704,1099.6727351890586
0.7195833333333334,0.9312500000000001,-49999.34198345129,1126.2526140486443
0.7195833333333334,0.9375,-50026.19439435546,1153.1050249528125
0.7195833333333334,0.9437500000000001,-50053.31818282194,1180.2288134192931
0.7195833333333334,0.95,-50080.71221398306,1207.6228445804154
0.7226666666666667,0.2,-49341.06527456685,467.97590516420314
0.7226666666666667,0.20625000000000002,-49316.487789433464,443.39842003081867
0.7226666666666667,0.21250000000000002,-49292.724775819705,419.63540641705913
0.7226666666666667,0.21875,-49269.761091582215,396.67172217956977
0.7226666666666667,0.225,-49247.58212260516,374.49275320251763
0.7226666666666667,0.23125,-49226.17375714543,353.0843877427833
0.7226666666666667,0.23750000000000002,-49205.52236178699,332.432992384347
0.7226666666666667,0.24375000000000002,-49185.614758881566,312.52538947892026
0.7226666666666667,0.25,-49166.43820536344,293.34883596079453
0.7226666666666667,0.25625000000000003,-49147.98037283619,274.8910034335422
0.7226666666666667,0.2625,-49130.229328838235,257.13995943558984
0.7226666666666667,0.26875000000000004,-49113.17351920204,240.08414979939698
0.7226666666666667,0.275,-49096.80175142897,223.7123820263223
0.7226666666666667,0.28125,-49081.10317900841,208.01380960576353
0.7226666666666667,0.28750000000000003,-49066.06728661581,192.97791721316753
0.7226666666666667,0.29375,-49051.68387612936,178.59450672671665
0.7226666666666667,0.30000000000000004,-49037.94305340997,164.85368400732114
0.7226666666666667,0.30625,-49024.83521579385,151.7458463912044
0.7226666666666667,0.3125,-49012.351040250745,139.26167084810004
0.7226666666666667,0.31875000000000003,-49000.481472164276,127.39210276163067
0.7226666666666667,0.325,-48989.217714694896,116.12834529225074
0.7226666666666667,0.33125000000000004,-48978.551218688226,105.46184928558068
0.7226666666666667,0.3375,-48968.47367309463,95.38430369198613
0.7226666666666667,0.34375,-48958.976995868536,85.88762646589021
0.7226666666666667,0.35000000000000003,-48950.053325317975,76.96395591532928
0.7226666666666667,0.35625,-48941.69501187725,68.6056424746057
0.7226666666666667,0.36250000000000004,-48933.894610277464,60.80524087481899
0.7226666666666667,0.36875,-48926.64487209121,53.55550268856314
0.7226666666666667,0.375,-48919.93873862988,46.849369227231364
0.7226666666666667,0.38125000000000003,-48913.76933417288,40.67996477023553
0.7226666666666667,0.3875,-48908.12995951012,35.04059010747733
0.7226666666666667,0.39375000000000004,-48903.014085779796,29.924716377150617
0.7226666666666667,0.4,-48898.41534858514,25.325979182496667
0.7226666666666667,0.40625,-48894.32754237465,21.238172972007305
0.7226666666666667,0.41250000000000003,-48890.744615071395,17.655245668749558
0.7226666666666667,0.41875,-48887.66066293782,14.571293535176665
0.7226666666666667,0.42500000000000004,-48885.06992566356,11.980556260918092
0.7226666666666667,0.43125,-48882.96678166444,9.877412261797872
0.7226666666666667,0.4375,-48881.345743581354,8.256374178708938
0.7226666666666667,0.44375000000000003,-48880.20145396892,7.112084566273552
0.7226666666666667,0.45,-48879.528681163916,6.439311761270801
0.7226666666666667,0.45625000000000004,-48879.32231532452,6.232945921874489
0.7226666666666667,0.4625,-48879.57736463151,6.487995228861109
0.7226666666666667,0.46875,-48880.28895164357,7.199582240922609
0.7226666666666667,0.47500000000000003,-48881.45230979888,8.36294039623317
0.7226666666666667,0.48125,-48883.06278005593,9.9734106532851
0.7226666666666667,0.48750000000000004,-48885.115807666734,12.026438264088938
0.7226666666666667,0.49375,-48887.60693907604,14.517569673393155
0.7226666666666667,0.5,-48890.53181894068,17.44244953803718
0.7226666666666667,0.5062500000000001,-48893.886187263175,20.7968178605297
0.7226666666666667,0.5125,-48897.66587663436,24.576507231715368
0.7226666666666667,0.51875,-48901.86680958,28.777440177356766
0.7226666666666667,0.525,-48906.484996006446,33.39562660380034
0.7226666666666667,0.53125,-48911.51653074105,38.4271613384044
0.7226666666666667,0.5375000000000001,-48916.95759116282,43.86822176017449
0.7226666666666667,0.54375,-48922.80443491947,49.715065516822506
0.7226666666666667,0.55,-48929.05339772683,55.964028324182436
0.7226666666666667,0.55625,-48935.70089124718,62.611521844533854
0.7226666666666667,0.5625,-48942.743401042884,69.65403164023883
0.7226666666666667,0.5687500000000001,-48950.1774846022,77.08811519955634
0.7226666666666667,0.575,-48957.99976943407,84.91040003142552
0.7226666666666667,0.58125,-48966.20695122895,93.11758182630729
0.7226666666666667,0.5875,-48974.79579208304,101.70642268039228
0.7226666666666667,0.59375,-48983.76311878297,110.67374938032299
0.7226666666666667,0.6000000000000001,-48993.105821148674,120.0164517460289
0.7226666666666667,0.60625,-49002.82085043199,129.73148102934647
0.7226666666666667,0.6125,-49012.90521776861,139.81584836596448
0.7226666666666667,0.61875,-49023.35599268129,150.26662327864324
0.7226666666666667,0.625,-49034.17030163229,161.08093222964817
0.7226666666666667,0.6312500000000001,-49045.34532662298,172.25595722033177
0.7226666666666667,0.6375,-49056.878303838734,183.7889344360883
0.7226666666666667,0.64375,-49068.76652233751,195.67715293486253
0.7226666666666667,0.65,-49081.007322780104,207.91795337745862
0.7226666666666667,0.65625,-49093.5980962008,220.50872679815802
0.7226666666666667,0.6625000000000001,-49106.53628281648,233.4469134138344
0.7226666666666667,0.66875,-49119.81937087317,246.73000147052517
0.7226666666666667,0.675,-49133.4448955281,260.35552612545143
0.7226666666666667,0.68125,-49147.4104377664,274.3210683637517
0.7226666666666667,0.6875,-49161.71362335084,288.6242539481973
0.7226666666666667,0.6937500000000001,-49176.35212180349,303.26275240084215
0.7226666666666667,0.7,-49191.32364541806,318.23427601541334
0.7226666666666667,0.70625,-49206.62594830197,333.5365788993222
0.7226666666666667,0.7125000000000001,-49222.25682544677,349.16745604412426
0.7226666666666667,0.71875,-49238.214111826215,365.12474242356984
0.7226666666666667,0.7250000000000001,-49254.49568152075,381.4063121181025
0.7226666666666667,0.73125,-49271.099446867556,398.01007746491086
0.7226666666666667,0.7375,-49288.02335763531,414.9339882326676
0.7226666666666667,0.7437500000000001,-49305.2654002227,432.1760308200537
0.7226666666666667,0.75,-49322.82359687987,449.7342274772236
0.7226666666666667,0.7562500000000001,-49340.69600495207,467.60663554942585
0.7226666666666667,0.7625,-49358.880716144704,485.7913467420585
0.7226666666666667,0.76875,-49377.37585580898,504.28648640633764
0.7226666666666667,0.7750000000000001,-49396.17958224763,523.0902128449816
0.7226666666666667,0.78125,-49415.290086039764,542.2007166371186
0.7226666666666667,0.7875000000000001,-49434.70558938457,561.6162199819228
0.7226666666666667,0.79375,-49454.4243454628,581.3349760601559
0.7226666666666667,0.8,-49474.444637815875,601.3552684132301
0.7226666666666667,0.8062500000000001,-49494.7647797417,621.6754103390558
0.7226666666666667,0.8125,-49515.38311370682,642.2937443041737
0.7226666666666667,0.8187500000000001,-49536.29801077442,663.208641371777
0.7226666666666667,0.825,-49557.50787004741,684.418500644766
0.7226666666666667,0.83125,-49579.011118126444,705.9217487237984
0.7226666666666667,0.8375000000000001,-49600.8062085821,727.7168391794548
0.7226666666666667,0.84375,-49622.891621441035,749.8022520383893
0.7226666666666667,0.8500000000000001,-49645.26586268541,772.1764932827646
0.7226666666666667,0.85625,-49667.92746376539,794.8380943627417
0.7226666666666667,0.8625,-49690.87498112419,817.7856117215415
0.7226666666666667,0.8687500000000001,-49714.1069957353,841.0176263326575
0.7226666666666667,0.875,-49737.622112651574,864.5327432489285
0.7226666666666667,0.8812500000000001,-49761.418960565716,888.3295911630703
0.7226666666666667,0.8875,-49785.496191381884,912.4068219792389
0.7226666666666667,0.89375,-49809.85247979813,936.7631103954845
0.7226666666666667,0.9000000000000001,-49834.486522899155,961.3971534965094
0.7226666666666667,0.90625,-49859.39703975935,986.3076703567058
0.7226666666666667,0.9125000000000001,-49884.58277105555,1011.4934016529078
0.7226666666666667,0.91875,-49910.04247868939,1036.9531092867473
0.7226666666666667,0.925,-49935.77494541893,1062.685576016287
0.7226666666666667,0.9312500000000001,-49961.77897449922,1088.6896050965734
0.7226666666666667,0.9375,-49988.053389331646,1114.9640199290006
0.7226666666666667,0.9437500000000001,-50014.59703312177,1141.5076637191232
0.7226666666666667,0.95,-50041.40876854533,1168.3193991426815
0.72575,0.2,-49354.977039523525,481.8876701208792
0.72575,0.20625000000000002,-49330.1552036932,457.0658342905517
0.72575,0.21250000000000002,-49306.14204905083,433.0526796481863
0.72575,0.21875,-49282.92259664494,409.8332272422922
0.72575,0.225,-49260.48238722046,387.3930178178125
0.72575,0.23125,-49238.807456093666,365.7180866910203
0.72575,0.23750000000000002,-49217.884309595305,344.79494019265985
0.72575,0.24375000000000002,-49197.699902962515,324.6105335598695
0.72575,0.25,-49178.24161957098,305.15225016833574
0.72575,0.25625000000000003,-49159.49725140807,286.4078820054274
0.72575,0.2625,-49141.45498069638,268.3656112937315
0.72575,0.26875000000000004,-49124.10336258511,251.01399318246695
0.72575,0.275,-49107.43130883355,234.34193943090213
0.72575,0.28125,-49091.42807241695,218.3387030143058
0.72575,0.28750000000000003,-49076.083232991536,202.99386358889024
0.72575,0.29375,-49061.38668315984,188.29731375719712
0.72575,0.30000000000000004,-49047.32861548256,174.23924607991648
0.72575,0.30625,-49033.899510187584,160.810140784939
0.72575,0.3125,-49021.09012353014,148.0007541274972
0.72575,0.31875000000000003,-49008.891476762365,135.80210735971923
0.72575,0.325,-48997.29484567292,124.20547627027554
0.72575,0.33125000000000004,-48986.291750660945,113.20238125829928
0.72575,0.3375,-48975.87394731084,102.78457790819812
0.72575,0.34375,-48966.03341743711,92.94404803446378
0.72575,0.35000000000000003,-48956.76236057059,83.67299116794311
0.72575,0.35625,-48948.05318585945,74.9638164568023
0.72575,0.36250000000000004,-48939.8985043603,66.80913495765708
0.72575,0.36875,-48932.29112169652,59.20175229387678
0.72575,0.375,-48925.224031062295,52.13466165964928
0.72575,0.38125000000000003,-48918.690406552574,45.60103714992874
0.72575,0.3875,-48912.68359680037,39.59422739772708
0.72575,0.39375000000000004,-48907.19711890409,34.10774950144696
0.72575,0.4,-48902.224652628734,29.135283226089086
0.72575,0.40625,-48897.76003486589,24.670665463243495
0.72575,0.41250000000000003,-48893.79725433841,20.707884935764014
0.72575,0.41875,-48890.33044653654,17.241077133898216
0.72575,0.42500000000000004,-48887.353888873185,14.264519470540108
0.72575,0.43125,-48884.86199604666,11.772626644014963
0.72575,0.4375,-48882.849315600084,9.759946197438694
0.72575,0.44375000000000003,-48881.31052366737,8.221154264727375
0.72575,0.45,-48880.24042089597,7.1510514933252125
0.72575,0.45625000000000004,-48879.63392853759,6.5445591349416645
0.72575,0.4625,-48879.48608469841,6.396715295762988
0.72575,0.46875,-48879.79204074075,6.702671338105574
0.72575,0.47500000000000003,-48880.54705782888,7.457688426235109
0.72575,0.48125,-48881.7465036117,8.657134209053766
0.72575,0.48750000000000004,-48883.38584903591,10.296479633267154
0.72575,0.49375,-48885.46066528314,12.3712958804972
0.72575,0.5,-48887.96662082542,14.877251422774862
0.72575,0.5062500000000001,-48890.899478593186,17.81010919054097
0.72575,0.5125,-48894.2550932507,21.165723848054768
0.72575,0.51875,-48898.02940857383,24.940039171182434
0.72575,0.525,-48902.21845492556,29.129085522916284
0.72575,0.53125,-48906.81834682476,33.72897742211353
0.72575,0.5375000000000001,-48911.82528060394,38.735911201292765
0.72575,0.54375,-48917.23553215217,44.14616274952277
0.72575,0.55,-48923.04545473919,49.9560853365474
0.72575,0.55625,-48929.25147691734,56.16210751469771
0.72575,0.5625,-48935.85010049776,62.76073109511344
0.72575,0.5687500000000001,-48942.8378985977,69.74852919505793
0.72575,0.575,-48950.21151375599,77.12214435334317
0.72575,0.58125,-48957.967656113564,84.87828671091847
0.72575,0.5875,-48966.10310165652,93.01373225387215
0.72575,0.59375,-48974.61469051892,101.52532111627806
0.72575,0.6000000000000001,-48983.49932534296,110.40995594031119
0.72575,0.60625,-48992.75396969409,119.66460029144218
0.72575,0.6125,-49002.37564652885,129.286277126208
0.72575,0.61875,-49012.361436713385,139.27206731073966
0.72575,0.625,-49022.708477590306,149.61910818766046
0.72575,0.6312500000000001,-49033.4139615924,160.32459218975418
0.72575,0.6375,-49044.47513490095,171.3857654983076
0.72575,0.64375,-49055.88929614711,182.79992674446112
0.72575,0.65,-49067.65379515459,194.56442575194524
0.72575,0.65625,-49079.766031722094,206.67666231944895
0.72575,0.6625000000000001,-49092.22345444395,219.13408504130348
0.72575,0.66875,-49105.02355956741,231.934190164764
0.72575,0.675,-49118.16388988542,245.07452048277628
0.72575,0.68125,-49131.64203366332,258.552664260671
0.72575,0.6875,-49145.45562359823,272.3662541955855
0.72575,0.6937500000000001,-49159.60233581022,286.5129664075721
0.72575,0.7,-49174.079888863474,300.9905194608291
0.72575,0.70625,-49188.88604281706,315.7966734144138
0.72575,0.7125000000000001,-49204.01859830367,330.92922890102636
0.72575,0.71875,-49219.47539563569,346.3860262330418
0.72575,0.7250000000000001,-49235.254313937316,362.1649445346702
0.72575,0.73125,-49251.353270302105,378.26390089945926
0.72575,0.7375,-49267.77021897481,394.6808495721634
0.72575,0.7437500000000001,-49284.503150556775,411.41378115412954
0.72575,0.75,-49301.550091233985,428.46072183133947
0.72575,0.7562500000000001,-49318.90910202712,445.8197326244772
0.72575,0.7625,-49336.578278062705,463.4889086600597
0.72575,0.76875,-49354.55574786473,481.46637846208614
0.72575,0.7750000000000001,-49372.839672666,499.750303263354
0.72575,0.78125,-49391.428245738556,518.3388763359108
0.72575,0.7875000000000001,-49410.319691742654,537.2303223400086
0.72575,0.79375,-49429.512266093356,556.4228966907103
0.72575,0.8,-49449.0042543445,575.9148849418561
0.72575,0.8062500000000001,-49468.79397158943,595.7046021867864
0.72575,0.8125,-49488.879761877586,615.7903924749407
0.72575,0.8187500000000001,-49509.25999764696,636.170628244312
0.72575,0.825,-49529.933079171504,656.8437097688584
0.72575,0.83125,-49550.897434023216,677.8080646205708
0.72575,0.8375000000000001,-49572.1515165483,699.0621471456543
0.72575,0.84375,-49593.69380735717,720.6044379545274
0.72575,0.8500000000000001,-49615.52281282756,742.4334434249176
0.72575,0.85625,-49637.637064620605,764.5476952179597
0.72575,0.8625,-49660.03511920929,786.9457498066477
0.72575,0.8687500000000001,-49682.71555741913,809.626188016482
0.72575,0.875,-49705.67698398027,832.5876145776274
0.72575,0.8812500000000001,-49728.91802709128,855.8286576886312
0.72575,0.8875,-49752.43733799359,879.3479685909479
0.72575,0.89375,-49776.23359055692,903.1442211542744
0.72575,0.9000000000000001,-49800.305480874784,927.2161114721384
0.72575,0.90625,-49824.65172687022,951.5623574675774
0.72575,0.9125000000000001,-49849.27106791117,976.1816985085243
0.72575,0.91875,-49874.162264435305,1001.0728950326593
0.72575,0.925,-49899.32409758412,1026.2347281814727
0.72575,0.9312500000000001,-49924.75536884579,1051.6659994431466
0.72575,0.9375,-49950.45489970686,1077.3655303042178
0.72575,0.9437500000000001,-49976.421531312124,1103.3321619094786
0.72575,0.95,-50002.65412413285,1129.564754730207
0.7288333333333334,0.2,-49369.13309753833,496.04372813568625
0.7288333333333334,0.20625000000000002,-49344.06967617329,470.98030677064526
0.7288333333333334,0.21250000000000002,-49319.80912492202,446.71975551937794
0.7288333333333334,0.21875,-49296.33662851933,423.2472591166879
0.7288333333333334,0.225,-49273.637883082505,400.54851367985975
0.7288333333333334,0.23125,-49251.699071512405,378.6097021097594
0.7288333333333334,0.23750000000000002,-49230.50684042221,357.4174710195657
0.7288333333333334,0.24375000000000002,-49210.04827847809,336.95890907544526
0.7288333333333334,0.25,-49190.310896046394,317.2215266437488
0.7288333333333334,0.25625000000000003,-49171.2826060511,298.19323664845433
0.7288333333333334,0.2625,-49152.951705953776,279.8623365511303
0.7288333333333334,0.26875000000000004,-49135.30686077567,262.21749137302686
0.7288333333333334,0.275,-49118.33708708837,245.247717685721
0.7288333333333334,0.28125,-49102.03173790556,228.94236850291782
0.7288333333333334,0.28750000000000003,-49086.38048841396,213.29111901131546
0.7288333333333334,0.29375,-49071.37332248654,198.28395308389736
0.7288333333333334,0.30000000000000004,-49057.000519925656,183.9111505230103
0.7288333333333334,0.30625,-49043.25264438774,170.16327498509781
0.7288333333333334,0.3125,-49030.12053194529,157.0311625426475
0.7288333333333334,0.31875000000000003,-49017.5952802449,144.50591084225744
0.7288333333333334,0.325,-49005.6682382234,132.578868820754
0.7288333333333334,0.33125000000000004,-48994.330996347155,121.24162694450933
0.7288333333333334,0.3375,-48983.57537734185,110.48600793920195
0.7288333333333334,0.34375,-48973.39342738273,100.30405798008724
0.7288333333333334,0.35000000000000003,-48963.77740771734,90.68803831469268
0.7288333333333334,0.35625,-48954.71978669482,81.63041729217366
0.7288333333333334,0.36250000000000004,-48946.21323217765,73.12386277500627
0.7288333333333334,0.36875,-48938.250604313434,65.16123491078906
0.7288333333333334,0.375,-48930.8249486458,57.73557924315537
0.7288333333333334,0.38125000000000003,-48923.92948954507,50.84012014242762
0.7288333333333334,0.3875,-48917.55762394049,44.468254537845496
0.7288333333333334,0.39375000000000004,-48911.70291533708,38.61354593443684
0.7288333333333334,0.4,-48906.359088101424,33.26971869877889
0.7288333333333334,0.40625,-48901.520022001525,28.430652598879533
0.7288333333333334,0.41250000000000003,-48897.17974698694,24.09037758429622
0.7288333333333334,0.41875,-48893.33243819632,20.243068793672137
0.7288333333333334,0.42500000000000004,-48889.972411180184,16.883041777538892
0.7288333333333334,0.43125,-48887.094117327695,14.004747925049742
0.7288333333333334,0.4375,-48884.69213948662,11.602770083976793
0.7288333333333334,0.44375000000000003,-48882.76118776672,9.671818364076898
0.7288333333333334,0.45,-48881.29609551697,8.206726114323828
0.7288333333333334,0.45625000000000004,-48880.291815467936,7.2024460652901325
0.7288333333333334,0.4625,-48879.74341603106,6.654046628413198
0.7288333333333334,0.46875,-48879.64607774693,6.556708344287472
0.7288333333333334,0.47500000000000003,-48879.99508987531,6.9057204726632335
0.7288333333333334,0.48125,-48880.78584711993,7.696477717283415
0.7288333333333334,0.48750000000000004,-48882.01384648166,8.924477079017379
0.7288333333333334,0.49375,-48883.674684233774,10.585314831128926
0.7288333333333334,0.5,-48885.764053013605,12.674683610959619
0.7288333333333334,0.5062500000000001,-48888.27773902516,15.188369622512255
0.7288333333333334,0.5125,-48891.211619347305,18.122249944659416
0.7288333333333334,0.51875,-48894.5616593431,21.472289940451446
0.7288333333333334,0.525,-48898.323910165,25.234540762357938
0.7288333333333334,0.53125,-48902.494506352305,29.40513694965921
0.7288333333333334,0.5375000000000001,-48907.06966351603,33.980294113382115
0.7288333333333334,0.54375,-48912.04567610785,38.95630670520768
0.7288333333333334,0.55,-48917.418915269096,44.329545866450644
0.7288333333333334,0.55625,-48923.185826756264,50.09645735361846
0.7288333333333334,0.5625,-48929.342928939936,56.25355953729013
0.7288333333333334,0.5687500000000001,-48935.88681087384,62.79744147119345
0.7288333333333334,0.575,-48942.814130430874,69.72476102822839
0.7288333333333334,0.58125,-48950.12161250363,77.03224310098449
0.7288333333333334,0.5875,-48957.80604726628,84.71667786363105
0.7288333333333334,0.59375,-48965.86428849562,92.77491909297532
0.7288333333333334,0.6000000000000001,-48974.29325194866,101.2038825460113
0.7288333333333334,0.60625,-48983.089913794305,110.00054439165979
0.7288333333333334,0.6125,-48992.25130909732,119.16193969467713
0.7288333333333334,0.61875,-49001.77453035195,128.68516094930237
0.7288333333333334,0.625,-49011.65672606365,138.56735666100576
0.7288333333333334,0.6312500000000001,-49021.89509937678,148.805729974134
0.7288333333333334,0.6375,-49032.48690674642,159.39753734377155
0.7288333333333334,0.64375,-49043.429456652746,170.34008725010062
0.7288333333333334,0.65,-49054.72010835615,181.6307389535068
0.7288333333333334,0.65625,-49066.35627069161,193.26690128896735
0.7288333333333334,0.6625000000000001,-49078.335400900774,205.246031498129
0.7288333333333334,0.66875,-49090.65500350037,217.56563409772207
0.7288333333333334,0.675,-49103.31262918544,230.22325978279696
0.7288333333333334,0.68125,-49116.30587376631,243.21650436366326
0.7288333333333334,0.6875,-49129.632377137794,256.5430077351484
0.7288333333333334,0.6937500000000001,-49143.289822279585,270.2004528769394
0.7288333333333334,0.7,-49157.27593428675,284.1865648841049
0.7288333333333334,0.70625,-49171.588479428945,298.4991100262996
0.7288333333333334,0.7125000000000001,-49186.22526423775,313.1358948351044
0.7288333333333334,0.71875,-49201.18413462059,328.0947652179457
0.7288333333333334,0.7250000000000001,-49216.4629750008,343.37360559815716
0.7288333333333334,0.73125,-49232.05970748254,358.97033807989646
0.7288333333333334,0.7375,-49247.972291039885,374.88292163723963
0.7288333333333334,0.7437500000000001,-49264.198720729066,391.10935132642044
0.7288333333333334,0.75,-49280.73702692331,407.6476575206616
0.7288333333333334,0.7562500000000001,-49297.58527456922,424.4959051665719
0.7288333333333334,0.7625,-49314.741562464216,441.65219306157087
0.7288333333333334,0.76875,-49332.20402255407,459.11465315142414
0.7288333333333334,0.7750000000000001,-49349.970819250026,476.8814498473803
0.7288333333333334,0.78125,-49368.040148764805,494.95077936215966
0.7288333333333334,0.7875000000000001,-49386.41023846688,513.320869064235
0.7288333333333334,0.79375,-49405.079346252256,531.9899768496107
0.7288333333333334,0.8,-49424.04575993352,550.9563905308751
0.7288333333333334,0.8062500000000001,-49443.30779664515,570.2184272425075
0.7288333333333334,0.8125,-49462.863802265,589.7744328623521
0.7288333333333334,0.8187500000000001,-49482.71215085102,609.6227814483718
0.7288333333333334,0.825,-49502.85124409308,629.7618746904336
0.7288333333333334,0.83125,-49523.27951077922,650.1901413765736
0.7288333333333334,0.8375000000000001,-49543.99540627582,670.9060368731734
0.7288333333333334,0.84375,-49564.997412021425,691.9080426187793
0.7288333333333334,0.8500000000000001,-49586.28403503372,713.1946656310756
0.7288333333333334,0.85625,-49607.8538074291,734.7644380264537
0.7288333333333334,0.8625,-49629.70528595474,756.6159165520949
0.7288333333333334,0.8687500000000001,-49651.837051532464,778.7476821298187
0.7288333333333334,0.875,-49674.24770881435,801.1583394117042
0.7288333333333334,0.8812500000000001,-49696.93588574939,823.8465163467481
0.7288333333333334,0.8875,-49719.90023316123,846.8108637585829
0.7288333333333334,0.89375,-49743.139424336274,870.0500549336284
0.7288333333333334,0.9000000000000001,-49766.652154622236,893.5627852195903
0.7288333333333334,0.90625,-49790.43714103647,917.3477716338239
0.7288333333333334,0.9125000000000001,-49814.493121884036,941.4037524813903
0.7288333333333334,0.91875,-49838.81885638509,965.7294869824473
0.7288333333333334,0.925,-49863.41312431138,990.3237549087353
0.7288333333333334,0.9312500000000001,-49888.27472563156,1015.185356228918
0.7288333333333334,0.9375,-49913.402480165096,1040.3131107624504
0.7288333333333334,0.9437500000000001,-49938.795227244445,1065.7058578418
0.7288333333333334,0.95,-49964.45182538536,1091.362455982715
0.7319166666666668,0.2,-49383.535347870864,510.4459784682185
0.7319166666666668,0.20625000000000002,-49358.23313894677,485.1437695441273
0.7319166666666668,0.21250000000000002,-49333.72796808276,460.63859868011787
0.7319166666666668,0.21875,-49310.00518418346,436.91581478081207
0.7319166666666668,0.225,-49287.05063924012,413.9612698374767
0.7319166666666668,0.23125,-49264.85066425446,391.76129485181445
0.7319166666666668,0.23750000000000002,-49243.392046649824,370.3026772471785
0.7319166666666668,0.24375000000000002,-49222.66200905788,349.5726396552345
0.7319166666666668,0.25,-49202.64818937848,329.5588199758349
0.7319166666666668,0.25625000000000003,-49183.33862201945,310.2492526168062
0.7319166666666668,0.2625,-49164.7217202311,291.63235082845495
0.7319166666666668,0.26875000000000004,-49146.78625945752,273.69689005487453
0.7319166666666668,0.275,-49129.521361633204,256.43199223055854
0.7319166666666668,0.28125,-49112.9164803594,239.82711095675768
0.7319166666666668,0.28750000000000003,-49096.96138690015,223.87201749750238
0.7319166666666668,0.29375,-49081.64615694245,208.55678753980465
0.7319166666666668,0.30000000000000004,-49066.96115806997,193.87178866732575
0.7319166666666668,0.30625,-49052.897037902956,179.80766850031068
0.7319166666666668,0.3125,-49039.44471286134,166.35534345869382
0.7319166666666668,0.31875000000000003,-49026.595357510945,153.5059881082998
0.7319166666666668,0.325,-49014.34039445583,141.251025053185
0.7319166666666668,0.33125000000000004,-49002.67148474261,129.58211533996655
0.7319166666666668,0.3375,-48991.58051874502,118.4911493423715
0.7319166666666668,0.34375,-48981.05960749936,107.97023809671373
0.7319166666666668,0.35000000000000003,-48971.10107446371,98.01170506106428
0.7319166666666668,0.35625,-48961.69744767533,88.60807827268582
0.7319166666666668,0.36250000000000004,-48952.841452283064,79.75208288041904
0.7319166666666668,0.36875,-48944.52600343246,71.43663402981474
0.7319166666666668,0.375,-48936.74419948367,63.654830081024556
0.7319166666666668,0.38125000000000003,-48929.48931554272,56.39994614007446
0.7319166666666668,0.3875,-48922.754797288726,49.66542788608058
0.7319166666666668,0.39375000000000004,-48916.534255080434,43.44488567778899
0.7319166666666668,0.4,-48910.82145832655,37.732088923905394
0.7319166666666668,0.40625,-48905.61033010551,32.52096070286643
0.7319166666666668,0.41250000000000003,-48900.89494202132,27.80557261867216
0.7319166666666668,0.41875,-48896.66950928244,23.580139879792114
0.7319166666666668,0.42500000000000004,-48892.92838599233,19.839016589685343
0.7319166666666668,0.43125,-48889.666060640215,16.57669123756932
0.7319166666666668,0.4375,-48886.877151781795,13.787782379149576
0.7319166666666668,0.44375000000000003,-48884.55640390015,11.467034497502027
0.7319166666666668,0.45,-48882.69868343756,9.609314034911222
0.7319166666666668,0.45625000000000004,-48881.298974989724,8.20960558707884
0.7319166666666668,0.4625,-48880.352377654155,7.263008251509746
0.7319166666666668,0.46875,-48879.85410152518,6.76473212253768
0.7319166666666668,0.47500000000000003,-48879.799464328404,6.7100949257583125
0.7319166666666668,0.48125,-48880.18388818765,7.094518785001128
0.7319166666666668,0.48750000000000004,-48881.002896518345,7.913527115699253
0.7319166666666668,0.49375,-48882.25211104098,9.16274163833441
0.7319166666666668,0.5,-48883.92724890915,10.837879506507306
0.7319166666666668,0.5062500000000001,-48886.02411994679,12.934750544147391
0.7319166666666668,0.5125,-48888.53862398947,15.44925458682701
0.7319166666666668,0.51875,-48891.46674832506,18.37737892241421
0.7319166666666668,0.525,-48894.80456522915,21.715195826502168
0.7319166666666668,0.53125,-48898.548229590946,25.458860188300605
0.7319166666666668,0.5375000000000001,-48902.693976625655,29.604607223009225
0.7319166666666668,0.54375,-48907.23811966944,34.148750266795105
0.7319166666666668,0.55,-48912.177048053316,39.08767865067057
0.7319166666666668,0.55625,-48917.50722505257,44.417855649924604
0.7319166666666668,0.5625,-48923.22518590845,50.13581650580454
0.7319166666666668,0.5687500000000001,-48929.3275359189,56.23816651625384
0.7319166666666668,0.575,-48935.810948595565,62.72157919291931
0.7319166666666668,0.58125,-48942.672163884105,69.58279448145913
0.7319166666666668,0.5875,-48949.90798644524,76.81861704259791
0.7319166666666668,0.59375,-48957.51528399408,84.42591459143296
0.7319166666666668,0.6000000000000001,-48965.49098569508,92.40161629243812
0.7319166666666668,0.60625,-48973.83208061072,100.7427112080768
0.7319166666666668,0.6125,-48982.53561620125,109.44624679860135
0.7319166666666668,0.61875,-48991.598696873945,118.50932747129991
0.7319166666666668,0.625,-49001.0184825795,127.92911317685503
0.7319166666666668,0.6312500000000001,-49010.7921874539,137.70281805125705
0.7319166666666668,0.6375,-49020.91707850383,147.82770910118415
0.7319166666666668,0.64375,-49031.390474334126,158.30110493148095
0.7319166666666668,0.65,-49042.2097439154,169.12037451275683
0.7319166666666668,0.65625,-49053.37230539044,180.2829359877942
0.7319166666666668,0.6625000000000001,-49064.875624917855,191.78625551520963
0.7319166666666668,0.66875,-49076.71721555157,203.62784614892735
0.7319166666666668,0.675,-49088.894636154786,215.8052667521406
0.7319166666666668,0.68125,-49101.40549034709,228.31612094444426
0.7319166666666668,0.6875,-49114.247425483634,241.1580560809889
0.7319166666666668,0.6937500000000001,-49127.41813166498,254.32876226233202
0.7319166666666668,0.7,-49140.91534077664,267.82597137399716
0.7319166666666668,0.70625,-49154.73682555722,281.6474561545765
0.7319166666666668,0.7125000000000001,-49168.880398694026,295.79102929138026
0.7319166666666668,0.71875,-49183.34391194524,310.2545425425924
0.7319166666666668,0.7250000000000001,-49198.125255287785,325.0358858851396
0.7319166666666668,0.73125,-49213.222356089726,340.1329866870801
0.7319166666666668,0.7375,-49228.633178306656,355.5438089040108
0.7319166666666668,0.7437500000000001,-49244.35572170097,371.26635229832755
0.7319166666666668,0.75,-49260.38802108336,387.2986516807141
0.7319166666666668,0.7562500000000001,-49276.72814557576,403.63877617311664
0.7319166666666668,0.7625,-49293.374197894984,420.2848284923384
0.7319166666666668,0.76875,-49310.32431365631,437.23494425366516
0.7319166666666668,0.7750000000000001,-49327.576660696475,454.4872912938299
0.7319166666666668,0.78125,-49345.129438415206,472.0400690125607
0.7319166666666668,0.7875000000000001,-49362.98087713492,489.8915077322745
0.7319166666666668,0.79375,-49381.12923747777,508.0398680751241
0.7319166666666668,0.8,-49399.57280975968,526.4834403570349
0.7319166666666668,0.8062500000000001,-49418.30991340052,545.2205439978716
0.7319166666666668,0.8125,-49437.33889635025,564.2495269476058
0.7319166666666668,0.8187500000000001,-49456.65813453025,583.5687651276021
0.7319166666666668,0.825,-49476.266031289415,603.1766618867696
0.7319166666666668,0.83125,-49496.161016874634,623.0716474719884
0.7319166666666668,0.8375000000000001,-49516.34154791506,643.2521785124118
0.7319166666666668,0.84375,-49536.80610691987,663.7167375172212
0.7319166666666668,0.8500000000000001,-49557.55320178892,684.4638323862746
0.7319166666666668,0.85625,-49578.58136533617,705.4919959335239
0.7319166666666668,0.8625,-49599.88915482508,726.7997854224377
0.7319166666666668,0.8687500000000001,-49621.47515151607,748.3857821134225
0.7319166666666668,0.875,-49643.33796022528,770.2485908226372
0.7319166666666668,0.8812500000000001,-49665.47620889453,792.3868394918827
0.7319166666666668,0.8875,-49687.888548172035,814.79917876939
0.7319166666666668,0.89375,-49710.57365100359,837.4842816009477
0.7319166666666668,0.9000000000000001,-49733.53021223389,860.4408428312454
0.7319166666666668,0.90625,-49756.75694821769,883.667578815046
0.7319166666666668,0.9125000000000001,-49780.252596440536,907.1632270378905
0.7319166666666668,0.91875,-49804.01591514874,930.9265457460933
0.7319166666666668,0.925,-49828.04568298839,954.9563135857461
0.7319166666666668,0.9312500000000001,-49852.34069865308,979.2513292504373
0.7319166666666668,0.9375,-49876.899780540116,1003.8104111374705
0.7319166666666668,0.9437500000000001,-49901.721766414965,1028.6323970123194
0.7319166666666668,0.95,-49926.805513083775,1053.7161436811293
0.7350000000000001,0.2,-49398.185717305576,525.0963479029306
0.7350000000000001,0.20625000000000002,-49372.64755232978,499.5581829271323
0.7350000000000001,0.21250000000000002,-49347.900572146464,474.8112027438183
0.7350000000000001,0.21875,-49323.93029030209,450.8409208994417
0.7350000000000001,0.225,-49300.722715153286,427.63334575064073
0.7350000000000001,0.23125,-49278.26432630953,405.1749569068852
0.7350000000000001,0.23750000000000002,-49256.54205252371,383.4526831210678
0.7350000000000001,0.24375000000000002,-49235.54325092197,362.45388151932275
0.7350000000000001,0.25,-49215.25568747379,342.16631807114754
0.7350000000000001,0.25625000000000003,-49195.66751861207,322.57814920942474
0.7350000000000001,0.2625,-49176.767273920326,303.6779045176809
0.7350000000000001,0.26875000000000004,-49158.54383981167,285.4544704090222
0.7350000000000001,0.275,-49140.9864441299,267.8970747272542
0.7350000000000001,0.28125,-49124.084641609385,250.99527220673917
0.7350000000000001,0.28750000000000003,-49107.82830013511,234.7389307324629
0.7350000000000001,0.29375,-49092.20758774903,219.1182183463825
0.7350000000000001,0.30000000000000004,-49077.21296035347,204.12359095082502
0.7350000000000001,0.30625,-49062.83515006572,189.7457806630773
0.7350000000000001,0.3125,-49049.06515418172,175.97578477907518
0.7350000000000001,0.31875000000000003,-49035.89422470999,162.80485530734586
0.7350000000000001,0.325,-49023.313858439775,150.2244890371294
0.7350000000000001,0.33125000000000004,-49011.315787510124,138.22641810747882
0.7350000000000001,0.3375,-48999.89197044895,126.80260104630725
0.7350000000000001,0.34375,-48989.034583653614,115.945214250969
0.7350000000000001,0.35000000000000003,-48978.73601328626,105.64664388361416
0.7350000000000001,0.35625,-48968.988847559405,95.89947815675987
0.7350000000000001,0.36250000000000004,-48959.78586938877,86.69649998612294
0.7350000000000001,0.36875,-48951.12004939187,78.03067998922779
0.7350000000000001,0.375,-48942.98453921272,69.89516981007182
0.7350000000000001,0.38125000000000003,-48935.3726651538,62.2832957511564
0.7350000000000001,0.3875,-48928.27792209835,55.18855269570486
0.7350000000000001,0.39375000000000004,-48921.693967706466,48.60459830382024
0.7350000000000001,0.4,-48915.61461687014,42.52524746749259
0.7350000000000001,0.40625,-48910.033836413146,36.944467010500375
0.7350000000000001,0.41250000000000003,-48904.94574002232,31.856370619672816
0.7350000000000001,0.41875,-48900.34458339825,27.25521399560239
0.7350000000000001,0.42500000000000004,-48896.22475961342,23.13539021077304
0.7350000000000001,0.43125,-48892.58079466724,19.491425264597638
0.7350000000000001,0.4375,-48889.40734322753,16.317973824887304
0.7350000000000001,0.44375000000000003,-48886.699184549085,13.60981514643936
0.7350000000000001,0.45,-48884.451218560236,11.361849157590768
0.7350000000000001,0.45625000000000004,-48882.65846210896,9.569092706311494
0.7350000000000001,0.4625,-48881.31604536052,8.226675957877887
0.7350000000000001,0.46875,-48880.41920833946,7.329838936813758
0.7350000000000001,0.47500000000000003,-48879.963297608396,6.873928205750417
0.7350000000000001,0.48125,-48879.94376307749,6.854393674846506
0.7350000000000001,0.48750000000000004,-48880.356154937974,7.266785535328381
0.7350000000000001,0.49375,-48881.196120713976,8.1067513113303
0.7350000000000001,0.5,-48882.45940242712,9.37003302447556
0.7350000000000001,0.5062500000000001,-48884.14183386852,11.052464465872617
0.7350000000000001,0.5125,-48886.23933797318,13.149968570534838
0.7350000000000001,0.51875,-48888.74792429233,15.658554889683728
0.7350000000000001,0.525,-48891.66368655895,18.574317156308098
0.7350000000000001,0.53125,-48894.98280034245,21.893430939802784
0.7350000000000001,0.5375000000000001,-48898.70152078847,25.61215138582338
0.7350000000000001,0.54375,-48902.816180440124,29.72681103747891
0.7350000000000001,0.55,-48907.32318713688,34.23381773423171
0.7350000000000001,0.55625,-48912.21902198799,39.129652585346776
0.7350000000000001,0.5625,-48917.500237416985,44.41086801433994
0.7350000000000001,0.5687500000000001,-48923.16345527436,50.074085871718125
0.7350000000000001,0.575,-48929.205365015456,56.115995612810366
0.7350000000000001,0.58125,-48935.62272194086,62.533352538215695
0.7350000000000001,0.5875,-48942.41234549666,69.32297609401576
0.7350000000000001,0.59375,-48949.57111763202,76.4817482293729
0.7350000000000001,0.6000000000000001,-48957.09598121188,84.00661180923635
0.7350000000000001,0.60625,-48964.983938482364,91.89456907971908
0.7350000000000001,0.6125,-48973.232049586804,100.14268018415896
0.7350000000000001,0.61875,-48981.837431130414,108.7480617277688
0.7350000000000001,0.625,-48990.797254791556,117.70788538891065
0.7350000000000001,0.6312500000000001,-49000.108745977894,127.01937657524832
0.7350000000000001,0.6375,-49009.76918252547,136.6798131228279
0.7350000000000001,0.64375,-49019.7758934393,146.68652403665328
0.7350000000000001,0.65,-49030.126257673575,157.03688827092992
0.7350000000000001,0.65625,-49040.81770295022,167.72833354757313
0.7350000000000001,0.6625000000000001,-49051.847704614134,178.75833521148888
0.7350000000000001,0.66875,-49063.2137845239,190.12441512125224
0.7350000000000001,0.675,-49074.91350997645,201.8241405738081
0.7350000000000001,0.68125,-49086.94449266456,213.85512326191383
0.7350000000000001,0.6875,-49099.304387665914,226.21501826326858
0.7350000000000001,0.6937500000000001,-49111.99089246251,238.90152305986703
0.7350000000000001,0.7,-49125.00174598945,251.9123765868062
0.7350000000000001,0.70625,-49138.33472771183,265.24535830918467
0.7350000000000001,0.7125000000000001,-49151.98765672895,278.8982873263012
0.7350000000000001,0.71875,-49165.958390904656,292.8690215020106
0.7350000000000001,0.7250000000000001,-49180.244826023045,307.1554566203995
0.7350000000000001,0.73125,-49194.8448949686,321.7555255659536
0.7350000000000001,0.7375,-49209.75656692972,336.66719752707286
0.7350000000000001,0.7437500000000001,-49224.977846625174,351.8884772225283
0.7350000000000001,0.75,-49240.50677355238,367.41740414973174
0.7350000000000001,0.7562500000000001,-49256.34142125687,383.2520518542224
0.7350000000000001,0.7625,-49272.47989662221,399.3905272195625
0.7350000000000001,0.76875,-49288.920339179786,415.8309697771401
0.7350000000000001,0.7750000000000001,-49305.66092043753,432.57155103488185
0.7350000000000001,0.78125,-49322.699843227216,449.61047382457036
0.7350000000000001,0.7875000000000001,-49340.03534106958,466.9459716669371
0.7350000000000001,0.79375,-49357.665677556666,484.5763081540208
0.7350000000000001,0.8,-49375.589145750855,502.4997763482097
0.7350000000000001,0.8062500000000001,-49393.804067600075,520.7146981974292
0.7350000000000001,0.8125,-49412.308793368604,539.2194239659584
0.7350000000000001,0.8187500000000001,-49431.10170108295,558.0123316803074
0.7350000000000001,0.825,-49450.18119599244,577.0918265897926
0.7350000000000001,0.83125,-49469.54571004386,596.4563406412126
0.7350000000000001,0.8375000000000001,-49489.19370136992,616.1043319672754
0.7350000000000001,0.84375,-49509.12365379093,636.0342843882827
0.7350000000000001,0.8500000000000001,-49529.33407632934,656.2447069266927
0.7350000000000001,0.85625,-49549.823502736814,676.7341333341683
0.7350000000000001,0.8625,-49570.59049103326,697.5011216306157
0.7350000000000001,0.8687500000000001,-49591.6336230577,718.5442536550545
0.7350000000000001,0.875,-49612.95150403041,739.862134627765
0.7350000000000001,0.8812500000000001,-49634.542762126075,761.4533927234297
0.7350000000000001,0.8875,-49656.40604805763,783.3166786549846
0.7350000000000001,0.89375,-49678.54003467047,805.4506652678247
0.7350000000000001,0.9000000000000001,-49700.943416546674,827.8540471440283
0.7350000000000001,0.90625,-49723.61490961896,850.5255402163166
0.7350000000000001,0.9125000000000001,-49746.553250794175,873.4638813915299
0.7350000000000001,0.91875,-49769.757197585845,896.6678281831992
0.7350000000000001,0.925,-49793.225527755785,920.1361583531398
0.7350000000000001,0.9312500000000001,-49816.9570389642,943.8676695615577
0.7350000000000001,0.9375,-49840.95054842834,967.8611790256982
0.7350000000000001,0.9437500000000001,-49865.20489258923,992.115523186585
0.7350000000000001,0.95,-49889.71892678634,1016.6295573836978
0.7380833333333334,0.2,-49413.086160693536,539.9967912908905
0.7380833333333334,0.20625000000000002,-49387.314905442436,514.2255360397903
0.7380833333333334,0.21250000000000002,-49362.32896027065,489.2395908680046
0.7380833333333334,0.21875,-49338.114003826624,465.02463442397857
0.7380833333333334,0.225,-49314.6562013129,441.56683191025513
0.7380833333333334,0.23125,-49291.94218144397,418.8528120413248
0.7380833333333334,0.23750000000000002,-49269.95901481288,396.8696454102319
0.7380833333333334,0.24375000000000002,-49248.694193561285,375.60482415863953
0.7380833333333334,0.25,-49228.13561225748,355.0462428548344
0.7380833333333334,0.25625000000000003,-49208.271549894285,335.1821804916399
0.7380833333333334,0.2625,-49189.09065292735,316.00128352470347
0.7380833333333334,0.26875000000000004,-49170.58191927986,297.4925498772136
0.7380833333333334,0.275,-49152.73468324703,279.64531384438305
0.7380833333333334,0.28125,-49135.53860123802,262.4492318353732
0.7380833333333334,0.28750000000000003,-49118.98363829899,245.89426889634342
0.7380833333333334,0.29375,-49103.060055364804,229.9706859621583
0.7380833333333334,0.30000000000000004,-49087.75839719133,214.66902778868098
0.7380833333333334,0.30625,-49073.06948092394,199.98011152129766
0.7380833333333334,0.3125,-49058.98438526135,185.89501585870312
0.7380833333333334,0.31875000000000003,-49045.49444017672,172.40507077407528
0.7380833333333334,0.325,-49032.59121716124,159.50184775859816
0.7380833333333334,0.33125000000000004,-49020.2665199576,147.177150554955
0.7380833333333334,0.3375,-49008.51237575336,135.42300635071297
0.7380833333333334,0.34375,-48997.3210268063,124.2316574036522
0.7380833333333334,0.35000000000000003,-48986.68492247592,113.59555307327537
0.7380833333333334,0.35625,-48976.59671163693,103.50734223428299
0.7380833333333334,0.36250000000000004,-48967.049235452476,93.95986604983045
0.7380833333333334,0.36875,-48958.03552048614,84.94615108349535
0.7380833333333334,0.375,-48949.54877213342,76.45940273077576
0.7380833333333334,0.38125000000000003,-48941.5823683544,68.492998951755
0.7380833333333334,0.3875,-48934.1298536911,61.04048428845272
0.7380833333333334,0.39375000000000004,-48927.18493355317,54.095564150527935
0.7380833333333334,0.4,-48920.741468757755,47.652099355109385
0.7380833333333334,0.40625,-48914.79347030936,41.70410090671794
0.7380833333333334,0.41250000000000003,-48909.33509440698,36.245725004337146
0.7380833333333334,0.41875,-48904.3606376663,31.271268263655656
0.7380833333333334,0.42500000000000004,-48899.86453254583,26.775163143182
0.7380833333333334,0.43125,-48895.841342966094,22.7519735634487
0.7380833333333334,0.4375,-48892.28576011211,19.19639070946141
0.7380833333333334,0.44375000000000003,-48889.19259840972,16.103229007072514
0.7380833333333334,0.45,-48886.55679166691,13.467422264264314
0.7380833333333334,0.45625000000000004,-48884.37338937198,11.284019969330984
0.7380833333333334,0.4625,-48882.63755314068,9.548183738035732
0.7380833333333334,0.46875,-48881.344553305054,8.255183902409044
0.7380833333333334,0.47500000000000003,-48880.48976563694,7.400396234297659
0.7380833333333334,0.48125,-48880.06866819986,6.97929879721778
0.7380833333333334,0.48750000000000004,-48880.07683832302,6.987468920371612
0.7380833333333334,0.49375,-48880.50994969151,7.420580288868223
0.7380833333333334,0.5,-48881.363769547635,8.274400144990068
0.7380833333333334,0.5062500000000001,-48882.63415599769,9.544786595048208
0.7380833333333334,0.5125,-48884.31705541977,11.227686017125961
0.7380833333333334,0.51875,-48886.40849996773,13.31913056508347
0.7380833333333334,0.525,-48888.90460516696,15.815235764312092
0.7380833333333334,0.53125,-48891.80156759803,18.71219819538237
0.7380833333333334,0.5375000000000001,-48895.09566266404,22.006293261394603
0.7380833333333334,0.54375,-48898.78324243813,25.693873035481374
0.7380833333333334,0.55,-48902.86073358762,29.771364184976846
0.7380833333333334,0.55625,-48907.32463537144,34.23526596879674
0.7380833333333334,0.5625,-48912.1715177076,39.08214830495126
0.7380833333333334,0.5687500000000001,-48917.39801930792,44.30864990527334
0.7380833333333334,0.575,-48923.000845876915,49.911476474269875
0.7380833333333334,0.58125,-48928.97676837236,55.88739896971674
0.7380833333333334,0.5875,-48935.32262132481,62.233251922167256
0.7380833333333334,0.59375,-48942.03530121366,68.94593181101664
0.7380833333333334,0.6000000000000001,-48949.11176489754,76.02239549489605
0.7380833333333334,0.60625,-48956.549028096655,83.4596586940097
0.7380833333333334,0.6125,-48964.34416392509,91.25479452244326
0.7380833333333334,0.61875,-48972.49430147106,99.40493206841347
0.7380833333333334,0.625,-48980.99662442314,107.90725502049463
0.7380833333333334,0.6312500000000001,-48989.84836974074,116.7590003380974
0.7380833333333334,0.6375,-48999.04682636701,125.95745696436643
0.7380833333333334,0.64375,-49008.58933398257,135.4999645799253
0.7380833333333334,0.65,-49018.47328179846,145.38391239581688
0.7380833333333334,0.65625,-49028.696107386895,155.60673798424978
0.7380833333333334,0.6625000000000001,-49039.25529554821,166.1659261455643
0.7380833333333334,0.66875,-49050.14837721278,177.0590078101377
0.7380833333333334,0.675,-49061.372928376615,188.28355897396978
0.7380833333333334,0.68125,-49072.926569069146,199.83719966650096
0.7380833333333334,0.6875,-49084.80696235238,211.71759294973162
0.7380833333333334,0.6937500000000001,-49097.011813349905,223.92244394726004
0.7380833333333334,0.7,-49109.5388683049,236.4494989022569
0.7380833333333334,0.70625,-49122.38591366604,249.29654426339403
0.7380833333333334,0.7125000000000001,-49135.550775200165,262.46140579751955
0.7380833333333334,0.71875,-49149.031317131,275.9419477283518
0.7380833333333334,0.7250000000000001,-49162.82544130276,289.73607190011535
0.7380833333333334,0.73125,-49176.93108636789,303.8417169652457
0.7380833333333334,0.7375,-49191.34622699814,318.2568575954938
0.7380833333333334,0.7437500000000001,-49206.06887311798,332.97950371533807
0.7380833333333334,0.75,-49221.09706915979,348.007699757145
0.7380833333333334,0.7562500000000001,-49236.42889333994,363.33952393729123
0.7380833333333334,0.7625,-49252.0624569551,378.9730875524547
0.7380833333333334,0.76875,-49267.99590369813,394.90653429548547
0.7380833333333334,0.7750000000000001,-49284.22740899277,411.1380395901215
0.7380833333333334,0.78125,-49300.75517934661,427.66580994396645
0.7380833333333334,0.7875000000000001,-49317.57745172178,444.48808231913426
0.7380833333333334,0.79375,-49334.69249292255,461.60312351990433
0.7380833333333334,0.8,-49352.09859899957,479.0092295969225
0.7380833333333334,0.8062500000000001,-49369.794094669975,496.7047252673292
0.7380833333333334,0.8125,-49387.777332753,514.6879633503559
0.7380833333333334,0.8187500000000001,-49406.04669362048,532.9573242178376
0.7380833333333334,0.825,-49424.60058466188,551.5112152592337
0.7380833333333334,0.83125,-49443.43743976327,570.3480703606256
0.7380833333333334,0.8375000000000001,-49462.55571879992,589.4663493972766
0.7380833333333334,0.84375,-49481.95390714201,608.8645377393623
0.7380833333333334,0.8500000000000001,-49501.63051517306,628.5411457704176
0.7380833333333334,0.85625,-49521.58407782073,648.4947084180822
0.7380833333333334,0.8625,-49541.81315409948,668.7237846968346
0.7380833333333334,0.8687500000000001,-49562.31632666494,689.2269572622972
0.7380833333333334,0.875,-49583.09220137944,710.0028319767953
0.7380833333333334,0.8812500000000001,-49604.13940688844,731.0500374857947
0.7380833333333334,0.8875,-49625.45659420749,752.367224804846
0.7380833333333334,0.89375,-49647.04243631954,773.9530669168962
0.7380833333333334,0.9000000000000001,-49668.895627782076,795.8062583794308
0.7380833333333334,0.90625,-49691.01488434397,817.925514941322
0.7380833333333334,0.9125000000000001,-49713.398942571665,840.3095731690191
0.7380833333333334,0.91875,-49736.04655948447,862.9571900818264
0.7380833333333334,0.925,-49758.95651219867,885.8671427960217
0.7380833333333334,0.9312500000000001,-49782.127597580155,909.0382281775092
0.7380833333333334,0.9375,-49805.558631905486,932.4692625028401
0.7380833333333334,0.9437500000000001,-49829.24845053094,956.1590811282949
0.7380833333333334,0.95,-49853.19590756943,980.1065381667868
0.7411666666666668,0.2,-49428.23866150802,555.1492921053723
0.7411666666666668,0.20625000000000002,-49402.23721678421,529.147847381566
0.7411666666666668,0.21250000000000002,-49377.015185752316,503.92581634967064
0.7411666666666668,0.21875,-49352.558412610575,479.46904320792964
0.7411666666666668,0.225,-49328.853219876764,455.76385047411895
0.7411666666666668,0.23125,-49305.88638585749,432.797016454846
0.7411666666666668,0.23750000000000002,-49283.64512348736,410.55575408471486
0.7411666666666668,0.24375000000000002,-49262.117060436445,389.0276910337998
0.7411666666666668,0.25,-49241.29022039343,368.2008509907828
0.7411666666666668,0.25625000000000003,-49221.15300543941,348.06363603676436
0.7411666666666668,0.2625,-49201.69417943501,328.6048100323678
0.7411666666666668,0.26875000000000004,-49182.90285234946,309.8134829468181
0.7411666666666668,0.275,-49164.76846546666,291.6790960640137
0.7411666666666668,0.28125,-49147.2807774081,274.19140800545574
0.7411666666666668,0.28750000000000003,-49130.42985091782,257.34048151517345
0.7411666666666668,0.29375,-49114.206040358324,241.11667095567827
0.7411666666666668,0.30000000000000004,-49098.59997987113,225.5106104684819
0.7411666666666668,0.30625,-49083.602572158445,210.51320275579928
0.7411666666666668,0.3125,-49069.2049778465,196.1156084438553
0.7411666666666668,0.31875000000000003,-49055.39860539336,182.30923599071684
0.7411666666666668,0.325,-49042.17510150756,169.08573210491159
0.7411666666666668,0.33125000000000004,-49029.5263420455,156.43697264285584
0.7411666666666668,0.3375,-49017.44442335896,144.3550539563148
0.7411666666666668,0.34375,-49005.92165406494,132.83228466229775
0.7411666666666668,0.35000000000000003,-48994.95054721306,121.86117781041685
0.7411666666666668,0.35625,-48984.52381282693,111.4344434242812
0.7411666666666668,0.36250000000000004,-48974.63435079757,101.54498139492352
0.7411666666666668,0.36875,-48965.27524410878,92.1858747061342
0.7411666666666668,0.375,-48956.43975237532,83.35038297267602
0.7411666666666668,0.38125000000000003,-48948.12130567635,75.03193627370638
0.7411666666666668,0.3875,-48940.313498667674,67.22412926502875
0.7411666666666668,0.39375000000000004,-48933.01008495725,59.92071555460279
0.7411666666666668,0.4,-48926.20497172975,53.11560232710326
0.7411666666666668,0.40625,-48919.892214606574,46.80284520392888
0.7411666666666668,0.41250000000000003,-48914.06601272873,40.9766433260811
0.7411666666666668,0.41875,-48908.720704050866,35.63133464822022
0.7411666666666668,0.42500000000000004,-48903.85076083524,30.761391432592063
0.7411666666666668,0.43125,-48899.45078533531,26.361415932668024
0.7411666666666668,0.4375,-48895.51550565925,22.42613625660306
0.7411666666666668,0.44375000000000003,-48892.03977180408,18.950402401431347
0.7411666666666668,0.45,-48889.018551852016,15.929182449370273
0.7411666666666668,0.45625000000000004,-48886.446928320715,13.357558918069117
0.7411666666666668,0.4625,-48884.320094659946,11.230725257300946
0.7411666666666668,0.46875,-48882.63335188752,9.543982484872686
0.7411666666666668,0.47500000000000003,-48881.38210535758,8.292735954935779
0.7411666666666668,0.48125,-48880.56186165505,7.472492252403754
0.7411666666666668,0.48750000000000004,-48880.168225610105,7.0788562074594665
0.7411666666666668,0.49375,-48880.19689742707,7.1075280244258465
0.7411666666666668,0.5,-48880.6436699224,7.554300519754179
0.7411666666666668,0.5062500000000001,-48881.504425866515,8.415056463869405
0.7411666666666668,0.5125,-48882.775135425,9.685766022354073
0.7411666666666668,0.51875,-48884.451853694394,11.362484291748842
0.7411666666666668,0.525,-48886.5307183284,13.441348925756756
0.7411666666666668,0.53125,-48889.00794725044,15.918577847791312
0.7411666666666668,0.5375000000000001,-48891.87983644873,18.790467046084814
0.7411666666666668,0.54375,-48895.14275785029,22.053388447646284
0.7411666666666668,0.55,-48898.7931572703,25.7037878676565
0.7411666666666668,0.55625,-48902.827552433686,29.738183031040535
0.7411666666666668,0.5625,-48907.24253106574,34.1531616630964
0.7411666666666668,0.5687500000000001,-48912.03474904891,38.945379646262154
0.7411666666666668,0.575,-48917.20092864285,44.11155924020568
0.7411666666666668,0.58125,-48922.737856765234,49.64848736258864
0.7411666666666668,0.5875,-48928.64238333063,55.553013927987195
0.7411666666666668,0.59375,-48934.91141964518,61.822050242531986
0.7411666666666668,0.6000000000000001,-48941.54193685474,68.4525674520919
0.7411666666666668,0.60625,-48948.53096444428,75.4415950416369
0.7411666666666668,0.6125,-48955.87558878658,82.7862193839319
0.7411666666666668,0.61875,-48963.572951738104,90.48358233545878
0.7411666666666668,0.625,-48971.62024928031,98.53087987766776
0.7411666666666668,0.6312500000000001,-48980.014730204544,106.92536080189893
0.7411666666666668,0.6375,-48988.75369483879,115.66432543614792
0.7411666666666668,0.64375,-48997.83449381476,124.74512441211118
0.7411666666666668,0.65,-49007.25452687353,134.16515747088124
0.7411666666666668,0.65625,-49017.01124170865,143.92187230600393
0.7411666666666668,0.6625000000000001,-49027.10213284484,154.01276344219514
0.7411666666666668,0.66875,-49037.524740551286,164.43537114864012
0.7411666666666668,0.675,-49048.27664978805,175.18728038540576
0.7411666666666668,0.68125,-49059.35548918446,186.2661197818161
0.7411666666666668,0.6875,-49070.758930048236,197.66956064559054
0.7411666666666668,0.6937500000000001,-49082.48468540427,209.39531600162445
0.7411666666666668,0.7,-49094.53050906192,221.4411396592768
0.7411666666666668,0.70625,-49106.89419470992,233.8048253072775
0.7411666666666668,0.7125000000000001,-49119.573575037684,246.48420563503896
0.7411666666666668,0.71875,-49132.56652088241,259.47715147976123
0.7411666666666668,0.7250000000000001,-49145.87094040059,272.7815709979477
0.7411666666666668,0.73125,-49159.48477826365,286.3954088610044
0.7411666666666668,0.7375,-49173.406014876266,300.31664547362016
0.7411666666666668,0.7437500000000001,-49187.632665617115,314.5432962144696
0.7411666666666668,0.75,-49202.16278010094,329.0734106982927
0.7411666666666668,0.7562500000000001,-49216.99444146124,343.90507205859467
0.7411666666666668,0.7625,-49232.1257656531,359.03639625045616
0.7411666666666668,0.76875,-49247.554900775205,374.4655313725598
0.7411666666666668,0.7750000000000001,-49263.280026410546,390.1906570079009
0.7411666666666668,0.78125,-49279.29935298517,406.2099835825211
0.7411666666666668,0.7875000000000001,-49295.611121144415,422.52175174176955
0.7411666666666668,0.79375,-49312.213601145915,439.1242317432698
0.7411666666666668,0.8,-49329.10509226898,456.01572286633746
0.7411666666666668,0.8062500000000001,-49346.28392223976,473.1945528371143
0.7411666666666668,0.8125,-49363.74844667161,490.65907726896694
0.7411666666666668,0.8187500000000001,-49381.497048520396,508.4076791177504
0.7411666666666668,0.825,-49399.528137553876,526.4387681512308
0.7411666666666668,0.83125,-49417.84014983515,544.7507804325069
0.7411666666666668,0.8375000000000001,-49436.43154721942,563.3421778167758
0.7411666666666668,0.84375,-49455.30081686372,582.2114474610717
0.7411666666666668,0.8500000000000001,-49474.446470749324,601.357101346679
0.7411666666666668,0.85625,-49493.867045216306,620.7776758136606
0.7411666666666668,0.8625,-49513.56110050992,640.4717311072745
0.7411666666666668,0.8687500000000001,-49533.52722033845,660.4378509358066
0.7411666666666668,0.875,-49553.76401144217,680.6746420395211
0.7411666666666668,0.8812500000000001,-49574.27010317311,701.1807337704668
0.7411666666666668,0.8875,-49595.04414708524,721.954777682593
0.7411666666666668,0.89375,-49616.084816534785,742.9954471321398
0.7411666666666668,0.9000000000000001,-49637.390806290445,764.3014368877994
0.7411666666666668,0.90625,-49658.96083215305,785.8714627504014
0.7411666666666668,0.9125000000000001,-49680.79363058463,807.7042611819852
0.7411666666666668,0.91875,-49702.88795834635,829.7985889437041
0.7411666666666668,0.925,-49725.24259214524,852.1532227425923
0.7411666666666668,0.9312500000000001,-49747.856328289374,874.7669588867284
0.7411666666666668,0.9375,-49770.72798235139,897.6386129487437
0.7411666666666668,0.9437500000000001,-49793.85638883981,920.7670194371676
0.7411666666666668,0.95,-49817.24040087838,944.1510314757325
0.7442500000000001,0.2,-49443.645232414245,570.5558630115993
0.7442500000000001,0.20625000000000002,-49417.416534823984,544.3271654213386
0.7442500000000001,0.21250000000000002,-49391.96133263875,518.8719632361026
0.7442500000000001,0.21875,-49367.26563604137,494.17626663872215
0.7442500000000001,0.225,-49343.315925322575,470.2265559199295
0.7442500000000001,0.23125,-49320.09912885756,447.0097594549152
0.7442500000000001,0.23750000000000002,-49297.60260241431,424.5132330116612
0.7442500000000001,0.24375000000000002,-49275.81410969548,402.7247402928333
0.7442500000000001,0.25,-49254.72180402406,381.6324346214169
0.7442500000000001,0.25625000000000003,-49234.314211090685,361.2248416880393
0.7442500000000001,0.2625,-49214.58021268761,341.49084328496247
0.7442500000000001,0.26875000000000004,-49195.50903136034,322.4196619576978
0.7442500000000001,0.275,-49177.090215913835,304.0008465111896
0.7442500000000001,0.28125,-49159.313627715106,286.22425831246073
0.7442500000000001,0.28750000000000003,-49142.16942773876,269.0800583361124
0.7442500000000001,0.29375,-49125.64806430637,252.55869490372424
0.7442500000000001,0.30000000000000004,-49109.740261474195,236.6508920715496
0.7442500000000001,0.30625,-49094.43700802748,221.3476386248367
0.7442500000000001,0.3125,-49079.7295470425,206.64017763985612
0.7442500000000001,0.31875000000000003,-49065.60936598068,192.5199965780339
0.7442500000000001,0.325,-49052.06818728165,178.97881787900405
0.7442500000000001,0.33125000000000004,-49039.09795942446,166.00859002181824
0.7442500000000001,0.3375,-49026.69084842861,153.6014790259651
0.7442500000000001,0.34375,-49014.83922976829,141.74986036564223
0.7442500000000001,0.35000000000000003,-49003.535680675515,130.44631127286993
0.7442500000000001,0.35625,-48992.77297280906,119.68360340641811
0.7442500000000001,0.36250000000000004,-48982.544065268106,109.45469586546096
0.7442500000000001,0.36875,-48972.84209793076,99.75272852811759
0.7442500000000001,0.375,-48963.66038509895,90.57101569630322
0.7442500000000001,0.38125000000000003,-48954.99240943253,81.90304002988705
0.7442500000000001,0.3875,-48946.831816156504,73.74244675385853
0.7442500000000001,0.39375000000000004,-48939.17240752627,66.08303812362283
0.7442500000000001,0.4,-48932.00813753692,58.918768134273705
0.7442500000000001,0.40625,-48925.33310686347,52.243737460827106
0.7442500000000001,0.41250000000000003,-48919.14155801959,46.05218861694448
0.7442500000000001,0.41875,-48913.427870723346,40.33850132070074
0.7442500000000001,0.42500000000000004,-48908.18655745929,35.09718805664306
0.7442500000000001,0.43125,-48903.41225922643,30.32288982378668
0.7442500000000001,0.4375,-48899.099741462865,26.010372060220107
0.7442500000000001,0.44375000000000003,-48895.2438901379,22.154520735253755
0.7442500000000001,0.45,-48891.839708003376,18.750338600730174
0.7442500000000001,0.45625000000000004,-48888.882310996225,15.792941593579599
0.7442500000000001,0.4625,-48886.36692478474,13.27755538209749
0.7442500000000001,0.46875,-48884.288881451714,11.19951204906829
0.7442500000000001,0.47500000000000003,-48882.64361630757,9.554246904925094
0.7442500000000001,0.48125,-48881.426664827566,8.33729542492074
0.7442500000000001,0.48750000000000004,-48880.633659706844,7.544290304198512
0.7442500000000001,0.49375,-48880.26032802806,7.170958625414642
0.7442500000000001,0.5,-48880.302488536225,7.213119133579312
0.7442500000000001,0.5062500000000001,-48880.756049015676,7.666679613030283
0.7442500000000001,0.5125,-48881.61700376478,8.527634362137178
0.7442500000000001,0.51875,-48882.88143116368,9.792061761036166
0.7442500000000001,0.525,-48884.545491330995,11.456121928349603
0.7442500000000001,0.53125,-48886.605423865505,13.516054462859756
0.7442500000000001,0.5375000000000001,-48889.05754566903,15.968176266382216
0.7442500000000001,0.54375,-48891.89824884696,18.808879444317427
0.7442500000000001,0.55,-48895.123998683055,22.034629280409717
0.7442500000000001,0.55625,-48898.73133168522,25.64196228257788
0.7442500000000001,0.5625,-48902.71685369943,29.627484296783223
0.7442500000000001,0.5687500000000001,-48907.07723808864,33.987868685995636
0.7442500000000001,0.575,-48911.80922397415,38.71985457150731
0.7442500000000001,0.58125,-48916.909614536744,43.82024513409851
0.7442500000000001,0.5875,-48922.37527537501,49.28590597236325
0.7442500000000001,0.59375,-48928.20313291875,55.1137635161067
0.7442500000000001,0.6000000000000001,-48934.39017289496,61.30080349231139
0.7442500000000001,0.60625,-48940.933438844426,67.84406944178045
0.7442500000000001,0.6125,-48947.83003068679,74.74066128414415
0.7442500000000001,0.61875,-48955.07710333228,81.9877339296363
0.7442500000000001,0.625,-48962.67186533809,89.58249593544315
0.7442500000000001,0.6312500000000001,-48970.61157760781,97.52220820516231
0.7442500000000001,0.6375,-48978.89355213214,105.80418272949464
0.7442500000000001,0.64375,-48987.51515076934,114.42578136669181
0.7442500000000001,0.65,-48996.47378406377,123.38441466112272
0.7442500000000001,0.65625,-49005.76691010129,132.67754069864168
0.7442500000000001,0.6625000000000001,-49015.39203339987,142.30266399722314
0.7442500000000001,0.66875,-49025.34670383431,152.25733443166246
0.7442500000000001,0.675,-49035.62851559361,162.53914619096759
0.7442500000000001,0.68125,-49046.2351061699,173.14573676725558
0.7442500000000001,0.6875,-49057.164155377744,184.07478597509908
0.7442500000000001,0.6937500000000001,-49068.41338440268,195.3240150000347
0.7442500000000001,0.7,-49079.980554877926,206.8911854752805
0.7442500000000001,0.70625,-49091.863467988325,218.7740985856799
0.7442500000000001,0.7125000000000001,-49104.05996360042,230.9705941977736
0.7442500000000001,0.71875,-49116.56791941782,243.47855001517746
0.7442500000000001,0.7250000000000001,-49129.385250161,256.29588075835636
0.7442500000000001,0.73125,-49142.5099067705,269.420537367856
0.7442500000000001,0.7375,-49155.939875632954,282.8505062303084
0.7442500000000001,0.7437500000000001,-49169.67317782897,296.58380842632323
0.7442500000000001,0.75,-49183.70786840213,310.6184989994872
0.7442500000000001,0.7562500000000001,-49198.04203564857,324.9526662459248
0.7442500000000001,0.7625,-49212.67380042611,339.5844310234679
0.7442500000000001,0.76875,-49227.601315482636,354.5119460799906
0.7442500000000001,0.7750000000000001,-49242.82276480281,369.73339540016605
0.7442500000000001,0.78125,-49258.33636297268,385.24699357003556
0.7442500000000001,0.7875000000000001,-49274.140354561474,401.05098515882855
0.7442500000000001,0.79375,-49290.23301352007,417.1436441174228
0.7442500000000001,0.8,-49306.6126425956,433.5232731929573
0.7442500000000001,0.8062500000000001,-49323.27757276168,450.1882033590373
0.7442500000000001,0.8125,-49340.22616266369,467.13679326104466
0.7442500000000001,0.8187500000000001,-49357.456798078696,484.3674286760506
0.7442500000000001,0.825,-49374.9678913895,501.8785219868514
0.7442500000000001,0.83125,-49392.75788107242,519.6685116697772
0.7442500000000001,0.8375000000000001,-49410.8252311983,537.7358617956561
0.7442500000000001,0.84375,-49429.16843094642,556.0790615437727
0.7442500000000001,0.8500000000000001,-49447.78599413079,574.6966247281453
0.7442500000000001,0.85625,-49466.67645873857,593.5870893359242
0.7442500000000001,0.8625,-49485.8383864802,612.7490170775563
0.7442500000000001,0.8687500000000001,-49505.27036235075,632.1809929481024
0.7442500000000001,0.875,-49524.970994202464,651.8816247998184
0.7442500000000001,0.8812500000000001,-49544.938912327736,671.8495429250906
0.7442500000000001,0.8875,-49565.172769052646,692.0833996500005
0.7442500000000001,0.89375,-49585.671238340365,712.5818689377193
0.7442500000000001,0.9000000000000001,-49606.4330154044,733.3436460017547
0.7442500000000001,0.90625,-49627.45681633119,754.367446928547
0.7442500000000001,0.9125000000000001,-49648.74137771201,775.6520083093637
0.7442500000000001,0.91875,-49670.285456283586,797.1960868809401
0.7442500000000001,0.925,-49692.0878285776,818.9984591749526
0.7442500000000001,0.9312500000000001,-49714.147290578345,841.0579211756994
0.7442500000000001,0.9375,-49736.46265738869,863.3732879860472
0.7442500000000001,0.9437500000000001,-49759.03276290394,885.943393501293
0.7442500000000001,0.95,-49781.85645949333,908.7670900906814
0.7473333333333334,0.2,-49459.30791585374,586.2185464510912
0.7473333333333334,0.20625000000000002,-49432.85493860552,559.7655692028711
0.7473333333333334,0.21250000000000002,-49407.169516354195,534.08014695155
0.7473333333333334,0.21875,-49382.23782568871,509.1484562860642
0.7473333333333334,0.225,-49358.04650511819,484.9571357155437
0.7473333333333334,0.23125,-49334.58263355179,461.49326414914685
0.7473333333333334,0.23750000000000002,-49311.83371007272,438.7443406700768
0.7473333333333334,0.24375000000000002,-49289.787634911336,416.6982655086904
0.7473333333333334,0.25,-49268.432691530616,395.34332212797017
0.7473333333333334,0.25625000000000003,-49247.75752974459,374.668160341942
0.7473333333333334,0.2625,-49227.751149797194,354.66178039454826
0.7473333333333334,0.26875000000000004,-49208.40288733458,335.3135179319361
0.7473333333333334,0.275,-49189.702399209855,316.6130298072094
0.7473333333333334,0.28125,-49171.63965006394,298.5502806612931
0.7473333333333334,0.28750000000000003,-49154.204899630655,281.11553022800945
0.7473333333333334,0.29375,-49137.388690718304,264.29932131565874
0.7473333333333334,0.30000000000000004,-49121.1818378239,248.0924684212514
0.7473333333333334,0.30625,-49105.57541633904,232.48604693639209
0.7473333333333334,0.3125,-49090.56075231022,217.4713829075772
0.7473333333333334,0.31875000000000003,-49076.1294127186,203.04004331595206
0.7473333333333334,0.325,-49062.27319624701,189.183826844368
0.7473333333333334,0.33125000000000004,-49048.98412450453,175.8947551018864
0.7473333333333334,0.3375,-49036.25443368076,163.16506427811692
0.7473333333333334,0.34375,-49024.07656660422,150.98719720157533
0.7473333333333334,0.35000000000000003,-49012.4431651808,139.35379577815183
0.7473333333333334,0.35625,-49001.34706319027,128.25769378762197
0.7473333333333334,0.36250000000000004,-48990.78127941988,117.69191001723811
0.7473333333333334,0.36875,-48980.739011116006,107.64964171336032
0.7473333333333334,0.375,-48971.21362773566,98.12425833301677
0.7473333333333334,0.38125000000000003,-48962.19866498116,89.10929557851341
0.7473333333333334,0.3875,-48953.68781910235,80.59844969970436
0.7473333333333334,0.39375000000000004,-48945.674941451565,72.58557204891986
0.7473333333333334,0.4,-48938.1540332777,65.06466387505498
0.7473333333333334,0.40625,-48931.119240746644,58.02987134399882
0.7473333333333334,0.41250000000000003,-48924.5648501759,51.475480773253366
0.7473333333333334,0.41875,-48918.48528347221,45.39591406956606
0.7473333333333334,0.42500000000000004,-48912.87509376166,39.78572435901151
0.7473333333333334,0.43125,-48907.72896120217,34.63959179952508
0.7473333333333334,0.4375,-48903.0416889694,29.95231956675707
0.7473333333333334,0.44375000000000003,-48898.808199406834,25.71883000418893
0.7473333333333334,0.45,-48895.02353033229,21.93416092964617
0.7473333333333334,0.45625000000000004,-48891.682831492755,18.593462090109824
0.7473333333333334,0.4625,-48888.78136116047,15.691991757827054
0.7473333333333334,0.46875,-48886.31448286331,13.225113460663124
0.7473333333333334,0.47500000000000003,-48884.27766224295,11.18829284030653
0.7473333333333334,0.48125,-48882.6664640348,9.577094632157241
0.7473333333333334,0.48750000000000004,-48881.47654916389,8.387179761244624
0.7473333333333334,0.49375,-48880.70367195127,7.614302548623527
0.7473333333333334,0.5,-48880.34367742575,7.254308023104386
0.7473333333333334,0.5062500000000001,-48880.3924987363,7.303129333653487
0.7473333333333334,0.5125,-48880.84615466024,7.756785257595766
0.7473333333333334,0.51875,-48881.70074720307,8.611377800421906
0.7473333333333334,0.525,-48882.95245928579,9.86308988314704
0.7473333333333334,0.53125,-48884.597552515865,11.508183113219275
0.7473333333333334,0.5375000000000001,-48886.63236503792,13.542995635274565
0.7473333333333334,0.54375,-48889.053309461015,15.96394005836919
0.7473333333333334,0.55,-48891.856870858865,18.76750145621918
0.7473333333333334,0.55625,-48895.03960484009,21.950235437441734
0.7473333333333334,0.5625,-48898.59813568536,25.508766282713623
0.7473333333333334,0.5687500000000001,-48902.52915454866,29.43978514601622
0.7473333333333334,0.575,-48906.82941772002,33.74004831737693
0.7473333333333334,0.58125,-48911.49574494704,38.406375544393086
0.7473333333333334,0.5875,-48916.52501781288,43.435648410231806
0.7473333333333334,0.59375,-48921.91417816836,48.82480876571208
0.7473333333333334,0.6000000000000001,-48927.66022661595,54.570857213308045
0.7473333333333334,0.60625,-48933.76022104365,60.670851641007175
0.7473333333333334,0.6125,-48940.211275206515,67.1219058038696
0.7473333333333334,0.61875,-48947.01055735429,73.92118795164424
0.7473333333333334,0.625,-48954.15528890301,81.06591950036818
0.7473333333333334,0.6312500000000001,-48961.64274314904,88.55337374639203
0.7473333333333334,0.6375,-48969.47024402379,96.38087462114345
0.7473333333333334,0.64375,-48977.63516488767,104.54579548502807
0.7473333333333334,0.65,-48986.13492736158,113.04555795893248
0.7473333333333334,0.65625,-48994.96700019467,121.87763079202705
0.7473333333333334,0.6625000000000001,-49004.12889816704,131.03952876439143
0.7473333333333334,0.66875,-49013.61818102577,140.52881162312406
0.7473333333333334,0.675,-49023.432452453526,150.34308305088052
0.7473333333333334,0.68125,-49033.56935906799,160.47998966534215
0.7473333333333334,0.6875,-49044.026589451445,170.93722004879965
0.7473333333333334,0.6937500000000001,-49054.801873209144,181.71250380649872
0.7473333333333334,0.7,-49065.892980055505,192.8036106528598
0.7473333333333334,0.70625,-49077.29771892713,204.20834952448786
0.7473333333333334,0.7125000000000001,-49089.013937121745,215.9245677190993
0.7473333333333334,0.71875,-49101.03951946195,227.95015005930327
0.7473333333333334,0.7250000000000001,-49113.37238748317,240.28301808052493
0.7473333333333334,0.73125,-49126.0104986448,252.92112924215326
0.7473333333333334,0.7375,-49138.951845563686,265.86247616104083
0.7473333333333334,0.7437500000000001,-49152.19445526936,279.10508586671494
0.7473333333333334,0.75,-49165.7363884801,292.6470190774562
0.7473333333333334,0.7562500000000001,-49179.575738899235,306.48636949658976
0.7473333333333334,0.7625,-49193.710632530856,320.62126312821056
0.7473333333333334,0.76875,-49208.139227014486,335.0498576118407
0.7473333333333334,0.7750000000000001,-49222.859710977966,349.77034157532034
0.7473333333333334,0.78125,-49237.870303407784,364.780934005139
0.7473333333333334,0.7875000000000001,-49253.1692530367,380.07988363405457
0.7473333333333334,0.79375,-49268.75483774757,395.6654683449233
0.7473333333333334,0.8,-49284.62536399337,411.53599459072575
0.7473333333333334,0.8062500000000001,-49300.7791662324,427.68979682975623
0.7473333333333334,0.8125,-49317.21460637857,444.12523697592405
0.7473333333333334,0.8187500000000001,-49333.93007326608,460.8407038634323
0.7473333333333334,0.825,-49350.92398212806,477.8346127254117
0.7473333333333334,0.83125,-49368.194774088784,495.1054046861391
0.7473333333333334,0.8375000000000001,-49385.74091566901,512.6515462663665
0.7473333333333334,0.84375,-49403.560898304015,530.4715289013693
0.7473333333333334,0.8500000000000001,-49421.653237873914,548.5638684712685
0.7473333333333334,0.85625,-49440.016474245946,566.9271048433002
0.7473333333333334,0.8625,-49458.64917082837,585.5598014257266
0.7473333333333334,0.8687500000000001,-49477.54991413547,604.4605447328213
0.7473333333333334,0.875,-49496.71731336349,623.6279439608479
0.7473333333333334,0.8812500000000001,-49516.149999977206,643.0606305745605
0.7473333333333334,0.8875,-49535.8466273065,662.7572579038533
0.7473333333333334,0.89375,-49555.805870153126,682.7165007504809
0.7473333333333334,0.9000000000000001,-49576.02642440692,702.9370550042731
0.7473333333333334,0.90625,-49596.50700667141,723.4176372687652
0.7473333333333334,0.9125000000000001,-49617.24635389856,744.1569844959158
0.7473333333333334,0.91875,-49638.243223032245,765.1538536295993
0.7473333333333334,0.925,-49659.496390660264,786.4070212576189
0.7473333333333334,0.9312500000000001,-49681.004652674805,807.9152832721593
0.7473333333333334,0.9375,-49702.766823940794,829.6774545381486
0.7473333333333334,0.9437500000000001,-49724.781737972226,851.6923685695801
0.7473333333333334,0.95,-49747.048246616,873.9588772133575
0.7504166666666667,0.2,-49475.228784643805,602.1394152411594
0.7504166666666667,0.20625000000000002,-49448.554538368655,575.4651689660095
0.7504166666666667,0.21250000000000002,-49422.64188434328,549.5525149406312
0.7504166666666667,0.21875,-49397.477165970275,524.3877965676293
0.7504166666666667,0.225,-49373.04718040992,499.9578110072762
0.7504166666666667,0.23125,-49349.33915755922,476.2497881565723
0.7504166666666667,0.23750000000000002,-49326.34074028791,453.2513708852639
0.7504166666666667,0.24375000000000002,-49304.039965839635,430.95059643698914
0.7504166666666667,0.25,-49282.425248314445,409.3358789117992
0.7504166666666667,0.25625000000000003,-49261.48536215596,388.3959927533142
0.7504166666666667,0.2625,-49241.20942657282,368.12005717017746
0.7504166666666667,0.26875000000000004,-49221.58689082989,348.49752142724174
0.7504166666666667,0.275,-49202.6075203499,329.51815094725316
0.7504166666666667,0.28125,-49184.26138357114,311.17201416849275
0.7504166666666667,0.28750000000000003,-49166.538839510766,293.4494701081203
0.7504166666666667,0.29375,-49149.43052598766,276.34115658501105
0.7504166666666667,0.30000000000000004,-49132.92734846199,259.83797905934625
0.7504166666666667,0.30625,-49117.02046945212,243.93110004947812
0.7504166666666667,0.3125,-49101.70129849235,228.61192908970406
0.7504166666666667,0.31875000000000003,-49086.96148259762,213.87211319497146
0.7504166666666667,0.325,-49072.79289720418,199.7035278015319
0.7504166666666667,0.33125000000000004,-49059.18763755692,186.09826815427368
0.7504166666666667,0.3375,-49046.13801051663,173.04864111398638
0.7504166666666667,0.34375,-49033.636526762115,160.54715735946957
0.7504166666666667,0.35000000000000003,-49021.67589336388,148.58652396123216
0.7504166666666667,0.35625,-49010.24900670784,137.15963730519434
0.7504166666666667,0.36250000000000004,-48999.34894574885,126.25957634620136
0.7504166666666667,0.36875,-48988.96896557524,115.87959617259185
0.7504166666666667,0.375,-48979.10249126688,106.01312186423456
0.7504166666666667,0.38125000000000003,-48969.74311203041,96.65374262776459
0.7504166666666667,0.3875,-48960.88457559632,87.79520619367395
0.7504166666666667,0.39375000000000004,-48952.52078286365,79.4314134610031
0.7504166666666667,0.4,-48944.64578277888,71.5564133762382
0.7504166666666667,0.40625,-48937.253767436516,64.16439803387038
0.7504166666666667,0.41250000000000003,-48930.33906738965,57.249697987004765
0.7504166666666667,0.41875,-48923.896147159525,50.806777756879455
0.7504166666666667,0.42500000000000004,-48917.91960093369,44.830231531042955
0.7504166666666667,0.43125,-48912.40414844318,39.31477904053463
0.7504166666666667,0.4375,-48907.34463100956,34.255261606915155
0.7504166666666667,0.44375000000000003,-48902.73600775328,29.64663835063402
0.7504166666666667,0.45,-48898.57335195526,25.48398255261418
0.7504166666666667,0.45625000000000004,-48894.85184756426,21.762478161617764
0.7504166666666667,0.4625,-48891.566785842806,18.477416440160596
0.7504166666666667,0.46875,-48888.71356214487,15.624192742223386
0.7504166666666667,0.47500000000000003,-48886.287672819235,13.198303416589624
0.7504166666666667,0.48125,-48884.284712232286,11.19534282964014
0.7504166666666667,0.48750000000000004,-48882.70036990473,9.611000502081879
0.7504166666666667,0.49375,-48881.53042775694,8.441058354292181
0.7504166666666667,0.5,-48880.770757457845,7.681388055199932
0.7504166666666667,0.5062500000000001,-48880.417317872576,7.327948469930561
0.7504166666666667,0.5125,-48880.46615260443,7.376783201783837
0.7504166666666667,0.51875,-48880.91338762694,7.824018224295287
0.7504166666666667,0.525,-48881.75522900185,8.66585959920485
0.7504166666666667,0.53125,-48882.98796067937,9.898591276723891
0.7504166666666667,0.5375000000000001,-48884.607942377,11.518572974353447
0.7504166666666667,0.54375,-48886.611607533516,13.522238130870392
0.7504166666666667,0.55,-48888.99546133478,15.906091932134586
0.7504166666666667,0.55625,-48891.75607880851,18.66670940586482
0.7504166666666667,0.5625,-48894.890102984806,21.80073358216032
0.7504166666666667,0.5687500000000001,-48898.39424311984,25.304873717192095
0.7504166666666667,0.575,-48902.265272980054,29.175903577408462
0.7504166666666667,0.58125,-48906.50002918421,33.41065978156257
0.7504166666666667,0.5875,-48911.09540960107,38.00604019842285
0.7504166666666667,0.59375,-48916.04837180037,42.95900239772163
0.7504166666666667,0.6000000000000001,-48921.35593155488,48.26656215223193
0.7504166666666667,0.60625,-48927.01516139156,53.92579198891326
0.7504166666666667,0.6125,-48933.02318918983,59.93381978718389
0.7504166666666667,0.61875,-48939.377196825066,66.28782742242038
0.7504166666666667,0.625,-48946.074418855525,72.98504945288005
0.7504166666666667,0.6312500000000001,-48953.11214125111,80.02277184846753
0.7504166666666667,0.6375,-48960.48770016218,87.39833075953356
0.7504166666666667,0.64375,-48968.198480727006,95.10911132436013
0.7504166666666667,0.65,-48976.241915916384,103.15254651373834
0.7504166666666667,0.65625,-48984.61548541389,111.52611601124227
0.7504166666666667,0.6625000000000001,-48993.316714530476,120.22734512783063
0.7504166666666667,0.66875,-49002.34317315232,129.2538037496779
0.7504166666666667,0.675,-49011.6924747203,138.60310531765572
0.7504166666666667,0.68125,-49021.36227524028,148.27290583763534
0.7504166666666667,0.6875,-49031.350272322976,158.2609029203304
0.7504166666666667,0.6937500000000001,-49041.65420425217,168.56483484952332
0.7504166666666667,0.7,-49052.27184908054,179.18247967789648
0.7504166666666667,0.70625,-49063.201023751826,190.11165434918075
0.7504166666666667,0.7125000000000001,-49074.43958324855,201.350213845908
0.7504166666666667,0.71875,-49085.985419764416,212.8960503617709
0.7504166666666667,0.7250000000000001,-49097.836461900435,224.7470924977897
0.7504166666666667,0.73125,-49109.99067388389,236.90130448124546
0.7504166666666667,0.7375,-49122.44605480961,249.35668540696497
0.7504166666666667,0.7437500000000001,-49135.200637902424,262.1112684997788
0.7504166666666667,0.75,-49148.252489800405,275.1631203977595
0.7504166666666667,0.7562500000000001,-49161.59970985793,288.5103404552865
0.7504166666666667,0.7625,-49175.240429468104,302.1510600654583
0.7504166666666667,0.76875,-49189.172811403725,316.0834420010797
0.7504166666666667,0.7750000000000001,-49203.39504917628,330.30567977363535
0.7504166666666667,0.78125,-49217.90536641233,344.8159970096822
0.7504166666666667,0.7875000000000001,-49232.702016246716,359.6126468440707
0.7504166666666667,0.79375,-49247.78328073207,374.6939113294211
0.7504166666666667,0.8,-49263.14747026398,390.05810086133715
0.7504166666666667,0.8062500000000001,-49278.79292302157,405.70355361892143
0.7504166666666667,0.8125,-49294.71800442258,421.62863501993706
0.7504166666666667,0.8187500000000001,-49310.92110659296,437.83173719031765
0.7504166666666667,0.825,-49327.40064785015,454.31127844750154
0.7504166666666667,0.83125,-49344.15507219975,471.06570279710286
0.7504166666666667,0.8375000000000001,-49361.18284884523,488.0934794425848
0.7504166666666667,0.84375,-49378.48247171016,505.3931023075129
0.7504166666666667,0.8500000000000001,-49396.05245897256,522.9630895699156
0.7504166666666667,0.85625,-49413.89135261119,540.8019832085411
0.7504166666666667,0.8625,-49431.99771796309,558.9083485604424
0.7504166666666667,0.8687500000000001,-49450.370143292406,577.2807738897609
0.7504166666666667,0.875,-49469.00723936982,595.9178699671756
0.7504166666666667,0.8812500000000001,-49487.907639062476,614.8182696598305
0.7504166666666667,0.8875,-49507.069996934006,633.9806275313604
0.7504166666666667,0.89375,-49526.4929888544,653.4036194517539
0.7504166666666667,0.9000000000000001,-49546.17531161938,673.0859422167341
0.7504166666666667,0.90625,-49566.11568257901,693.026313176364
0.7504166666666667,0.9125000000000001,-49586.312839275306,713.2234698726606
0.7504166666666667,0.91875,-49606.76553908856,733.6761696859176
0.7504166666666667,0.925,-49627.47255889213,754.3831894894829
0.7504166666666667,0.9312500000000001,-49648.432694715404,775.3433253127587
0.7504166666666667,0.9375,-49669.64476141485,796.5553920122038
0.7504166666666667,0.9437500000000001,-49691.10759235269,818.0182229500424
0.7504166666666667,0.95,-49712.820039083235,839.7306696805899
0.7535000000000001,0.2,-49491.409942592596,618.3205731899507
0.7535000000000001,0.20625000000000002,-49464.51747618684,591.4281067841948
0.7535000000000001,0.21250000000000002,-49438.38061673125,565.2912473286051
0.7535000000000001,0.21875,-49412.985874835125,539.8965054324799
0.7535000000000001,0.225,-49388.32020672943,515.2308373267879
0.7535000000000001,0.23125,-49364.370993740835,491.28162433818943
0.7535000000000001,0.23750000000000002,-49341.12602298596,468.03665358331637
0.7535000000000001,0.24375000000000002,-49318.57346919738,445.4840997947322
0.7535000000000001,0.25,-49296.701877600295,423.61250819764973
0.7535000000000001,0.25625000000000003,-49275.50014776591,402.4107783632644
0.7535000000000001,0.2625,-49254.95751837324,381.8681489705923
0.7535000000000001,0.26875000000000004,-49235.06355281733,361.9741834146844
0.7535000000000001,0.275,-49215.80812560607,342.71875620342325
0.7535000000000001,0.28125,-49197.18140949322,324.0920400905743
0.7535000000000001,0.28750000000000003,-49179.173863298725,306.08449389607995
0.7535000000000001,0.29375,-49161.7762203716,288.68685096895206
0.7535000000000001,0.30000000000000004,-49144.97947765397,271.8901082513257
0.7535000000000001,0.30625,-49128.774885308085,255.6855159054394
0.7535000000000001,0.3125,-49113.15393687066,240.06456746801268
0.7535000000000001,0.31875000000000003,-49098.10835990216,225.01899049951317
0.7535000000000001,0.325,-49083.63010710028,210.54073769763636
0.7535000000000001,0.33125000000000004,-49069.71134784974,196.6219784470959
0.7535000000000001,0.3375,-49056.34446018208,183.2550907794357
0.7535000000000001,0.34375,-49043.52202312114,170.43265371849702
0.7535000000000001,0.35000000000000003,-49031.23680939176,158.1474399891158
0.7535000000000001,0.35625,-49019.48177847045,146.3924090678047
0.7535000000000001,0.36250000000000004,-49008.250069958594,135.160700555949
0.7535000000000001,0.36875,-48997.5349972598,124.44562785715243
0.7535000000000001,0.375,-48987.330041544395,114.24067214175011
0.7535000000000001,0.38125000000000003,-48977.62884598509,104.53947658244579
0.7535000000000001,0.3875,-48968.42521024895,95.33584084630274
0.7535000000000001,0.39375000000000004,-48959.713085231706,86.62371582906053
0.7535000000000001,0.4,-48951.48656802147,78.39719861882622
0.7535000000000001,0.40625,-48943.73989707955,70.65052767690213
0.7535000000000001,0.41250000000000003,-48936.467447626885,63.37807822423929
0.7535000000000001,0.41875,-48929.66372722563,56.574357822981256
0.7535000000000001,0.42500000000000004,-48923.32337154541,50.23400214276626
0.7535000000000001,0.43125,-48917.4411403052,44.35177090255456
0.7535000000000001,0.4375,-48912.01191338165,38.92254397900251
0.7535000000000001,0.44375000000000003,-48907.030687075676,33.941317673030426
0.7535000000000001,0.45,-48902.49257052934,29.40320112669724
0.7535000000000001,0.45625000000000004,-48898.392782285766,25.303412883120473
0.7535000000000001,0.4625,-48894.726646984884,21.637277582238312
0.7535000000000001,0.46875,-48891.489592188795,18.400222786149243
0.7535000000000001,0.47500000000000003,-48888.67714533013,15.58777592748811
0.7535000000000001,0.48125,-48886.284930777954,13.195561375308898
0.7535000000000001,0.48750000000000004,-48884.30866701542,11.219297612777154
0.7535000000000001,0.49375,-48882.744163924144,9.654794521498843
0.7535000000000001,0.5,-48881.58732017028,8.497950767632574
0.7535000000000001,0.5062500000000001,-48880.83412068762,7.744751284975791
0.7535000000000001,0.5125,-48880.48063425344,7.391264850797597
0.7535000000000001,0.51875,-48880.5230111528,7.433641750154493
0.7535000000000001,0.525,-48880.957480927376,7.868111524730921
0.7535000000000001,0.53125,-48881.78035020516,8.690980802515696
0.7535000000000001,0.5375000000000001,-48882.98800060737,9.89863120472728
0.7535000000000001,0.54375,-48884.57688672934,11.487517326691886
0.7535000000000001,0.55,-48886.54353419205,13.454164789407514
0.7535000000000001,0.55625,-48888.88453776145,15.795168358803494
0.7535000000000001,0.5625,-48891.59655953252,18.50719012987247
0.7535000000000001,0.5687500000000001,-48894.67632717549,21.58695777284447
0.7535000000000001,0.575,-48898.12063224154,25.03126283889287
0.7535000000000001,0.58125,-48901.92632852554,28.83695912289113
0.7535000000000001,0.5875,-48906.090330483494,33.000961080848356
0.7535000000000001,0.59375,-48910.609611702486,37.5202422998409
0.7535000000000001,0.6000000000000001,-48915.48120342086,42.39183401821356
0.7535000000000001,0.60625,-48920.70219309686,47.612823694216786
0.7535000000000001,0.6125,-48926.26972302359,53.18035362094815
0.7535000000000001,0.61875,-48932.18098898853,59.09161958588811
0.7535000000000001,0.625,-48938.43323897594,65.34386957329116
0.7535000000000001,0.6312500000000001,-48945.02377191025,71.93440250760614
0.7535000000000001,0.6375,-48951.949936439254,78.8605670366087
0.7535000000000001,0.64375,-48959.209129755094,86.1197603524488
0.7535000000000001,0.65,-48966.798796451956,93.70942704931076
0.7535000000000001,0.65625,-48974.716427418985,101.62705801634002
0.7535000000000001,0.6625000000000001,-48982.95955876699,109.8701893643447
0.7535000000000001,0.66875,-48991.52577078786,118.43640138521732
0.7535000000000001,0.675,-49000.412686945325,127.32331754267943
0.7535000000000001,0.68125,-49009.617972896,136.52860349335242
0.7535000000000001,0.6875,-49019.13933553954,146.04996613689582
0.7535000000000001,0.6937500000000001,-49028.97452209703,155.88515269438358
0.7535000000000001,0.7,-49039.12131921617,166.03194981352135
0.7535000000000001,0.70625,-49049.577552102885,176.48818270023912
0.7535000000000001,0.7125000000000001,-49060.34108367793,187.25171427528403
0.7535000000000001,0.71875,-49071.409813757826,198.32044435518037
0.7535000000000001,0.7250000000000001,-49082.781678259285,209.69230885664
0.7535000000000001,0.73125,-49094.45464842618,221.36527902353555
0.7535000000000001,0.7375,-49106.426730078485,233.3373606758396
0.7535000000000001,0.7437500000000001,-49118.695962882164,245.60659347951878
0.7535000000000001,0.75,-49131.26041963953,258.1710502368878
0.7535000000000001,0.7562500000000001,-49144.11820559928,271.0288361966377
0.7535000000000001,0.7625,-49157.267457785485,284.17808838283963
0.7535000000000001,0.76875,-49170.706344345046,297.6169749424007
0.7535000000000001,0.7750000000000001,-49184.43306391286,311.34369451021485
0.7535000000000001,0.78125,-49198.4458449942,325.3564755915577
0.7535000000000001,0.7875000000000001,-49212.74294536373,339.65357596108515
0.7535000000000001,0.79375,-49227.322651480485,354.23328207783925
0.7535000000000001,0.8,-49242.18327791861,369.09390851596254
0.7535000000000001,0.8062500000000001,-49257.32316681293,384.23379741028475
0.7535000000000001,0.8125,-49272.74068731927,399.65131791662134
0.7535000000000001,0.8187500000000001,-49288.434235088745,415.3448656861001
0.7535000000000001,0.825,-49304.40223175582,431.31286235317384
0.7535000000000001,0.83125,-49320.64312443949,447.55375503684627
0.7535000000000001,0.8375000000000001,-49337.15538525741,464.06601585476164
0.7535000000000001,0.84375,-49353.937510852295,480.8481414496491
0.7535000000000001,0.8500000000000001,-49370.98802193046,497.898652527816
0.7535000000000001,0.85625,-49388.305462812015,515.2160934093699
0.7535000000000001,0.8625,-49405.888400992284,532.7990315896386
0.7535000000000001,0.8687500000000001,-49423.73542671427,550.6460573116274
0.7535000000000001,0.875,-49441.84515255175,568.7557831491067
0.7535000000000001,0.8812500000000001,-49460.21621300263,587.1268435999882
0.7535000000000001,0.8875,-49478.84726409236,605.757894689712
0.7535000000000001,0.89375,-49497.736982987015,624.6476135843695
0.7535000000000001,0.9000000000000001,-49516.884067615836,643.7946982131907
0.7535000000000001,0.90625,-49536.28723630289,663.1978669002419
0.7535000000000001,0.9125000000000001,-49555.94522740762,682.8558580049721
0.7535000000000001,0.91875,-49575.856798974004,702.7674295713587
0.7535000000000001,0.925,-49596.02072838812,722.9313589854719
0.7535000000000001,0.9312500000000001,-49616.4358120438,743.346442641152
0.7535000000000001,0.9375,-49637.100865016226,764.0114956135803
0.7535000000000001,0.9437500000000001,-49658.01472074314,784.925351340491
0.7535000000000001,0.95,-49679.17623071359,806.0868613109415
0.7565833333333334,0.2,-49507.85352513017,634.7641557275274
0.7565833333333334,0.20625000000000002,-49480.74592662148,607.6565572188338
0.7565833333333334,0.21250000000000002,-49454.38792700194,581.2985575992934
0.7565833333333334,0.21875,-49428.766204465566,555.6768350629209
0.7565833333333334,0.225,-49403.867874719785,530.7785053171392
0.7565833333333334,0.23125,-49379.680470950174,506.5911015475285
0.7565833333333334,0.23750000000000002,-49356.19192496915,483.1025555665037
0.7565833333333334,0.24375000000000002,-49333.39054946345,460.3011800608074
0.7565833333333334,0.25,-49311.265021262065,438.1756518594193
0.7565833333333334,0.25625000000000003,-49289.80436555313,416.7149961504838
0.7565833333333334,0.2625,-49268.99794098403,395.90857158138533
0.7565833333333334,0.26875000000000004,-49248.83542558441,375.7460561817643
0.7565833333333334,0.275,-49229.30680345659,356.21743405394227
0.7565833333333334,0.28125,-49210.40235218228,337.3129827796365
0.7565833333333334,0.28750000000000003,-49192.11263089857,319.0232614959241
0.7565833333333334,0.29375,-49174.4284689997,301.3390995970549
0.7565833333333334,0.30000000000000004,-49157.34095542457,284.25158602192823
0.7565833333333334,0.30625,-49140.841428492844,267.7520590901986
0.7565833333333334,0.3125,-49124.92146625534,251.83209685269685
0.7565833333333334,0.31875000000000003,-49109.57287732695,236.48350792430574
0.7565833333333334,0.325,-49094.78769217258,221.6983227699311
0.7565833333333334,0.33125000000000004,-49080.55815481879,207.4687854161457
0.7565833333333334,0.3375,-49066.87671496575,193.7873455631052
0.7565833333333334,0.34375,-49053.736020475735,180.64665107308974
0.7565833333333334,0.35000000000000003,-49041.12891021646,168.0395408138138
0.7565833333333334,0.35625,-49029.048407238544,155.95903783589893
0.7565833333333334,0.36250000000000004,-49017.48771226815,144.39834286550467
0.7565833333333334,0.36875,-49006.440197497,133.35082809435698
0.7565833333333334,0.375,-48995.89940065316,122.81003125051211
0.7565833333333334,0.38125000000000003,-48985.859019337004,112.76964993435831
0.7565833333333334,0.3875,-48976.31290560805,103.22353620540525
0.7565833333333334,0.39375000000000004,-48967.25506080885,94.16569140620413
0.7565833333333334,0.4,-48958.67963061348,85.59026121083298
0.7565833333333334,0.40625,-48950.58090028848,77.49153088583262
0.7565833333333334,0.41250000000000003,-48942.953290155434,69.86392075278854
0.7565833333333334,0.41875,-48935.791351244276,62.701981841630186
0.7565833333333334,0.42500000000000004,-48929.08976112792,56.00039172527613
0.7565833333333334,0.43125,-48922.84331992878,49.75395052613749
0.7565833333333334,0.4375,-48917.046946488466,43.95757708582096
0.7565833333333334,0.44375000000000003,-48911.69567469268,38.60630529003538
0.7565833333333334,0.45,-48906.78464994344,33.69528054079274
0.7565833333333334,0.45625000000000004,-48902.3091257716,29.21975636895513
0.7565833333333334,0.4625,-48898.26446058265,25.17509118000453
0.7565833333333334,0.46875,-48894.64611452958,21.55674512693804
0.7565833333333334,0.47500000000000003,-48891.44964650658,18.360277103936824
0.7565833333333334,0.48125,-48888.67071125804,15.581341855395294
0.7565833333333334,0.48750000000000004,-48886.30505659723,13.215687194584461
0.7565833333333334,0.49375,-48884.34852072985,11.259151327205473
0.7565833333333334,0.5,-48882.79702967734,9.707660274696536
0.7565833333333334,0.5062500000000001,-48881.646594795595,8.557225392949476
0.7565833333333334,0.5125,-48880.89331038475,7.803940982106724
0.7565833333333334,0.51875,-48880.53335138582,7.443981983175036
0.7565833333333334,0.525,-48880.56297116051,7.473601757861616
0.7565833333333334,0.53125,-48880.978499350414,7.889129947769106
0.7565833333333334,0.5375000000000001,-48881.77633981222,8.686970409573405
0.7565833333333334,0.54375,-48882.95296862551,9.863599222866469
0.7565833333333334,0.55,-48884.50493217015,11.415562767506344
0.7565833333333334,0.55625,-48886.428845270246,13.339475867600413
0.7565833333333334,0.5625,-48888.72138940185,15.632019999204203
0.7565833333333334,0.5687500000000001,-48891.37931096183,18.289941559181898
0.7565833333333334,0.575,-48894.39941959512,21.31005019247823
0.7565833333333334,0.58125,-48897.77858657833,24.689217175684462
0.7565833333333334,0.5875,-48901.51374325695,28.424373854308215
0.7565833333333334,0.59375,-48905.6018795344,32.512510131753515
0.7565833333333334,0.6000000000000001,-48910.04004241047,36.950673007821024
0.7565833333333334,0.60625,-48914.82533456747,41.73596516482212
0.7565833333333334,0.6125,-48919.95491300199,46.865543599342345
0.7565833333333334,0.61875,-48925.42598770057,52.33661829792254
0.7565833333333334,0.625,-48931.235820357535,58.14645095488959
0.7565833333333334,0.6312500000000001,-48937.38172313334,64.29235373069241
0.7565833333333334,0.6375,-48943.8610574519,70.77168804925168
0.7565833333333334,0.64375,-48950.671232835455,77.58186343280977
0.7565833333333334,0.65,-48957.80970577536,84.7203363727167
0.7565833333333334,0.65625,-48965.27397863767,92.18460923502425
0.7565833333333334,0.6625000000000001,-48973.06159860206,99.97222919941123
0.7565833333333334,0.66875,-48981.17015663294,108.08078723029757
0.7565833333333334,0.675,-48989.597286481534,116.50791707888857
0.7565833333333334,0.68125,-48998.34066371771,125.25129431506502
0.7565833333333334,0.6875,-49007.398004790666,134.30863538802078
0.7565833333333334,0.6937500000000001,-49016.767066117216,143.67769671457063
0.7565833333333334,0.7,-49026.44564319686,153.35627379421203
0.7565833333333334,0.70625,-49036.43156975255,163.34220034990722
0.7565833333333334,0.7125000000000001,-49046.72271689637,173.63334749372734
0.7565833333333334,0.71875,-49057.3169923191,184.2276229164563
0.7565833333333334,0.7250000000000001,-49068.21233950294,195.1229701002958
0.7565833333333334,0.73125,-49079.40673695665,206.31736755400198
0.7565833333333334,0.7375,-49090.89819747205,217.80882806940645
0.7565833333333334,0.7437500000000001,-49102.684767401566,229.59539799892082
0.7565833333333334,0.75,-49114.7645259557,241.6751565530576
0.7565833333333334,0.7562500000000001,-49127.13558452004,254.04621511739242
0.7565833333333334,0.7625,-49139.796085990994,266.7067165883491
0.7565833333333334,0.76875,-49152.74420412968,279.65483472703636
0.7565833333333334,0.7750000000000001,-49165.97814293341,292.8887735307653
0.7565833333333334,0.78125,-49179.49613602403,306.4067666213814
0.7565833333333334,0.7875000000000001,-49193.2964460528,320.2070766501565
0.7565833333333334,0.79375,-49207.37736412106,334.28799471841194
0.7565833333333334,0.8,-49221.737209216306,348.64783981366054
0.7565833333333334,0.8062500000000001,-49236.37432766311,363.2849582604613
0.7565833333333334,0.8125,-49251.287092588434,378.1977231857891
0.7565833333333334,0.8187500000000001,-49266.4739034009,393.3845339982581
0.7565833333333334,0.825,-49281.93318528356,408.8438158809149
0.7565833333333334,0.83125,-49297.66338869966,424.57401929701155
0.7565833333333334,0.8375000000000001,-49313.662988911165,440.5736195085192
0.7565833333333334,0.84375,-49329.93048550955,456.8411161069016
0.7565833333333334,0.8500000000000001,-49346.46440195839,473.3750325557412
0.7565833333333334,0.85625,-49363.26328514757,490.1739157449265
0.7565833333333334,0.8625,-49380.325704958625,507.23633555597917
0.7565833333333334,0.8687500000000001,-49397.65025384094,524.560884438295
0.7565833333333334,0.875,-49415.23554639847,542.146176995826
0.7565833333333334,0.8812500000000001,-49433.08021898658,559.9908495839336
0.7565833333333334,0.8875,-49451.18292931891,578.0935599162622
0.7565833333333334,0.89375,-49469.54235608371,596.4529866810626
0.7565833333333334,0.9000000000000001,-49488.15719856956,615.0678291669174
0.7565833333333334,0.90625,-49507.02617630015,633.9368068975018
0.7565833333333334,0.9125000000000001,-49526.14802867775,653.058659275106
0.7565833333333334,0.91875,-49545.52151463534,672.4321452326913
0.7565833333333334,0.925,-49565.14541229688,692.0560428942335
0.7565833333333334,0.9312500000000001,-49585.01851864574,711.929149243093
0.7565833333333334,0.9375,-49605.13964920088,732.0502797982335
0.7565833333333334,0.9437500000000001,-49625.50763770062,752.4182682979736
0.7565833333333334,0.95,-49646.12133579384,773.0319663911941
0.7596666666666667,0.2,-49524.56169995629,651.4723305536463
0.7596666666666667,0.20625000000000002,-49497.242097393624,624.1527279909787
0.7596666666666667,0.21250000000000002,-49470.666062693825,597.5766932911793
0.7596666666666667,0.21875,-49444.82044199794,571.7310725952921
0.7596666666666667,0.225,-49419.69251088133,546.6031414786848
0.7596666666666667,0.23125,-49395.2699548046,522.1805854019549
0.7596666666666667,0.23750000000000002,-49371.54085071293,498.4514813102869
0.7596666666666667,0.24375000000000002,-49348.49364970155,475.4042802989061
0.7596666666666667,0.25,-49326.11716067192,453.02779126927635
0.7596666666666667,0.25625000000000003,-49304.400534909546,431.3111655069006
0.7596666666666667,0.2625,-49283.333251519914,410.2438821172691
0.7596666666666667,0.26875000000000004,-49262.905103664394,389.81573426174873
0.7596666666666667,0.275,-49243.10618554228,370.0168161396359
0.7596666666666667,0.28125,-49223.92688006973,350.83751066708646
0.7596666666666667,0.28750000000000003,-49205.35784720998,332.26847780733806
0.7596666666666667,0.29375,-49187.3900129128,314.3006435101561
0.7596666666666667,0.30000000000000004,-49170.014558624374,296.92518922172894
0.7596666666666667,0.30625,-49153.222911331584,280.13354192893894
0.7596666666666667,0.3125,-49137.0067341076,263.9173647049538
0.7596666666666667,0.31875000000000003,-49121.3579171278,248.268547725158
0.7596666666666667,0.325,-49106.268569127504,233.17919972485834
0.7596666666666667,0.33125000000000004,-49091.731009274954,218.6416398723086
0.7596666666666667,0.3375,-49077.737759434895,204.64839003224915
0.7596666666666667,0.34375,-49064.28153679987,191.1921673972247
0.7596666666666667,0.35000000000000003,-49051.35524686771,178.26587746506266
0.7596666666666667,0.35625,-49038.95197674559,165.86260734294774
0.7596666666666667,0.36250000000000004,-49027.06498876189,153.9756193592475
0.7596666666666667,0.36875,-49015.687714368636,142.5983449659907
0.7596666666666667,0.375,-49004.813748318425,131.7243789157801
0.7596666666666667,0.38125000000000003,-48994.436843100695,121.34747369804973
0.7596666666666667,0.3875,-48984.55090362314,111.46153422049247
0.7596666666666667,0.39375000000000004,-48975.149982125295,102.06061272264924
0.7596666666666667,0.4,-48966.22827331161,93.13890390896267
0.7596666666666667,0.40625,-48957.780109692714,84.69074029006879
0.7596666666666667,0.41250000000000003,-48949.7999571238,76.71058772115794
0.7596666666666667,0.41875,-48942.28241053005,69.19304112740792
0.7596666666666667,0.42500000000000004,-48935.22218980937,62.13282040672493
0.7596666666666667,0.43125,-48928.614135903714,55.52476650106837
0.7596666666666667,0.4375,-48922.45320703022,49.363837627577595
0.7596666666666667,0.44375000000000003,-48916.7344750644,43.645105661751586
0.7596666666666667,0.45,-48911.45312206783,38.36375266518735
0.7596666666666667,0.45625000000000004,-48906.604436953305,33.515067550659296
0.7596666666666667,0.4625,-48902.18381228079,29.094442878144037
0.7596666666666667,0.46875,-48898.186741177866,25.09737177522038
0.7596666666666667,0.47500000000000003,-48894.608814378895,21.51944497624936
0.7596666666666667,0.48125,-48891.445717377115,18.356347974469827
0.7596666666666667,0.48750000000000004,-48888.69322768453,15.60385828188737
0.7596666666666667,0.49375,-48886.34721219468,13.25784279203799
0.7596666666666667,0.5,-48884.403624643295,11.3142552406498
0.7596666666666667,0.5062500000000001,-48882.858503162744,9.769133760099066
0.7596666666666667,0.5125,-48881.70796792579,8.618598523142282
0.7596666666666667,0.51875,-48880.94821887477,7.858849472126167
0.7596666666666667,0.525,-48880.57553353242,7.486164129775716
0.7596666666666667,0.53125,-48880.58626489071,7.496895488067821
0.7596666666666667,0.5375000000000001,-48880.97683937437,7.887469971727114
0.7596666666666667,0.54375,-48881.74375487577,8.654385473128059
0.7596666666666667,0.55,-48882.883578858244,9.79420945559832
0.7596666666666667,0.55625,-48884.39294652479,11.303577122147544
0.7596666666666667,0.5625,-48886.26855904957,13.179189646922168
0.7596666666666667,0.5687500000000001,-48888.507181869325,15.417812466679607
0.7596666666666667,0.575,-48891.105643032584,18.01627362993895
0.7596666666666667,0.58125,-48894.06083160393,20.97146220128343
0.7596666666666667,0.5875,-48897.36969612129,24.280326718646393
0.7596666666666667,0.59375,-48901.029243104036,27.939873701390752
0.7596666666666667,0.6000000000000001,-48905.036535609855,31.947166207210103
0.7596666666666667,0.60625,-48909.38869183846,36.29932243581425
0.7596666666666667,0.6125,-48914.08288378027,40.9935143776238
0.7596666666666667,0.61875,-48919.11633590824,46.02696650559665
0.7596666666666667,0.625,-48924.48632391136,51.39695450871659
0.7596666666666667,0.6312500000000001,-48930.190173467854,57.10080406520865
0.7596666666666667,0.6375,-48936.22525905696,63.135889654317
0.7596666666666667,0.64375,-48942.589002807494,69.49963340484828
0.7596666666666667,0.65,-48949.278873381976,76.18950397933077
0.7596666666666667,0.65625,-48956.29238489497,83.20301549232681
0.7596666666666667,0.6625000000000001,-48963.62709586425,90.5377264616036
0.7596666666666667,0.66875,-48971.28060819367,98.19123879102699
0.7596666666666667,0.675,-48979.250566186645,106.16119678399991
0.7596666666666667,0.68125,-48987.53465558891,114.44528618626646
0.7596666666666667,0.6875,-48996.13060265965,123.04123325700493
0.7596666666666667,0.6937500000000001,-49005.03617327,131.94680386735126
0.7596666666666667,0.7,-49014.24917202779,141.15980262514495
0.7596666666666667,0.70625,-49023.767441427764,150.67807202511904
0.7596666666666667,0.7125000000000001,-49033.58886102622,160.4994916235737
0.7596666666666667,0.71875,-49043.71134663939,170.62197723674763
0.7596666666666667,0.7250000000000001,-49054.13284956454,181.0434801618976
0.7596666666666667,0.73125,-49064.85135582312,191.7619864204753
0.7596666666666667,0.7375,-49075.86488542527,202.77551602262247
0.7596666666666667,0.7437500000000001,-49087.17149165468,214.0821222520317
0.7596666666666667,0.75,-49098.76926037352,225.6798909708741
0.7596666666666667,0.7562500000000001,-49110.65630934635,237.5669399437029
0.7596666666666667,0.7625,-49122.83078758266,249.74141818001226
0.7596666666666667,0.76875,-49135.290874697304,262.201505294659
0.7596666666666667,0.7750000000000001,-49148.03478028826,274.9454108856153
0.7596666666666667,0.78125,-49161.06074333111,287.97137392846344
0.7596666666666667,0.7875000000000001,-49174.367031589754,301.27766218710894
0.7596666666666667,0.79375,-49187.95194104281,314.8625716401657
0.7596666666666667,0.8,-49201.81379532513,328.7244259224826
0.7596666666666667,0.8062500000000001,-49215.95094518403,342.86157578138227
0.7596666666666667,0.8125,-49230.36176794976,357.2723985471166
0.7596666666666667,0.8187500000000001,-49245.04466701974,371.9552976170962
0.7596666666666667,0.825,-49259.998071356036,386.90870195339085
0.7596666666666667,0.83125,-49275.22043499585,402.13106559320295
0.7596666666666667,0.8375000000000001,-49290.710236574494,417.62086717184866
0.7596666666666667,0.84375,-49306.46597886044,433.376609457795
0.7596666666666667,0.8500000000000001,-49322.486188302224,449.39681889957865
0.7596666666666667,0.85625,-49338.7694145866,465.68004518395173
0.7596666666666667,0.8625,-49355.31423020785,482.2248608052032
0.7596666666666667,0.8687500000000001,-49372.119230047785,499.0298606451397
0.7596666666666667,0.875,-49389.18303096607,516.0936615634273
0.7596666666666667,0.8812500000000001,-49406.504271400714,533.4149019980687
0.7596666666666667,0.8875,-49424.081610978275,550.99224157563
0.7596666666666667,0.89375,-49441.91373013359,568.8243607309414
0.7596666666666667,0.9000000000000001,-49459.999329738705,586.9099603360592
0.7596666666666667,0.90625,-49478.337130740714,605.2477613380688
0.7596666666666667,0.9125000000000001,-49496.92587380835,623.8365044057064
0.7596666666666667,0.91875,-49515.76431898694,642.674949584296
0.7596666666666667,0.925,-49534.8512453616,661.7618759589532
0.7596666666666667,0.9312500000000001,-49554.18545072831,681.0960813256679
0.7596666666666667,0.9375,-49573.76575127281,700.6763818701656
0.7596666666666667,0.9437500000000001,-49593.590981256966,720.5016118543208
0.7596666666666667,0.95,-49613.659992712375,740.5706233097299
0.76275,0.2,-49541.53666770514,668.4472983024971
0.76275,0.20625000000000002,-49514.008230073625,640.9188606709795
0.76275,0.21250000000000002,-49487.217306114864,614.1279367122188
0.76275,0.21875,-49461.15091026306,588.0615408604135
0.76275,0.225,-49435.796478338045,562.7071089353994
0.76275,0.23125,-49411.14184847794,538.052479075297
0.76275,0.23750000000000002,-49387.17524318516,514.085873782511
0.76275,0.24375000000000002,-49363.88525240634,490.79588300369505
0.76275,0.25,-49341.26081757372,468.1714481710733
0.76275,0.25625000000000003,-49319.29121654111,446.2018471384654
0.76275,0.2625,-49297.966049353316,424.8766799506702
0.76275,0.26875000000000004,-49277.2752247927,404.1858553900529
0.76275,0.275,-49257.208947651074,384.1195782484283
0.76275,0.28125,-49237.75770667918,364.66833727653284
0.76275,0.28750000000000003,-49218.912263169725,345.8228937670792
0.76275,0.29375,-49200.66364013315,327.5742707305035
0.76275,0.30000000000000004,-49183.00311202885,309.9137426262023
0.76275,0.30625,-49165.92219501669,292.83282561404485
0.76275,0.3125,-49149.412637696856,276.3232682942107
0.76275,0.31875000000000003,-49133.46641230808,260.3770429054348
0.76275,0.325,-49118.07570635648,244.98633695383614
0.76275,0.33125000000000004,-49103.23291464939,230.14354524674127
0.76275,0.3375,-49088.93063171011,215.84126230746188
0.76275,0.34375,-49075.161644551394,202.0722751487483
0.76275,0.35000000000000003,-49061.918925787024,188.82955638437852
0.76275,0.35625,-49049.195627061934,176.10625765928853
0.76275,0.36250000000000004,-49036.98507278313,163.8957033804836
0.76275,0.36875,-49025.280754134365,152.19138473171915
0.76275,0.375,-49014.07632335904,140.98695395639515
0.76275,0.38125000000000003,-49003.365588296554,130.27621889390866
0.76275,0.3875,-48993.142507158394,120.05313775574905
0.76275,0.39375000000000004,-48983.40118353105,110.3118141284067
0.76275,0.4,-48974.13586159395,101.04649219130806
0.76275,0.40625,-48965.34092154069,92.251552138041
0.76275,0.41250000000000003,-48957.01087519346,83.92150579081499
0.76275,0.41875,-48949.140361800426,76.05099239778065
0.76275,0.42500000000000004,-48941.72414400674,68.63477460409194
0.76275,0.43125,-48934.75710399055,61.667734587907034
0.76275,0.4375,-48928.23423975568,55.144870353033184
0.76275,0.44375000000000003,-48922.15066157318,49.0612921705324
0.76275,0.45,-48916.5015885645,43.41221916185168
0.76275,0.45625000000000004,-48911.28234541939,38.19297601674771
0.76275,0.4625,-48906.488359241994,33.39898983934836
0.76275,0.46875,-48902.11515651911,29.025787116464926
0.76275,0.47500000000000003,-48898.15836020466,25.068990802014014
0.76275,0.48125,-48894.61368691521,21.524317512565176
0.76275,0.48750000000000004,-48891.476944231035,18.387574828389916
0.76275,0.49375,-48888.744028098154,15.65465869550826
0.76275,0.5,-48886.410920326554,13.321550923908944
0.76275,0.5062500000000001,-48884.473686180354,11.384316777708591
0.76275,0.5125,-48882.92847205569,9.839102653044392
0.76275,0.51875,-48881.77150324252,8.682133839873131
0.76275,0.525,-48880.99908176648,7.909712363834842
0.76275,0.53125,-48880.607584307596,7.518214904950582
0.76275,0.5375000000000001,-48880.59346019209,7.50409078944358
0.76275,0.54375,-48880.9532294546,7.863860051955271
0.76275,0.55,-48881.68348096734,8.594111564692867
0.76275,0.55625,-48882.78087063379,9.691501231143775
0.76275,0.5625,-48884.24211964395,11.15275024130824
0.76275,0.5687500000000001,-48886.06401278863,12.974643385983654
0.76275,0.575,-48888.24339683041,15.154027427764959
0.76275,0.58125,-48890.77717892889,17.687809526243655
0.76275,0.5875,-48893.66232511801,20.572955715368153
0.76275,0.59375,-48896.895858833435,23.806489430789952
0.76275,0.6000000000000001,-48900.47485948779,27.38549008514383
0.76275,0.60625,-48904.39646109215,31.30709168950125
0.76275,0.6125,-48908.65785092159,35.56848151894519
0.76275,0.61875,-48913.256268223486,40.16689882084029
0.76275,0.625,-48918.18900296646,45.09963356381195
0.76275,0.6312500000000001,-48923.45339462877,50.364025226124795
0.76275,0.6375,-48929.04683102449,55.95746162184514
0.76275,0.64375,-48934.96674716592,61.877377763274126
0.76275,0.65,-48941.21062416109,68.12125475844368
0.76275,0.65625,-48947.7759881449,74.68661874225654
0.76275,0.6625000000000001,-48954.66040924264,81.57103983999696
0.76275,0.66875,-48961.86150056479,88.77213116214261
0.76275,0.675,-48969.3769172318,96.28754782915348
0.76275,0.68125,-48977.20435542794,104.11498602529173
0.76275,0.6875,-48985.34155148297,112.25218208032311
0.76275,0.6937500000000001,-48993.78628098085,120.69691157820489
0.76275,0.7,-49002.53635789431,129.4469884916616
0.76275,0.70625,-49011.58963374449,138.5002643418411
0.76275,0.7125000000000001,-49020.94399678474,147.85462738209753
0.76275,0.71875,-49030.597371207725,157.5080018050794
0.76275,0.7250000000000001,-49040.54771637506,167.45834697241662
0.76275,0.73125,-49050.79302606859,177.70365666594444
0.76275,0.7375,-49061.331327762724,188.24195836007857
0.76275,0.7437500000000001,-49072.160681917034,199.0713125143884
0.76275,0.75,-49083.27918128831,210.1898118856625
0.76275,0.7562500000000001,-49094.68495026171,221.5955808590661
0.76275,0.7625,-49106.37614420006,233.286774797416
0.76275,0.76875,-49118.35094881088,245.2615794082376
0.76275,0.7750000000000001,-49130.60757953051,257.5182101278624
0.76275,0.78125,-49143.14428092472,270.05491152207105
0.76275,0.7875000000000001,-49155.9593261054,282.8699567027579
0.76275,0.79375,-49169.05101616264,295.9616467599917
0.76275,0.8,-49182.4176796118,309.3283102091518
0.76275,0.8062500000000001,-49196.05767185517,322.96830245252204
0.76275,0.8125,-49209.96937465748,336.8800052548322
0.76275,0.8187500000000001,-49224.15119563522,351.06182623257337
0.76275,0.825,-49238.60156775897,365.5121983563222
0.76275,0.83125,-49253.318948868495,380.2295794658494
0.76275,0.8375000000000001,-49268.30182120029,395.2124517976481
0.76275,0.84375,-49283.54869092704,410.4593215243949
0.76275,0.8500000000000001,-49299.05808770862,425.9687183059723
0.76275,0.85625,-49314.82856425449,441.7391948518416
0.76275,0.8625,-49330.858695896895,457.76932649425
0.76275,0.8687500000000001,-49347.147080174735,474.0577107720892
0.76275,0.875,-49363.69233642751,490.6029670248681
0.76275,0.8812500000000001,-49380.49310539954,507.4037359968934
0.76275,0.8875,-49397.54804885353,524.4586794508868
0.76275,0.89375,-49414.85584919373,541.7664797910838
0.76275,0.9000000000000001,-49432.415209098064,559.3258396954188
0.76275,0.90625,-49450.22485115922,577.1354817565734
0.76275,0.9125000000000001,-49468.283517534204,595.1941481315589
0.76275,0.91875,-49486.5899696023,613.5006001996517
0.76275,0.925,-49505.1429876311,632.0536182284559
0.76275,0.9312500000000001,-49523.94137045044,650.852001047795
0.76275,0.9375,-49542.983935133874,669.8945657312288
0.76275,0.9437500000000001,-49562.26951668771,689.1801472850639
0.76275,0.95,-49581.796967747156,708.7075983445102
0.7658333333333334,0.2,-49558.780662627876,685.6912932252308
0.7658333333333334,0.20625000000000002,-49531.04660078924,657.9572313865938
0.7658333333333334,0.21250000000000002,-49504.04397507676,630.9546056741165
0.7658333333333334,0.21875,-49477.759968546954,604.6705991443087
0.7658333333333334,0.225,-49452.18217762516,579.0928082225146
0.7658333333333334,0.23125,-49427.2985935153,554.209224112652
0.7658333333333334,0.23750000000000002,-49403.097584688425,530.0082152857794
0.7658333333333334,0.24375000000000002,-49379.567880373615,506.4785109709701
0.7658333333333334,0.25,-49356.69855498131,483.60918557866535
0.7658333333333334,0.25625000000000003,-49334.47901339464,461.38964399199176
0.7658333333333334,0.2625,-49312.89897706984,439.80960766719363
0.7658333333333334,0.26875000000000004,-49291.9484708914,418.859101488757
0.7658333333333334,0.275,-49271.61781073175,398.52844132910104
0.7658333333333334,0.28125,-49251.89759166964,378.8082222669982
0.7658333333333334,0.28750000000000003,-49232.778676824426,359.68930742178054
0.7658333333333334,0.29375,-49214.252186766986,341.1628173643403
0.7658333333333334,0.30000000000000004,-49196.30948947097,323.22012006832665
0.7658333333333334,0.30625,-49178.94219077057,305.85282136792375
0.7658333333333334,0.3125,-49162.142125293765,289.0527558911199
0.7658333333333334,0.31875000000000003,-49145.90134784208,272.81197843943664
0.7658333333333334,0.325,-49130.21212518985,257.12275578720437
0.7658333333333334,0.33125000000000004,-49115.06692827823,241.97755887558742
0.7658333333333334,0.3375,-49100.45842478069,227.36905537804705
0.7658333333333334,0.34375,-49086.3794720183,213.29010261565418
0.7658333333333334,0.35000000000000003,-49072.82311020482,199.73374080217764
0.7658333333333334,0.35625,-49059.7825560028,186.69318660015415
0.7658333333333334,0.36250000000000004,-49047.25119637311,174.16182697046315
0.7658333333333334,0.36875,-49035.222582701754,162.13321329910832
0.7658333333333334,0.375,-49023.690425188484,150.60105578583898
0.7658333333333334,0.38125000000000003,-49012.648587483076,139.55921808043058
0.7658333333333334,0.3875,-49002.091081555955,129.0017121533092
0.7658333333333334,0.39375000000000004,-48992.01206279051,118.92269338786718
0.7658333333333334,0.4,-48982.40582528552,109.3164558828721
0.7658333333333334,0.40625,-48973.26679735663,100.17742795398226
0.7658333333333334,0.41250000000000003,-48964.58953722661,91.50016782396415
0.7658333333333334,0.41875,-48956.36872889467,83.2793594920222
0.7658333333333334,0.42500000000000004,-48948.599178175806,75.50980877316033
0.7658333333333334,0.43125,-48941.27580890153,68.18643949888792
0.7658333333333334,0.4375,-48934.3936592741,61.304289871455694
0.7658333333333334,0.44375000000000003,-48927.94787836643,54.858508963785425
0.7658333333333334,0.45,-48921.93372276087,48.84435335822491
0.7658333333333334,0.45625000000000004,-48916.34655331986,43.257183917216025
0.7658333333333334,0.4625,-48911.18183208227,38.092462679625896
0.7658333333333334,0.46875,-48906.43511927945,33.34574987680389
0.7658333333333334,0.47500000000000003,-48902.10207046527,29.01270106262382
0.7658333333333334,0.48125,-48898.178433754896,25.089064352250716
0.7658333333333334,0.48750000000000004,-48894.6600471673,21.570677764655557
0.7658333333333334,0.49375,-48891.54283606658,18.453466663937434
0.7658333333333334,0.5,-48888.82281069786,15.733441295211378
0.7658333333333334,0.5062500000000001,-48886.49606381321,13.406694410565251
0.7658333333333334,0.5125,-48884.55876838381,11.469398981163977
0.7658333333333334,0.51875,-48883.00717539442,9.917805991775822
0.7658333333333334,0.525,-48881.83761171649,8.748242313842638
0.7658333333333334,0.53125,-48881.04647805659,7.957108653943578
0.7658333333333334,0.5375000000000001,-48880.630246976914,7.540877574268961
0.7658333333333334,0.54375,-48880.5854609846,7.496091581953806
0.7658333333333334,0.55,-48880.90873068708,7.819361284433398
0.7658333333333334,0.55625,-48881.596733010774,8.507363608128799
0.7658333333333334,0.5625,-48882.64620948013,9.556840077486413
0.7658333333333334,0.5687500000000001,-48884.05396455494,10.964595152297989
0.7658333333333334,0.575,-48885.81686402313,12.727494620485231
0.7658333333333334,0.58125,-48887.931833447095,14.842464044450026
0.7658333333333334,0.5875,-48890.395856661155,17.30648725850915
0.7658333333333334,0.59375,-48893.205974318225,20.116604915579956
0.7658333333333334,0.6000000000000001,-48896.35928248364,23.26991308099241
0.7658333333333334,0.60625,-48899.852931274356,26.763561871710408
0.7658333333333334,0.6125,-48903.68412354166,30.594754139012366
0.7658333333333334,0.61875,-48907.850113595734,34.76074419308861
0.7658333333333334,0.625,-48912.34820597047,39.25883656782389
0.7658333333333334,0.6312500000000001,-48917.17575422689,44.086384824244305
0.7658333333333334,0.6375,-48922.33015979383,49.24079039118806
0.7658333333333334,0.64375,-48927.808870844405,54.71950144175935
0.7658333333333334,0.65,-48933.60938120683,60.520011804183014
0.7658333333333334,0.65625,-48939.729229308556,66.63985990591027
0.7658333333333334,0.6625000000000001,-48946.16599715213,73.07662774948403
0.7658333333333334,0.66875,-48952.91730932199,79.82793991934159
0.7658333333333334,0.675,-48959.980832020694,86.89146261804854
0.7658333333333334,0.68125,-48967.35427213389,94.26490273124364
0.7658333333333334,0.6875,-48975.03537632261,101.94600691996311
0.7658333333333334,0.6937500000000001,-48983.02193014222,109.93256073957309
0.7658333333333334,0.7,-48991.311757186915,118.22238778426981
0.7658333333333334,0.70625,-48999.902718258854,126.8133488562089
0.7658333333333334,0.7125000000000001,-49008.792710561145,135.70334115849982
0.7658333333333334,0.71875,-49017.97966691382,144.89029751117778
0.7658333333333334,0.7250000000000001,-49027.46155499196,154.37218558931636
0.7658333333333334,0.73125,-49037.236376585235,164.14700718258973
0.7658333333333334,0.7375,-49047.302166878144,174.21279747549852
0.7658333333333334,0.7437500000000001,-49057.656993750265,184.56762434761913
0.7658333333333334,0.75,-49068.29895709578,195.20958769313438
0.7658333333333334,0.7562500000000001,-49079.22618816162,206.136818758976
0.7658333333333334,0.7625,-49090.43684890376,217.3474795011134
0.7658333333333334,0.76875,-49101.9291313608,228.83976195815194
0.7658333333333334,0.7750000000000001,-49113.70125704458,240.61188764193503
0.7658333333333334,0.78125,-49125.751476346966,252.66210694432084
0.7658333333333334,0.7875000000000001,-49138.0780679625,264.98869855985686
0.7658333333333334,0.79375,-49150.679338326285,277.5899689236394
0.7658333333333334,0.8,-49163.55362106663,290.46425166398694
0.7658333333333334,0.8062500000000001,-49176.699276472136,303.6099070694909
0.7658333333333334,0.8125,-49190.114690972434,317.0253215697885
0.7658333333333334,0.8187500000000001,-49203.798276632486,330.7089072298404
0.7658333333333334,0.825,-49217.74847065988,344.65910125723167
0.7658333333333334,0.83125,-49231.96373492462,358.87436552197323
0.7658333333333334,0.8375000000000001,-49246.442555491194,373.3531860885487
0.7658333333333334,0.84375,-49261.183442162495,388.09407275984995
0.7658333333333334,0.8500000000000001,-49276.184928035116,403.0955586324708
0.7658333333333334,0.85625,-49291.44556906582,418.3561996631761
0.7658333333333334,0.8625,-49306.96394364882,433.87457424617605
0.7658333333333334,0.8687500000000001,-49322.73865220336,449.64928280071763
0.7658333333333334,0.875,-49338.76831677169,465.6789473690442
0.7658333333333334,0.8812500000000001,-49355.05158062661,481.96221122396673
0.7658333333333334,0.8875,-49371.5871078888,498.49773848615587
0.7658333333333334,0.89375,-49388.373583153196,515.2842137505504
0.7658333333333334,0.9000000000000001,-49405.40971112455,532.3203417219047
0.7658333333333334,0.90625,-49422.694216261625,549.6048468589797
0.7658333333333334,0.9125000000000001,-49440.22584242989,567.1364730272471
0.7658333333333334,0.91875,-49458.00335256249,584.9139831598441
0.7658333333333334,0.925,-49476.025528329104,602.936158926459
0.7658333333333334,0.9312500000000001,-49494.29116981274,621.2018004100973
0.7658333333333334,0.9375,-49512.79909519397,639.7097257913265
0.7658333333333334,0.9437500000000001,-49531.54814044255,658.4587710399064
0.7658333333333334,0.95,-49550.53715901614,677.4477896134922
0.7689166666666667,0.2,-49576.29595329336,703.2065838907147
0.7689166666666667,0.20625000000000002,-49548.359520952996,675.2701515503504
0.7689166666666667,0.21250000000000002,-49521.14842364919,648.0590542465434
0.7689166666666667,0.21875,-49494.65001337246,621.5606439698167
0.7689166666666667,0.225,-49468.852047498556,595.7626780959108
0.7689166666666667,0.23125,-49443.74267067063,570.6533012679865
0.7689166666666667,0.23750000000000002,-49419.31039772623,546.2210283235836
0.7689166666666667,0.24375000000000002,-49395.54409759541,522.4547281927662
0.7689166666666667,0.25,-49372.432978102835,499.3436087001901
0.7689166666666667,0.25625000000000003,-49349.966571611556,476.8772022089106
0.7689166666666667,0.2625,-49328.134721451934,455.04535204928834
0.7689166666666667,0.26875000000000004,-49306.92756908296,433.8381996803146
0.7689166666666667,0.275,-49286.33554193798,413.24617253533506
0.7689166666666667,0.28125,-49266.34934191003,393.25997250738146
0.7689166666666667,0.28750000000000003,-49246.95993443593,373.87056503328495
0.7689166666666667,0.29375,-49228.15853814089,355.0691687382423
0.7689166666666667,0.30000000000000004,-49209.93661500863,336.8472456059826
0.7689166666666667,0.30625,-49192.28586104435,319.1964916417055
0.7689166666666667,0.3125,-49175.19819740049,302.10882799784304
0.7689166666666667,0.31875000000000003,-49158.66576193701,285.57639253436355
0.7689166666666667,0.325,-49142.68090119058,269.5915317879335
0.7689166666666667,0.33125000000000004,-49127.236162728084,254.14679332543892
0.7689166666666667,0.3375,-49112.32428786224,239.23491845959506
0.7689166666666667,0.34375,-49097.938204708276,224.84883530563093
0.7689166666666667,0.35000000000000003,-49084.07102156219,210.98165215954214
0.7689166666666667,0.35625,-49070.716020582324,197.62665117967845
0.7689166666666667,0.36250000000000004,-49057.86665175742,184.77728235477116
0.7689166666666667,0.36875,-49045.51652714508,172.42715774243698
0.7689166666666667,0.375,-49033.65941536607,160.5700459634245
0.7689166666666667,0.38125000000000003,-49022.28923634034,149.1998669376917
0.7689166666666667,0.3875,-49011.40005625195,138.31068684930506
0.7689166666666667,0.39375000000000004,-49000.98608273074,127.89671332809667
0.7689166666666667,0.4,-48991.04166023916,117.95229083651793
0.7689166666666667,0.40625,-48981.56126565393,108.47189625128522
0.7689166666666667,0.41250000000000003,-48972.53950403203,99.45013462938368
0.7689166666666667,0.41875,-48963.97110455205,90.88173514940718
0.7689166666666667,0.42500000000000004,-48955.850916621755,82.76154721911007
0.7689166666666667,0.43125,-48948.173906143624,75.08453674097836
0.7689166666666667,0.4375,-48940.935151930535,67.84578252788924
0.7689166666666667,0.44375000000000003,-48934.12984226424,61.040472861597664
0.7689166666666667,0.45,-48927.75327158964,54.663902186992345
0.7689166666666667,0.45625000000000004,-48921.80083733829,48.71146793564549
0.7689166666666667,0.4625,-48916.26803687507,43.17866747242806
0.7689166666666667,0.46875,-48911.15046456205,38.06109515940625
0.7689166666666667,0.47500000000000003,-48906.44380893417,33.35443953152571
0.7689166666666667,0.48125,-48902.143849981425,29.054480578779476
0.7689166666666667,0.48750000000000004,-48898.24645653273,25.15708713008644
0.7689166666666667,0.49375,-48894.747583736826,21.65821433418023
0.7689166666666667,0.5,-48891.64327063567,18.55390123302641
0.7689166666666667,0.5062500000000001,-48888.9296378265,15.840268423853558
0.7689166666666667,0.5125,-48886.60288520811,13.513515805461793
0.7689166666666667,0.51875,-48884.659289808216,11.569920405570883
0.7689166666666667,0.525,-48883.0952036878,10.005834285155288
0.7689166666666667,0.53125,-48881.90705191957,8.817682516921195
0.7689166666666667,0.5375000000000001,-48881.09133063692,8.00196123427304
0.7689166666666667,0.54375,-48880.64460515072,7.5552357480773935
0.7689166666666667,0.55,-48880.563508130894,7.474138728248363
0.7689166666666667,0.55625,-48880.844737850035,7.755368447389628
0.7689166666666667,0.5625,-48881.48505648656,8.395687083917437
0.7689166666666667,0.5687500000000001,-48882.481288484974,9.391919082328968
0.7689166666666667,0.575,-48883.830318970686,10.740949568040378
0.7689166666666667,0.58125,-48885.52909221743,12.439722814786364
0.7689166666666667,0.5875,-48887.57461016503,14.48524076238391
0.7689166666666667,0.59375,-48889.96393098536,16.874561582713795
0.7689166666666667,0.6000000000000001,-48892.69416769489,19.604798292246414
0.7689166666666667,0.60625,-48895.76248681174,22.67311740909645
0.7689166666666667,0.6125,-48899.166107055484,26.076737652838347
0.7689166666666667,0.61875,-48902.902298088244,29.812928685598308
0.7689166666666667,0.625,-48906.96837929527,33.87900989262562
0.7689166666666667,0.6312500000000001,-48911.36171860361,38.272349200968165
0.7689166666666667,0.6375,-48916.07973133738,42.99036193473148
0.7689166666666667,0.64375,-48921.11987910821,48.030509705567965
0.7689166666666667,0.65,-48926.47966873968,53.390299337035685
0.7689166666666667,0.65625,-48932.1566512243,59.06728182165534
0.7689166666666667,0.6625000000000001,-48938.14842071198,65.05905130933388
0.7689166666666667,0.66875,-48944.452613528745,71.36324412609974
0.7689166666666667,0.675,-48951.066907224624,77.97753782197833
0.7689166666666667,0.68125,-48957.98901964967,84.89965024702542
0.7689166666666667,0.6875,-48965.21670805703,92.1273386543835
0.7689166666666667,0.6937500000000001,-48972.74776823221,99.65839882956789
0.7689166666666667,0.7,-48980.58003364752,107.49066424487683
0.7689166666666667,0.70625,-48988.71137464079,115.62200523814681
0.7689166666666667,0.7125000000000001,-48997.13969761762,124.05032821497298
0.7689166666666667,0.71875,-49005.86294427625,132.77357487360132
0.7689166666666667,0.7250000000000001,-49014.879090854236,141.7897214515906
0.7689166666666667,0.73125,-49024.18614739637,151.0967779937273
0.7689166666666667,0.7375,-49033.782157042864,160.69278764021874
0.7689166666666667,0.7437500000000001,-49043.66519533729,170.57582593464758
0.7689166666666667,0.75,-49053.833369553555,180.74400015090941
0.7689166666666667,0.7562500000000001,-49064.284818041306,191.1954486386603
0.7689166666666667,0.7625,-49075.017709589025,201.9283401863795
0.7689166666666667,0.76875,-49086.03024280448,212.94087340183614
0.7689166666666667,0.7750000000000001,-49097.32064551162,224.2312761089779
0.7689166666666667,0.78125,-49108.887174163785,235.79780476113956
0.7689166666666667,0.7875000000000001,-49120.72811327226,247.63874386961106
0.7689166666666667,0.79375,-49132.84177485008,259.7524054474343
0.7689166666666667,0.8,-49145.226497870295,272.13712846764975
0.7689166666666667,0.8062500000000001,-49157.880647738464,284.7912783358188
0.7689166666666667,0.8125,-49170.80261577871,297.7132463760645
0.7689166666666667,0.8187500000000001,-49183.9908187331,310.90144933045667
0.7689166666666667,0.825,-49197.44369827387,324.3543288712244
0.7689166666666667,0.83125,-49211.15972052795,338.0703511253014
0.7689166666666667,0.8375000000000001,-49225.13737561373,352.04800621108734
0.7689166666666667,0.84375,-49239.375177189344,366.28580778669857
0.7689166666666667,0.8500000000000001,-49253.87166201232,380.7822926096778
0.7689166666666667,0.85625,-49268.625389510256,395.53602010761097
0.7689166666666667,0.8625,-49283.63494136208,410.545571959432
0.7689166666666667,0.8687500000000001,-49298.89892108963,425.8095516869871
0.7689166666666667,0.875,-49314.41595365932,441.32658425667614
0.7689166666666667,0.8812500000000001,-49330.18468509348,457.0953156908363
0.7689166666666667,0.8875,-49346.20378209108,473.1144126884319
0.7689166666666667,0.89375,-49362.47193165767,489.3825622550212
0.7689166666666667,0.9000000000000001,-49378.987840744274,505.89847134162846
0.7689166666666667,0.90625,-49395.75023589474,522.6608664920932
0.7689166666666667,0.9125000000000001,-49412.757862901606,539.6684934989607
0.7689166666666667,0.91875,-49430.00948647007,556.9201170674278
0.7689166666666667,0.925,-49447.50388988989,574.4145204872475
0.7689166666666667,0.9312500000000001,-49465.239874714876,592.150505312231
0.7689166666666667,0.9375,-49483.216260450004,610.1268910473591
0.7689166666666667,0.9437500000000001,-49501.43188424562,628.3425148429742
0.7689166666666667,0.95,-49519.885600598835,646.7962311961892
0.772,0.2,-49594.08484330772,720.9954739050736
0.772,0.20625000000000002,-49565.949338009144,692.859968606499
0.772,0.21250000000000002,-49538.533042934774,665.4436735321287
0.772,0.21875,-49511.82347930259,638.7341098999459
0.772,0.225,-49485.80856576691,612.7191963642617
0.772,0.23125,-49460.47660076813,587.3872313654865
0.772,0.23750000000000002,-49435.816245893904,562.7268764912587
0.772,0.24375000000000002,-49411.816510180826,538.7271407781809
0.772,0.25,-49388.46673529186,515.3773658892169
0.772,0.25625000000000003,-49365.75658150969,492.6672121070442
0.772,0.2625,-49343.676014491444,470.58664508879883
0.772,0.26875000000000004,-49322.21529273402,449.1259233313758
0.772,0.275,-49301.36495570358,428.275586300937
0.772,0.28125,-49281.11581258626,408.02644318361126
0.772,0.28750000000000003,-49261.45893162027,388.36956221762375
0.772,0.29375,-49242.38562997291,369.29626057026326
0.772,0.30000000000000004,-49223.88746412822,350.798094725571
0.772,0.30625,-49205.95622075413,332.8668513514858
0.772,0.3125,-49188.58390801957,315.49453861692746
0.772,0.31875000000000003,-49171.762747334746,298.67337793210027
0.772,0.325,-49155.485165489146,282.3957960865009
0.772,0.33125000000000004,-49139.743787164116,266.65441776147054
0.772,0.3375,-49124.53142779796,251.44205839531787
0.772,0.34375,-49109.841086783534,236.7517173808883
0.772,0.35000000000000003,-49095.66594097916,222.57657157651556
0.772,0.35625,-49081.99933851547,208.90996911282127
0.772,0.36250000000000004,-49068.83479288141,195.7454234787656
0.772,0.36875,-49056.16597727441,183.07660787176428
0.772,0.375,-49043.98671919987,170.89734979722562
0.772,0.38125000000000003,-49032.29099530684,159.20162590419204
0.772,0.3875,-49021.07292644713,147.98355704448477
0.772,0.39375000000000004,-49010.3267729461,137.237403543455
0.772,0.4,-49000.04693007398,126.95756067133334
0.772,0.40625,-48990.22792370736,117.13855430471449
0.772,0.41250000000000003,-48980.86440617117,107.77503676852211
0.772,0.41875,-48971.95115225182,98.86178284917696
0.772,0.42500000000000004,-48963.48305537303,90.39368597038265
0.772,0.43125,-48955.45512392612,82.3657545234746
0.772,0.4375,-48947.862477747316,74.77310834467062
0.772,0.44375000000000003,-48940.70034473462,67.61097533197608
0.772,0.45,-48933.964057597696,60.87468819505011
0.772,0.45625000000000004,-48927.649050734355,54.559681331709726
0.772,0.4625,-48921.750857227424,48.661487824778305
0.772,0.46875,-48916.265105956656,43.175736554010655
0.772,0.47500000000000003,-48911.18751881998,38.098149417332024
0.772,0.48125,-48906.513908059205,33.42453865655989
0.772,0.48750000000000004,-48902.24017368541,29.150804282762692
0.772,0.49375,-48898.36230099928,25.272931596635317
0.772,0.5,-48894.87635820238,21.78698879973672
0.772,0.5062500000000001,-48891.77849409507,18.689124692427868
0.772,0.5125,-48889.06493585736,15.975566454711952
0.772,0.51875,-48886.73198690896,13.642617506317038
0.772,0.525,-48884.77602484514,11.686655442492338
0.772,0.53125,-48883.1934994451,10.104130042454926
0.772,0.5375000000000001,-48881.98093074973,8.891561347081733
0.772,0.54375,-48881.13490720577,8.045537803125626
0.772,0.55,-48880.652083873705,7.562714471059735
0.772,0.55625,-48880.52918069653,7.439811293887033
0.772,0.5625,-48880.762980827014,7.673611424368573
0.772,0.5687500000000001,-48881.35032901096,8.260959608312987
0.772,0.575,-48882.28813002421,9.198760621562542
0.772,0.58125,-48883.573347161255,10.483977758609399
0.772,0.5875,-48885.20300077325,12.11363137060107
0.772,0.59375,-48887.17416685357,14.08479745092336
0.772,0.6000000000000001,-48889.483975669005,16.394606266359915
0.772,0.60625,-48892.12961043474,19.040241032096674
0.772,0.6125,-48895.10830603148,22.018936628832307
0.772,0.61875,-48898.417347762974,25.327978360328416
0.772,0.625,-48902.05407015262,28.964700749973417
0.772,0.6312500000000001,-48906.01585577731,32.92648637466482
0.772,0.6375,-48910.300134137426,37.21076473478024
0.772,0.64375,-48914.90438056142,41.81501115877472
0.772,0.65,-48919.82611514378,46.73674574113102
0.772,0.65625,-48925.062901715086,51.97353231244051
0.772,0.6625000000000001,-48930.61234684307,57.52297744042153
0.772,0.66875,-48936.47209886337,63.382729460725386
0.772,0.675,-48942.6398469391,69.5504775364534
0.772,0.68125,-48949.11332014804,76.02395074539527
0.772,0.6875,-48955.890286596536,82.8009171938902
0.772,0.6937500000000001,-48962.96855255912,89.87918315647403
0.772,0.7,-48970.34596164302,97.25659224037372
0.772,0.70625,-48978.020393976476,104.93102457383065
0.772,0.7125000000000001,-48985.989765420374,112.90039601772878
0.772,0.71875,-48994.252026801965,121.16265739931987
0.772,0.7250000000000001,-49002.805163170364,129.71579376771842
0.772,0.73125,-49011.647193072655,138.55782367000938
0.772,0.7375,-49020.776167850214,147.68679844756844
0.772,0.7437500000000001,-49030.19017095441,157.10080155176547
0.772,0.75,-49039.887317281085,166.79794787844003
0.772,0.7562500000000001,-49049.86575252317,176.77638312052295
0.772,0.7625,-49060.12365254082,187.0342831381713
0.772,0.76875,-49070.65922274855,197.56985334590718
0.772,0.7750000000000001,-49081.470697518766,208.38132811612013
0.772,0.78125,-49092.55633960112,219.46697019847488
0.772,0.7875000000000001,-49103.914439557295,230.82507015464944
0.772,0.79375,-49115.543315210605,242.45394580795983
0.772,0.8,-49127.44131111001,254.35194170736213
0.772,0.8062500000000001,-49139.60679800804,266.51742860539525
0.772,0.8125,-49152.03817235223,278.9488029495842
0.772,0.8187500000000001,-49164.73385578963,291.6444863869838
0.772,0.825,-49177.69229468394,304.60292528129503
0.772,0.83125,-49190.911959644975,317.82259024232917
0.772,0.8375000000000001,-49204.39134506995,331.30197566730203
0.772,0.84375,-49218.12896869633,345.03959929368284
0.772,0.8500000000000001,-49232.12337116587,359.0340017632261
0.772,0.85625,-49246.373115599454,373.28374619680835
0.772,0.8625,-49260.87678718245,387.7874177798076
0.772,0.8687500000000001,-49275.632992760315,402.5436233576693
0.772,0.875,-49290.640360443984,417.5509910413384
0.772,0.8812500000000001,-49305.89753922495,432.80816982230317
0.772,0.8875,-49321.403198599655,448.3138291970099
0.772,0.89375,-49337.15602820286,464.0666588002132
0.772,0.9000000000000001,-49353.15473744983,480.0653680471878
0.772,0.90625,-49369.39805518709,496.3086857844464
0.772,0.9125000000000001,-49385.88472935138,512.7953599487373
0.772,0.91875,-49402.6135266367,529.5241572340528
0.772,0.925,-49419.583232169156,546.4938627665106
0.772,0.9312500000000001,-49436.792649189396,563.7032797867505
0.772,0.9375,-49454.24059874247,581.1512293398264
0.772,0.9437500000000001,-49471.925919374764,598.8365499721185
0.772,0.95,-49489.84746683801,616.7580974353623
0.7750833333333333,0.2,-49612.14967205348,739.0603026508325
0.7750833333333333,0.20625000000000002,-49583.818436201174,710.729066798529
0.7750833333333333,0.21250000000000002,-49556.20026186544,683.1108924627915
0.7750833333333333,0.21875,-49529.28283976628,656.1934703636362
0.7750833333333333,0.225,-49503.05425014725,629.9648807446065
0.7750833333333333,0.23125,-49477.50294558794,604.4135761852958
0.7750833333333333,0.23750000000000002,-49452.617734795,579.5283653923543
0.7750833333333333,0.24375000000000002,-49428.387767303495,555.2983979008495
0.7750833333333333,0.25,-49404.80251902626,531.7131496236179
0.7750833333333333,0.25625000000000003,-49381.85177859389,508.76240919124393
0.7750833333333333,0.2625,-49359.52563443247,486.43626502982806
0.7750833333333333,0.26875000000000004,-49337.81446253056,464.72509312791226
0.7750833333333333,0.275,-49316.7089148504,443.61954544775654
0.7750833333333333,0.28125,-49296.19990834198,423.1105389393342
0.7750833333333333,0.28750000000000003,-49276.278614521696,403.1892451190506
0.7750833333333333,0.29375,-49256.93644958007,383.8470801774238
0.7750833333333333,0.30000000000000004,-49238.165064985835,365.0756955831894
0.7750833333333333,0.30625,-49219.956338555916,346.8669691532705
0.7750833333333333,0.3125,-49202.302365963114,329.21299656046904
0.7750833333333333,0.31875000000000003,-49185.195452655214,312.1060832525691
0.7750833333333333,0.325,-49168.62810616126,295.5387367586154
0.7750833333333333,0.33125000000000004,-49152.593028762356,279.5036593597106
0.7750833333333333,0.3375,-49137.083110505715,263.9937411030696
0.7750833333333333,0.34375,-49122.091422542595,249.00205313994957
0.7750833333333333,0.35000000000000003,-49107.61121077149,234.5218413688417
0.7750833333333333,0.35625,-49093.63588976966,220.54652036701737
0.7750833333333333,0.36250000000000004,-49080.159036997095,207.06966759444913
0.7750833333333333,0.36875,-49067.17438725769,194.08501785504632
0.7750833333333333,0.375,-49054.67582740392,181.58645800127124
0.7750833333333333,0.38125000000000003,-49042.6573912719,169.5680218692578
0.7750833333333333,0.3875,-49031.113254834534,158.02388543188863
0.7750833333333333,0.39375000000000004,-49020.03773156125,146.94836215860414
0.7750833333333333,0.4,-49009.42526797363,136.3358985709856
0.7750833333333333,0.40625,-48999.27043938685,126.18106998420262
0.7750833333333333,0.41250000000000003,-48989.56794582733,116.47857642468443
0.7750833333333333,0.41875,-48980.31260811776,107.22323871511617
0.7750833333333333,0.42500000000000004,-48971.49936412115,98.40999471850228
0.7750833333333333,0.43125,-48963.123265135866,90.03389573322056
0.7750833333333333,0.4375,-48955.17947243449,82.09010303184186
0.7750833333333333,0.44375000000000003,-48947.66325393914,74.57388453649764
0.7750833333333333,0.45,-48940.569981027074,67.480611624429
0.7750833333333333,0.45625000000000004,-48933.89512545995,60.80575605730701
0.7750833333333333,0.4625,-48927.63425643125,54.544887028605444
0.7750833333333333,0.46875,-48921.783037725996,48.69366832335072
0.7750833333333333,0.47500000000000003,-48916.3372249878,43.247855585155776
0.7750833333333333,0.48125,-48911.29266308814,38.20329368549574
0.7750833333333333,0.48750000000000004,-48906.64528359318,33.55591419053235
0.7750833333333333,0.49375,-48902.39110232384,29.301732921194343
0.7750833333333333,0.5,-48898.52621700482,25.436847602177295
0.7750833333333333,0.5062500000000001,-48895.04680499862,21.957435595977586
0.7750833333333333,0.5125,-48891.949121120866,18.85975171822065
0.7750833333333333,0.51875,-48889.22949553326,16.14012613061641
0.7750833333333333,0.525,-48886.88433171101,13.794962308362301
0.7750833333333333,0.53125,-48884.91010448117,11.820735078523285
0.7750833333333333,0.5375000000000001,-48883.30335812927,10.213988726623938
0.7750833333333333,0.54375,-48882.06070457103,8.971335168382211
0.7750833333333333,0.55,-48881.17882158652,8.089452183878166
0.7750833333333333,0.55625,-48880.65445111425,7.5650817116038525
0.7750833333333333,0.5625,-48880.48439760256,7.395028199913213
0.7750833333333333,0.5687500000000001,-48880.66552641607,7.5761570134272915
0.7750833333333333,0.575,-48881.194762294894,8.105392892248346
0.7750833333333333,0.58125,-48882.06908786445,8.979718461807352
0.7750833333333333,0.5875,-48883.28554219399,10.196172791343997
0.7750833333333333,0.59375,-48884.84121940166,11.751849999011029
0.7750833333333333,0.6000000000000001,-48886.73326730448,13.643897901834862
0.7750833333333333,0.60625,-48888.958886111446,15.869516708800802
0.7750833333333333,0.6125,-48891.51532715783,18.425957755185664
0.7750833333333333,0.61875,-48894.3998916795,21.310522276857228
0.7750833333333333,0.625,-48897.609929625345,24.520560222699714
0.7750833333333333,0.6312500000000001,-48901.14283850658,28.05346910393564
0.7750833333333333,0.6375,-48904.996062281454,31.906692878808826
0.7750833333333333,0.64375,-48909.16709027403,36.07772087138437
0.7750833333333333,0.65,-48913.65345612582,40.56408672317775
0.7750833333333333,0.65625,-48918.45273677895,45.36336737630336
0.7750833333333333,0.6625000000000001,-48923.56255148984,50.47318208719662
0.7750833333333333,0.66875,-48928.98056087218,55.89119146953453
0.7750833333333333,0.675,-48934.70446596814,61.61509656549606
0.7750833333333333,0.68125,-48940.73200734689,67.64263794424187
0.7750833333333333,0.6875,-48947.0609642293,73.97159482665302
0.7750833333333333,0.6937500000000001,-48953.6891536381,80.59978423545545
0.7750833333333333,0.7,-48960.61442957239,87.52506016974803
0.7750833333333333,0.70625,-48967.834682205794,94.74531280314841
0.7750833333333333,0.7125000000000001,-48975.34783710727,102.25846770462522
0.7750833333333333,0.71875,-48983.1518544841,110.06248508145654
0.7750833333333333,0.7250000000000001,-48991.24472844591,118.1553590432668
0.7750833333333333,0.73125,-48999.62448628929,126.5351168866473
0.7750833333333333,0.7375,-49008.28918780219,135.19981839954562
0.7750833333333333,0.7437500000000001,-49017.23692458749,144.14755518484162
0.7750833333333333,0.75,-49026.46581940495,153.3764500023026
0.7750833333333333,0.7562500000000001,-49035.97402553123,162.88465612858272
0.7750833333333333,0.7625,-49045.75972613701,172.67035673436476
0.7750833333333333,0.76875,-49055.82113368095,182.73176427830185
0.7750833333333333,0.7750000000000001,-49066.156489319765,193.06711991711927
0.7750833333333333,0.78125,-49076.764062334005,203.67469293135946
0.7750833333333333,0.7875000000000001,-49087.6421495689,214.5527801662538
0.7750833333333333,0.79375,-49098.78907488995,225.69970548730635
0.7750833333333333,0.8,-49110.20318865265,237.1138192500075
0.7750833333333333,0.8062500000000001,-49121.88286718597,248.79349778332107
0.7750833333333333,0.8125,-49133.82651228916,260.73714288651536
0.7750833333333333,0.8187500000000001,-49146.03255074142,272.94318133877823
0.7750833333333333,0.825,-49158.4994338241,285.4100644214559
0.7750833333333333,0.83125,-49171.22563685499,298.13626745234797
0.7750833333333333,0.8375000000000001,-49184.2096587343,311.1202893316513
0.7750833333333333,0.84375,-49197.450021502074,324.360652099429
0.7750833333333333,0.8500000000000001,-49210.94526990665,337.8559005040079
0.7750833333333333,0.85625,-49224.6939709837,351.60460158105707
0.7750833333333333,0.8625,-49238.69471364579,365.6053442431439
0.7750833333333333,0.8687500000000001,-49252.94610828189,379.8567388792435
0.7750833333333333,0.875,-49267.44678636671,394.3574169640633
0.7750833333333333,0.8812500000000001,-49282.19540007951,409.10603067686316
0.7750833333333333,0.8875,-49297.19062193211,424.10125252946455
0.7750833333333333,0.89375,-49312.43114440573,439.3417750030858
0.7750833333333333,0.9000000000000001,-49327.91567959671,454.8263101940611
0.7750833333333333,0.90625,-49343.64295887042,470.55358946777415
0.7750833333333333,0.9125000000000001,-49359.61173252351,486.5223631208646
0.7750833333333333,0.91875,-49375.82076945406,502.73140005141613
0.7750833333333333,0.925,-49392.268856839364,519.1794874367188
0.7750833333333333,0.9312500000000001,-49408.95479982137,535.8654304187221
0.7750833333333333,0.9375,-49425.87742119928,552.7880517966332
0.7750833333333333,0.9437500000000001,-49443.03556112928,569.9461917266381
0.7750833333333333,0.95,-49460.42807683119,587.338707428542
0.7781666666666667,0.2,-49630.492815448604,757.4034460459588
0.7781666666666667,0.20625000000000002,-49601.96923736036,728.8798679577158
0.7781666666666667,0.21250000000000002,-49574.15254802088,701.0631786182348
0.7781666666666667,0.21875,-49547.03060790722,673.9412385045725
0.7781666666666667,0.225,-49520.59165914469,647.5022897420422
0.7781666666666667,0.23125,-49494.824308777344,621.734939374699
0.7781666666666667,0.23750000000000002,-49469.71751298424,596.6281435815981
0.7781666666666667,0.24375000000000002,-49445.26056217668,572.1711927740325
0.7781666666666667,0.25,-49421.44306691592,548.3536975132738
0.7781666666666667,0.25625000000000003,-49398.25494459668,525.1655751940343
0.7781666666666667,0.2625,-49375.68640684524,502.59703744259605
0.7781666666666667,0.26875000000000004,-49353.72794758551,480.6385781828649
0.7781666666666667,0.275,-49332.37033172982,459.2809623271751
0.7781666666666667,0.28125,-49311.604584454464,438.5152150518188
0.7781666666666667,0.28750000000000003,-49291.42198102302,418.33261162037525
0.7781666666666667,0.29375,-49271.814037123506,398.72466772086045
0.7781666666666667,0.30000000000000004,-49252.772499687344,379.68313028469856
0.7781666666666667,0.30625,-49234.28933816111,361.1999687584612
0.7781666666666667,0.3125,-49216.356736203554,343.26736680090835
0.7781666666666667,0.31875000000000003,-49198.96708378287,325.87771438022173
0.7781666666666667,0.325,-49182.11296965019,309.0236002475431
0.7781666666666667,0.33125000000000004,-49165.78717416797,292.6978047653247
0.7781666666666667,0.3375,-49149.98266247237,276.8932930697265
0.7781666666666667,0.34375,-49134.69257795092,261.60320854827296
0.7781666666666667,0.35000000000000003,-49119.91023601752,246.8208666148712
0.7781666666666667,0.35625,-49105.62911816836,232.53974876571738
0.7781666666666667,0.36250000000000004,-49091.84286630319,218.7534969005428
0.7781666666666667,0.36875,-49078.54527729741,205.4559078947641
0.7781666666666667,0.375,-49065.73029781168,192.64092840903322
0.7781666666666667,0.38125000000000003,-49053.392019326,180.30264992335287
0.7781666666666667,0.3875,-49041.524673386724,168.43530398407893
0.7781666666666667,0.39375000000000004,-49030.12262705517,157.0332576525252
0.7781666666666667,0.4,-49019.1803785474,146.0910091447513
0.7781666666666667,0.40625,-49008.6925530554,135.60318365275452
0.7781666666666667,0.41250000000000003,-48998.65389874045,125.56452933780383
0.7781666666666667,0.41875,-48989.05928288992,115.9699134872717
0.7781666666666667,0.42500000000000004,-48979.903688229475,106.81431882682955
0.7781666666666667,0.43125,-48971.182209382896,98.09283998025057
0.7781666666666667,0.4375,-48962.89004947241,89.80068006976217
0.7781666666666667,0.44375000000000003,-48955.022516852514,81.93314744986856
0.7781666666666667,0.45,-48947.57502197122,74.48565256857546
0.7781666666666667,0.45625000000000004,-48940.54307435233,67.45370494968665
0.7781666666666667,0.4625,-48933.922279693135,60.83291029048996
0.7781666666666667,0.46875,-48927.70833707227,54.61896766962309
0.7781666666666667,0.47500000000000003,-48921.89703626241,48.80766685976414
0.7781666666666667,0.48125,-48916.48425514326,43.39488574061397
0.7781666666666667,0.48750000000000004,-48911.465957209875,38.37658780722995
0.7781666666666667,0.49375,-48906.83818917247,33.748819769825786
0.7781666666666667,0.5,-48902.59707864332,29.50770924067183
0.7781666666666667,0.5062500000000001,-48898.73883190689,25.649462504246912
0.7781666666666667,0.5125,-48895.25973176975,22.170362367105554
0.7781666666666667,0.51875,-48892.156135486584,19.066766083939
0.7781666666666667,0.525,-48889.42447275901,16.335103356366744
0.7781666666666667,0.53125,-48887.061243804295,13.971874401649984
0.7781666666666667,0.5375000000000001,-48885.06301749071,11.97364808806742
0.7781666666666667,0.54375,-48883.42642953691,10.337060134261264
0.7781666666666667,0.55,-48882.148180772536,9.058811369890464
0.7781666666666667,0.55625,-48881.22503545765,8.135666055008187
0.7781666666666667,0.5625,-48880.65381965834,7.564450255697011
0.7781666666666667,0.5687500000000001,-48880.43141967642,7.342050273771747
0.7781666666666667,0.575,-48880.55478053095,7.465411128301639
0.7781666666666667,0.58125,-48881.0209044894,7.931535086754593
0.7781666666666667,0.5875,-48881.82684964663,8.737480243988102
0.7781666666666667,0.59375,-48882.969728549695,9.880359147049603
0.7781666666666667,0.6000000000000001,-48884.44670686663,11.357337463981821
0.7781666666666667,0.60625,-48886.25500209763,13.165632694981468
0.7781666666666667,0.6125,-48888.39188232686,15.30251292421599
0.7781666666666667,0.61875,-48890.85466501338,17.76529561073403
0.7781666666666667,0.625,-48893.64071581969,20.551346417043533
0.7781666666666667,0.6312500000000001,-48896.74744747642,23.65807807377132
0.7781666666666667,0.6375,-48900.172318681914,27.082949279269087
0.7781666666666667,0.64375,-48903.91283303527,30.823463632623316
0.7781666666666667,0.65,-48907.96653800165,34.877168599006836
0.7781666666666667,0.65625,-48912.33102390872,39.241654506076884
0.7781666666666667,0.6625000000000001,-48917.00392297302,43.914553570371936
0.7781666666666667,0.66875,-48921.98290835509,48.893538952441304
0.7781666666666667,0.675,-48927.2656932426,54.17632383995806
0.7781666666666667,0.68125,-48932.850029960086,59.76066055744013
0.7781666666666667,0.6875,-48938.733709104665,65.64433970201935
0.7781666666666667,0.6937500000000001,-48944.914558706696,71.82518930405058
0.7781666666666667,0.7,-48951.3904434144,78.30107401175337
0.7781666666666667,0.70625,-48958.15926370183,85.06989429918758
0.7781666666666667,0.7125000000000001,-48965.218955099175,92.12958569652983
0.7781666666666667,0.71875,-48972.56748744472,99.47811804207595
0.7781666666666667,0.7250000000000001,-48980.20286415775,107.1134947551036
0.7781666666666667,0.73125,-48988.12312153159,115.03375212894753
0.7781666666666667,0.7375,-48996.32632804618,123.23695864353795
0.7781666666666667,0.7437500000000001,-49004.8105836995,131.7212142968565
0.7781666666666667,0.75,-49013.57401935726,140.4846499546111
0.7781666666666667,0.7562500000000001,-49022.61479612005,149.5254267174023
0.7781666666666667,0.7625,-49031.931104707786,158.8417353051409
0.7781666666666667,0.76875,-49041.521164860416,168.43179545777093
0.7781666666666667,0.7750000000000001,-49051.383224754645,178.2938553519998
0.7781666666666667,0.78125,-49061.515560436084,188.42619103343895
0.7781666666666667,0.7875000000000001,-49071.916475266364,198.82710586371832
0.7781666666666667,0.79375,-49082.584299384645,209.49492998200003
0.7781666666666667,0.8,-49093.51738918314,220.428019780491
0.7781666666666667,0.8062500000000001,-49104.714126796214,231.62475739356887
0.7781666666666667,0.8125,-49116.17291960257,243.0835501999245
0.7781666666666667,0.8187500000000001,-49127.89219974019,254.80283033754677
0.7781666666666667,0.825,-49139.87042363359,266.7810542309453
0.7781666666666667,0.83125,-49152.10607153292,279.0167021302768
0.7781666666666667,0.8375000000000001,-49164.59764706486,291.5082776622148
0.7781666666666667,0.84375,-49177.343676794495,304.2543073918496
0.7781666666666667,0.8500000000000001,-49190.34270979823,317.2533403955822
0.7781666666666667,0.85625,-49203.5933172472,330.5039478445542
0.7781666666666667,0.8625,-49217.094092000916,344.00472259827075
0.7781666666666667,0.8687500000000001,-49230.84364821089,357.7542788082428
0.7781666666666667,0.875,-49244.84062093383,371.7512515311828
0.7781666666666667,0.8812500000000001,-49259.08366575423,385.99429635158594
0.7781666666666667,0.8875,-49273.571458416045,400.4820890133997
0.7781666666666667,0.89375,-49288.30269446319,415.2133250605475
0.7781666666666667,0.9000000000000001,-49303.276088888524,430.1867194858787
0.7781666666666667,0.90625,-49318.490375791254,445.40100638860895
0.7781666666666667,0.9125000000000001,-49333.944308042366,460.8549386397208
0.7781666666666667,0.91875,-49349.63665695785,476.54728755520773
0.7781666666666667,0.925,-49365.56621197969,492.4768425770453
0.7781666666666667,0.9312500000000001,-49381.73178036404,508.6424109613945
0.7781666666666667,0.9375,-49398.13218687686,525.0428174742119
0.7781666666666667,0.9437500000000001,-49414.76627349636,541.6769040937143
0.7781666666666667,0.95,-49431.6328991223,558.5435297196527
0.78125,0.2,-49649.11668672663,776.0273173239839
0.78125,0.20625000000000002,-49620.404201716134,747.3148323134883
0.78125,0.21250000000000002,-49592.39240846994,719.3030390672939
0.78125,0.21875,-49565.069337456705,691.97996805406
0.78125,0.225,-49538.42339295734,665.334023554693
0.78125,0.23125,-49512.443336788085,639.3539673854393
0.78125,0.23750000000000002,-49487.11827293784,614.0289035351962
0.78125,0.24375000000000002,-49462.437633057016,589.3482636543704
0.78125,0.25,-49438.39116274023,565.3017933375813
0.78125,0.25625000000000003,-49414.96890855002,541.8795391473759
0.78125,0.2625,-49392.16120573249,519.0718363298438
0.78125,0.26875000000000004,-49369.95866658003,496.8692971773853
0.78125,0.275,-49348.3521693994,475.2627999967517
0.78125,0.28125,-49327.33284804666,454.2434786440135
0.78125,0.28750000000000003,-49306.89208199363,433.80271259098663
0.78125,0.29375,-49287.02148689263,413.93211748998147
0.78125,0.30000000000000004,-49267.71290560905,394.6235362064035
0.78125,0.30625,-49248.958399693656,375.86903029101086
0.78125,0.3125,-49230.750241267866,357.66087186522054
0.78125,0.31875000000000003,-49213.08090529798,339.9915358953367
0.78125,0.325,-49195.943062235354,322.8536928327085
0.78125,0.33125000000000004,-49179.329571001355,306.24020159871
0.78125,0.3375,-49163.23347229755,290.1441028949048
0.78125,0.34375,-49147.647982222465,274.55861281981925
0.78125,0.35000000000000003,-49132.566486177864,259.47711677521875
0.78125,0.35625,-49117.98253304858,244.89316364593105
0.78125,0.36250000000000004,-49103.889829640764,230.80046023811883
0.78125,0.36875,-49090.2822353646,217.1928659619516
0.78125,0.375,-49077.153757148335,204.0643877456896
0.78125,0.38125000000000003,-49064.498544571376,191.40917516873014
0.78125,0.3875,-49052.310885204846,179.22151580220088
0.78125,0.39375000000000004,-49040.58520014885,167.4958307462075
0.78125,0.4,-49029.31603975632,156.2266703536734
0.78125,0.40625,-49018.49807953383,145.40871013118158
0.78125,0.41250000000000003,-49008.12611621051,135.03674680786207
0.78125,0.41875,-48998.19506396662,125.10569456397207
0.78125,0.42500000000000004,-48988.69995081381,115.61058141116519
0.78125,0.43125,-48979.63591511968,106.54654571703577
0.78125,0.4375,-48970.99820226953,97.90883286688768
0.78125,0.44375000000000003,-48962.78216145885,89.69279205620114
0.78125,0.45,-48954.98324260998,81.89387320733658
0.78125,0.45625000000000004,-48947.59699340749,74.50762400484382
0.78125,0.4625,-48940.619056446274,67.52968704362866
0.78125,0.46875,-48934.045166487456,60.95579708481091
0.78125,0.47500000000000003,-48927.87114781689,54.78177841424622
0.78125,0.48125,-48922.09291170172,49.0035422990768
0.78125,0.48750000000000004,-48916.70645394047,43.61708453782194
0.78125,0.49375,-48911.70785250254,38.618483099897276
0.78125,0.5,-48907.09326525299,34.003895850342815
0.78125,0.5062500000000001,-48902.85892775898,29.76955835633271
0.78125,0.5125,-48899.00115117429,25.91178177164693
0.78125,0.51875,-48895.51632019831,22.426950795663288
0.78125,0.525,-48892.400891106634,19.311521703988547
0.78125,0.53125,-48889.651389849925,16.562020447279792
0.78125,0.5375000000000001,-48887.26441021823,14.175040815585817
0.78125,0.54375,-48885.23661206806,12.147242665414524
0.78125,0.55,-48883.564719609574,10.475350206928852
0.78125,0.55625,-48882.2455197513,9.156150348651863
0.78125,0.5625,-48881.27586050014,8.18649109749822
0.78125,0.5687500000000001,-48880.652649414464,7.563280011818279
0.78125,0.575,-48880.37285210783,7.283482705184724
0.78125,0.58125,-48880.43349080175,7.3441213991027325
0.78125,0.5875,-48880.83164292513,7.742273522482719
0.78125,0.59375,-48881.56443975885,8.475070356202195
0.78125,0.6000000000000001,-48882.62906512354,9.539695720894088
0.78125,0.60625,-48884.02275410889,10.933384706244397
0.78125,0.6125,-48885.742791842975,12.65342244032945
0.78125,0.61875,-48887.786512299936,14.697142897290178
0.78125,0.625,-48890.15129714468,17.06192774203373
0.78125,0.6312500000000001,-48892.83457461309,19.74520521044178
0.78125,0.6375,-48895.83381842647,22.744449023826746
0.78125,0.64375,-48899.14654673899,26.057177336348104
0.78125,0.65,-48902.770321116746,29.680951714100956
0.78125,0.65625,-48906.70274554749,33.61337614484364
0.78125,0.6625000000000001,-48910.94146547976,37.85209607711295
0.78125,0.66875,-48915.48416689037,42.394797487722826
0.78125,0.675,-48920.32857537931,47.23920597666438
0.78125,0.68125,-48925.47245529093,52.38308588828659
0.78125,0.6875,-48930.913608860676,57.824239458030206
0.78125,0.6937500000000001,-48936.64987538628,63.560505983637995
0.78125,0.7,-48942.67913042267,69.58976102002634
0.78125,0.70625,-48948.99928499973,75.90991559708345
0.78125,0.7125000000000001,-48955.608284862115,82.51891545947001
0.78125,0.71875,-48962.50410973038,89.41474032773112
0.78125,0.7250000000000001,-48969.68477258271,96.59540318006475
0.78125,0.73125,-48977.14831895651,104.05894955386611
0.78125,0.7375,-48984.89282626916,111.80345686651708
0.78125,0.7437500000000001,-48992.91640315745,119.82703375480196
0.78125,0.75,-49001.21718883486,128.1278194322149
0.78125,0.7562500000000001,-49009.79335246622,136.70398306357674
0.78125,0.7625,-49018.64309255923,145.55372315658315
0.78125,0.76875,-49027.764636372085,154.6752669694397
0.78125,0.7750000000000001,-49037.15623933691,164.0668699342641
0.78125,0.78125,-49046.816184498406,173.72681509576068
0.78125,0.7875000000000001,-49056.74278196709,183.65341256444663
0.78125,0.79375,-49066.93436838694,193.84499898429203
0.78125,0.8,-49077.389306416706,204.29993701406056
0.78125,0.8062500000000001,-49088.10598422466,215.01661482201598
0.78125,0.8125,-49099.08281499626,225.99344559361634
0.78125,0.8187500000000001,-49110.318236454346,237.22886705170095
0.78125,0.825,-49121.810710391466,248.72134098882088
0.78125,0.83125,-49133.55872221409,260.46935281144397
0.78125,0.8375000000000001,-49145.56078049804,272.4714110953937
0.78125,0.84375,-49157.81541655521,284.726047152566
0.78125,0.8500000000000001,-49170.32118401088,297.2318146082325
0.78125,0.85625,-49183.07665839145,309.98728898880654
0.78125,0.8625,-49196.08043672237,322.9910673197228
0.78125,0.8687500000000001,-49209.33113713573,336.24176773308136
0.78125,0.875,-49222.82739848753,349.7380290848814
0.78125,0.8812500000000001,-49236.56787998399,363.47851058134256
0.78125,0.8875,-49250.551260817,377.4618914143575
0.78125,0.89375,-49264.77623980816,391.68687040551595
0.78125,0.9000000000000001,-49279.2415350613,406.1521656586556
0.78125,0.90625,-49293.94588362322,420.8565142205771
0.78125,0.9125000000000001,-49308.888041152386,435.7986717497406
0.78125,0.91875,-49324.06678159537,450.97741219272575
0.78125,0.925,-49339.48089687087,466.3915274682222
0.78125,0.9312500000000001,-49355.12919656092,482.0398271582744
0.78125,0.9375,-49371.01050760936,497.9211382067151
0.78125,0.9437500000000001,-49387.12367402714,514.0343046244961
0.78125,0.95,-49403.467556604286,530.3781872016407
0.7843333333333333,0.2,-49668.02373723797,794.9343678353252
0.7843333333333333,0.20625000000000002,-49639.12582872904,766.0364593263948
0.7843333333333333,0.21250000000000002,-49610.922390635584,737.8330212329383
0.7843333333333333,0.21875,-49583.401623631384,710.3122542287383
0.7843333333333333,0.225,-49556.55209440709,683.4627250044432
0.7843333333333333,0.23125,-49530.362719840894,657.2733504382486
0.7843333333333333,0.23750000000000002,-49504.822752052154,631.7333826495087
0.7843333333333333,0.24375000000000002,-49479.92176427784,606.8323948751931
0.7843333333333333,0.25,-49455.64963751656,582.5602681139135
0.7843333333333333,0.25625000000000003,-49431.99654788921,558.9071784865664
0.7843333333333333,0.2625,-49408.9529546693,535.8635852666557
0.7843333333333333,0.26875000000000004,-49386.50958893967,513.4202195370235
0.7843333333333333,0.275,-49364.65744283557,491.56807343292166
0.7843333333333333,0.28125,-49343.38775933709,470.2983899344472
0.7843333333333333,0.28750000000000003,-49322.692022576666,449.6026531740208
0.7843333333333333,0.29375,-49302.56194862991,429.47257922726567
0.7843333333333333,0.30000000000000004,-49282.98947676041,409.9001073577674
0.7843333333333333,0.30625,-49263.966761091135,390.8773916884893
0.7843333333333333,0.3125,-49245.4861626769,372.39679327425256
0.7843333333333333,0.31875000000000003,-49227.54024195464,354.4508725519918
0.7843333333333333,0.325,-49210.12175154913,337.03238214648445
0.7843333333333333,0.33125000000000004,-49193.22362941401,320.13426001136395
0.7843333333333333,0.3375,-49176.83899228878,303.7496228861346
0.7843333333333333,0.34375,-49160.96112945419,287.8717600515447
0.7843333333333333,0.35000000000000003,-49145.58349676928,272.4941273666336
0.7843333333333333,0.35625,-49130.69971097456,257.6103415719117
0.7843333333333333,0.36250000000000004,-49116.30354424685,243.21417484420817
0.7843333333333333,0.36875,-49102.388918992234,229.29954958958842
0.7843333333333333,0.375,-49088.949902864275,215.86053346162953
0.7843333333333333,0.38125000000000003,-49075.9807039957,202.89133459305594
0.7843333333333333,0.3875,-49063.47566643244,190.38629702979233
0.7843333333333333,0.39375000000000004,-49051.42926575926,178.3398963566142
0.7843333333333333,0.4,-49039.8361049075,166.7467355048575
0.7843333333333333,0.40625,-49028.69091013541,155.601540732765
0.7843333333333333,0.41250000000000003,-49017.98852717251,144.89915776986163
0.7843333333333333,0.41875,-49007.72391751983,134.6345481171811
0.7843333333333333,0.42500000000000004,-48997.89215489813,124.8027854954853
0.7843333333333333,0.43125,-48988.488421837166,115.39905243452085
0.7843333333333333,0.4375,-48979.50800639896,106.41863699631358
0.7843333333333333,0.44375000000000003,-48970.94629902859,97.85692962594476
0.7843333333333333,0.45,-48962.7987895267,89.7094201240543
0.7843333333333333,0.45625000000000004,-48955.06106413764,81.97169473499525
0.7843333333333333,0.4625,-48947.72880274817,74.6394333455246
0.7843333333333333,0.46875,-48940.79777619131,67.70840678866807
0.7843333333333333,0.47500000000000003,-48934.26384365074,61.174474248095066
0.7843333333333333,0.48125,-48928.12295016101,55.033580758361495
0.7843333333333333,0.48750000000000004,-48922.37112419939,49.28175479674246
0.7843333333333333,0.49375,-48917.00447536503,43.91510596238368
0.7843333333333333,0.5,-48912.01919214189,38.92982273924281
0.7843333333333333,0.5062500000000001,-48907.411539741355,34.32217033870984
0.7843333333333333,0.5125,-48903.17785802145,30.088488618806878
0.7843333333333333,0.51875,-48899.31455947904,26.225190076394938
0.7843333333333333,0.525,-48895.81812731204,22.728757909397245
0.7843333333333333,0.53125,-48892.685113548636,19.595744145990466
0.7843333333333333,0.5375000000000001,-48889.912137240615,16.822767837969877
0.7843333333333333,0.54375,-48887.49588271823,14.406513315581833
0.7843333333333333,0.55,-48885.433097903944,12.343728501298756
0.7843333333333333,0.55625,-48883.720592682665,10.631223280019185
0.7843333333333333,0.5625,-48882.35523732617,9.265867923524638
0.7843333333333333,0.5687500000000001,-48881.333960969525,8.244591566879535
0.7843333333333333,0.575,-48880.65375013737,7.564380734722363
0.7843333333333333,0.58125,-48880.311647318056,7.222277915410814
0.7843333333333333,0.5875,-48880.304749583884,7.215380181238288
0.7843333333333333,0.59375,-48880.63020725541,7.5408378527645255
0.7843333333333333,0.6000000000000001,-48881.28522260825,8.195853205601452
0.7843333333333333,0.60625,-48882.26704862069,9.17767921804625
0.7843333333333333,0.6125,-48883.57298776058,10.483618357931846
0.7843333333333333,0.61875,-48885.20039080978,12.111021407137741
0.7843333333333333,0.625,-48887.14665572521,14.057286322567961
0.7843333333333333,0.6312500000000001,-48889.40922653451,16.31985713186441
0.7843333333333333,0.6375,-48891.98559226557,18.896222862924333
0.7843333333333333,0.64375,-48894.87328590832,21.783916505672096
0.7843333333333333,0.65,-48898.06988340768,24.98051400503755
0.7843333333333333,0.65625,-48901.57300268669,28.4836332840423
0.7843333333333333,0.6625000000000001,-48905.38030269835,32.290933295706054
0.7843333333333333,0.66875,-48909.48948250568,36.400113103038166
0.7843333333333333,0.675,-48913.898280388334,40.80891098568827
0.7843333333333333,0.68125,-48918.60447297542,45.51510357277584
0.7843333333333333,0.6875,-48923.60587440319,50.516505000545294
0.7843333333333333,0.6937500000000001,-48928.90033549696,55.81096609431552
0.7843333333333333,0.7,-48934.48574297625,61.39637357360334
0.7843333333333333,0.70625,-48940.36001868248,67.27064927983156
0.7843333333333333,0.7125000000000001,-48946.52111882834,73.43174942569749
0.7843333333333333,0.71875,-48952.96703326816,79.87766386551812
0.7843333333333333,0.7250000000000001,-48959.69578478849,86.60641538584605
0.7843333333333333,0.73125,-48966.70542841825,93.61605901560688
0.7843333333333333,0.7375,-48973.994050757916,100.90468135527044
0.7843333333333333,0.7437500000000001,-48981.55976932678,108.47039992413193
0.7843333333333333,0.75,-48989.400731928064,116.3113625254191
0.7843333333333333,0.7562500000000001,-48997.51511603106,124.42574662841798
0.7843333333333333,0.7625,-49005.90112816974,132.81175876709312
0.7843333333333333,0.76875,-49014.55700335746,141.46763395481685
0.7843333333333333,0.7750000000000001,-49023.48100451712,150.3916351144726
0.7843333333333333,0.78125,-49032.67142192623,159.58205252358312
0.7843333333333333,0.7875000000000001,-49042.12657267654,169.037203273896
0.7843333333333333,0.79375,-49051.84480014771,178.75543074506277
0.7843333333333333,0.8,-49061.824473494526,188.7351040918802
0.7843333333333333,0.8062500000000001,-49072.063987147354,198.97461774470867
0.7843333333333333,0.8125,-49082.56176032525,209.47239092260133
0.7843333333333333,0.8187500000000001,-49093.31623656156,220.22686715891177
0.7843333333333333,0.825,-49104.32588324137,231.23651383872493
0.7843333333333333,0.83125,-49115.58919115066,242.49982174801698
0.7843333333333333,0.8375000000000001,-49127.10467403666,254.01530463401286
0.7843333333333333,0.84375,-49138.87086817918,265.7814987765378
0.7843333333333333,0.8500000000000001,-49150.88633197244,277.79696256979514
0.7843333333333333,0.85625,-49163.14964551726,290.0602761146147
0.7843333333333333,0.8625,-49175.65941022316,302.5700408205157
0.7843333333333333,0.8687500000000001,-49188.414248420144,315.32487901749846
0.7843333333333333,0.875,-49201.41280297985,328.32343357720674
0.7843333333333333,0.8812500000000001,-49214.65373694588,341.5643675432366
0.7843333333333333,0.8875,-49228.13573317282,355.04636377017596
0.7843333333333333,0.89375,-49241.85749397403,368.76812457138294
0.7843333333333333,0.9000000000000001,-49255.81774077764,382.728371374993
0.7843333333333333,0.90625,-49270.01521379071,396.92584438806807
0.7843333333333333,0.9125000000000001,-49284.448671671234,411.3593022685891
0.7843333333333333,0.91875,-49299.116891207785,426.02752180513926
0.7843333333333333,0.925,-49314.01866700663,440.9292976039869
0.7843333333333333,0.9312500000000001,-49329.15281118598,456.0634417833353
0.7843333333333333,0.9375,-49344.518153077384,471.42878367473895
0.7843333333333333,0.9437500000000001,-49360.11353893385,487.024169531207
0.7843333333333333,0.95,-49375.93783164462,502.848462241971
0.7874166666666667,0.2,-49687.21645727365,814.1270878710056
0.7874166666666667,0.20625000000000002,-49658.136657947005,785.0472885443596
0.7874166666666667,0.21250000000000002,-49629.74508318445,756.6557137818018
0.7874166666666667,0.21875,-49602.03010405647,728.940734653821
0.7874166666666667,0.225,-49574.98044989737,701.8910804947227
0.7874166666666667,0.23125,-49548.58519291815,675.4958235155063
0.7874166666666667,0.23750000000000002,-49522.83373367182,649.7443642691724
0.7874166666666667,0.24375000000000002,-49497.715787313246,624.6264179106001
0.7874166666666667,0.25,-49473.22137060074,600.1320011980933
0.7874166666666667,0.25625000000000003,-49449.34078959034,576.2514201876911
0.7874166666666667,0.2625,-49426.064627977816,552.9752585751703
0.7874166666666667,0.26875000000000004,-49403.38373604677,530.2943666441279
0.7874166666666667,0.275,-49381.28922018435,508.1998507817043
0.7874166666666667,0.28125,-49359.77243292892,486.68306352627405
0.7874166666666667,0.28750000000000003,-49338.8249635169,465.7355941142523
0.7874166666666667,0.29375,-49318.43862889796,445.34925949531316
0.7874166666666667,0.30000000000000004,-49298.6054651905,425.5160957878543
0.7874166666666667,0.30625,-49279.31771955079,406.22835014814336
0.7874166666666667,0.3125,-49260.56784243157,387.4784730289248
0.7874166666666667,0.31875000000000003,-49242.34848020716,369.25911080451624
0.7874166666666667,0.325,-49224.65246814388,351.5630987412369
0.7874166666666667,0.33125000000000004,-49207.472823696226,334.38345429358014
0.7874166666666667,0.3375,-49190.802740110026,317.7133707073808
0.7874166666666667,0.34375,-49174.635580315764,301.54621091311856
0.7874166666666667,0.35000000000000003,-49158.964871095755,285.87550169311
0.7874166666666667,0.35625,-49143.78429751024,270.694928107594
0.7874166666666667,0.36250000000000004,-49129.087697568364,255.9983281657187
0.7874166666666667,0.36875,-49114.86905713091,241.77968772826716
0.7874166666666667,0.375,-49101.12250503244,228.03313562979747
0.7874166666666667,0.38125000000000003,-49087.84230841128,214.7529390086347
0.7874166666666667,0.3875,-49075.02286823664,201.93349883399787
0.7874166666666667,0.39375000000000004,-49062.658715022626,189.5693456199806
0.7874166666666667,0.4,-49050.74450471946,177.6551353168179
0.7874166666666667,0.40625,-49039.27501477339,166.18564537074417
0.7874166666666667,0.41250000000000003,-49028.24514034621,155.15577094356559
0.7874166666666667,0.41875,-49017.64989068707,144.56052128442388
0.7874166666666667,0.42500000000000004,-49007.48438564872,134.3950162460751
0.7874166666666667,0.43125,-48997.7438523413,124.65448293865484
0.7874166666666667,0.4375,-48988.42362191701,115.33425251436711
0.7874166666666667,0.44375000000000003,-48979.5191264794,106.42975707675214
0.7874166666666667,0.45,-48971.02589611144,97.93652670879237
0.7874166666666667,0.45625000000000004,-48962.93955601663,89.85018661398499
0.7874166666666667,0.4625,-48955.255823768195,82.16645436554973
0.7874166666666667,0.46875,-48947.970506660975,74.88113725832955
0.7874166666666667,0.47500000000000003,-48941.07949916164,67.99012975899677
0.7874166666666667,0.48125,-48934.57878045275,61.489411050104536
0.7874166666666667,0.48750000000000004,-48928.46441206617,55.375042663523345
0.7874166666666667,0.49375,-48922.73253560222,49.6431661995739
0.7874166666666667,0.5,-48917.3793705305,44.29000112785434
0.7874166666666667,0.5062500000000001,-48912.401212069,39.311842666356824
0.7874166666666667,0.5125,-48907.794429137895,34.70505973524996
0.7874166666666667,0.51875,-48903.55546238506,30.46609298241674
0.7874166666666667,0.525,-48899.68082228001,26.591452877364645
0.7874166666666667,0.53125,-48896.16708727348,23.07771787083766
0.7874166666666667,0.5375000000000001,-48893.01090201988,19.921532617234334
0.7874166666666667,0.54375,-48890.208975659974,17.119606257328996
0.7874166666666667,0.55,-48887.75808016131,14.6687107586622
0.7874166666666667,0.55625,-48885.655048713976,12.565679311330314
0.7874166666666667,0.5625,-48883.89677417958,10.807404776933254
0.7874166666666667,0.5687500000000001,-48882.480207591056,9.390838188410271
0.7874166666666667,0.575,-48881.40235670151,8.312987298864755
0.7874166666666667,0.58125,-48880.66028457998,7.570915177333518
0.7874166666666667,0.5875,-48880.25110825234,7.161738849696121
0.7874166666666667,0.59375,-48880.171997385536,7.082627982890699
0.7874166666666667,0.6000000000000001,-48880.42017301347,7.330803610821022
0.7874166666666667,0.60625,-48880.992906303,7.903536900354084
0.7874166666666667,0.6125,-48881.88751735836,8.79814795571292
0.7874166666666667,0.61875,-48883.10137406271,10.012004660064122
0.7874166666666667,0.625,-48884.631890955265,11.542521552619291
0.7874166666666667,0.6312500000000001,-48886.47652814278,13.387158740137238
0.7874166666666667,0.6375,-48888.63279024404,15.543420841393527
0.7874166666666667,0.64375,-48891.09822536615,18.008855963504175
0.7874166666666667,0.65,-48893.87042411146,20.781054708815645
0.7874166666666667,0.65625,-48896.947018614075,23.857649211429816
0.7874166666666667,0.6625000000000001,-48900.32568160466,27.23631220201787
0.7874166666666667,0.66875,-48904.00412550285,30.914756100202794
0.7874166666666667,0.675,-48907.980101535926,34.890732133280835
0.7874166666666667,0.68125,-48912.25139888316,39.16202948051796
0.7874166666666667,0.6875,-48916.81584384464,43.72647444199538
0.7874166666666667,0.6937500000000001,-48921.671299033864,48.58192963121837
0.7874166666666667,0.7,-48926.81566259329,53.726293190644355
0.7874166666666667,0.70625,-48932.246867431975,59.15749802932987
0.7874166666666667,0.7125000000000001,-48937.96288048453,64.87351108188159
0.7874166666666667,0.71875,-48943.96170199082,70.87233258817287
0.7874166666666667,0.7250000000000001,-48950.24136479547,77.15199539282185
0.7874166666666667,0.73125,-48956.7999336667,83.71056426405266
0.7874166666666667,0.7375,-48963.63550463377,90.54613523112494
0.7874166666666667,0.7437500000000001,-48970.746204342424,97.65683493977849
0.7874166666666667,0.75,-48978.130189427655,105.04082002500945
0.7874166666666667,0.7562500000000001,-48985.78564590344,112.69627650079201
0.7874166666666667,0.7625,-48993.71078856861,120.62141916596738
0.7874166666666667,0.76875,-49001.90386042856,128.81449102591432
0.7874166666666667,0.7750000000000001,-49010.363132132166,137.27376272952097
0.7874166666666667,0.78125,-49019.08690142345,145.9975320208032
0.7874166666666667,0.7875000000000001,-49028.07349260754,154.98412320489297
0.7874166666666667,0.79375,-49037.321256030475,164.23188662782923
0.7874166666666667,0.8,-49046.82856757232,173.739198169671
0.7874166666666667,0.8062500000000001,-49056.593828153396,183.50445875075093
0.7874166666666667,0.8125,-49066.61546325295,193.5260938503052
0.7874166666666667,0.8187500000000001,-49076.891922440074,203.80255303742888
0.7874166666666667,0.825,-49087.421678916406,214.33230951376026
0.7874166666666667,0.83125,-49098.2032290703,225.11385966765374
0.7874166666666667,0.8375000000000001,-49109.23509204204,236.14572263939772
0.7874166666666667,0.84375,-49120.51580929991,247.4264398972664
0.7874166666666667,0.8500000000000001,-49132.04394422661,258.9545748239616
0.7874166666666667,0.85625,-49143.81808171582,270.7287123131755
0.7874166666666667,0.8625,-49155.83682777864,282.74745837599767
0.7874166666666667,0.8687500000000001,-49168.09880915949,295.0094397568464
0.7874166666666667,0.875,-49180.60267296133,307.51330355868413
0.7874166666666667,0.8812500000000001,-49193.347086279835,320.2577168771895
0.7874166666666667,0.8875,-49206.33073584626,333.24136644361715
0.7874166666666667,0.89375,-49219.55232767887,346.46295827622816
0.7874166666666667,0.9000000000000001,-49233.01058674246,359.92121733981185
0.7874166666666667,0.90625,-49246.704256615994,373.614887213349
0.7874166666666667,0.9125000000000001,-49260.63209916798,387.54272976533684
0.7874166666666667,0.91875,-49274.792894239275,401.7035248366301
0.7874166666666667,0.925,-49289.18543933343,416.0960699307834
0.7874166666666667,0.9312500000000001,-49303.808549313944,430.71917991129885
0.7874166666666667,0.9375,-49318.66105610864,445.5716867059964
0.7874166666666667,0.9437500000000001,-49333.74180842063,460.65243901798385
0.7874166666666667,0.95,-49349.04967144589,475.9603020432478
0.7905,0.2,-49706.69737691191,833.6080075092614
0.7905,0.20625000000000002,-49677.43926988574,804.3499004830956
0.7905,0.21250000000000002,-49648.8631169416,775.7737475389513
0.7905,0.21875,-49620.957459715646,747.8680903130007
0.7905,0.225,-49593.71119039861,720.6218209959625
0.7905,0.23125,-49567.1135367856,694.0241673829514
0.7905,0.23750000000000002,-49541.15404814829,668.0646787456426
0.7905,0.24375000000000002,-49515.822581873974,642.7332124713284
0.7905,0.25,-49491.10929082078,618.0199214181339
0.7905,0.25625000000000003,-49467.00461134227,593.9152419396269
0.7905,0.2625,-49443.499251938076,570.4098825354304
0.7905,0.26875000000000004,-49420.58418249058,547.4948130879347
0.7905,0.275,-49398.25062405088,525.1612546482356
0.7905,0.28125,-49376.49003913954,503.4006697368968
0.7905,0.28750000000000003,-49355.29412253077,482.2047531281278
0.7905,0.29375,-49334.654792490306,461.56542308766075
0.7905,0.30000000000000004,-49314.56418243988,441.4748130372318
0.7905,0.30625,-49295.01463302292,421.92526362027274
0.7905,0.3125,-49275.99868454788,402.90931514523254
0.7905,0.31875000000000003,-49257.509069787106,384.41970038446016
0.7905,0.325,-49239.53870711108,366.44933770843636
0.7905,0.33125000000000004,-49222.080693938704,348.9913245360585
0.7905,0.3375,-49205.128300486016,332.0389310833707
0.7905,0.34375,-49188.674963796664,315.5855943940187
0.7905,0.35000000000000003,-49172.71428203859,299.6249126359471
0.7905,0.35625,-49157.240009052584,284.15063964993897
0.7905,0.36250000000000004,-49142.246049138834,269.1566797361884
0.7905,0.36875,-49127.7264520691,254.637082666457
0.7905,0.375,-49113.67540831235,240.58603890970699
0.7905,0.38125000000000003,-49100.08724446279,226.997875060144
0.7905,0.3875,-49086.956418859816,213.86704945717065
0.7905,0.39375000000000004,-49074.277517389964,201.1881479873191
0.7905,0.4,-49062.04524946177,188.95588005912578
0.7905,0.40625,-49050.254444144666,177.1650747420208
0.7905,0.41250000000000003,-49038.90004646385,165.81067706120666
0.7905,0.41875,-49027.9771138434,154.88774444075534
0.7905,0.42500000000000004,-49017.48081269044,144.39144328779366
0.7905,0.43125,-49007.40641511338,134.3170457107335
0.7905,0.4375,-48997.74929576798,124.65992636533338
0.7905,0.44375000000000003,-48988.50492882506,115.41555942241393
0.7905,0.45,-48979.66888505406,106.57951565141411
0.7905,0.45625000000000004,-48971.23682901723,98.14745961458539
0.7905,0.4625,-48963.20451636912,90.11514696647646
0.7905,0.46875,-48955.56779125667,82.4784218540226
0.7905,0.47500000000000003,-48948.32258381526,75.23321441261214
0.7905,0.48125,-48941.4649077565,68.37553835385188
0.7905,0.48750000000000004,-48934.990858043406,61.90148864076036
0.7905,0.49375,-48928.89660864945,55.807239246802055
0.7905,0.5,-48923.178410397406,50.08904099476058
0.7905,0.5062500000000001,-48917.83258887493,44.743219472286
0.7905,0.5125,-48912.8555424231,39.766173020456336
0.7905,0.51875,-48908.24374019515,35.15437079250114
0.7905,0.525,-48903.993720282306,30.904350879660342
0.7905,0.53125,-48900.10208790378,27.012718501136987
0.7905,0.5375000000000001,-48896.56551365838,23.476144255735562
0.7905,0.54375,-48893.38073183505,20.29136243240646
0.7905,0.55,-48890.544538780116,17.455169377470156
0.7905,0.55625,-48888.05379131863,14.964421915981802
0.7905,0.5625,-48885.90540522785,12.8160358252062
0.7905,0.5687500000000001,-48884.09635376072,11.00698435807135
0.7905,0.575,-48882.623666217136,9.534296814490517
0.7905,0.58125,-48881.48442656155,8.395057158901182
0.7905,0.5875,-48880.67577208453,7.5864026818817365
0.7905,0.59375,-48880.19489210703,7.105522704383475
0.7905,0.6000000000000001,-48880.03902672543,6.949657322787971
0.7905,0.60625,-48880.205465595995,7.116096193349222
0.7905,0.6125,-48880.691546756905,7.602177354259766
0.7905,0.61875,-48881.494655486895,8.405286084249383
0.7905,0.625,-48882.61222319868,9.522853796035633
0.7905,0.6312500000000001,-48884.04172636624,10.952356963593047
0.7905,0.6375,-48885.78068548434,12.691316081691184
0.7905,0.64375,-48887.82666405944,14.737294656792074
0.7905,0.65,-48890.17726763064,17.087898227997357
0.7905,0.65625,-48892.8301428196,19.740773416953743
0.7905,0.6625000000000001,-48895.78297640843,22.693607005785452
0.7905,0.66875,-48899.0334944445,25.944125041853113
0.7905,0.675,-48902.57946137127,29.490091968626075
0.7905,0.68125,-48906.418679184164,33.32930978151853
0.7905,0.6875,-48910.54898661062,37.45961720797641
0.7905,0.6937500000000001,-48914.96825831346,41.878888910818205
0.7905,0.7,-48919.674404116886,46.585034714240464
0.7905,0.70625,-48924.665368254064,51.57599885141826
0.7905,0.7125000000000001,-48929.93912863586,56.84975923321326
0.7905,0.71875,-48935.493696139776,62.40432673713076
0.7905,0.7250000000000001,-48941.32711391858,68.23774451593636
0.7905,0.73125,-48947.43745672778,74.34808732513193
0.7905,0.7375,-48953.82283027144,80.7334608687961
0.7905,0.7437500000000001,-48960.4813705658,87.39200116315624
0.7905,0.75,-48967.41124331986,94.32187391721527
0.7905,0.7562500000000001,-48974.61064333267,101.52127393002593
0.7905,0.7625,-48982.07779390654,108.98842450389202
0.7905,0.76875,-48989.810946275786,116.7215768731403
0.7905,0.7750000000000001,-48997.808379050526,124.71900964788074
0.7905,0.78125,-49006.06839767491,132.9790282722679
0.7905,0.7875000000000001,-49014.58933389954,141.49996449689206
0.7905,0.79375,-49023.36954526733,150.28017586468195
0.7905,0.8,-49032.40741461274,159.31804521009326
0.7905,0.8062500000000001,-49041.701349573734,168.61198017108836
0.7905,0.8125,-49051.24978211601,178.16041271336144
0.7905,0.8187500000000001,-49061.05116806936,187.96179866671446
0.7905,0.825,-49071.10398667567,198.01461727302376
0.7905,0.83125,-49081.40674014809,208.317370745448
0.7905,0.8375000000000001,-49091.95795324123,218.86858383858635
0.7905,0.84375,-49102.756172831934,229.66680342928885
0.7905,0.8500000000000001,-49113.79996751031,240.71059810766747
0.7905,0.85625,-49125.08792718085,251.9985577782063
0.7905,0.8625,-49136.618662673085,263.52929327043967
0.7905,0.8687500000000001,-49148.39080536174,275.3014359590961
0.7905,0.875,-49160.40300679601,287.31363739336666
0.7905,0.8812500000000001,-49172.653938337695,299.56456893504946
0.7905,0.8875,-49185.14229080782,312.0529214051712
0.7905,0.89375,-49197.86677414183,324.77740473918675
0.7905,0.9000000000000001,-49210.826117052704,337.73674765005853
0.7905,0.90625,-49224.01906670205,350.92969729940523
0.7905,0.9125000000000001,-49237.44438837881,364.3550189761663
0.7905,0.91875,-49251.10086518549,378.0114957828482
0.7905,0.925,-49264.987297731524,391.89792832887906
0.7905,0.9312500000000001,-49279.102503833696,406.0131344310503
0.7905,0.9375,-49293.44531822348,420.3559488208339
0.7905,0.9437500000000001,-49308.01459226092,434.92522285827727
0.7905,0.95,-49322.80919365506,449.7198242524173
0.7935833333333334,0.2,-49726.46906688859,853.3796974859433
0.7935833333333334,0.20625000000000002,-49697.03628693405,823.946917531408
0.7935833333333334,0.21250000000000002,-49668.27916583161,795.1897964289674
0.7935833333333334,0.21875,-49640.186415928496,767.0970465258506
0.7935833333333334,0.225,-49612.74709246268,739.6577230600378
0.7935833333333334,0.23125,-49585.950579044365,712.86120964172
0.7935833333333334,0.23750000000000002,-49559.78657393003,686.6972045273869
0.7935833333333334,0.24375000000000002,-49534.2450770363,661.155707633654
0.7935833333333334,0.25,-49509.31637764505,636.2270082424075
0.7935833333333334,0.25625000000000003,-49484.9910427547,611.9016733520548
0.7935833333333334,0.2625,-49461.25990603631,588.1705366336682
0.7935833333333334,0.26875000000000004,-49438.11405735629,565.0246879536426
0.7935833333333334,0.275,-49415.54483282981,542.4554634271626
0.7935833333333334,0.28125,-49393.54380537263,520.4544359699867
0.7935833333333334,0.28750000000000003,-49372.10277572049,499.01340631784115
0.7935833333333334,0.29375,-49351.213763887834,478.12439448518853
0.7935833333333334,0.30000000000000004,-49330.869001039886,457.7796316372405
0.7935833333333334,0.30625,-49311.06092175324,437.9715523505947
0.7935833333333334,0.3125,-49291.78215664267,418.6927872400265
0.7935833333333334,0.31875000000000003,-49273.02552533277,399.9361559301251
0.7935833333333334,0.325,-49254.78402975481,381.69466035216465
0.7935833333333334,0.33125000000000004,-49237.05084775033,363.96147834768635
0.7935833333333334,0.3375,-49219.819326964556,346.72995756191085
0.7935833333333334,0.34375,-49203.08297901327,329.99360961062484
0.7935833333333334,0.35000000000000003,-49186.83547390851,313.74610450586624
0.7935833333333334,0.35625,-49171.07063472879,297.98126532614697
0.7935833333333334,0.36250000000000004,-49155.78243252091,282.6930631182622
0.7935833333333334,0.36875,-49140.96498142107,267.8756120184262
0.7935833333333334,0.375,-49126.61253398357,253.52316458092537
0.7935833333333334,0.38125000000000003,-49112.71947670658,239.6301073039358
0.7935833333333334,0.3875,-49099.28032574459,226.19095634194673
0.7935833333333334,0.39375000000000004,-49086.28972279818,213.20035339553579
0.7935833333333334,0.4,-49073.74243117205,200.65306176940794
0.7935833333333334,0.40625,-49061.63333199296,188.54396259031637
0.7935833333333334,0.41250000000000003,-49049.957420579616,176.86805117697077
0.7935833333333334,0.41875,-49038.70980295706,165.6204335544171
0.7935833333333334,0.42500000000000004,-49027.88569250856,154.79632310591114
0.7935833333333334,0.43125,-49017.48040675829,144.39103735564277
0.7935833333333334,0.4375,-49007.48936427865,134.3999948760029
0.7935833333333334,0.44375000000000003,-48997.90808171635,124.81871231370314
0.7935833333333334,0.45,-48988.7321709315,115.64280152885476
0.7935833333333334,0.45625000000000004,-48979.957336244675,106.86796684203
0.7935833333333334,0.4625,-48971.579371786924,98.49000238427834
0.7935833333333334,0.46875,-48963.59415894786,90.50478954521532
0.7935833333333334,0.47500000000000003,-48955.99766391763,82.90829451498576
0.7935833333333334,0.48125,-48948.78593531842,75.69656591577223
0.7935833333333334,0.48750000000000004,-48941.9551019215,68.8657325188542
0.7935833333333334,0.49375,-48935.50137044603,62.4120010433835
0.7935833333333334,0.5,-48929.42102343621,56.33165403356543
0.7935833333333334,0.5062500000000001,-48923.71041721312,50.62104781047674
0.7935833333333334,0.5125,-48918.36597989817,45.27661049552262
0.7935833333333334,0.51875,-48913.38420950518,40.29484010253509
0.7935833333333334,0.525,-48908.761672098015,35.67230269536958
0.7935833333333334,0.53125,-48904.49500001111,31.405630608467618
0.7935833333333334,0.5375000000000001,-48900.580890130295,27.491520727649913
0.7935833333333334,0.54375,-48897.016102231326,23.926732828680542
0.7935833333333334,0.55,-48893.797457373876,20.70808797123027
0.7935833333333334,0.55625,-48890.921836348614,17.832466945968918
0.7935833333333334,0.5625,-48888.3861781753,15.296808772654913
0.7935833333333334,0.5687500000000001,-48886.18747864984,13.098109247192042
0.7935833333333334,0.575,-48884.3227889383,11.233419535652502
0.7935833333333334,0.58125,-48882.78921421611,9.699844813461823
0.7935833333333334,0.5875,-48881.5839123506,8.494542947955779
0.7935833333333334,0.59375,-48880.70409262529,7.614723222643079
0.7935833333333334,0.6000000000000001,-48880.14701450416,7.057645101514936
0.7935833333333334,0.60625,-48879.90998643453,6.820617031888105
0.7935833333333334,0.6125,-48879.99036468701,6.90099528436258
0.7935833333333334,0.61875,-48880.38555223105,7.2961828284023795
0.7935833333333334,0.625,-48881.09299764495,8.003628242302511
0.7935833333333334,0.6312500000000001,-48882.11019405877,9.020824656123295
0.7935833333333334,0.6375,-48883.434678129226,10.345308726580697
0.7935833333333334,0.64375,-48885.064029045054,11.974659642408369
0.7935833333333334,0.65,-48886.99586756216,13.90649815951474
0.7935833333333334,0.65625,-48889.22785506702,16.138485664378095
0.7935833333333334,0.6625000000000001,-48891.75769266764,18.668323264995706
0.7935833333333334,0.66875,-48894.583120310956,21.493750908310176
0.7935833333333334,0.675,-48897.70191592576,24.61254652311618
0.7935833333333334,0.68125,-48901.11189459023,28.022525187581778
0.7935833333333334,0.6875,-48904.810907723266,31.72153832062031
0.7935833333333334,0.6937500000000001,-48908.796842298725,35.70747289607971
0.7935833333333334,0.7,-48913.0676200818,39.97825067915255
0.7935833333333334,0.70625,-48917.6211968868,44.531827484155656
0.7935833333333334,0.7125000000000001,-48922.45556185556,49.36619245291513
0.7935833333333334,0.71875,-48927.56873675581,54.47936735316762
0.7935833333333334,0.7250000000000001,-48932.95877529883,59.86940589618462
0.7935833333333334,0.73125,-48938.62376247572,65.53439307307417
0.7935833333333334,0.7375,-48944.56181391171,71.47244450906146
0.7935833333333334,0.7437500000000001,-48950.77107523785,77.68170583520259
0.7935833333333334,0.75,-48957.24972147958,84.16035207693494
0.7935833333333334,0.7562500000000001,-48963.99595646159,90.90658705894748
0.7935833333333334,0.7625,-48971.00801222842,97.91864282577444
0.7935833333333334,0.76875,-48978.284148480336,105.19477907769033
0.7935833333333334,0.7750000000000001,-48985.82265202398,112.73328262133145
0.7935833333333334,0.78125,-48993.621836237304,120.53246683465841
0.7935833333333334,0.7875000000000001,-49001.68004054837,128.590671145721
0.7935833333333334,0.79375,-49009.99562992753,136.9062605248837
0.7935833333333334,0.8,-49018.5669943926,145.47762498995144
0.7935833333333334,0.8062500000000001,-49027.39254852665,154.30317912400642
0.7935833333333334,0.8125,-49036.47073100796,163.38136160531576
0.7935833333333334,0.8187500000000001,-49045.800004151795,172.7106347491499
0.7935833333333334,0.825,-49055.37885346365,182.28948406100244
0.7935833333333334,0.83125,-49065.2057872036,192.1164178009567
0.7935833333333334,0.8375000000000001,-49075.27933596146,202.18996655881347
0.7935833333333334,0.84375,-49085.598052242305,212.50868283965974
0.7935833333333334,0.8500000000000001,-49096.160510062226,223.07114065958012
0.7935833333333334,0.85625,-49106.96530455388,233.87593515123444
0.7935833333333334,0.8625,-49118.01105158159,244.92168217894505
0.7935833333333334,0.8687500000000001,-49129.29638736569,256.2070179630464
0.7935833333333334,0.875,-49140.819968115924,267.7305987132786
0.7935833333333334,0.8812500000000001,-49152.5804696735,279.4911002708541
0.7935833333333334,0.8875,-49164.5765871617,291.4872177590514
0.7935833333333334,0.89375,-49176.80703464466,303.71766524201666
0.7935833333333334,0.9000000000000001,-49189.27054479423,316.18117539158266
0.7935833333333334,0.90625,-49201.965868564504,328.8764991618591
0.7935833333333334,0.9125000000000001,-49214.89177487402,341.8024054713751
0.7935833333333334,0.91875,-49228.04705029522,354.9576808925776
0.7935833333333334,0.925,-49241.43049875108,368.3411293484314
0.7935833333333334,0.9312500000000001,-49255.04094121862,381.9515718159746
0.7935833333333334,0.9375,-49268.877215439294,395.78784603664826
0.7935833333333334,0.9437500000000001,-49282.93817563583,409.8488062331817
0.7935833333333334,0.95,-49297.22269223539,424.1333228327421
0.7966666666666667,0.2,-49746.53413949205,873.4447700894016
0.7966666666666667,0.20625000000000002,-49716.93037428511,843.8410048824662
0.7966666666666667,0.21250000000000002,-49687.995947846764,814.9065784441191
0.7966666666666667,0.21875,-49659.71974335626,786.6303739536161
0.7966666666666667,0.225,-49632.09097926705,759.0016098644046
0.7966666666666667,0.23125,-49605.09919521417,732.0098258115249
0.7966666666666667,0.23750000000000002,-49578.73423868534,705.6448692826962
0.7966666666666667,0.24375000000000002,-49552.98625240523,679.8968830025842
0.7966666666666667,0.25,-49527.84566238631,654.756292983664
0.7966666666666667,0.25625000000000003,-49503.30316660344,630.2137972007913
0.7966666666666667,0.2625,-49479.349724252235,606.2603548495899
0.7966666666666667,0.26875000000000004,-49455.97654555469,582.8871761520422
0.7966666666666667,0.275,-49433.17508207782,560.0857126751725
0.7966666666666667,0.28125,-49410.937017533994,537.8476481313483
0.7966666666666667,0.28750000000000003,-49389.254259033565,516.1648896309198
0.7966666666666667,0.29375,-49368.11892876268,495.02955936003127
0.7966666666666667,0.30000000000000004,-49347.523356061036,474.4339866583905
0.7966666666666667,0.30625,-49327.46006987616,454.37070047351153
0.7966666666666667,0.3125,-49307.92179157227,434.8324221696239
0.7966666666666667,0.31875000000000003,-49288.901428073405,415.81205867075914
0.7966666666666667,0.325,-49270.39206532193,397.30269591928663
0.7966666666666667,0.33125000000000004,-49252.38696203451,379.29759263186133
0.7966666666666667,0.3375,-49234.879543739225,361.7901743365801
0.7966666666666667,0.34375,-49217.86339707831,344.77402767566673
0.7966666666666667,0.35000000000000003,-49201.33226436193,328.2428949592868
0.7966666666666667,0.35625,-49185.280038359735,312.19066895708966
0.7966666666666667,0.36250000000000004,-49169.7007573172,296.61138791455596
0.7966666666666667,0.36875,-49154.58860018527,281.4992307826251
0.7966666666666667,0.375,-49139.93788205178,266.84851264913596
0.7966666666666667,0.38125000000000003,-49125.74304976448,252.65368036183645
0.7966666666666667,0.3875,-49111.99867773577,238.9093083331245
0.7966666666666667,0.39375000000000004,-49098.69946391994,225.61009451729478
0.7966666666666667,0.4,-49085.84022595415,212.75085655150178
0.7966666666666667,0.40625,-49073.41589745521,200.32652805256657
0.7966666666666667,0.41250000000000003,-49061.42152446434,188.33215506169654
0.7966666666666667,0.41875,-49049.8522620326,176.76289262995124
0.7966666666666667,0.42500000000000004,-49038.70337094041,165.61400153776776
0.7966666666666667,0.43125,-49027.970214544606,154.8808451419609
0.7966666666666667,0.4375,-49017.64825574692,144.55888634427538
0.7966666666666667,0.44375000000000003,-49007.733054078286,134.64368467564054
0.7966666666666667,0.45,-48998.22026289349,125.13089349084476
0.7966666666666667,0.45625000000000004,-48989.105626671095,116.01625726844941
0.7966666666666667,0.4625,-48980.384978413815,107.29560901116929
0.7966666666666667,0.46875,-48972.05423714475,98.96486774210643
0.7966666666666667,0.47500000000000003,-48964.10940549517,91.02003609252279
0.7966666666666667,0.48125,-48956.54656737977,83.45719797712809
0.7966666666666667,0.48750000000000004,-48949.361885755556,76.27251635291032
0.7966666666666667,0.49375,-48942.55160046059,69.46223105794343
0.7966666666666667,0.5,-48936.11202612921,63.02265672656358
0.7966666666666667,0.5062500000000001,-48930.039550180365,56.95018077771965
0.7966666666666667,0.5125,-48924.330630876,51.241261473354825
0.7966666666666667,0.51875,-48918.98179544641,45.89242604376341
0.7966666666666667,0.525,-48913.98963827982,40.90026887717249
0.7966666666666667,0.53125,-48909.35081917348,36.26144977083459
0.7966666666666667,0.5375000000000001,-48905.062061643715,31.972692241070035
0.7966666666666667,0.54375,-48901.12015129256,28.030781889916398
0.7966666666666667,0.55,-48897.521934228535,24.43256482588913
0.7966666666666667,0.55625,-48894.26431553948,21.174946136838116
0.7966666666666667,0.5625,-48891.344257815406,18.25488841276092
0.7966666666666667,0.5687500000000001,-48888.7587797191,15.669410316455469
0.7966666666666667,0.575,-48886.504954603006,13.41558520036051
0.7966666666666667,0.58125,-48884.57990917012,11.49053976747382
0.7966666666666667,0.5875,-48882.980822177546,9.891452774900245
0.7966666666666667,0.59375,-48881.70492318079,8.615553778145113
0.7966666666666667,0.6000000000000001,-48880.749491317445,7.660121914799674
0.7966666666666667,0.60625,-48880.11185412857,7.022484725923277
0.7966666666666667,0.6125,-48879.78938641645,6.700017013805336
0.7966666666666667,0.61875,-48879.77950913741,6.690139734761033
0.7966666666666667,0.625,-48880.07968832813,6.990318925483734
0.7966666666666667,0.6312500000000001,-48880.68743406462,7.5980646619718755
0.7966666666666667,0.6375,-48881.6002994522,8.51093004955328
0.7966666666666667,0.64375,-48882.81587964572,9.726510243075609
0.7966666666666667,0.65,-48884.3318108987,11.242441496055108
0.7966666666666667,0.65625,-48886.14576964043,13.056400237786875
0.7966666666666667,0.6625000000000001,-48888.25547158006,15.16610217741254
0.7966666666666667,0.66875,-48890.658670836565,17.569301433919463
0.7966666666666667,0.675,-48893.35315909394,20.263789691292914
0.7966666666666667,0.68125,-48896.33676478038,23.24739537773712
0.7966666666666667,0.6875,-48899.60735227099,26.517982868346735
0.7966666666666667,0.6937500000000001,-48903.162821112914,30.073451710268273
0.7966666666666667,0.7,-48907.00110527223,33.911735869587574
0.7966666666666667,0.70625,-48911.120172401905,38.03080299925932
0.7966666666666667,0.7125000000000001,-48915.518023129946,42.428653727300116
0.7966666666666667,0.71875,-48920.19269036733,47.103320964684826
0.7966666666666667,0.7250000000000001,-48925.1422386347,52.05286923205131
0.7966666666666667,0.73125,-48930.36476340746,57.27539400481328
0.7966666666666667,0.7375,-48935.85839047865,62.76902107600472
0.7966666666666667,0.7437500000000001,-48941.62127533881,68.53190593616455
0.7966666666666667,0.75,-48947.65160257252,74.56223316987598
0.7966666666666667,0.7562500000000001,-48953.947585270915,80.85821586826933
0.7966666666666667,0.7625,-48960.507464459726,87.41809505708079
0.7966666666666667,0.76875,-48967.32950854234,94.24013913969247
0.7966666666666667,0.7750000000000001,-48974.41201275735,101.32264335470245
0.7966666666666667,0.78125,-48981.75329865024,108.66392924759566
0.7966666666666667,0.7875000000000001,-48989.351713558644,116.26234415599902
0.7966666666666667,0.79375,-48997.20563011081,124.11626070816419
0.7966666666666667,0.8,-49005.31344573684,132.2240763341979
0.7966666666666667,0.8062500000000001,-49013.67358219241,140.58421278976311
0.7966666666666667,0.8125,-49022.28448509434,149.19511569169117
0.7966666666666667,0.8187500000000001,-49031.14462346787,158.05525406522793
0.7966666666666667,0.825,-49040.252489305385,167.1631199027397
0.7966666666666667,0.83125,-49049.606597135746,176.5172277331003
0.7966666666666667,0.8375000000000001,-49059.20548360453,186.11611420188274
0.7966666666666667,0.84375,-49069.04770706443,195.95833766178112
0.7966666666666667,0.8500000000000001,-49079.13184717565,206.0424777730077
0.7966666666666667,0.85625,-49089.45650451603,216.36713511338166
0.7966666666666667,0.8625,-49100.020300200544,226.93093079789833
0.7966666666666667,0.8687500000000001,-49110.82187550994,237.73250610729156
0.7966666666666667,0.875,-49121.85989152823,248.77052212558192
0.7966666666666667,0.8812500000000001,-49133.133028788834,260.04365938618866
0.7966666666666667,0.8875,-49144.63998692904,271.5506175263945
0.7966666666666667,0.89375,-49156.379484352554,283.29011494990846
0.7966666666666667,0.9000000000000001,-49168.350257900034,295.2608884973888
0.7966666666666667,0.90625,-49180.551062527185,307.46169312454003
0.7966666666666667,0.9125000000000001,-49192.980670990415,319.8913015877697
0.7966666666666667,0.91875,-49205.6378735396,332.54850413695385
0.7966666666666667,0.925,-49218.52147761795,345.43210821530374
0.7966666666666667,0.9312500000000001,-49231.63030756882,358.5409381661739
0.7966666666666667,0.9375,-49244.96320434892,371.87383494627284
0.7966666666666667,0.9437500000000001,-49258.51902524827,385.42965584562626
0.7966666666666667,0.95,-49272.29664361631,399.2072742136661
0.7997500000000001,0.2,-49766.89524948358,893.8058800809376
0.7997500000000001,0.20625000000000002,-49737.124240894336,864.0348714916909
0.7997500000000001,0.21250000000000002,-49708.016226043255,834.9268566406099
0.7997500000000001,0.21875,-49679.560259037295,806.4708896346492
0.7997500000000001,0.225,-49651.74572168998,778.656352287333
0.7997500000000001,0.23125,-49624.56230984898,751.472940446336
0.7997500000000001,0.23750000000000002,-49598.00002045925,724.9106510566053
0.7997500000000001,0.24375000000000002,-49572.049139313036,698.9597699103906
0.7997500000000001,0.25,-49546.70022944268,673.610860040033
0.7997500000000001,0.25625000000000003,-49521.94412011456,648.8547507119147
0.7997500000000001,0.2625,-49497.77189638661,624.682526983961
0.7997500000000001,0.26875000000000004,-49474.17488919395,601.0855197913043
0.7997500000000001,0.275,-49451.14466593002,578.0552965273746
0.7997500000000001,0.28125,-49428.6730214931,555.5836520904559
0.7997500000000001,0.28750000000000003,-49406.75196977005,533.6626003674028
0.7997500000000001,0.29375,-49385.37373553127,512.2843661286242
0.7997500000000001,0.30000000000000004,-49364.53074671254,491.44137730989314
0.7997500000000001,0.30625,-49344.215627061254,471.12625765860867
0.7997500000000001,0.3125,-49324.42118912609,451.33181972344755
0.7997500000000001,0.31875000000000003,-49305.14042757041,432.0510581677663
0.7997500000000001,0.325,-49286.366512791195,413.27714338855003
0.7997500000000001,0.33125000000000004,-49268.092784826455,395.0034154238092
0.7997500000000001,0.3375,-49250.31274753529,377.2233781326431
0.7997500000000001,0.34375,-49233.02006303543,359.9306936327848
0.7997500000000001,0.35000000000000003,-49216.208546384674,343.1191769820289
0.7997500000000001,0.35625,-49199.8721604929,326.78279109025607
0.7997500000000001,0.36250000000000004,-49184.00501125259,310.91564184994786
0.7997500000000001,0.36875,-49168.60134287634,295.5119734736945
0.7997500000000001,0.375,-49153.655533430625,280.56616402797954
0.7997500000000001,0.38125000000000003,-49139.16209055571,266.07272115306114
0.7997500000000001,0.3875,-49125.11564736233,252.02627795968147
0.7997500000000001,0.39375000000000004,-49111.51095849599,238.42158909334103
0.7997500000000001,0.4,-49098.34289636083,225.25352695818583
0.7997500000000001,0.40625,-49085.60644749488,212.51707809223444
0.7997500000000001,0.41250000000000003,-49073.29670908943,200.20733968678542
0.7997500000000001,0.41875,-49061.4088856455,188.31951624285284
0.7997500000000001,0.42500000000000004,-49049.938285760785,176.84891635813983
0.7997500000000001,0.43125,-49038.8803190409,165.79094963825628
0.7997500000000001,0.4375,-49028.230493128984,155.14112372633826
0.7997500000000001,0.44375000000000003,-49017.98441084815,144.895041445503
0.7997500000000001,0.45,-49008.137767451604,135.04839804895892
0.7997500000000001,0.45625000000000004,-48998.686347975374,125.5969785727284
0.7997500000000001,0.4625,-48989.62602468906,116.53665528641432
0.7997500000000001,0.46875,-48980.95275464009,107.8633852374478
0.7997500000000001,0.47500000000000003,-48972.662577287425,99.57320788477955
0.7997500000000001,0.48125,-48964.751612220505,91.6622428178598
0.7997500000000001,0.48750000000000004,-48957.21605695998,84.12668755733466
0.7997500000000001,0.49375,-48950.05218483637,76.96281543372606
0.7997500000000001,0.5,-48943.25634294347,70.16697354082135
0.7997500000000001,0.5062500000000001,-48936.82495016314,63.735580760498124
0.7997500000000001,0.5125,-48930.754495258676,57.6651258560305
0.7997500000000001,0.51875,-48925.04153503343,51.95216563078429
0.7997500000000001,0.525,-48919.68269255247,46.593323149827484
0.7997500000000001,0.53125,-48914.67465542421,41.5852860215673
0.7997500000000001,0.5375000000000001,-48910.01417413981,36.92480473716569
0.7997500000000001,0.54375,-48905.69806046785,32.60869106520113
0.7997500000000001,0.55,-48901.723185902025,28.633816499379463
0.7997500000000001,0.55625,-48898.086480159865,24.99711075722007
0.7997500000000001,0.5625,-48894.78492973017,21.695560327527346
0.7997500000000001,0.5687500000000001,-48891.815576467576,18.72620706493035
0.7997500000000001,0.575,-48889.17551623196,16.086146829315112
0.7997500000000001,0.58125,-48886.86189757144,13.77252816879627
0.7997500000000001,0.5875,-48884.87192044675,11.782551044103457
0.7997500000000001,0.59375,-48883.20283499583,10.1134655931819
0.7997500000000001,0.6000000000000001,-48881.8519403368,8.762570934151881
0.7997500000000001,0.60625,-48880.816583407985,7.727214005339192
0.7997500000000001,0.6125,-48880.09415784365,7.004788441001438
0.7997500000000001,0.61875,-48879.682102883875,6.592733481229516
0.7997500000000001,0.625,-48879.577902317586,6.488532914940151
0.7997500000000001,0.6312500000000001,-48879.77908345733,6.689714054686192
0.7997500000000001,0.6375,-48880.28321614468,7.193846742033202
0.7997500000000001,0.64375,-48881.087911785144,7.998542382498272
0.7997500000000001,0.65,-48882.19082241154,9.101453008894168
0.7997500000000001,0.65625,-48883.589639774786,10.500270372140221
0.7997500000000001,0.6625000000000001,-48885.28209446114,12.192725058492215
0.7997500000000001,0.66875,-48887.26595503491,14.176585632267233
0.7997500000000001,0.675,-48889.53902720584,16.449657803197624
0.7997500000000001,0.68125,-48892.09915302011,19.0097836174682
0.7997500000000001,0.6875,-48894.94421007445,21.854840671803686
0.7997500000000001,0.6937500000000001,-48898.07211075217,24.982741349522257
0.7997500000000001,0.7,-48901.480801480706,28.39143207806046
0.7997500000000001,0.70625,-48905.16826200977,32.078892607125454
0.7997500000000001,0.7125000000000001,-48909.13250470938,36.04313530673244
0.7997500000000001,0.71875,-48913.37157388721,40.282204484567046
0.7997500000000001,0.7250000000000001,-48917.8835451246,44.79417572195234
0.7997500000000001,0.73125,-48922.66652463043,49.57715522778744
0.7997500000000001,0.7375,-48927.718648612616,54.629279209970264
0.7997500000000001,0.7437500000000001,-48933.038082666215,59.948713263569516
0.7997500000000001,0.75,-48938.62302117796,65.53365177531668
0.7997500000000001,0.7562500000000001,-48944.47168674658,71.38231734393776
0.7997500000000001,0.7625,-48950.58232961821,77.49296021556802
0.7997500000000001,0.76875,-48956.95322713675,83.86385773410439
0.7997500000000001,0.7750000000000001,-48963.582683208355,90.49331380570948
0.7997500000000001,0.78125,-48970.46902777992,97.37965837727825
0.7997500000000001,0.7875000000000001,-48977.61061633086,104.52124692821235
0.7997500000000001,0.79375,-48985.00582937786,111.91645997521118
0.7997500000000001,0.8,-48992.65307199231,119.5637025896649
0.7997500000000001,0.8062500000000001,-49000.55077332987,127.46140392722737
0.7997500000000001,0.8125,-49008.697386171836,135.60801676919073
0.7997500000000001,0.8187500000000001,-49017.09138647799,144.00201707534143
0.7997500000000001,0.825,-49025.73127295056,152.64190354791208
0.7997500000000001,0.83125,-49034.61556660893,161.52619720628718
0.7997500000000001,0.8375000000000001,-49043.74281037484,170.6534409721935
0.7997500000000001,0.84375,-49053.11156866768,180.02219926503312
0.7997500000000001,0.8500000000000001,-49062.7204270096,189.6310576069518
0.7997500000000001,0.85625,-49072.5679916403,199.47862223765696
0.7997500000000001,0.8625,-49082.652889140896,209.56351973825076
0.7997500000000001,0.8687500000000001,-49092.9737660669,219.88439666425256
0.7997500000000001,0.875,-49103.52928858991,230.43991918726533
0.7997500000000001,0.8812500000000001,-49114.31814214777,241.22877274512575
0.7997500000000001,0.8875,-49125.339031102994,252.24966170034895
0.7997500000000001,0.89375,-49136.59067840912,263.5013090064749
0.7997500000000001,0.9000000000000001,-49148.07182528495,274.982455882302
0.7997500000000001,0.90625,-49159.78123089621,286.6918614935639
0.7997500000000001,0.9125000000000001,-49171.71767204471,298.6283026420642
0.7997500000000001,0.91875,-49183.879942864485,310.7905734618398
0.7997500000000001,0.925,-49196.26685452495,323.17748512230173
0.7997500000000001,0.9312500000000001,-49208.87723494085,335.787865538201
0.7997500000000001,0.9375,-49221.70992848863,348.6205590859827
0.7997500000000001,0.9437500000000001,-49234.763795729355,361.6744263267101
0.7997500000000001,0.95,-49248.03771313768,374.94834373503545
0.8028333333333334,0.2,-49787.55509504405,914.4657256414066
0.8028333333333334,0.20625000000000002,-49757.620640465044,884.5312710623984
0.8028333333333334,0.21250000000000002,-49728.34280956657,855.2534401639277
0.8028333333333334,0.21875,-49699.710827452924,826.6214580502783
0.8028333333333334,0.225,-49671.71423941775,798.6248700151045
0.8028333333333334,0.23125,-49644.342897686336,771.2535282836907
0.8028333333333334,0.23750000000000002,-49617.58694886548,744.4975794628335
0.8028333333333334,0.24375000000000002,-49591.436822054864,718.3474526522186
0.8028333333333334,0.25,-49565.8832175773,692.7938481746532
0.8028333333333334,0.25625000000000003,-49540.917096288664,667.8277268860184
0.8028333333333334,0.2625,-49516.529669430995,643.4403000283492
0.8028333333333334,0.26875000000000004,-49492.712388995205,619.62301959256
0.8028333333333334,0.275,-49469.45693856198,596.367569159338
0.8028333333333334,0.28125,-49446.75522459206,573.6658551894143
0.8028333333333334,0.28750000000000003,-49424.59936813893,551.5099987362846
0.8028333333333334,0.29375,-49402.98169695889,529.8923275562411
0.8028333333333334,0.30000000000000004,-49381.89473799524,508.80536859259155
0.8028333333333334,0.30625,-49361.331210214965,488.2418408123194
0.8028333333333334,0.3125,-49341.28401777765,468.1946483750071
0.8028333333333334,0.31875000000000003,-49321.74624351793,448.6568741152878
0.8028333333333334,0.325,-49302.71114272374,429.6217733210942
0.8028333333333334,0.33125000000000004,-49284.17213719411,411.082767791464
0.8028333333333334,0.3375,-49266.12280956114,393.03344015849143
0.8028333333333334,0.34375,-49248.55689786169,375.4675284590412
0.8028333333333334,0.35000000000000003,-49231.46829034558,358.37892094293784
0.8028333333333334,0.35625,-49214.85102050754,341.7616511048982
0.8028333333333334,0.36250000000000004,-49198.69926233117,325.60989292852173
0.8028333333333334,0.36875,-49183.00732573392,309.91795633127185
0.8028333333333334,0.375,-49167.76965220268,294.68028280003637
0.8028333333333334,0.38125000000000003,-49152.9808106102,279.8914412075537
0.8028333333333334,0.3875,-49138.635493203226,265.546123800581
0.8028333333333334,0.39375000000000004,-49124.72851175374,251.63914235109405
0.8028333333333334,0.4,-49111.2547938652,238.16542446255335
0.8028333333333334,0.40625,-49098.20937942618,225.12001002353645
0.8028333333333334,0.41250000000000003,-49085.58741720412,212.4980478014768
0.8028333333333334,0.41875,-49073.3841615726,200.29479216995242
0.8028333333333334,0.42500000000000004,-49061.59496936555,188.50559996290394
0.8028333333333334,0.43125,-49050.21529685259,177.12592744994618
0.8028333333333334,0.4375,-49039.24069682958,166.15132742693822
0.8028333333333334,0.44375000000000003,-49028.66681581919,155.57744641654426
0.8028333333333334,0.45,-49018.489391376366,145.40002197372087
0.8028333333333334,0.45625000000000004,-49008.70424949381,135.61488009116147
0.8028333333333334,0.4625,-48999.307302103014,126.21793270036869
0.8028333333333334,0.46875,-48990.29454466669,117.20517526404728
0.8028333333333334,0.47500000000000003,-48981.662053858054,108.57268445540831
0.8028333333333334,0.48125,-48973.40598532374,100.31661592109594
0.8028333333333334,0.48750000000000004,-48965.522571526235,92.43320212358958
0.8028333333333334,0.49375,-48958.00811966245,84.91875025980698
0.8028333333333334,0.5,-48950.859009655396,77.76964025275083
0.8028333333333334,0.5062500000000001,-48944.07169221545,70.98232281280798
0.8028333333333334,0.5125,-48937.64268696857,64.55331756592204
0.8028333333333334,0.51875,-48931.568580648454,58.47921124580898
0.8028333333333334,0.525,-48925.846025350154,52.75665594750899
0.8028333333333334,0.53125,-48920.47173684236,47.38236743971356
0.8028333333333334,0.5375000000000001,-48915.442492936105,42.35312353345944
0.8028333333333334,0.54375,-48910.75513190763,37.66576250498474
0.8028333333333334,0.55,-48906.40655097304,33.317181570397224
0.8028333333333334,0.55625,-48902.39370481281,29.304335410161002
0.8028333333333334,0.5625,-48898.7136041441,25.6242347414518
0.8028333333333334,0.5687500000000001,-48895.363314339054,22.273944936408952
0.8028333333333334,0.575,-48892.33995408714,19.250584684494243
0.8028333333333334,0.58125,-48889.64069409993,16.551324697284144
0.8028333333333334,0.5875,-48887.26275585669,14.173386454043793
0.8028333333333334,0.59375,-48885.203410389084,12.11404098643834
0.8028333333333334,0.6000000000000001,-48883.45997710363,10.370607700984692
0.8028333333333334,0.60625,-48882.02982264044,8.940453237795737
0.8028333333333334,0.6125,-48880.91035976684,7.820990364198224
0.8028333333333334,0.61875,-48880.099046304604,7.009676901958301
0.8028333333333334,0.625,-48879.593384089545,6.504014686899609
0.8028333333333334,0.6312500000000001,-48879.39091796233,6.301548559684306
0.8028333333333334,0.6375,-48879.48923478923,6.399865386585589
0.8028333333333334,0.64375,-48879.88596251188,6.796593109233072
0.8028333333333334,0.65,-48880.5787692249,7.4893998222541995
0.8028333333333334,0.65625,-48881.56536228047,8.475992877822137
0.8028333333333334,0.6625000000000001,-48882.84348741875,9.754118016106077
0.8028333333333334,0.66875,-48884.410927923425,11.321558520779945
0.8028333333333334,0.675,-48886.265503801274,13.176134398629074
0.8028333333333334,0.68125,-48888.40507098522,15.315701582578185
0.8028333333333334,0.6875,-48890.827520559666,17.738151157020184
0.8028333333333334,0.6937500000000001,-48893.53077800771,20.44140860506741
0.8028333333333334,0.7,-48896.51280247928,23.423433076633955
0.8028333333333334,0.70625,-48899.771586079536,26.682216676890675
0.8028333333333334,0.7125000000000001,-48903.30515317684,30.215783774197917
0.8028333333333334,0.71875,-48907.1115597297,34.022190327057615
0.8028333333333334,0.7250000000000001,-48911.18889263195,38.099523229306214
0.8028333333333334,0.73125,-48915.53526907563,42.44589967298816
0.8028333333333334,0.7375,-48920.14883593103,47.05946652838611
0.8028333333333334,0.7437500000000001,-48925.02776914319,51.93839974054572
0.8028333333333334,0.75,-48930.17027314447,57.08090374182211
0.8028333333333334,0.7562500000000001,-48935.574580282606,62.485210879960505
0.8028333333333334,0.7625,-48941.23895026371,68.14958086106344
0.8028333333333334,0.76875,-48947.16166960985,74.07230020720453
0.8028333333333334,0.7750000000000001,-48953.34105113064,80.2516817279975
0.8028333333333334,0.78125,-48959.77543340846,86.68606400581484
0.8028333333333334,0.7875000000000001,-48966.463180296836,93.37381089419068
0.8028333333333334,0.79375,-48973.40268043162,100.3133110289782
0.8028333333333334,0.8,-48980.592346754565,107.50297735191998
0.8028333333333334,0.8062500000000001,-48988.030616048796,114.94124664615083
0.8028333333333334,0.8125,-48995.71594848602,122.62657908337133
0.8028333333333334,0.8187500000000001,-49003.64682718497,130.55745778232813
0.8028333333333334,0.825,-49011.821757780795,138.73238837815006
0.8028333333333334,0.83125,-49020.239268004974,147.1498986023289
0.8028333333333334,0.8375000000000001,-49028.89790727562,155.80853787297383
0.8028333333333334,0.84375,-49037.79624629773,164.70687689508486
0.8028333333333334,0.8500000000000001,-49046.932876673076,173.84350727043056
0.8028333333333334,0.85625,-49056.30641051955,183.21704111690633
0.8028333333333334,0.8625,-49065.91548009959,192.82611069694394
0.8028333333333334,0.8687500000000001,-49075.75873745751,202.6693680548633
0.8028333333333334,0.875,-49085.83485406537,212.74548466272245
0.8028333333333334,0.8812500000000001,-49096.14252047725,223.05315107460774
0.8028333333333334,0.8875,-49106.680445991646,233.5910765890003
0.8028333333333334,0.89375,-49117.447358321675,244.3579889190296
0.8028333333333334,0.9000000000000001,-49128.44200327298,255.35263387033774
0.8028333333333334,0.90625,-49139.6631444292,266.57377502655436
0.8028333333333334,0.9125000000000001,-49151.109562844395,278.02019344174914
0.8028333333333334,0.91875,-49162.78005674279,289.6906873401458
0.8028333333333334,0.925,-49174.6734412252,301.5840718225518
0.8028333333333334,0.9312500000000001,-49186.78854798213,313.69917857948167
0.8028333333333334,0.9375,-49199.12422501335,326.03485561070556
0.8028333333333334,0.9437500000000001,-49211.679336353816,338.58996695117094
0.8028333333333334,0.95,-49224.45276180557,351.3633924029273
0.8059166666666667,0.2,-49808.51641874784,935.4270493451913
0.8059166666666667,0.20625000000000002,-49778.42237246265,905.3330030600046
0.8059166666666667,0.21250000000000002,-49748.978554707064,875.8891853044188
0.8059166666666667,0.21875,-49720.174361625046,847.0849922224006
0.8059166666666667,0.225,-49691.99950208513,818.9101326824821
0.8059166666666667,0.23125,-49664.44398483143,791.3546154287833
0.8059166666666667,0.23750000000000002,-49637.49810631513,764.4087369124827
0.8059166666666667,0.24375000000000002,-49611.15243916237,738.0630697597226
0.8059166666666667,0.25,-49585.39782123788,712.3084518352334
0.8059166666666667,0.25625000000000003,-49560.225345267,687.1359758643521
0.8059166666666667,0.2625,-49535.626348980964,662.536979578319
0.8059166666666667,0.26875000000000004,-49511.59240575359,638.5030363509431
0.8059166666666667,0.275,-49488.11531569918,615.0259462965332
0.8059166666666667,0.28125,-49465.18709720406,592.0977278014179
0.8059166666666667,0.28750000000000003,-49442.79997886603,569.7106094633855
0.8059166666666667,0.29375,-49420.94639181742,547.857022414777
0.8059166666666667,0.30000000000000004,-49399.61896240989,526.5295930072461
0.8059166666666667,0.30625,-49378.81050523983,505.721135837186
0.8059166666666667,0.3125,-49358.51401649514,485.4246470924918
0.8059166666666667,0.31875000000000003,-49338.722667605296,465.6332982026506
0.8059166666666667,0.325,-49319.42979917783,446.340429775184
0.8059166666666667,0.33125000000000004,-49300.62891520533,427.5395458026833
0.8059166666666667,0.3375,-49282.31367752845,409.2243081258057
0.8059166666666667,0.34375,-49264.47790054087,391.3885311382255
0.8059166666666667,0.35000000000000003,-49247.11554612343,374.02617672078486
0.8059166666666667,0.35625,-49230.22071879534,357.13134939269366
0.8059166666666667,0.36250000000000004,-49213.78766107098,340.6982916683337
0.8059166666666667,0.36875,-49197.81074901181,324.72137960916734
0.8059166666666667,0.375,-49182.28448796324,309.195118560594
0.8059166666666667,0.38125000000000003,-49167.20350846709,294.11413906444795
0.8059166666666667,0.3875,-49152.56256234094,279.47319293829787
0.8059166666666667,0.39375000000000004,-49138.35651891579,265.2671495131435
0.8059166666666667,0.4,-49124.58036142451,251.49099202186335
0.8059166666666667,0.40625,-49111.22918353345,238.13981413080182
0.8059166666666667,0.41250000000000003,-49098.29818601051,225.20881660786108
0.8059166666666667,0.41875,-49085.782673522815,212.69330412017007
0.8059166666666667,0.42500000000000004,-49073.678051558214,200.58868215556868
0.8059166666666667,0.43125,-49061.97982346439,188.8904540617441
0.8059166666666667,0.4375,-49050.68358760037,177.5942181977225
0.8059166666666667,0.44375000000000003,-49039.78503459499,166.6956651923465
0.8059166666666667,0.45,-49029.27994470767,156.19057530502323
0.8059166666666667,0.45625000000000004,-49019.16418528656,146.07481588391238
0.8059166666666667,0.4625,-49009.433708319906,136.34433891726076
0.8059166666666667,0.46875,-49000.08454807627,126.99517867362738
0.8059166666666667,0.47500000000000003,-48991.112818829846,118.02344942720083
0.8059166666666667,0.48125,-48982.51471266693,109.42534326428722
0.8059166666666667,0.48750000000000004,-48974.28649737018,101.19712796753447
0.8059166666666667,0.49375,-48966.424514377206,93.33514497456054
0.8059166666666667,0.5,-48958.9251768103,85.83580740765319
0.8059166666666667,0.5062500000000001,-48951.78496757433,78.69559817168192
0.8059166666666667,0.5125,-48945.00043751983,71.91106811718782
0.8059166666666667,0.51875,-48938.5682036687,65.47883426605404
0.8059166666666667,0.525,-48932.48494749974,59.395578097093676
0.8059166666666667,0.53125,-48926.74741329165,53.65804388900142
0.8059166666666667,0.5375000000000001,-48921.35240652118,48.263037118536886
0.8059166666666667,0.54375,-48916.2967923141,43.20742291145143
0.8059166666666667,0.55,-48911.577493946854,38.488124544208404
0.8059166666666667,0.55625,-48907.19149139707,34.102121994423214
0.8059166666666667,0.5625,-48903.135819940595,30.046450537949568
0.8059166666666667,0.5687500000000001,-48899.407568793744,26.31819939109846
0.8059166666666667,0.575,-48896.003879798474,22.914510395828984
0.8059166666666667,0.58125,-48892.92194614918,19.83257674653578
0.8059166666666667,0.5875,-48890.15901115938,17.069641756737838
0.8059166666666667,0.59375,-48887.71236706673,14.622997664082504
0.8059166666666667,0.6000000000000001,-48885.57935387494,12.489984472296783
0.8059166666666667,0.60625,-48883.75735823129,10.66798882864532
0.8059166666666667,0.6125,-48882.243812338274,9.15444293562905
0.8059166666666667,0.61875,-48881.03619289815,7.946823495505669
0.8059166666666667,0.625,-48880.13202008924,7.042650686591514
0.8059166666666667,0.6312500000000001,-48879.52885657275,6.4394871701078955
0.8059166666666667,0.6375,-48879.22430652904,6.134937126393197
0.8059166666666667,0.64375,-48879.21601472219,6.126645319542149
0.8059166666666667,0.65,-48879.50166559203,6.412296189388144
0.8059166666666667,0.65625,-48880.07898237245,6.9896129698026925
0.8059166666666667,0.6625000000000001,-48880.94572623515,7.856356832504389
0.8059166666666667,0.66875,-48882.099695458,9.01032605535147
0.8059166666666667,0.675,-48883.53872461703,10.449355214383104
0.8059166666666667,0.68125,-48885.26068380126,12.171314398612594
0.8059166666666667,0.6875,-48887.26347784967,14.17410844702681
0.8059166666666667,0.6937500000000001,-48889.54504560946,16.45567620681686
0.8059166666666667,0.7,-48892.103359214845,19.013989812199725
0.8059166666666667,0.70625,-48894.93642338582,21.84705398317601
0.8059166666666667,0.7125000000000001,-48898.04227474611,24.952905343467137
0.8059166666666667,0.71875,-48901.4189811597,28.329611757057137
0.8059166666666667,0.7250000000000001,-48905.064641085366,31.97527168272063
0.8059166666666667,0.73125,-48908.97738294849,35.88801354584575
0.8059166666666667,0.7375,-48913.1553645298,40.06599512715184
0.8059166666666667,0.7437500000000001,-48917.59677237025,44.50740296760341
0.8059166666666667,0.75,-48922.299821191686,49.210451789040235
0.8059166666666667,0.7562500000000001,-48927.26275333273,54.17338393008686
0.8059166666666667,0.7625,-48932.483838199434,59.394468796788715
0.8059166666666667,0.76875,-48937.96137173002,64.87200232737814
0.8059166666666667,0.7750000000000001,-48943.693675873736,70.60430647109024
0.8059166666666667,0.78125,-48949.679098082794,76.58972868014826
0.8059166666666667,0.7875000000000001,-48955.91601081747,82.82664141482383
0.8059166666666667,0.79375,-48962.40281106367,89.31344166102645
0.8059166666666667,0.8,-48969.13791986266,96.04855046001467
0.8059166666666667,0.8062500000000001,-48976.1197818527,103.03041245005443
0.8059166666666667,0.8125,-48983.346864821935,110.25749541928963
0.8059166666666667,0.8187500000000001,-48990.81765927255,117.72828986990498
0.8059166666666667,0.825,-48998.530677995586,125.44130859294091
0.8059166666666667,0.83125,-49006.48445565619,133.3950862535421
0.8059166666666667,0.8375000000000001,-49014.67754838902,141.5881789863779
0.8059166666666667,0.84375,-49023.10853340349,150.01916400084156
0.8059166666666667,0.8500000000000001,-49031.776008598405,158.6866391957592
0.8059166666666667,0.85625,-49040.67859218609,167.58922278344107
0.8059166666666667,0.8625,-49049.814922325255,176.7255529226095
0.8059166666666667,0.8687500000000001,-49059.18365676272,186.09428736007249
0.8059166666666667,0.875,-49068.783472483614,195.6941030809685
0.8059166666666667,0.8812500000000001,-49078.613065369704,205.5236959670583
0.8059166666666667,0.8875,-49088.67114986576,215.58178046311514
0.8059166666666667,0.89375,-49098.9564586538,225.86708925115818
0.8059166666666667,0.9000000000000001,-49109.467742334644,236.37837293199846
0.8059166666666667,0.90625,-49120.203769117026,247.11439971438085
0.8059166666666667,0.9125000000000001,-49131.16332451365,258.07395511100185
0.8059166666666667,0.91875,-49142.34521104433,269.25584164168686
0.8059166666666667,0.925,-49153.74824794581,280.6588785431668
0.8059166666666667,0.9312500000000001,-49165.37127088804,292.2819014853958
0.8059166666666667,0.9375,-49177.21313169699,304.1237622943445
0.8059166666666667,0.9437500000000001,-49189.27269808353,316.1833286808833
0.8059166666666667,0.95,-49201.54885337842,328.4594839757774
0.809,0.2,-49829.78200856487,956.6926391622255
0.809,0.20625000000000002,-49799.53228315875,926.4429137561019
0.809,0.21250000000000002,-49769.92636598664,896.8369965839956
0.809,0.21875,-49740.953824246564,867.8644548439188
0.809,0.225,-49712.60453045032,839.5151610476751
0.809,0.23125,-49684.86864997746,811.7792805748177
0.809,0.23750000000000002,-49657.73662928303,784.6472598803812
0.809,0.24375000000000002,-49631.19918471713,758.1098153144849
0.809,0.25,-49605.247291917796,732.1579225151509
0.809,0.25625000000000003,-49579.872175740995,706.7828063383495
0.809,0.2625,-49555.06530069474,681.9759312920942
0.809,0.26875000000000004,-49530.818361846585,657.7289924439392
0.809,0.275,-49507.123276175684,634.0339067730383
0.809,0.28125,-49483.97217434306,610.882804940411
0.809,0.28750000000000003,-49461.357392855316,588.2680234526706
0.809,0.29375,-49439.27146659887,566.1820971962225
0.809,0.30000000000000004,-49417.707121723295,544.6177523206497
0.809,0.30625,-49396.65726885379,523.5678994511472
0.809,0.3125,-49376.11499661433,503.02562721168215
0.809,0.31875000000000003,-49356.07356544395,482.9841960413032
0.809,0.325,-49336.52640169018,463.43703228753293
0.809,0.33125000000000004,-49317.4670919642,444.37772256155586
0.809,0.3375,-49298.889377743835,425.8000083411898
0.809,0.34375,-49280.78715021083,407.6977808081865
0.809,0.35000000000000003,-49263.15444531024,390.0650759075943
0.809,0.35625,-49245.985439020056,372.89606961741083
0.809,0.36250000000000004,-49229.274442820264,356.1850734176187
0.809,0.36875,-49213.015899351034,339.92652994838863
0.809,0.375,-49197.20437825038,324.11500884773704
0.809,0.38125000000000003,-49181.83457216226,308.7452027596155
0.809,0.3875,-49166.901292906536,293.8119235038903
0.809,0.39375000000000004,-49152.39946780291,279.3100984002667
0.809,0.4,-49138.32413614109,265.2347667384456
0.809,0.40625,-49124.670445790194,251.58107638754882
0.809,0.41250000000000003,-49111.433649940765,238.34428053812007
0.809,0.41875,-49098.609103972776,225.51973457013082
0.809,0.42500000000000004,-49086.19226244406,213.1028930414177
0.809,0.43125,-49074.17867619317,201.0893067905272
0.809,0.4375,-49062.563989551534,189.4746201488888
0.809,0.44375000000000003,-49051.34393765989,178.2545682572454
0.809,0.45,-49040.51434388412,167.42497448147333
0.809,0.45625000000000004,-49030.071117326035,156.98174792338978
0.809,0.4625,-49020.01025042493,146.92088102228445
0.809,0.46875,-49010.32781664572,137.23844724307128
0.809,0.47500000000000003,-49001.019968249944,127.93059884729882
0.809,0.48125,-48992.082934146056,118.99356474341039
0.809,0.48750000000000004,-48983.51301781535,110.42364841270319
0.809,0.49375,-48975.30659531051,102.21722590786521
0.809,0.5,-48967.46011332349,94.37074392084469
0.809,0.5062500000000001,-48959.97008731999,86.88071791734546
0.809,0.5125,-48952.83309973749,79.74373033484153
0.809,0.51875,-48946.04579824434,72.95642884169501
0.809,0.525,-48939.604894057455,66.51552465480927
0.809,0.53125,-48933.50716031595,60.41779091330682
0.809,0.5375000000000001,-48927.749430508746,54.66006110610033
0.809,0.54375,-48922.3285969537,49.23922755105741
0.809,0.55,-48917.2416093264,44.15223992375104
0.809,0.55625,-48912.48547323647,39.39610383382387
0.809,0.5625,-48908.057248849706,34.96787944706011
0.809,0.5687500000000001,-48903.95404955403,30.864680151382345
0.809,0.575,-48900.17304066771,27.083671265063458
0.809,0.58125,-48896.71143818817,23.62206878552388
0.809,0.5875,-48893.566507579846,20.477138177200686
0.809,0.59375,-48890.735562599526,17.64619319688063
0.809,0.6000000000000001,-48888.21596415785,15.12659475520195
0.809,0.60625,-48886.00511921558,12.915749812935246
0.809,0.6125,-48884.100479713394,11.011110310748336
0.809,0.61875,-48882.49954153376,9.41017213111627
0.809,0.625,-48881.19984349402,8.110474091372453
0.809,0.6312500000000001,-48880.19896636931,7.109596966663958
0.809,0.6375,-48879.49453194432,6.405162541675963
0.809,0.64375,-48879.084202092854,5.994832690208568
0.809,0.65,-48878.96567788419,5.876308481543674
0.809,0.65625,-48879.13669871525,6.047329312605143
0.809,0.6625000000000001,-48879.59504146781,6.505672065162798
0.809,0.66875,-48880.33851968959,7.249150286945223
0.809,0.675,-48881.36498279878,8.275613396137487
0.809,0.68125,-48882.67231531082,9.582945908172405
0.809,0.6875,-48884.258436086864,11.169066684218706
0.809,0.6937500000000001,-48886.121297603255,13.0319282006094
0.809,0.7,-48888.25888524106,15.169515838417283
0.809,0.70625,-48890.6692165952,17.579847192551824
0.809,0.7125000000000001,-48893.35034080241,20.260971399766277
0.809,0.71875,-48896.300337887544,23.21096848489833
0.809,0.7250000000000001,-48899.51731812731,26.427948724667658
0.809,0.73125,-48902.99942143125,29.910052028601058
0.809,0.7375,-48906.7448167391,33.6554473364522
0.809,0.7437500000000001,-48910.75170143422,37.662332031577535
0.809,0.75,-48915.01830077233,41.928931369686325
0.809,0.7562500000000001,-48919.542867325305,46.45349792265915
0.809,0.7625,-48924.3236804394,51.23431103675102
0.809,0.76875,-48929.35904570752,56.26967630487343
0.809,0.7750000000000001,-48934.64729445499,61.55792505234422
0.809,0.78125,-48940.186783238605,67.09741383595974
0.809,0.7875000000000001,-48945.97589335826,72.88652395561803
0.809,0.79375,-48952.01303038106,78.92366097841295
0.809,0.8,-48958.29662367726,85.2072542746173
0.809,0.8062500000000001,-48964.82512596801,91.73575656536559
0.809,0.8125,-48971.597012884085,98.50764348144003
0.809,0.8187500000000001,-48978.61078253572,105.5214131330722
0.809,0.825,-48985.86495509293,112.7755856902877
0.809,0.83125,-48993.35807237614,120.26870297349524
0.809,0.8375000000000001,-49001.08869745671,127.9993280540657
0.809,0.84375,-49009.055414267175,135.96604486452998
0.809,0.8500000000000001,-49017.25682722083,144.16745781818463
0.809,0.85625,-49025.691560840445,152.60219143779977
0.809,0.8625,-49034.358259395805,161.26888999315997
0.809,0.8687500000000001,-49043.25558654979,170.1662171471471
0.809,0.875,-49052.3822250129,179.29285561025608
0.809,0.8812500000000001,-49061.73687620573,188.64750680308498
0.809,0.8875,-49071.318259929445,198.22889052679966
0.809,0.89375,-49081.12511404381,208.03574464116537
0.809,0.9000000000000001,-49091.1561941527,218.066824750058
0.809,0.90625,-49101.410273296795,228.32090389414952
0.809,0.9125000000000001,-49111.8861416533,238.79677225065097
0.809,0.91875,-49122.58260624251,249.49323683986586
0.809,0.925,-49133.49849064102,260.4091212383719
0.809,0.9312500000000001,-49144.63263470131,271.54326529866375
0.809,0.9375,-49155.98389427773,282.8945248750824
0.809,0.9437500000000001,-49167.551140958494,294.4617715558488
0.809,0.95,-49179.33326180362,306.2438924009766
0.8120833333333334,0.2,-49851.35469889197,978.2653294893244
0.8120833333333334,0.20625000000000002,-49820.95326670571,947.8638973030611
0.8120833333333334,0.21250000000000002,-49791.189197277905,918.0998278752595
0.8120833333333334,0.21875,-49762.052228845816,888.9628594431706
0.8120833333333334,0.225,-49733.53239760567,860.4430282030225
0.8120833333333334,0.23125,-49705.62002566348,832.5306562608312
0.8120833333333334,0.23750000000000002,-49678.30570961362,805.2163402109727
0.8120833333333334,0.24375000000000002,-49651.58030970538,778.4909403027341
0.8120833333333334,0.25,-49625.43493956037,752.3455701577259
0.8120833333333334,0.25625000000000003,-49599.86095640682,726.771587004172
0.8120833333333334,0.2625,-49574.84995179886,701.7605823962149
0.8120833333333334,0.26875000000000004,-49550.39374279158,677.3043733889353
0.8120833333333334,0.275,-49526.484363544296,653.3949941416504
0.8120833333333334,0.28125,-49503.11405732697,630.0246879243277
0.8120833333333334,0.28750000000000003,-49480.275268905854,607.1858995032089
0.8120833333333334,0.29375,-49457.96063728664,584.8712678839947
0.8120833333333334,0.30000000000000004,-49436.1629887945,563.0736193918565
0.8120833333333334,0.30625,-49414.87533047187,541.7859610692249
0.8120833333333334,0.3125,-49394.09084377631,521.001474373661
0.8120833333333334,0.31875000000000003,-49373.80287856169,500.7135091590462
0.8120833333333334,0.325,-49354.00494732724,480.91557792459207
0.8120833333333334,0.33125000000000004,-49334.69071971967,461.6013503170252
0.8120833333333334,0.3375,-49315.85401727514,442.7646478724928
0.8120833333333334,0.34375,-49297.48880838798,424.3994389853324
0.8120833333333334,0.35000000000000003,-49279.5892034943,406.49983409165725
0.8120833333333334,0.35625,-49262.14945045948,389.06008105683577
0.8120833333333334,0.36250000000000004,-49245.16393015864,372.07456075599475
0.8120833333333334,0.36875,-49228.62715224059,355.53778283794236
0.8120833333333334,0.375,-49212.53375106567,339.4443816630228
0.8120833333333334,0.38125000000000003,-49196.87848180899,323.78911240634625
0.8120833333333334,0.3875,-49181.6562167207,308.5668473180558
0.8120833333333334,0.39375000000000004,-49166.86194153557,293.77257213292614
0.8120833333333334,0.4,-49152.49075202469,279.4013826220471
0.8120833333333334,0.40625,-49138.53785068236,265.44848127971636
0.8120833333333334,0.41250000000000003,-49124.99854354166,251.9091741390148
0.8120833333333334,0.41875,-49111.868237112634,238.77886770998884
0.8120833333333334,0.42500000000000004,-49099.14243543742,226.0530660347722
0.8120833333333334,0.43125,-49086.816737256624,213.72736785397865
0.8120833333333334,0.4375,-49074.886833282144,201.79746387949854
0.8120833333333334,0.44375000000000003,-49063.348503571135,190.25913416848925
0.8120833333333334,0.45,-49052.197614997,179.10824559435423
0.8120833333333334,0.45625000000000004,-49041.43011881267,168.34074941002473
0.8120833333333334,0.4625,-49031.04204830221,157.9526788995645
0.8120833333333334,0.46875,-49021.029516516865,147.94014711421914
0.8120833333333334,0.47500000000000003,-49011.388714091736,138.2993446890905
0.8120833333333334,0.48125,-49002.11590713966,129.02653773701604
0.8120833333333334,0.48750000000000004,-48993.20743521897,120.11806581632118
0.8120833333333334,0.49375,-48984.65970937186,111.57033996921382
0.8120833333333334,0.5,-48976.46921023054,103.37984082789626
0.8120833333333334,0.5062500000000001,-48968.6324861881,95.54311678545491
0.8120833333333334,0.5125,-48961.14615163159,88.05678222894494
0.8120833333333334,0.51875,-48954.0068852346,80.91751583195582
0.8120833333333334,0.525,-48947.211428306946,74.1220589043005
0.8120833333333334,0.53125,-48940.756583199116,67.6672137964706
0.8120833333333334,0.5375000000000001,-48934.63921175924,61.549842356595036
0.8120833333333334,0.54375,-48928.85623384053,55.7668644378864
0.8120833333333334,0.55,-48923.404625857125,50.31525645447982
0.8120833333333334,0.55625,-48918.28141938639,45.192049983743345
0.8120833333333334,0.5625,-48913.48369981596,40.39433041331358
0.8120833333333334,0.5687500000000001,-48909.00860503367,35.919235631023184
0.8120833333333334,0.575,-48904.85332415876,31.76395475611207
0.8120833333333334,0.58125,-48901.015096312745,27.92572691009991
0.8120833333333334,0.5875,-48897.49120942852,24.401840025871934
0.8120833333333334,0.59375,-48894.278999096045,21.189629693399183
0.8120833333333334,0.6000000000000001,-48891.375847443516,18.28647804087086
0.8120833333333334,0.60625,-48888.77918205246,15.689812649812666
0.8120833333333334,0.6125,-48886.486474905614,13.39710550296877
0.8120833333333334,0.61875,-48884.49524136634,11.405871963695972
0.8120833333333334,0.625,-48882.80303918843,9.713669785785896
0.8120833333333334,0.6312500000000001,-48881.40746755525,8.318098152602033
0.8120833333333334,0.6375,-48880.30616614703,7.216796744382009
0.8120833333333334,0.64375,-48879.496814235405,6.407444832759211
0.8120833333333334,0.65,-48878.977129804276,5.887760401630658
0.8120833333333334,0.65625,-48878.744868695874,5.655499293228786
0.8120833333333334,0.6625000000000001,-48878.79782378136,5.708454378713213
0.8120833333333334,0.66875,-48879.133824154895,6.044454752249294
0.8120833333333334,0.675,-48879.7507343506,6.661364947955008
0.8120833333333334,0.68125,-48880.6464535814,7.557084178755758
0.8120833333333334,0.6875,-48881.81891499911,8.72954559646314
0.8120833333333334,0.6937500000000001,-48883.266084975025,10.17671557237918
0.8120833333333334,0.7,-48884.98596240038,11.896592997734842
0.8120833333333334,0.70625,-48886.97657800584,13.887208603191539
0.8120833333333334,0.7125000000000001,-48889.235993699614,16.146624296969094
0.8120833333333334,0.71875,-48891.76230192335,18.672932520705217
0.8120833333333334,0.7250000000000001,-48894.553625025466,21.46425562282093
0.8120833333333334,0.73125,-48897.608114651055,24.518745248409687
0.8120833333333334,0.7375,-48900.923951148114,27.834581745468313
0.8120833333333334,0.7437500000000001,-48904.499342989424,31.409973586778506
0.8120833333333334,0.75,-48908.3325262095,35.24315680685686
0.8120833333333334,0.7562500000000001,-48912.421763856335,39.33239445368963
0.8120833333333334,0.7625,-48916.76534545728,43.67597605463379
0.8120833333333334,0.76875,-48921.361586498715,48.27221709606965
0.8120833333333334,0.7750000000000001,-48926.20882791909,53.11945851644123
0.8120833333333334,0.78125,-48931.305435614784,58.216066212138685
0.8120833333333334,0.7875000000000001,-48936.64979995859,63.56043055594637
0.8120833333333334,0.79375,-48942.240335330265,69.15096592761984
0.8120833333333334,0.8,-48948.075479658815,74.98611025616992
0.8120833333333334,0.8062500000000001,-48954.15369397629,81.0643245736428
0.8120833333333334,0.8125,-48960.47346198248,87.38409257983585
0.8120833333333334,0.8187500000000001,-48967.03328962047,93.94392021782551
0.8120833333333334,0.825,-48973.83170466247,100.74233525982709
0.8120833333333334,0.83125,-48980.867256305864,107.77788690321904
0.8120833333333334,0.8375000000000001,-48988.13851477892,115.04914537627337
0.8120833333333334,0.84375,-48995.6440709561,122.55470155345392
0.8120833333333334,0.8500000000000001,-49003.38253598254,130.29316657989693
0.8120833333333334,0.85625,-49011.35254090751,138.26317150486284
0.8120833333333334,0.8625,-49019.55273632652,146.46336692387558
0.8120833333333334,0.8687500000000001,-49027.98179203195,154.89242262930202
0.8120833333333334,0.875,-49036.63839667181,163.5490272691677
0.8120833333333334,0.8812500000000001,-49045.52125741652,172.4318880138744
0.8120833333333334,0.8875,-49054.62909963335,181.53973023070284
0.8120833333333334,0.89375,-49063.96066656853,190.87129716588242
0.8120833333333334,0.9000000000000001,-49073.514719036466,200.4253496338206
0.8120833333333334,0.90625,-49083.2900351163,210.2006657136517
0.8120833333333334,0.9125000000000001,-49093.285409855154,220.1960404525089
0.8120833333333334,0.91875,-49103.49965497824,230.41028557559184
0.8120833333333334,0.925,-49113.931598605486,240.84222920284083
0.8120833333333334,0.9312500000000001,-49124.58008497445,251.49071557180287
0.8120833333333334,0.9375,-49135.443974169466,262.35460476682056
0.8120833333333334,0.9437500000000001,-49146.52214185685,273.43277245420177
0.8120833333333334,0.95,-49157.813479025805,284.72410962315917
0.8151666666666667,0.2,-49873.237371614334,1000.1480022116884
0.8151666666666667,0.20625000000000002,-49842.688266243335,969.5988968406891
0.8151666666666667,0.21250000000000002,-49812.77005295678,939.6806835541356
0.8151666666666667,0.21875,-49783.47264098632,910.3832715836761
0.8151666666666667,0.225,-49754.78623022545,881.6968608228053
0.8151666666666667,0.23125,-49726.70129957111,853.6119301684666
0.8151666666666667,0.23750000000000002,-49699.20859586767,826.1192264650235
0.8151666666666667,0.24375000000000002,-49672.299123415345,799.2097540126997
0.8151666666666667,0.25,-49645.96413400787,772.8747646052216
0.8151666666666667,0.25625000000000003,-49620.19511746694,747.1057480642921
0.8151666666666667,0.2625,-49594.983792643005,721.8944232403592
0.8151666666666667,0.26875000000000004,-49570.3220988546,697.2327294519564
0.8151666666666667,0.275,-49546.20218773992,673.1128183372712
0.8151666666666667,0.28125,-49522.61641549654,649.5270460938918
0.8151666666666667,0.28750000000000003,-49499.55733548673,626.4679660840848
0.8151666666666667,0.29375,-49477.01769118721,603.9283217845659
0.8151666666666667,0.30000000000000004,-49454.99040946386,581.9010400612169
0.8151666666666667,0.30625,-49433.4685941531,560.3792247504534
0.8151666666666667,0.3125,-49412.44551993285,539.3561505302059
0.8151666666666667,0.31875000000000003,-49391.91462646705,518.8252570644036
0.8151666666666667,0.325,-49371.86951280899,498.780143406344
0.8151666666666667,0.33125000000000004,-49352.30393204933,479.21456264668814
0.8151666666666667,0.3375,-49333.21178619583,460.12241679318686
0.8151666666666667,0.34375,-49314.58712127249,441.49775186984334
0.8151666666666667,0.35000000000000003,-49296.42412262672,423.3347532240732
0.8151666666666667,0.35625,-49278.717110433616,405.62774103097036
0.8151666666666667,0.36250000000000004,-49261.46053538731,388.37116598466673
0.8151666666666667,0.36875,-49244.648974569966,371.5596051673201
0.8151666666666667,0.375,-49228.27712748926,355.18775808661303
0.8151666666666667,0.38125000000000003,-49212.33981227619,339.25044287354103
0.8151666666666667,0.3875,-49196.83196203514,323.74259263249405
0.8151666666666667,0.39375000000000004,-49181.74862133885,308.65925193620205
0.8151666666666667,0.4,-49167.08494286113,293.99557345848734
0.8151666666666667,0.40625,-49152.83618414092,279.74681473827513
0.8151666666666667,0.41250000000000003,-49138.99770447119,265.9083350685469
0.8151666666666667,0.41875,-49125.56496190701,252.4755925043646
0.8151666666666667,0.42500000000000004,-49112.53351038709,239.44414098444395
0.8151666666666667,0.43125,-49099.89899696357,226.80962756092777
0.8151666666666667,0.4375,-49087.65715913517,214.56778973252221
0.8151666666666667,0.44375000000000003,-49075.80382227873,202.71445287608367
0.8151666666666667,0.45,-49064.334897175126,191.24552777248027
0.8151666666666667,0.45625000000000004,-49053.24637762487,180.15700822222425
0.8151666666666667,0.4625,-49042.534338149824,169.4449687471788
0.8151666666666667,0.46875,-49032.1949317769,159.10556237425772
0.8151666666666667,0.47500000000000003,-49022.22438790042,149.13501849777822
0.8151666666666667,0.48125,-49012.61901021965,139.52964081700338
0.8151666666666667,0.48750000000000004,-49003.375174748086,130.28580534544017
0.8151666666666667,0.49375,-48994.4893278919,121.39995848925173
0.8151666666666667,0.5,-48985.957984594046,112.86861519140075
0.8151666666666667,0.5062500000000001,-48977.777726541775,104.68835713912995
0.8151666666666667,0.5125,-48969.94520043462,96.85583103197132
0.8151666666666667,0.51875,-48962.45711631041,89.36774690776656
0.8151666666666667,0.525,-48955.31024592713,82.22087652448681
0.8151666666666667,0.53125,-48948.50142119799,75.41205179534154
0.8151666666666667,0.5375000000000001,-48942.02753267797,68.93816327532113
0.8151666666666667,0.54375,-48935.88552809946,62.79615869681584
0.8151666666666667,0.55,-48930.0724109552,56.98304155255755
0.8151666666666667,0.55625,-48924.58523912668,51.49586972403631
0.8151666666666667,0.5625,-48919.42112355608,46.331754153434304
0.8151666666666667,0.5687500000000001,-48914.57722696019,41.487857557542156
0.8151666666666667,0.575,-48910.05076258465,36.96139318200585
0.8151666666666667,0.58125,-48905.838992997,32.74962359435449
0.8151666666666667,0.5875,-48901.93922891695,28.849859514302807
0.8151666666666667,0.59375,-48898.34882808259,25.259458679945965
0.8151666666666667,0.6000000000000001,-48895.06519415116,21.97582474851515
0.8151666666666667,0.60625,-48892.08577563308,18.99640623043524
0.8151666666666667,0.6125,-48889.40806485801,16.31869545536756
0.8151666666666667,0.61875,-48887.02959697177,13.940227569124545
0.8151666666666667,0.625,-48884.94794896299,11.85857956034306
0.8151666666666667,0.6312500000000001,-48883.16073871845,10.071369315803167
0.8151666666666667,0.6375,-48881.665624106034,8.576254703388258
0.8151666666666667,0.64375,-48880.46030208431,7.3709326816679095
0.8151666666666667,0.65,-48879.54250783786,6.453138435215806
0.8151666666666667,0.65625,-48878.91001393736,5.820644534716848
0.8151666666666667,0.6625000000000001,-48878.56062952359,5.471260120946681
0.8151666666666667,0.66875,-48878.49219951463,5.402830111983349
0.8151666666666667,0.675,-48878.70260383516,5.6132344325160375
0.8151666666666667,0.68125,-48879.18975666753,6.100387264887104
0.8151666666666667,0.6875,-48879.95160572349,6.862236320841475
0.8151666666666667,0.6937500000000001,-48880.98613153598,7.896762133335869
0.8151666666666667,0.7,-48882.29134677048,9.201977367833024
0.8151666666666667,0.70625,-48883.86529555505,10.775926152404281
0.8151666666666667,0.7125000000000001,-48885.70605282844,12.61668342579651
0.8151666666666667,0.71875,-48887.81172370595,14.722354303303291
0.8151666666666667,0.7250000000000001,-48890.18044286202,17.091073459378094
0.8151666666666667,0.73125,-48892.810373929475,19.721004526829347
0.8151666666666667,0.7375,-48895.69970891443,22.610339511782513
0.8151666666666667,0.7437500000000001,-48898.84666762673,25.75729822408175
0.8151666666666667,0.75,-48902.24949712524,29.160127722592733
0.8151666666666667,0.7562500000000001,-48905.90647117748,32.817101774831826
0.8151666666666667,0.7625,-48909.81588973329,36.726520330645144
0.8151666666666667,0.76875,-48913.97607841192,40.886709009275364
0.8151666666666667,0.7750000000000001,-48918.38538800234,45.296018599692616
0.8151666666666667,0.78125,-48923.04219397607,49.95282457342546
0.8151666666666667,0.7875000000000001,-48927.94489601244,54.85552660979738
0.8151666666666667,0.79375,-48933.09191753571,60.00254813306674
0.8151666666666667,0.8,-48938.48170526372,65.3923358610773
0.8151666666666667,0.8062500000000001,-48944.11272876775,71.02335936510644
0.8151666666666667,0.8125,-48949.983480043295,76.89411064064916
0.8151666666666667,0.8187500000000001,-48956.09247309127,83.0031036886212
0.8151666666666667,0.825,-48962.43824350954,89.34887410689407
0.8151666666666667,0.83125,-48969.01934809429,95.92997869164537
0.8151666666666667,0.8375000000000001,-48975.83436445106,102.74499504841515
0.8151666666666667,0.84375,-48982.881890615114,109.79252121246827
0.8151666666666667,0.8500000000000001,-48990.16054468085,117.0711752782081
0.8151666666666667,0.85625,-48997.66896444007,124.57959503742313
0.8151666666666667,0.8625,-49005.40580702869,132.31643762604654
0.8151666666666667,0.8687500000000001,-49013.36974858195,140.28037917930487
0.8151666666666667,0.875,-49021.55948389744,148.4701144947976
0.8151666666666667,0.8812500000000001,-49029.97372610621,156.88435670356557
0.8151666666666667,0.8875,-49038.611206351285,165.52183694863925
0.8151666666666667,0.89375,-49047.47067347373,174.3813040710811
0.8151666666666667,0.9000000000000001,-49056.550893705826,183.46152430318034
0.8151666666666667,0.90625,-49065.85065037133,192.76128096868342
0.8151666666666667,0.9125000000000001,-49075.36874359239,202.2793741897476
0.8151666666666667,0.91875,-49085.10399000322,212.01462060057383
0.8151666666666667,0.925,-49095.05522247014,221.9658530674933
0.8151666666666667,0.9312500000000001,-49105.22128981784,232.13192041519505
0.8151666666666667,0.9375,-49115.60105656182,242.51168715917447
0.8151666666666667,0.9437500000000001,-49126.19340264669,253.10403324404615
0.8151666666666667,0.95,-49136.99722319023,263.907853787583
0.81825,0.2,-49895.43295719843,1022.3435877957818
0.81825,0.20625000000000002,-49864.74027503843,991.6509056357827
0.81825,0.21250000000000002,-49834.671989090006,961.5826196873604
0.81825,0.21875,-49805.218179503136,932.1288101004902
0.81825,0.225,-49776.36920985215,903.2798404495043
0.81825,0.23125,-49748.11571586183,875.0263464591844
0.81825,0.23750000000000002,-49720.448594711284,847.359225308639
0.81825,0.24375000000000002,-49693.35899487921,820.2696254765615
0.81825,0.25,-49666.83830649723,793.7489370945841
0.81825,0.25625000000000003,-49640.87815218036,767.7887827777158
0.81825,0.2625,-49615.47037830562,742.3810089029721
0.81825,0.26875000000000004,-49590.607046712255,717.51767730961
0.81825,0.275,-49566.280426798534,693.1910573958885
0.81825,0.28125,-49542.48298799212,669.3936185894781
0.81825,0.28750000000000003,-49519.20739257238,646.1180231697363
0.81825,0.29375,-49496.446488824586,623.3571194219403
0.81825,0.30000000000000004,-49474.19330450731,601.1039351046638
0.81825,0.30625,-49452.441040615384,579.3516712127384
0.81825,0.3125,-49431.18306542236,558.0936960197141
0.81825,0.31875000000000003,-49410.41290878688,537.3235393842333
0.81825,0.325,-49390.12425670885,517.034887306203
0.81825,0.33125000000000004,-49370.31094612209,497.22157671944296
0.81825,0.3375,-49350.96695991073,477.8775905080838
0.81825,0.34375,-49332.08642213784,458.99705273519794
0.81825,0.35000000000000003,-49313.66359347502,440.57422407237755
0.81825,0.35625,-49295.69286682284,422.6034974201975
0.81825,0.36250000000000004,-49278.1687631122,405.07939370955137
0.81825,0.36875,-49261.08592727769,387.9965578750416
0.81825,0.375,-49244.43912439415,371.3497549915046
0.81825,0.38125000000000003,-49228.22323596851,355.13386656586226
0.81825,0.3875,-49212.433256379096,339.34388697645045
0.81825,0.39375000000000004,-49197.06428945555,323.97492005290405
0.81825,0.4,-49182.11154519222,309.0221757895779
0.81825,0.40625,-49167.570336588964,294.4809671863186
0.81825,0.41250000000000003,-49153.436076613114,280.3467072104686
0.81825,0.41875,-49139.70427527709,266.6149058744413
0.81825,0.42500000000000004,-49126.37053682617,253.28116742352722
0.81825,0.43125,-49113.430557031475,240.34118762883008
0.81825,0.4375,-49100.88012058311,227.79075118046603
0.81825,0.44375000000000003,-49088.71509857934,215.62572917669604
0.81825,0.45,-49076.93144610705,203.8420767044081
0.81825,0.45625000000000004,-49065.52519990973,192.43583050708548
0.81825,0.4625,-49054.492476139,181.40310673635395
0.81825,0.46875,-49043.82946818605,170.7400987834044
0.81825,0.47500000000000003,-49033.53244458951,160.443075186864
0.81825,0.48125,-49023.597747016494,150.508377613849
0.81825,0.48750000000000004,-49014.02178831359,140.93241891094658
0.81825,0.49375,-49004.80105062507,131.7116812224267
0.81825,0.5,-48995.93208357516,122.84271417251148
0.81825,0.5062500000000001,-48987.41150251201,114.3221331093664
0.81825,0.5125,-48979.235986810614,106.14661740796873
0.81825,0.51875,-48971.402278232345,98.31290882969915
0.81825,0.525,-48963.907179338814,90.81780993616849
0.81825,0.53125,-48956.7475519578,83.65818255515478
0.81825,0.5375000000000001,-48949.92031569912,76.8309462964753
0.81825,0.54375,-48943.4224465187,70.33307711605448
0.81825,0.55,-48937.25097532857,64.16160592592496
0.81825,0.55625,-48931.40298665129,58.313617248641094
0.81825,0.5625,-48925.87561731694,52.7862479142932
0.81825,0.5687500000000001,-48920.66605520106,47.576685798412655
0.81825,0.575,-48915.77153800192,42.68216859927634
0.81825,0.58125,-48911.189352055706,38.09998265306058
0.81825,0.5875,-48906.91683118818,33.82746178553498
0.81825,0.59375,-48902.95135560132,29.86198619867355
0.81825,0.6000000000000001,-48899.29035079378,26.20098139113543
0.81825,0.60625,-48895.93128651392,22.841917111276416
0.81825,0.6125,-48892.87167574404,19.78230634139618
0.81825,0.61875,-48890.109073714906,17.01970431226073
0.81825,0.625,-48887.64107694924,14.551707546597754
0.81825,0.6312500000000001,-48885.4653223334,12.375952930757194
0.81825,0.6375,-48883.57948621595,10.490116813307395
0.81825,0.64375,-48881.98128353237,8.891914129722863
0.81825,0.65,-48880.668466954914,7.5790975522686495
0.81825,0.65625,-48879.63882606676,6.549456664113677
0.81825,0.6625000000000001,-48878.89018655951,5.800817156865378
0.81825,0.66875,-48878.42040945341,5.331040050761658
0.81825,0.675,-48878.22739033932,5.138020936676185
0.81825,0.68125,-48878.30905864182,5.219689239173022
0.81825,0.6875,-48878.66337690268,5.574007500035805
0.81825,0.6937500000000001,-48879.28834008404,6.198970681391074
0.81825,0.7,-48880.181974890555,7.092605487909168
0.81825,0.70625,-48881.34233911006,8.252969707413286
0.81825,0.7125000000000001,-48882.76752097184,9.678151569198235
0.81825,0.71875,-48884.45563852233,11.366269119687786
0.81825,0.7250000000000001,-48886.404839017196,13.315469614550238
0.81825,0.73125,-48888.61329832975,15.523928927104862
0.81825,0.7375,-48891.07922037482,17.98985097217519
0.81825,0.7437500000000001,-48893.8008365477,20.711467145054485
0.81825,0.75,-48896.77640517772,23.687035775074037
0.81825,0.7562500000000001,-48900.00421099602,26.91484159337415
0.81825,0.7625,-48903.48256461685,30.393195214201114
0.81825,0.76875,-48907.20980203231,34.12043262966472
0.81825,0.7750000000000001,-48911.184284119816,38.09491471717047
0.81825,0.78125,-48915.40439616207,42.315026759424654
0.81825,0.7875000000000001,-48919.86854737907,46.77917797642294
0.81825,0.79375,-48924.57517047186,51.48580106921145
0.81825,0.8,-48929.522721177535,56.43335177488916
0.81825,0.8062500000000001,-48934.70967783541,61.62030843276443
0.81825,0.8125,-48940.13454096361,67.04517156096699
0.81825,0.8187500000000001,-48945.79583284626,72.7064634436174
0.81825,0.825,-48951.69209713053,78.60272772788448
0.81825,0.83125,-48957.82189843353,84.73252903088724
0.81825,0.8375000000000001,-48964.183821958606,91.09445255596074
0.81825,0.84375,-48970.77647312086,97.68710371821362
0.81825,0.8500000000000001,-48977.598477181506,104.5091077788602
0.81825,0.85625,-48984.64847889099,111.55910948834207
0.81825,0.8625,-48991.925142140404,118.83577273775882
0.81825,0.8687500000000001,-48999.42714962117,126.33778021852777
0.81825,0.875,-49007.153202492555,134.06383308990917
0.81825,0.8812500000000001,-49015.102020056955,142.01265065430925
0.81825,0.8875,-49023.27233944267,150.1829700400267
0.81825,0.89375,-49031.66291529392,158.573545891275
0.81825,0.9000000000000001,-49040.27251946798,167.1831500653352
0.81825,0.90625,-49049.09994073916,176.01057133651193
0.81825,0.9125000000000001,-49058.143984509516,185.0546151068702
0.81825,0.91875,-49067.403472526035,194.31410312338994
0.81825,0.925,-49076.87724260415,203.7878732015015
0.81825,0.9312500000000001,-49086.564148357415,213.47477895476914
0.81825,0.9375,-49096.46305893324,223.37368953059195
0.81825,0.9437500000000001,-49106.5728587543,233.48348935165268
0.81825,0.95,-49116.89244726578,243.80307786313642
0.8213333333333334,0.2,-49917.94443581723,1044.8550664145878
0.8213333333333334,0.20625000000000002,-49887.11233765864,1014.0229682559948
0.8213333333333334,0.21250000000000002,-49856.89811465861,983.808745255963
0.8213333333333334,0.21875,-49827.29201777719,954.2026483745431
0.8213333333333334,0.225,-49798.28457422265,925.1952048200037
0.8213333333333334,0.23125,-49769.86657655605,896.7772071534055
0.8213333333333334,0.23750000000000002,-49742.029072349105,868.9397029464599
0.8213333333333334,0.24375000000000002,-49714.76335436126,841.6739849586156
0.8213333333333334,0.25,-49688.06095120409,814.9715818014447
0.8213333333333334,0.25625000000000003,-49661.91361846357,788.8242490609264
0.8213333333333334,0.2625,-49636.31333025269,763.2239608500458
0.8213333333333334,0.26875000000000004,-49611.25227116911,738.1629017664673
0.8213333333333334,0.275,-49586.72282863414,713.6334592314961
0.8213333333333334,0.28125,-49562.71758559082,689.6282161881754
0.8213333333333334,0.28750000000000003,-49539.229313540745,666.1399441381
0.8213333333333334,0.29375,-49516.25096590038,643.1615964977318
0.8213333333333334,0.30000000000000004,-49493.77567165893,620.6863022562829
0.8213333333333334,0.30625,-49471.79672932117,598.7073599185242
0.8213333333333334,0.3125,-49450.30760111944,577.2182317167972
0.8213333333333334,0.31875000000000003,-49429.3019074804,556.2125380777579
0.8213333333333334,0.325,-49408.773421732694,535.6840523300489
0.8213333333333334,0.33125000000000004,-49388.716065042776,515.6266956401305
0.8213333333333334,0.3375,-49369.12390156699,496.0345321643472
0.8213333333333334,0.34375,-49349.991133808384,476.9017644057385
0.8213333333333334,0.35000000000000003,-49331.31209816798,458.2227287653368
0.8213333333333334,0.35625,-49313.08126068039,439.991891277743
0.8213333333333334,0.36250000000000004,-49295.29321292446,422.2038435218128
0.8213333333333334,0.36875,-49277.942668100244,404.8532986975988
0.8213333333333334,0.375,-49261.02445726402,387.9350878613768
0.8213333333333334,0.38125000000000003,-49244.5335257135,371.44415631085576
0.8213333333333334,0.3875,-49228.46492951601,355.3755601133671
0.8213333333333334,0.39375000000000004,-49212.813832172775,339.7244627701293
0.8213333333333334,0.4,-49197.575501412575,324.48613200992986
0.8213333333333334,0.40625,-49182.74530610893,309.6559367062873
0.8213333333333334,0.41250000000000003,-49168.3187133148,295.22934391215676
0.8213333333333334,0.41875,-49154.29128540943,281.20191600678663
0.8213333333333334,0.42500000000000004,-49140.6586773521,267.5693079494522
0.8213333333333334,0.43125,-49127.416634037916,254.3272646352707
0.8213333333333334,0.4375,-49114.56098775106,241.47161834841245
0.8213333333333334,0.44375000000000003,-49102.08765571101,228.9982863083642
0.8213333333333334,0.45,-49089.99263770769,216.90326830504637
0.8213333333333334,0.45625000000000004,-49078.27201382155,205.18264441890642
0.8213333333333334,0.4625,-49066.92194222483,193.83257282218256
0.8213333333333334,0.46875,-49055.93865706056,182.8492876579112
0.8213333333333334,0.47500000000000003,-49045.318466395955,172.2290969933092
0.8213333333333334,0.48125,-49035.05775024679,161.96838084414776
0.8213333333333334,0.48750000000000004,-49025.15295867013,152.06358926748362
0.8213333333333334,0.49375,-49015.60060992214,142.5112405194959
0.8213333333333334,0.5,-49006.39728867856,133.3079192759178
0.8213333333333334,0.5062500000000001,-48997.53964431508,124.45027491243673
0.8213333333333334,0.5125,-48989.024389245154,115.93501984250906
0.8213333333333334,0.51875,-48980.84829731305,107.75892791040678
0.8213333333333334,0.525,-48973.00820223974,99.91883283709467
0.8213333333333334,0.53125,-48965.50099611955,92.41162671690108
0.8213333333333334,0.5375000000000001,-48958.32362796561,85.23425856296672
0.8213333333333334,0.54375,-48951.473102302116,78.38373289947049
0.8213333333333334,0.55,-48944.94647780151,71.85710839886451
0.8213333333333334,0.55625,-48938.740865964995,65.65149656235008
0.8213333333333334,0.5625,-48932.85342984454,59.76406044189207
0.8213333333333334,0.5687500000000001,-48927.2813828048,54.19201340215659
0.8213333333333334,0.575,-48922.021987323606,48.93261792096018
0.8213333333333334,0.58125,-48917.07255382922,43.983184426571825
0.8213333333333334,0.5875,-48912.43043957342,39.34107017077622
0.8213333333333334,0.59375,-48908.09304753864,35.00367813599587
0.8213333333333334,0.6000000000000001,-48904.05782537817,30.968455975526012
0.8213333333333334,0.60625,-48900.32226438816,27.232894985514577
0.8213333333333334,0.6125,-48896.88389851018,23.794529107537528
0.8213333333333334,0.61875,-48893.74030336327,20.6509339606273
0.8213333333333334,0.625,-48890.88909530447,17.799725901822967
0.8213333333333334,0.6312500000000001,-48888.327930516716,15.238561114070762
0.8213333333333334,0.6375,-48886.05450412321,12.965134720565402
0.8213333333333334,0.64375,-48884.06654932725,10.977179924608208
0.8213333333333334,0.65,-48882.36183657672,9.272467174072517
0.8213333333333334,0.65625,-48880.9381727522,7.848803349552327
0.8213333333333334,0.6625000000000001,-48879.79340037823,6.704030975583009
0.8213333333333334,0.66875,-48878.92539685648,5.836027453835413
0.8213333333333334,0.675,-48878.33207372039,5.242704317744938
0.8213333333333334,0.68125,-48878.0113759105,4.922006507855258
0.8213333333333334,0.6875,-48877.961281069634,4.871911666989035
0.8213333333333334,0.6937500000000001,-48878.17979885747,5.090429454823607
0.8213333333333334,0.7,-48878.66497028365,5.575600881005812
0.8213333333333334,0.70625,-48879.41486705903,6.325497656383959
0.8213333333333334,0.7125000000000001,-48880.42759096421,7.3382215615638415
0.8213333333333334,0.71875,-48881.70127323502,8.611903832374082
0.8213333333333334,0.7250000000000001,-48883.234073964326,10.144704561680555
0.8213333333333334,0.73125,-48885.02418151954,11.934812116895046
0.8213333333333334,0.7375,-48887.06981197548,13.980442572836182
0.8213333333333334,0.7437500000000001,-48889.36920856191,16.279839159265975
0.8213333333333334,0.75,-48891.92064112554,18.831271722898236
0.8213333333333334,0.7562500000000001,-48894.72240560579,21.633036203144
0.8213333333333334,0.7625,-48897.77282352396,24.68345412131748
0.8213333333333334,0.76875,-48901.07024148552,27.980872082873248
0.8213333333333334,0.7750000000000001,-48904.61303069489,31.52366129224538
0.8213333333333334,0.78125,-48908.399586482505,35.310217079859285
0.8213333333333334,0.7875000000000001,-48912.428327843685,39.33895844103972
0.8213333333333334,0.79375,-48916.69769698902,43.60832758637116
0.8213333333333334,0.8,-48921.20615890584,48.11678950319765
0.8213333333333334,0.8062500000000001,-48925.95220093058,52.86283152793476
0.8213333333333334,0.8125,-48930.934332331424,57.84496292877884
0.8213333333333334,0.8187500000000001,-48936.15108390137,63.06171449872636
0.8213333333333334,0.825,-48941.60100756094,68.51163815829204
0.8213333333333334,0.83125,-48947.28267597054,74.1933065678968
0.8213333333333334,0.8375000000000001,-48953.19468215214,80.10531274949608
0.8213333333333334,0.84375,-48959.33563911993,86.2462697172814
0.8213333333333334,0.8500000000000001,-48965.7041795197,92.61481011705473
0.8213333333333334,0.85625,-48972.29895527684,99.20958587419591
0.8213333333333334,0.8625,-48979.11863725245,106.0292678498081
0.8213333333333334,0.8687500000000001,-48986.1619149076,113.07254550495418
0.8213333333333334,0.875,-48993.42749597531,120.3381265726639
0.8213333333333334,0.8812500000000001,-49000.91410614012,127.82473673747154
0.8213333333333334,0.8875,-49008.62048872508,135.53111932243337
0.8213333333333334,0.89375,-49016.545404385804,143.45603498315904
0.8213333333333334,0.9000000000000001,-49024.68763081156,151.59826140891528
0.8213333333333334,0.90625,-49033.04596243308,159.95659303043794
0.8213333333333334,0.9125000000000001,-49041.61921013702,168.52984073437256
0.8213333333333334,0.91875,-49050.40620098665,177.3168315840012
0.8213333333333334,0.925,-49059.40577794905,186.31640854640136
0.8213333333333334,0.9312500000000001,-49068.61679962806,195.52743022541108
0.8213333333333334,0.9375,-49078.038140003366,204.9487706007203
0.8213333333333334,0.9437500000000001,-49087.66868817517,214.57931877252122
0.8213333333333334,0.95,-49097.507348114515,224.4179787118701
0.8244166666666667,0.2,-49940.77483850922,1067.6854691065746
0.8244166666666667,0.20625000000000002,-49909.80755118182,1036.7181817791716
0.8244166666666667,0.21250000000000002,-49879.45159281889,1006.3622234162467
0.8244166666666667,0.21875,-49849.69738504896,976.608015646314
0.8244166666666667,0.225,-49820.535618636,947.446249233355
0.8244166666666667,0.23125,-49791.95724295599,918.8678735533467
0.8244166666666667,0.23750000000000002,-49763.95345600326,890.8640866006172
0.8244166666666667,0.24375000000000002,-49736.51569489406,863.4263254914113
0.8244166666666667,0.25,-49709.63562683729,836.5462574346457
0.8244166666666667,0.25625000000000003,-49683.30514054428,810.2157711416367
0.8244166666666667,0.2625,-49657.516338051646,784.4269686490006
0.8244166666666667,0.26875000000000004,-49632.261526932794,759.172157530149
0.8244166666666667,0.275,-49607.53321287582,734.443843473171
0.8244166666666667,0.28125,-49583.32409260652,710.2347232038737
0.8244166666666667,0.28750000000000003,-49559.62704713708,686.5376777344354
0.8244166666666667,0.29375,-49536.43513532205,663.3457659194028
0.8244166666666667,0.30000000000000004,-49513.7415877046,640.6522183019551
0.8244166666666667,0.30625,-49491.53980063717,618.4504312345234
0.8244166666666667,0.3125,-49469.8233306613,596.7339612586511
0.8244166666666667,0.31875000000000003,-49448.58588913309,575.4965197304482
0.8244166666666667,0.325,-49427.821337080866,554.7319676782208
0.8244166666666667,0.33125000000000004,-49407.523680282946,534.4343108803005
0.8244166666666667,0.3375,-49387.687064553975,514.5976951513294
0.8244166666666667,0.34375,-49368.30577122909,495.2164018264448
0.8244166666666667,0.35000000000000003,-49349.37421283567,476.2848434330226
0.8244166666666667,0.35625,-49330.88692894329,457.79755954064603
0.8244166666666667,0.36250000000000004,-49312.83858218281,439.749212780167
0.8244166666666667,0.36875,-49295.223954426256,422.13458502361027
0.8244166666666667,0.375,-49278.037943119554,404.94857371690887
0.8244166666666667,0.38125000000000003,-49261.27555776057,388.18618835792586
0.8244166666666667,0.3875,-49244.931916515554,371.8425471129085
0.8244166666666667,0.39375000000000004,-49229.0022429673,355.9128735646518
0.8244166666666667,0.4,-49213.48186298866,340.3924935860123
0.8244166666666667,0.40625,-49198.36620173569,325.2768323330456
0.8244166666666667,0.41250000000000003,-49183.65078075472,310.56141135207145
0.8244166666666667,0.41875,-49169.33121519803,296.2418457953827
0.8244166666666667,0.42500000000000004,-49155.40321114342,282.3138417407754
0.8244166666666667,0.43125,-49141.86256301252,268.77319360987167
0.8244166666666667,0.4375,-49128.705151083785,255.6157816811392
0.8244166666666667,0.44375000000000003,-49115.92693909576,242.83756969311798
0.8244166666666667,0.45,-49103.52397193655,230.43460253390367
0.8244166666666667,0.45625000000000004,-49091.492373415924,218.4030040132784
0.8244166666666667,0.4625,-49079.8283441162,206.73897471355303
0.8244166666666667,0.46875,-49068.52815931868,195.4387899160356
0.8244166666666667,0.47500000000000003,-49057.588167002345,184.49879759969917
0.8244166666666667,0.48125,-49047.0047859117,173.91541650905128
0.8244166666666667,0.48750000000000004,-49036.77450369089,163.68513428824372
0.8244166666666667,0.49375,-49026.893875081296,153.80450567865046
0.8244166666666667,0.5,-49017.359520180005,144.27015077735996
0.8244166666666667,0.5062500000000001,-49008.168122756615,135.07875335396966
0.8244166666666667,0.5125,-48999.3164286259,126.22705922325258
0.8244166666666667,0.51875,-48990.80124407435,117.71187467170239
0.8244166666666667,0.525,-48982.61943433804,109.53006493539579
0.8244166666666667,0.53125,-48974.7679221301,101.6785527274551
0.8244166666666667,0.5375000000000001,-48967.24368621559,94.15431681294285
0.8244166666666667,0.54375,-48960.04376003205,86.95439062940568
0.8244166666666667,0.55,-48953.16523035392,80.07586095127772
0.8244166666666667,0.55625,-48946.60523599907,73.51586659642635
0.8244166666666667,0.5625,-48940.36096657579,67.27159717314498
0.8244166666666667,0.5687500000000001,-48934.429661268936,61.3402918662905
0.8244166666666667,0.575,-48928.80860766336,55.71923826071725
0.8244166666666667,0.58125,-48923.49514060357,50.40577120092348
0.8244166666666667,0.5875,-48918.486641088035,45.39727168538957
0.8244166666666667,0.59375,-48913.78053519695,40.69116579430556
0.8244166666666667,0.6000000000000001,-48909.37429305224,36.28492364959675
0.8244166666666667,0.60625,-48905.26542780856,32.17605840591568
0.8244166666666667,0.6125,-48901.451494674155,28.362125271509285
0.8244166666666667,0.61875,-48897.9300899606,24.840720557956956
0.8244166666666667,0.625,-48894.69885016028,21.609480757637357
0.8244166666666667,0.6312500000000001,-48891.75545105068,18.666081648036197
0.8244166666666667,0.6375,-48889.09760682446,16.008237421818194
0.8244166666666667,0.64375,-48886.72306924456,13.633699841913767
0.8244166666666667,0.65,-48884.62962682328,11.540257420638227
0.8244166666666667,0.65625,-48882.81510402457,9.725734621926676
0.8244166666666667,0.6625000000000001,-48881.27736048886,8.187991086211696
0.8244166666666667,0.66875,-48880.014290279374,6.92492087672872
0.8244166666666667,0.675,-48879.02382114952,5.93445174687804
0.8244166666666667,0.68125,-48878.3039138304,5.214544427755754
0.8244166666666667,0.6875,-48877.852561337786,4.7631919351406395
0.8244166666666667,0.6937500000000001,-48877.66778829818,4.578418895536743
0.8244166666666667,0.7,-48877.74765029288,4.658280890231254
0.8244166666666667,0.70625,-48878.090233219846,5.0008638172002975
0.8244166666666667,0.7125000000000001,-48878.69365267257,5.6042832699240535
0.8244166666666667,0.71875,-48879.55605333552,6.466683932871092
0.8244166666666667,0.7250000000000001,-48880.675608395424,7.586238992778817
0.8244166666666667,0.73125,-48882.05051896821,8.961149565562664
0.8244166666666667,0.7375,-48883.679013540714,10.589644138068252
0.8244166666666667,0.7437500000000001,-48885.55934742703,12.469978024382726
0.8244166666666667,0.75,-48887.6898022388,14.600432836152322
0.8244166666666667,0.7562500000000001,-48890.06868536913,16.979315966484137
0.8244166666666667,0.7625,-48892.69432948967,19.604960087024665
0.8244166666666667,0.76875,-48895.56509206045,22.475722657807637
0.8244166666666667,0.7750000000000001,-48898.679354852065,25.589985449420055
0.8244166666666667,0.78125,-48902.03552347984,28.946154077195388
0.8244166666666667,0.7875000000000001,-48905.63202694965,32.54265754700464
0.8244166666666667,0.79375,-48909.467317214934,36.37794781228877
0.8244166666666667,0.8,-48913.539868744716,40.45049934207054
0.8244166666666667,0.8062500000000001,-48917.84817810214,44.75880869949469
0.8244166666666667,0.8125,-48922.39076353336,49.30139413071447
0.8244166666666667,0.8187500000000001,-48927.166164566326,54.0767951636808
0.8244166666666667,0.825,-48932.1729416193,59.0835722166521
0.8244166666666667,0.83125,-48937.409675618765,64.3203062161192
0.8244166666666667,0.8375000000000001,-48942.87496762644,69.78559822379611
0.8244166666666667,0.84375,-48948.56743847514,75.47806907249469
0.8244166666666667,0.8500000000000001,-48954.485728413274,81.39635901062866
0.8244166666666667,0.85625,-48960.62849675765,87.5391273550049
0.8244166666666667,0.8625,-48966.994421554424,93.90505215177836
0.8244166666666667,0.8687500000000001,-48973.58219924793,100.4928298452869
0.8244166666666667,0.875,-48980.39054435714,107.30117495449667
0.8244166666666667,0.8812500000000001,-48987.41818915964,114.32881975699274
0.8244166666666667,0.8875,-48994.66388338273,121.57451398008561
0.8244166666666667,0.89375,-49002.12639390168,129.03702449903358
0.8244166666666667,0.9000000000000001,-49009.804504444735,136.71513504208997
0.8244166666666667,0.90625,-49017.69701530486,144.60764590221515
0.8244166666666667,0.9125000000000001,-49025.8027430578,152.713373655155
0.8244166666666667,0.91875,-49034.120520286655,161.03115088400955
0.8244166666666667,0.925,-49042.649195312406,169.55982590976055
0.8244166666666667,0.9312500000000001,-49051.387631930396,178.29826252775092
0.8244166666666667,0.9375,-49060.334709152776,187.24533975013037
0.8244166666666667,0.9437500000000001,-49069.489320956374,196.3999515537289
0.8244166666666667,0.95,-49078.85037603625,205.76100663360558
0.8275000000000001,0.2,-49963.92724837218,1090.8378789695344
0.8275000000000001,0.20625000000000002,-49932.82906644211,1059.739697039462
0.8275000000000001,0.21250000000000002,-49902.3356422022,1029.2462727995517
0.8275000000000001,0.21875,-49872.43756777325,999.3481983706079
0.8275000000000001,0.225,-49843.1256973641,970.0363279614539
0.8275000000000001,0.23125,-49814.391137113686,941.3017677110402
0.8275000000000001,0.23750000000000002,-49786.225235439924,913.1358660372789
0.8275000000000001,0.24375000000000002,-49758.619573864606,885.5302044619602
0.8275000000000001,0.25,-49731.56595828562,858.4765888829716
0.8275000000000001,0.25625000000000003,-49705.056410669975,831.9670412673295
0.8275000000000001,0.2625,-49679.08316114276,805.9937917401112
0.8275000000000001,0.26875000000000004,-49653.638640449084,780.5492710464387
0.8275000000000001,0.275,-49628.71547276761,755.6261033649644
0.8275000000000001,0.28125,-49604.30646885547,731.2170994528278
0.8275000000000001,0.28750000000000003,-49580.404619506095,707.3152501034492
0.8275000000000001,0.29375,-49557.00308930253,683.9137198998869
0.8275000000000001,0.30000000000000004,-49534.095210649786,661.0058412471408
0.8275000000000001,0.30625,-49511.67447807122,638.5851086685725
0.8275000000000001,0.3125,-49489.73454275448,616.6451733518334
0.8275000000000001,0.31875000000000003,-49468.2692073339,595.1798379312531
0.8275000000000001,0.325,-49447.27242089667,574.183051494023
0.8275000000000001,0.33125000000000004,-49426.73827420113,553.6489047984869
0.8275000000000001,0.3375,-49406.660995096245,533.5716256935993
0.8275000000000001,0.34375,-49387.03494413171,513.9455747290631
0.8275000000000001,0.35000000000000003,-49367.854610349415,494.76524094677006
0.8275000000000001,0.35625,-49349.11460724658,476.0252378439327
0.8275000000000001,0.36250000000000004,-49330.809668902584,457.72029949993885
0.8275000000000001,0.36875,-49312.93464626087,439.84527685822104
0.8275000000000001,0.375,-49295.48450355869,422.39513415604597
0.8275000000000001,0.38125000000000003,-49278.45431489745,405.36494549480267
0.8275000000000001,0.3875,-49261.8392609467,388.74989154405193
0.8275000000000001,0.39375000000000004,-49245.634625775725,372.5452563730796
0.8275000000000001,0.4,-49229.83579380642,356.7464244037765
0.8275000000000001,0.40625,-49214.43824688197,341.34887747932225
0.8275000000000001,0.41250000000000003,-49199.437561445855,326.34819204320956
0.8275000000000001,0.41875,-49184.82940582617,311.7400364235218
0.8275000000000001,0.42500000000000004,-49170.60953762046,297.5201682178158
0.8275000000000001,0.43125,-49156.77380117647,283.6844317738214
0.8275000000000001,0.4375,-49143.31812516456,270.2287557619129
0.8275000000000001,0.44375000000000003,-49130.23852023776,257.1491508351173
0.8275000000000001,0.45,-49117.531076775456,244.44170737281092
0.8275000000000001,0.45625000000000004,-49105.191962707264,232.1025933046185
0.8275000000000001,0.4625,-49093.217421413356,220.12805201071023
0.8275000000000001,0.46875,-49081.6037696983,208.51440029565128
0.8275000000000001,0.47500000000000003,-49070.34739583486,197.25802643221687
0.8275000000000001,0.48125,-49059.44475767519,186.3553882725464
0.8275000000000001,0.48750000000000004,-49048.89238082633,175.80301142368262
0.8275000000000001,0.49375,-49038.68685688745,165.59748748480342
0.8275000000000001,0.5,-49028.82484174626,155.73547234361467
0.8275000000000001,0.5062500000000001,-49019.303053932184,146.21368452953902
0.8275000000000001,0.5125,-49010.11827302391,137.02890362126345
0.8275000000000001,0.51875,-49001.267338109246,128.17796870660095
0.8275000000000001,0.525,-48992.74714629513,119.65777689248353
0.8275000000000001,0.53125,-48984.554651265695,111.46528186304931
0.8275000000000001,0.5375000000000001,-48976.68686188672,103.59749248407752
0.8275000000000001,0.54375,-48969.14084085444,96.05147145179217
0.8275000000000001,0.55,-48961.913703387116,88.82433398447029
0.8275000000000001,0.55625,-48955.00261595762,81.91324655497738
0.8275000000000001,0.5625,-48948.404795065595,75.31542566294956
0.8275000000000001,0.5687500000000001,-48942.11750604755,69.02813664490532
0.8275000000000001,0.575,-48936.13806192349,63.04869252084609
0.8275000000000001,0.58125,-48930.46382227885,57.37445287620358
0.8275000000000001,0.5875,-48925.092192180164,52.002822777518304
0.8275000000000001,0.59375,-48920.02062112343,46.93125172078726
0.8275000000000001,0.6000000000000001,-48915.24660201393,42.15723261128733
0.8275000000000001,0.60625,-48910.76767017627,37.67830077362305
0.8275000000000001,0.6125,-48906.58140239364,33.49203299099463
0.8275000000000001,0.61875,-48902.68541597519,29.596046572543855
0.8275000000000001,0.625,-48899.07736785055,25.98799844790483
0.8275000000000001,0.6312500000000001,-48895.754953690535,22.665584287889942
0.8275000000000001,0.6375,-48892.71590705304,19.62653765039431
0.8275000000000001,0.64375,-48889.95799855333,16.868629150681954
0.8275000000000001,0.65,-48887.47903505783,14.389665655187855
0.8275000000000001,0.65625,-48885.27685890069,12.18748949804285
0.8275000000000001,0.6625000000000001,-48883.3493471221,10.259977719455492
0.8275000000000001,0.66875,-48881.694410727956,8.605041325310594
0.8275000000000001,0.675,-48880.30999396987,7.220624567227787
0.8275000000000001,0.68125,-48879.194073645005,6.10470424235973
0.8275000000000001,0.6875,-48878.344658414964,5.255289012318826
0.8275000000000001,0.6937500000000001,-48877.75978814319,4.6704187405412085
0.8275000000000001,0.7,-48877.43753325015,4.34816384750593
0.8275000000000001,0.70625,-48877.37599408596,4.286624683314585
0.8275000000000001,0.7125000000000001,-48877.57330031946,4.483930916816462
0.8275000000000001,0.71875,-48878.027610343735,4.938240941090044
0.8275000000000001,0.7250000000000001,-48878.73711069698,5.647741294334992
0.8275000000000001,0.73125,-48879.70001549882,6.610646096174605
0.8275000000000001,0.7375,-48880.91456590101,7.825196498364676
0.8275000000000001,0.7437500000000001,-48882.379029552525,9.289660149879637
0.8275000000000001,0.75,-48884.091700078294,11.002330675648409
0.8275000000000001,0.7562500000000001,-48886.050896571294,12.9615271686489
0.8275000000000001,0.7625,-48888.2549630975,15.16559369485185
0.8275000000000001,0.76875,-48890.70226821339,17.61289881074481
0.8275000000000001,0.7750000000000001,-48893.39120449558,20.301835092934198
0.8275000000000001,0.78125,-48896.320188082114,23.23081867946894
0.8275000000000001,0.7875000000000001,-48899.48765822523,26.398288822587347
0.8275000000000001,0.79375,-48902.89207685515,29.802707452501636
0.8275000000000001,0.8,-48906.53192815459,33.44255875194358
0.8275000000000001,0.8062500000000001,-48910.4057181436,37.31634874095471
0.8275000000000001,0.8125,-48914.51197427462,41.422604871972
0.8275000000000001,0.8187500000000001,-48918.84924503713,45.75987563448143
0.8275000000000001,0.825,-48923.41609957202,50.3267301693777
0.8275000000000001,0.83125,-48928.21112729502,55.12175789237517
0.8275000000000001,0.8375000000000001,-48933.23293752909,60.143568126441096
0.8275000000000001,0.84375,-48938.48015914562,65.39078974297445
0.8275000000000001,0.8500000000000001,-48943.95144021392,70.86207081127213
0.8275000000000001,0.85625,-48949.645447659044,76.5560782563989
0.8275000000000001,0.8625,-48955.560866927495,82.47149752484984
0.8275000000000001,0.8687500000000001,-48961.69640166069,88.60703225804173
0.8275000000000001,0.875,-48968.05077337599,94.96140397334239
0.8275000000000001,0.8812500000000001,-48974.62272115499,101.53335175234679
0.8275000000000001,0.8875,-48981.41100133894,108.32163193629822
0.8275000000000001,0.89375,-48988.41438723108,115.3250178284361
0.8275000000000001,0.9000000000000001,-48995.6316688057,122.54229940305231
0.8275000000000001,0.90625,-49003.061652423705,129.9722830210594
0.8275000000000001,0.9125000000000001,-49010.70316055462,137.61379115197633
0.8275000000000001,0.91875,-49018.55503150465,145.465662102004
0.8275000000000001,0.925,-49026.616119150916,153.52674974827096
0.8275000000000001,0.9312500000000001,-49034.88529268137,161.79592327872524
0.8275000000000001,0.9375,-49043.36143634061,170.27206693796325
0.8275000000000001,0.9437500000000001,-49052.04344918102,178.9540797783775
0.8275000000000001,0.95,-49060.93024481955,187.84087541690678
0.8305833333333335,0.2,-49987.40480179319,1114.3154323905474
0.8305833333333335,0.20625000000000002,-49956.18008931439,1083.0907199117428
0.8305833333333335,0.21250000000000002,-49925.553538254964,1052.4641688523188
0.8305833333333335,0.21875,-49895.51591101621,1022.4265416135677
0.8305833333333335,0.225,-49866.05822510728,992.968855704632
0.8305833333333335,0.23125,-49837.17174334614,964.0823739434927
0.8305833333333335,0.23750000000000002,-49808.84796454526,935.7585951426154
0.8305833333333335,0.24375000000000002,-49781.078614652346,907.9892452497006
0.8305833333333335,0.25,-49753.855638319226,880.7662689165809
0.8305833333333335,0.25625000000000003,-49727.17119087363,854.081821470987
0.8305833333333335,0.2625,-49701.01763067032,827.9282612676761
0.8305833333333335,0.26875000000000004,-49675.38751179978,802.298142397136
0.8305833333333335,0.275,-49650.27357713396,777.1842077313122
0.8305833333333335,0.28125,-49625.66875169019,752.5793822875421
0.8305833333333335,0.28750000000000003,-49601.56613629539,728.4767668927452
0.8305833333333335,0.29375,-49577.95900153413,704.8696321314856
0.8305833333333335,0.30000000000000004,-49554.840781964835,681.7514125621892
0.8305833333333335,0.30625,-49532.20507058981,659.1157011871619
0.8305833333333335,0.3125,-49510.045613565395,636.9562441627495
0.8305833333333335,0.31875000000000003,-49488.35630513964,615.266935736996
0.8305833333333335,0.325,-49467.131182805286,594.0418134026404
0.8305833333333335,0.33125000000000004,-49446.364422657265,573.2750532546197
0.8305833333333335,0.3375,-49426.05033494385,552.960965541206
0.8305833333333335,0.34375,-49406.1833598018,533.093990399153
0.8305833333333335,0.35000000000000003,-49386.7580631661,513.6686937634513
0.8305833333333335,0.35625,-49367.7691328456,494.6797634429531
0.8305833333333335,0.36250000000000004,-49349.21137475648,476.12200535383454
0.8305833333333335,0.36875,-49331.07970930547,457.99033990282624
0.8305833333333335,0.375,-49313.36916791592,440.2797985132711
0.8305833333333335,0.38125000000000003,-49296.07488968955,422.98552028690756
0.8305833333333335,0.3875,-49279.19211819766,406.1027487950123
0.8305833333333335,0.39375000000000004,-49262.7161983954,389.6268289927539
0.8305833333333335,0.4,-49246.64257365356,373.55320425091486
0.8305833333333335,0.40625,-49230.96678290238,357.8774134997366
0.8305833333333335,0.41250000000000003,-49215.68445788202,342.59508847937104
0.8305833333333335,0.41875,-49200.79132049515,327.701951092502
0.8305833333333335,0.42500000000000004,-49186.283180256796,313.1938108541508
0.8305833333333335,0.43125,-49172.15593183712,299.0665624344765
0.8305833333333335,0.4375,-49158.40555269309,285.3161832904443
0.8305833333333335,0.44375000000000003,-49145.028100784984,271.93873138233903
0.8305833333333335,0.45,-49132.019712374175,258.93034297152917
0.8305833333333335,0.45625000000000004,-49119.37659989846,246.28723049581458
0.8305833333333335,0.4625,-49107.09504992184,234.00568051919254
0.8305833333333335,0.46875,-49095.1714211554,222.0820517527536
0.8305833333333335,0.47500000000000003,-49083.60214254624,210.51277314359322
0.8305833333333335,0.48125,-49072.38371143185,199.29434202920675
0.8305833333333335,0.48750000000000004,-49061.51269175687,188.4233223542251
0.8305833333333335,0.49375,-49050.98571234991,177.8963429472642
0.8305833333333335,0.5,-49040.79946525782,167.7100958551746
0.8305833333333335,0.5062500000000001,-49030.95070413521,157.86133473256632
0.8305833333333335,0.5125,-49021.436242686745,148.34687328409927
0.8305833333333335,0.51875,-49012.252953160394,139.1635837577487
0.8305833333333335,0.525,-49003.397764889385,130.30839548673976
0.8305833333333335,0.53125,-48994.86766288105,121.77829347840452
0.8305833333333335,0.5375000000000001,-48986.65968645065,113.57031704800465
0.8305833333333335,0.54375,-48978.77092789853,105.6815584958822
0.8305833333333335,0.55,-48971.19853122879,98.10916182614164
0.8305833333333335,0.55625,-48963.939690907995,90.85032150534971
0.8305833333333335,0.5625,-48956.99165066239,83.90228125974681
0.8305833333333335,0.5687500000000001,-48950.35170231206,77.26233290941309
0.8305833333333335,0.575,-48944.01718464078,70.92781523813755
0.8305833333333335,0.58125,-48937.98548230014,64.89611289749155
0.8305833333333335,0.5875,-48932.254024746675,59.1646553440296
0.8305833333333335,0.59375,-48926.820285210866,53.73091580822074
0.8305833333333335,0.6000000000000001,-48921.68177969675,48.59241029410623
0.8305833333333335,0.60625,-48916.83606601109,43.746696608446655
0.8305833333333335,0.6125,-48912.28074282099,39.19137341834721
0.8305833333333335,0.61875,-48908.01344873903,34.92407933638606
0.8305833333333335,0.625,-48904.03186143481,30.94249203216168
0.8305833333333335,0.6312500000000001,-48900.333696772075,27.24432736942981
0.8305833333333335,0.6375,-48896.91670797054,23.827338567891275
0.8305833333333335,0.64375,-48893.77868479138,20.68931538873585
0.8305833333333335,0.65,-48890.91745274581,17.8280833431636
0.8305833333333335,0.65625,-48888.330872325794,15.2415029231488
0.8305833333333335,0.6625000000000001,-48886.01683825614,12.927468853493338
0.8305833333333335,0.66875,-48883.97327876736,10.883909364711144
0.8305833333333335,0.675,-48882.19815488849,9.108785485841508
0.8305833333333335,0.68125,-48880.68945975916,7.600090356514556
0.8305833333333335,0.6875,-48879.445217960514,6.35584855786874
0.8305833333333335,0.6937500000000001,-48878.463484864,5.3741154613526305
0.8305833333333335,0.7,-48877.74234599776,4.652976595112705
0.8305833333333335,0.70625,-48877.279916429885,4.190547027239518
0.8305833333333335,0.7125000000000001,-48877.07434016797,3.9849707653265796
0.8305833333333335,0.71875,-48877.12378957453,4.034420171883539
0.8305833333333335,0.7250000000000001,-48877.426464797725,4.337095395079814
0.8305833333333335,0.73125,-48877.98059321688,4.891223814236582
0.8305833333333335,0.7375,-48878.784428902414,5.695059499768831
0.8305833333333335,0.7437500000000001,-48879.836252089575,6.746882686929894
0.8305833333333335,0.75,-48881.13436866571,8.044999263067439
0.8305833333333335,0.7562500000000001,-48882.67710967057,9.587740267925255
0.8305833333333335,0.7625,-48884.46283080925,11.373461406605202
0.8305833333333335,0.76875,-48886.48991197732,13.400542574672727
0.8305833333333335,0.7750000000000001,-48888.75675679793,15.667387395282276
0.8305833333333335,0.78125,-48891.261792170364,18.172422767718672
0.8305833333333335,0.7875000000000001,-48894.00346782974,20.91409842709254
0.8305833333333335,0.79375,-48896.98025591759,23.890886514942395
0.8305833333333335,0.8,-48900.19065056294,27.101281160292274
0.8305833333333335,0.8062500000000001,-48903.63316747353,30.543798070881166
0.8305833333333335,0.8125,-48907.306343536955,34.21697413430957
0.8305833333333335,0.8187500000000001,-48911.20873643143,38.11936702878302
0.8305833333333335,0.825,-48915.33892424578,42.2495548431325
0.8305833333333335,0.83125,-48919.6955051086,46.6061357059516
0.8305833333333335,0.8375000000000001,-48924.27709682609,51.18772742344299
0.8305833333333335,0.84375,-48929.08233652852,55.99296712587238
0.8305833333333335,0.8500000000000001,-48934.10988032483,61.02051092218608
0.8305833333333335,0.85625,-48939.35840296547,66.26903356282128
0.8305833333333335,0.8625,-48944.82659751289,71.73722811024345
0.8305833333333335,0.8687500000000001,-48950.51317501973,77.42380561708705
0.8305833333333335,0.875,-48956.416864214385,83.3274948117396
0.8305833333333335,0.8812500000000001,-48962.53641119371,89.44704179106338
0.8305833333333335,0.8875,-48968.870579122726,95.78120972008037
0.8305833333333335,0.89375,-48975.418147941135,102.32877853848913
0.8305833333333335,0.9000000000000001,-48982.17791407644,109.0885446737957
0.8305833333333335,0.90625,-48989.1486901634,116.0593207607526
0.8305833333333335,0.9125000000000001,-48996.32930476987,123.23993536722264
0.8305833333333335,0.91875,-49003.7186021286,130.629232725958
0.8305833333333335,0.925,-49011.31544187503,138.22607247238193
0.8305833333333335,0.9312500000000001,-49019.11869879075,146.0293293881041
0.8305833333333335,0.9375,-49027.1272625527,154.0378931500527
0.8305833333333335,0.9437500000000001,-49035.34003748765,162.2506680850056
0.8305833333333335,0.95,-49043.75594233214,170.66657292949822
0.8336666666666668,0.2,-50011.21068971613,1138.121320313483
0.8336666666666668,0.20625000000000002,-49979.86388203818,1106.7745126355367
0.8336666666666668,0.21250000000000002,-49949.10861462065,1076.0192452180054
0.8336666666666668,0.21875,-49918.93581989668,1045.8464504940348
0.8336666666666668,0.225,-49889.3366784962,1016.2473090935528
0.8336666666666668,0.23125,-49860.30260979938,987.2132403967335
0.8336666666666668,0.23750000000000002,-49831.82526295296,958.7358935503144
0.8336666666666668,0.24375000000000002,-49803.896508321435,930.8071389187899
0.8336666666666668,0.25,-49776.50842934768,903.4190599450376
0.8336666666666668,0.25625000000000003,-49749.653314798976,876.5639453963304
0.8336666666666668,0.2625,-49723.323651376224,850.2342819735786
0.8336666666666668,0.26875000000000004,-49697.51211666559,824.4227472629427
0.8336666666666668,0.275,-49672.21157241316,799.1222030105127
0.8336666666666668,0.28125,-49647.415058104685,774.3256887020398
0.8336666666666668,0.28750000000000003,-49623.11578483337,750.0264154307224
0.8336666666666668,0.29375,-49599.30712944009,726.2177600374416
0.8336666666666668,0.30000000000000004,-49575.98262891113,702.8932595084843
0.8336666666666668,0.30625,-49553.13597501974,680.0466056170917
0.8336666666666668,0.3125,-49530.76100919851,657.6716397958662
0.8336666666666668,0.31875000000000003,-49508.851717630474,635.7623482278286
0.8336666666666668,0.325,-49487.40222654744,614.312857144796
0.8336666666666668,0.33125000000000004,-49466.40679772511,593.3174283224653
0.8336666666666668,0.3375,-49445.85982416459,572.7704547619433
0.8336666666666668,0.34375,-49425.75582595127,552.666456548628
0.8336666666666668,0.35000000000000003,-49406.08944628184,533.0000768791942
0.8336666666666668,0.35625,-49386.85544765138,513.7660782487364
0.8336666666666668,0.36250000000000004,-49368.048708192386,494.9593387897403
0.8336666666666668,0.36875,-49349.66421815865,476.57484875600494
0.8336666666666668,0.375,-49331.69707654674,458.6077071440959
0.8336666666666668,0.38125000000000003,-49314.1424878486,441.05311844595417
0.8336666666666668,0.3875,-49296.99575892912,423.90638952647714
0.8336666666666668,0.39375000000000004,-49280.25229602272,407.1629266200762
0.8336666666666668,0.4,-49263.90760184346,390.8182324408117
0.8336666666666668,0.40625,-49247.95727280334,374.86790340069274
0.8336666666666668,0.41250000000000003,-49232.396996334086,359.3076269314406
0.8336666666666668,0.41875,-49217.22254830741,344.13317890476173
0.8336666666666668,0.42500000000000004,-49202.42979054956,329.3404211469169
0.8336666666666668,0.43125,-49188.014668445845,314.92529904319963
0.8336666666666668,0.4375,-49173.97320863121,300.88383922856156
0.8336666666666668,0.44375000000000003,-49160.30151676298,287.2121473603329
0.8336666666666668,0.45,-49146.995775372474,273.9064059698285
0.8336666666666668,0.45625000000000004,-49134.052241791665,260.96287238902005
0.8336666666666668,0.4625,-49121.4672461521,248.3778767494514
0.8336666666666668,0.46875,-49109.2371894527,236.1478200500569
0.8336666666666668,0.47500000000000003,-49097.358541693786,224.26917229114042
0.8336666666666668,0.48125,-49085.82784007431,212.73847067166207
0.8336666666666668,0.48750000000000004,-49074.641687249896,201.55231784725038
0.8336666666666668,0.49375,-49063.796749649126,190.70738024648017
0.8336666666666668,0.5,-49053.28975584559,180.20038644294254
0.8336666666666668,0.5062500000000001,-49043.11749498356,170.02812558091682
0.8336666666666668,0.5125,-49033.27681525514,160.18744585249806
0.8336666666666668,0.51875,-49023.76462242677,150.67525302412105
0.8336666666666668,0.525,-49014.57787841307,141.4885090104217
0.8336666666666668,0.53125,-49005.71359989645,132.62423049380595
0.8336666666666668,0.5375000000000001,-48997.168856990305,124.07948758765997
0.8336666666666668,0.54375,-48988.94077194445,115.85140254180442
0.8336666666666668,0.55,-48981.02651789092,107.93714848827221
0.8336666666666668,0.55625,-48973.423317628774,100.333948226129
0.8336666666666668,0.5625,-48966.12844244639,93.03907304374297
0.8336666666666668,0.5687500000000001,-48959.13921097967,86.04984157702711
0.8336666666666668,0.575,-48952.4529881051,79.3636187024531
0.8336666666666668,0.58125,-48946.06718386612,72.97781446347653
0.8336666666666668,0.5875,-48939.97925243176,66.88988302911457
0.8336666666666668,0.59375,-48934.18669108616,61.09732168351184
0.8336666666666668,0.6000000000000001,-48928.687039248165,55.597669845519704
0.8336666666666668,0.60625,-48923.477877519515,50.38850811687007
0.8336666666666668,0.6125,-48918.55682676095,45.46745735830336
0.8336666666666668,0.61875,-48913.921547195016,40.8321777923702
0.8336666666666668,0.625,-48909.569737534766,36.48036813212093
0.8336666666666668,0.6312500000000001,-48905.49913413734,32.409764734693454
0.8336666666666668,0.6375,-48901.70751018163,28.618140778984525
0.8336666666666668,0.64375,-48898.19267486916,25.10330546651676
0.8336666666666668,0.65,-48894.9524726474,21.863103244751983
0.8336666666666668,0.65625,-48891.984782454674,18.895413052028744
0.8336666666666668,0.6625000000000001,-48889.28751698615,16.198147583505488
0.8336666666666668,0.66875,-48886.858621979794,13.769252577149018
0.8336666666666668,0.675,-48884.696075522115,11.60670611946989
0.8336666666666668,0.68125,-48882.79788737262,9.708517969971581
0.8336666666666668,0.6875,-48881.162098306566,8.072728903920506
0.8336666666666668,0.6937500000000001,-48879.78677947543,6.697410072782077
0.8336666666666668,0.7,-48878.67003178434,5.580662381697039
0.8336666666666668,0.70625,-48877.80998528618,4.720615883532446
0.8336666666666668,0.7125000000000001,-48877.20479859151,4.115429188866983
0.8336666666666668,0.71875,-48876.85265829409,3.7632888914449723
0.8336666666666668,0.7250000000000001,-48876.75177841131,3.6624090086625074
0.8336666666666668,0.73125,-48876.90039983916,3.8110304365181946
0.8336666666666668,0.7375,-48877.29678982123,4.207420418584661
0.8336666666666668,0.7437500000000001,-48877.939241431304,4.849872028658865
0.8336666666666668,0.75,-48878.826073069125,5.736703666480025
0.8336666666666668,0.7562500000000001,-48879.955627968986,6.866258566340548
0.8336666666666668,0.7625,-48881.32627372059,8.23690431794239
0.8336666666666668,0.76875,-48882.93640180203,9.847032399382442
0.8336666666666668,0.7750000000000001,-48884.784427124294,11.695057721648482
0.8336666666666668,0.78125,-48886.86878758711,13.779418184465612
0.8336666666666668,0.7875000000000001,-48889.187943645724,16.098574243078474
0.8336666666666668,0.79375,-48891.7403778882,18.651008485554485
0.8336666666666668,0.8,-48894.52459462318,21.435225220535358
0.8336666666666668,0.8062500000000001,-48897.53911947746,24.449750074811163
0.8336666666666668,0.8125,-48900.78249900333,27.693129600687826
0.8336666666666668,0.8187500000000001,-48904.2533002954,31.16393089275516
0.8336666666666668,0.825,-48907.950110616395,34.86074121374986
0.8336666666666668,0.83125,-48911.871537031955,38.7821676293097
0.8336666666666668,0.8375000000000001,-48916.01620605397,42.9268366513279
0.8336666666666668,0.84375,-48920.38276329238,47.293393889733125
0.8336666666666668,0.8500000000000001,-48924.96987311491,51.880503712265636
0.8336666666666668,0.85625,-48929.776218314975,56.68684891232988
0.8336666666666668,0.8625,-48934.800499786965,61.711130384319404
0.8336666666666668,0.8687500000000001,-48940.04143620923,66.95206680658157
0.8336666666666668,0.875,-48945.497763734165,72.40839433151996
0.8336666666666668,0.8812500000000001,-48951.1682356854,78.07886628275446
0.8336666666666668,0.8875,-48957.05162226186,83.96225285921537
0.8336666666666668,0.89375,-48963.14671024842,90.05734084577125
0.8336666666666668,0.9000000000000001,-48969.452302733116,96.3629333304707
0.8336666666666668,0.90625,-48975.9672188306,102.87784942795406
0.8336666666666668,0.9125000000000001,-48982.69029341182,109.60092400917347
0.8336666666666668,0.91875,-48989.620376839535,116.53100743688992
0.8336666666666668,0.925,-48996.756334709746,123.66696530710033
0.8336666666666668,0.9312500000000001,-49004.097047598785,131.00767819613975
0.8336666666666668,0.9375,-49011.64141081578,138.55204141313152
0.8336666666666668,0.9437500000000001,-49019.38833416063,146.2989647579816
0.8336666666666668,0.95,-49027.33674168715,154.2473722845025
0.8367500000000001,0.2,-50035.34815894805,1162.2587895454053
0.8367500000000001,0.20625000000000002,-50003.88376458277,1130.794395180128
0.8367500000000001,0.21250000000000002,-49973.004264565076,1099.9148951624302
0.8367500000000001,0.21875,-49942.70076107318,1069.6113916705362
0.8367500000000001,0.225,-49912.964597642196,1039.8752282395508
0.8367500000000001,0.23125,-49883.787350063416,1010.6979806607706
0.8367500000000001,0.23750000000000002,-49855.16081772518,982.0714483225311
0.8367500000000001,0.24375000000000002,-49827.077015369025,953.9876459663792
0.8367500000000001,0.25,-49799.52816523707,926.4387958344232
0.8367500000000001,0.25625000000000003,-49772.50668958764,899.4173201849917
0.8367500000000001,0.2625,-49746.005203558394,872.9158341557486
0.8367500000000001,0.26875000000000004,-49720.01650835719,846.9271389545465
0.8367500000000001,0.275,-49694.53358476213,821.4442153594864
0.8367500000000001,0.28125,-49669.549586913985,796.4602175113396
0.8367500000000001,0.28750000000000003,-49645.0578363847,771.9684669820563
0.8367500000000001,0.29375,-49621.0518165071,747.9624471044517
0.8367500000000001,0.30000000000000004,-49597.525166951746,724.4357975491002
0.8367500000000001,0.30625,-49574.471678537906,701.3823091352606
0.8367500000000001,0.3125,-49551.88528826604,678.7959188633977
0.8367500000000001,0.31875000000000003,-49529.7600745606,656.6707051579579
0.8367500000000001,0.325,-49508.090252711954,635.0008833093088
0.8367500000000001,0.33125000000000004,-49486.87017050762,613.780801104971
0.8367500000000001,0.3375,-49466.094304042796,593.0049346401502
0.8367500000000001,0.34375,-49445.757253701624,572.6678842989786
0.8367500000000001,0.35000000000000003,-49425.85374030037,552.7643708977266
0.8367500000000001,0.35625,-49406.378601384815,533.2892319821694
0.8367500000000001,0.36250000000000004,-49387.32678767404,514.2374182713975
0.8367500000000001,0.36875,-49368.693359643934,495.60399024128856
0.8367500000000001,0.375,-49350.473484243295,477.38411484065
0.8367500000000001,0.38125000000000003,-49332.66243173658,459.5730623339332
0.8367500000000001,0.3875,-49315.25557266717,442.1662032645254
0.8367500000000001,0.39375000000000004,-49298.24837493566,425.15900553301617
0.8367500000000001,0.4,-49281.63640098761,408.54703158496704
0.8367500000000001,0.40625,-49265.4153051061,392.3259357034549
0.8367500000000001,0.41250000000000003,-49249.58083080407,376.49146140142693
0.8367500000000001,0.41875,-49234.128808312,361.03943890935625
0.8367500000000001,0.42500000000000004,-49219.05515215675,345.9657827541014
0.8367500000000001,0.43125,-49204.355858827475,331.26648942483007
0.8367500000000001,0.4375,-49190.02700452483,316.9376351221872
0.8367500000000001,0.44375000000000003,-49176.0647429897,302.9753735870545
0.8367500000000001,0.45,-49162.46530340826,289.3759340056131
0.8367500000000001,0.45625000000000004,-49149.22498838986,276.13561898721673
0.8367500000000001,0.4625,-49136.34017201483,263.2508026121868
0.8367500000000001,0.46875,-49123.80729794909,250.71792854644445
0.8367500000000001,0.47500000000000003,-49111.62287762294,238.5335082202946
0.8367500000000001,0.48125,-49099.78348847123,226.69411906858295
0.8367500000000001,0.48750000000000004,-49088.2857722324,215.1964028297516
0.8367500000000001,0.49375,-49077.12643330415,204.03706390150182
0.8367500000000001,0.5,-49066.30223715315,193.21286775050248
0.8367500000000001,0.5062500000000001,-49055.81000877691,182.7206393742672
0.8367500000000001,0.5125,-49045.64663121557,172.55726181292266
0.8367500000000001,0.51875,-49035.80904411157,162.7196747089256
0.8367500000000001,0.525,-49026.29424231554,153.20487291289464
0.8367500000000001,0.53125,-49017.09927453639,144.00990513374563
0.8367500000000001,0.5375000000000001,-49008.22124203401,135.13187263136206
0.8367500000000001,0.54375,-48999.657297352824,126.56792795017827
0.8367500000000001,0.55,-48991.40464309485,118.31527369220566
0.8367500000000001,0.55625,-48983.46053073049,110.37116132784286
0.8367500000000001,0.5625,-48975.82225944582,102.73289004317485
0.8367500000000001,0.5687500000000001,-48968.48717502503,95.39780562238593
0.8367500000000001,0.575,-48961.45266876654,88.36329936389666
0.8367500000000001,0.58125,-48954.71617643171,81.626807029068
0.8367500000000001,0.5875,-48948.275177224874,75.18580782222853
0.8367500000000001,0.59375,-48942.12719280361,69.03782340096222
0.8367500000000001,0.6000000000000001,-48936.269786318066,63.18041691542021
0.8367500000000001,0.60625,-48930.7005614784,57.611192075753934
0.8367500000000001,0.6125,-48925.4171616493,52.32779224665137
0.8367500000000001,0.61875,-48920.41726897053,47.32789956788474
0.8367500000000001,0.625,-48915.69860350278,42.60923410013493
0.8367500000000001,0.6312500000000001,-48911.25892239775,38.169552995103004
0.8367500000000001,0.6375,-48907.096019091696,34.00664968905039
0.8367500000000001,0.64375,-48903.2077225217,30.118353119054518
0.8367500000000001,0.65,-48899.59189636376,26.5025269611142
0.8367500000000001,0.65625,-48896.24643829204,23.157068889391667
0.8367500000000001,0.6625000000000001,-48893.16927925852,20.079909855878213
0.8367500000000001,0.66875,-48890.358382792445,17.26901338979951
0.8367500000000001,0.675,-48887.81174431875,14.722374916105764
0.8367500000000001,0.68125,-48885.527390495,12.438021092355484
0.8367500000000001,0.6875,-48883.503378566165,10.41400916351995
0.8367500000000001,0.6937500000000001,-48881.73779573657,8.648426333922544
0.8367500000000001,0.7,-48880.22875855863,7.139389155985555
0.8367500000000001,0.70625,-48878.974412337695,5.885042935049569
0.8367500000000001,0.7125000000000001,-48877.97293055244,4.883561149792513
0.8367500000000001,0.71875,-48877.22251429052,4.133144887877279
0.8367500000000001,0.7250000000000001,-48876.7213916988,3.6320222961512627
0.8367500000000001,0.73125,-48876.467817447694,3.3784480450485717
0.8367500000000001,0.7375,-48876.46007220942,3.370702806772897
0.8367500000000001,0.7437500000000001,-48876.69646214938,3.6070927467371803
0.8367500000000001,0.75,-48877.175318430556,4.085949027910829
0.8367500000000001,0.7562500000000001,-48877.894996730305,4.805627327659749
0.8367500000000001,0.7625,-48878.85387676935,5.764507366708131
0.8367500000000001,0.76875,-48880.05036185252,6.96099244987272
0.8367500000000001,0.7750000000000001,-48881.482878420706,8.393509018060286
0.8367500000000001,0.78125,-48883.14987561411,10.06050621146278
0.8367500000000001,0.7875000000000001,-48885.04982484601,11.960455443368119
0.8367500000000001,0.79375,-48887.181219387014,14.09184998436831
0.8367500000000001,0.8,-48889.54257395935,16.453204556702985
0.8367500000000001,0.8062500000000001,-48892.1324243409,19.043054938258138
0.8367500000000001,0.8125,-48894.94932697892,21.859957576278248
0.8367500000000001,0.8187500000000001,-48897.9918586127,24.902489210056956
0.8367500000000001,0.825,-48901.25861590539,28.1692465027445
0.8367500000000001,0.83125,-48904.748215084444,31.658845681798994
0.8367500000000001,0.8375000000000001,-48908.45929159046,35.369922187812335
0.8367500000000001,0.84375,-48912.39049973435,39.30113033170346
0.8367500000000001,0.8500000000000001,-48916.54051236232,43.45114295967505
0.8367500000000001,0.85625,-48920.90802052875,47.81865112610103
0.8367500000000001,0.8625,-48925.49173317643,52.4023637737846
0.8367500000000001,0.8687500000000001,-48930.290376824305,57.2010074216596
0.8367500000000001,0.875,-48935.30269526213,62.21332585948403
0.8367500000000001,0.8812500000000001,-48940.5274492522,67.43807984955492
0.8367500000000001,0.8875,-48945.96341623775,72.87404683510249
0.8367500000000001,0.89375,-48951.60939005782,78.52002065517445
0.8367500000000001,0.9000000000000001,-48957.46418066863,84.3748112659814
0.8367500000000001,0.90625,-48963.526613870956,90.43724446831038
0.8367500000000001,0.9125000000000001,-48969.79553104378,96.70616164113744
0.8367500000000001,0.91875,-48976.269788883525,103.18041948087921
0.8367500000000001,0.925,-48982.94825914914,109.85888974649424
0.8367500000000001,0.9312500000000001,-48989.829828412796,116.74045901015052
0.8367500000000001,0.9375,-48996.913397815806,123.8240284131607
0.8367500000000001,0.9437500000000001,-49004.19788283,131.1085134273526
0.8367500000000001,0.95,-49011.68221302405,138.5928436214017
0.8398333333333334,0.2,-50059.82051350603,1186.7311441033817
0.8398333333333334,0.20625000000000002,-50028.243116055055,1155.1537466524096
0.8398333333333334,0.21250000000000002,-49997.24394244689,1124.154573044245
0.8398333333333334,0.21875,-49966.814264278684,1093.724894876039
0.8398333333333334,0.225,-49936.94558773778,1063.8562183351314
0.8398333333333334,0.23125,-49907.62964484004,1034.5402754373936
0.8398333333333334,0.23750000000000002,-49878.85838508917,1005.769015686521
0.8398333333333334,0.24375000000000002,-49850.62396753226,977.5345981296123
0.8398333333333334,0.25,-49822.918753188686,949.8293837860401
0.8398333333333334,0.25625000000000003,-49795.735297830855,922.64592842821
0.8398333333333334,0.2625,-49769.06634509696,895.9769756943133
0.8398333333333334,0.26875000000000004,-49742.904819917094,869.8154505144485
0.8398333333333334,0.275,-49717.2438222353,844.1544528326558
0.8398333333333334,0.28125,-49692.07662101133,818.9872516086834
0.8398333333333334,0.28750000000000003,-49667.39664848695,794.3072790843071
0.8398333333333334,0.29375,-49643.19749470249,770.108125299841
0.8398333333333334,0.30000000000000004,-49619.47290225033,746.3835328476853
0.8398333333333334,0.30625,-49596.21676125294,723.127391850292
0.8398333333333334,0.3125,-49573.42310455355,700.3337351509035
0.8398333333333334,0.31875000000000003,-49551.08610310865,677.996733706008
0.8398333333333334,0.325,-49529.20006157193,656.1106921692844
0.8398333333333334,0.33125000000000004,-49507.75941405987,634.6700446572213
0.8398333333333334,0.3375,-49486.75872008996,613.6693506873125
0.8398333333333334,0.34375,-49466.19266068302,593.1032912803712
0.8398333333333334,0.35000000000000003,-49446.05603462133,572.9666652186861
0.8398333333333334,0.35625,-49426.343754855174,553.2543854525284
0.8398333333333334,0.36250000000000004,-49407.05084505046,533.9614756478113
0.8398333333333334,0.36875,-49388.17243627082,515.0830668681738
0.8398333333333334,0.375,-49369.703763787606,496.6143943849602
0.8398333333333334,0.38125000000000003,-49351.64016401199,478.5507946093421
0.8398333333333334,0.3875,-49333.97707154318,460.8877021405351
0.8398333333333334,0.39375000000000004,-49316.71001632775,443.62064692510467
0.8398333333333334,0.4,-49299.83462092456,426.745251521912
0.8398333333333334,0.40625,-49283.346597870914,410.2572284682683
0.8398333333333334,0.41250000000000003,-49267.241747145046,394.15237774240086
0.8398333333333334,0.41875,-49251.51595372072,378.4265843180765
0.8398333333333334,0.42500000000000004,-49236.16518521007,363.0758158074241
0.8398333333333334,0.43125,-49221.18548959041,348.09612018776534
0.8398333333333334,0.4375,-49206.57299301175,333.48362360910687
0.8398333333333334,0.44375000000000003,-49192.32389768129,319.2345282786482
0.8398333333333334,0.45,-49178.43447982161,305.3451104189662
0.8398333333333334,0.45625000000000004,-49164.90108769955,291.8117182969072
0.8398333333333334,0.4625,-49151.72013972266,278.63077032001456
0.8398333333333334,0.46875,-49138.88812260042,265.79875319777784
0.8398333333333334,0.47500000000000003,-49126.401589567686,253.31222016504034
0.8398333333333334,0.48125,-49114.257158667475,241.16778926482948
0.8398333333333334,0.48750000000000004,-49102.45151109109,229.36214168844162
0.8398333333333334,0.49375,-49090.981389572844,217.89202017019852
0.8398333333333334,0.5,-49079.84359683747,206.7542274348234
0.8398333333333334,0.5062500000000001,-49069.034994097994,195.94562469534867
0.8398333333333334,0.5125,-49058.552499602054,185.46313019940862
0.8398333333333334,0.51875,-49048.393087224846,175.30371782220027
0.8398333333333334,0.525,-49038.55378510676,165.46441570411116
0.8398333333333334,0.53125,-49029.03167433408,155.9423049314355
0.8398333333333334,0.5375000000000001,-49019.82388766101,146.73451825836673
0.8398333333333334,0.54375,-49010.92760827149,137.83823886884784
0.8398333333333334,0.55,-49002.34006857922,129.25069917657675
0.8398333333333334,0.55625,-48994.05854906465,120.96917966200272
0.8398333333333334,0.5625,-48986.080377147184,112.99100774453836
0.8398333333333334,0.5687500000000001,-48978.402926091774,105.31355668912875
0.8398333333333334,0.575,-48971.02361394816,97.93424454551132
0.8398333333333334,0.58125,-48963.939902521895,90.85053311925003
0.8398333333333334,0.5875,-48957.14929637583,84.05992697318288
0.8398333333333334,0.59375,-48950.64934186099,77.55997245834442
0.8398333333333334,0.6000000000000001,-48944.437626175866,71.34825677322078
0.8398333333333334,0.60625,-48938.51177645296,65.42240705031145
0.8398333333333334,0.6125,-48932.86945887175,59.78008946910268
0.8398333333333334,0.61875,-48927.50837779709,54.419008394441335
0.8398333333333334,0.625,-48922.426274942125,49.33690553947963
0.8398333333333334,0.6312500000000001,-48917.62092855494,44.53155915229581
0.8398333333333334,0.6375,-48913.090152628094,40.000783225448686
0.8398333333333334,0.64375,-48908.83179613017,35.742426727527345
0.8398333333333334,0.65,-48904.84374225879,31.754372856143164
0.8398333333333334,0.65625,-48901.12390771412,28.034538311476354
0.8398333333333334,0.6625000000000001,-48897.67024199241,24.58087258976593
0.8398333333333334,0.66875,-48894.4807266987,21.391357296051865
0.8398333333333334,0.675,-48891.5533748782,18.464005475558224
0.8398333333333334,0.68125,-48888.88623036568,15.796860963033396
0.8398333333333334,0.6875,-48886.47736715216,13.387997749516217
0.8398333333333334,0.6937500000000001,-48884.324888768664,11.235519366018707
0.8398333333333334,0.7,-48882.42692768601,9.337558283361432
0.8398333333333334,0.70625,-48880.78164473058,7.692275327935931
0.8398333333333334,0.7125000000000001,-48879.38722851526,6.297859112615697
0.8398333333333334,0.71875,-48878.24189488516,5.152525482517376
0.8398333333333334,0.7250000000000001,-48877.343886377676,4.254516975030128
0.8398333333333334,0.73125,-48876.691471696395,3.60210229374934
0.8398333333333334,0.7375,-48876.28294519844,3.193575795798097
0.8398333333333334,0.7437500000000001,-48876.116626394854,3.0272569922090042
0.8398333333333334,0.75,-48876.19085946349,3.1014900608424796
0.8398333333333334,0.7562500000000001,-48876.50401277423,3.4146433715868625
0.8398333333333334,0.7625,-48877.05447842607,3.9651090234256117
0.8398333333333334,0.76875,-48877.84067179551,4.7513023928622715
0.8398333333333334,0.7750000000000001,-48878.86103109633,5.771661693681381
0.8398333333333334,0.78125,-48880.11401694996,7.024647547317727
0.8398333333333334,0.7875000000000001,-48881.5981119665,8.508742563855776
0.8398333333333334,0.79375,-48883.31182033576,10.222450933113578
0.8398333333333334,0.8,-48885.253667428304,12.164298025658354
0.8398333333333334,0.8062500000000001,-48887.42219940598,14.332830003331765
0.8398333333333334,0.8125,-48889.81598284177,16.726613439124776
0.8398333333333334,0.8187500000000001,-48892.433604348735,19.344234946089273
0.8398333333333334,0.825,-48895.273670217604,22.184300814958988
0.8398333333333334,0.83125,-48898.33480606304,25.245436660392443
0.8398333333333334,0.8375000000000001,-48901.61565647797,28.526287075321306
0.8398333333333334,0.84375,-48905.11488469619,32.02551529354241
0.8398333333333334,0.8500000000000001,-48908.83117226261,35.74180285996408
0.8398333333333334,0.85625,-48912.76321871111,39.673849308463105
0.8398333333333334,0.8625,-48916.90974124985,43.82037184720684
0.8398333333333334,0.8687500000000001,-48921.26947445369,48.180105051047576
0.8398333333333334,0.875,-48925.841169963605,52.751800560959964
0.8398333333333334,0.8812500000000001,-48930.62359619282,57.5342267901724
0.8398333333333334,0.8875,-48935.61553803968,62.52616863703588
0.8398333333333334,0.89375,-48940.81579660677,67.72642720412114
0.8398333333333334,0.9000000000000001,-48946.22318892639,73.13381952374766
0.8398333333333334,0.90625,-48951.83654769209,78.74717828944267
0.8398333333333334,0.9125000000000001,-48957.654720996,84.5653515933518
0.8398333333333334,0.91875,-48963.67657207207,90.58720266942692
0.8398333333333334,0.925,-48969.90097904485,96.8116096422018
0.8398333333333334,0.9312500000000001,-48976.32683468363,103.23746528098127
0.8398333333333334,0.9375,-48982.953046161994,109.86367675934889
0.8398333333333334,0.9437500000000001,-48989.77853482256,116.68916541991348
0.8398333333333334,0.95,-48996.80223594661,123.71286654396681
0.8429166666666668,0.2,-50084.63111600582,1211.5417466031722
0.8429166666666668,0.20625000000000002,-50052.94537615165,1179.8560067490034
0.8429166666666668,0.21250000000000002,-50021.83116523488,1148.741795832233
0.8429166666666668,0.21875,-49991.279923904796,1118.190554502151
0.8429166666666668,0.225,-49961.28332070935,1088.1939513067045
0.8429166666666668,0.23125,-49931.83324366573,1058.7438742630839
0.8429166666666668,0.23750000000000002,-49902.92179223197,1029.8324228293277
0.8429166666666668,0.24375000000000002,-49874.54126965616,1001.4519002535162
0.8429166666666668,0.25,-49846.684175681716,973.5948062790703
0.8429166666666668,0.25625000000000003,-49819.34319958852,946.2538301858731
0.8429166666666668,0.2625,-49792.51121355099,919.4218441483463
0.8429166666666668,0.26875000000000004,-49766.18126629555,893.0918968929036
0.8429166666666668,0.275,-49740.34657704096,867.2572076383149
0.8429166666666668,0.28125,-49715.00052970629,841.9111603036436
0.8429166666666668,0.28750000000000003,-49690.13666737186,817.0472979692131
0.8429166666666668,0.29375,-49665.74868697992,792.6593175772723
0.8429166666666668,0.30000000000000004,-49641.830434262294,768.7410648596488
0.8429166666666668,0.30625,-49618.375898883125,745.2865294804797
0.8429166666666668,0.3125,-49595.37920978563,722.2898403829822
0.8429166666666668,0.31875000000000003,-49572.834630732395,699.7452613297501
0.8429166666666668,0.325,-49550.73655602944,677.6471866267966
0.8429166666666668,0.33125000000000004,-49529.07950642469,655.9901370220468
0.8429166666666668,0.3375,-49507.85812517234,634.7687557696918
0.8429166666666668,0.34375,-49487.06717425483,613.9778048521839
0.8429166666666668,0.35000000000000003,-49466.70153075468,593.6121613520372
0.8429166666666668,0.35625,-49446.75618336912,573.6668139664762
0.8429166666666668,0.36250000000000004,-49427.22622906038,554.1368596577377
0.8429166666666668,0.36875,-49408.10686983557,535.0175004329212
0.8429166666666668,0.375,-49389.39340964955,516.3040402469051
0.8429166666666668,0.38125000000000003,-49371.0812514256,497.9918820229577
0.8429166666666668,0.3875,-49353.16589418797,480.0765247853269
0.8429166666666668,0.39375000000000004,-49335.64293030144,462.55356089879206
0.8429166666666668,0.4,-49318.508042812886,445.41867341024044
0.8429166666666668,0.40625,-49301.757002890416,428.6676334877702
0.8429166666666668,0.41250000000000003,-49285.3856673555,412.2962979528529
0.8429166666666668,0.41875,-49269.389976304126,396.30060690148093
0.8429166666666668,0.42500000000000004,-49253.765950812995,380.6765814103492
0.8429166666666668,0.43125,-49238.50969072706,365.4203213244182
0.8429166666666668,0.4375,-49223.61737252496,350.52800312231557
0.8429166666666668,0.44375000000000003,-49209.08524725876,335.9958778561122
0.8429166666666668,0.45,-49194.90963856527,321.8202691626211
0.8429166666666668,0.45625000000000004,-49181.08694074544,307.99757134279207
0.8429166666666668,0.4625,-49167.6136169093,294.52424750665523
0.8429166666666668,0.46875,-49154.48619718363,281.3968277809836
0.8429166666666668,0.47500000000000003,-49141.7012769797,268.6119075770548
0.8429166666666668,0.48125,-49129.25551531875,256.16614591610414
0.8429166666666668,0.48750000000000004,-49117.14563321274,244.05626381009643
0.8429166666666668,0.49375,-49105.36841209825,232.2790426956053
0.8429166666666668,0.5,-49093.920692321335,220.8313229186897
0.8429166666666668,0.5062500000000001,-49082.799371671295,209.71000226865
0.8429166666666668,0.5125,-49072.001403961505,198.9120345588599
0.8429166666666668,0.51875,-49061.523797655456,188.4344282528109
0.8429166666666668,0.525,-49051.36361453614,178.2742451334925
0.8429166666666668,0.53125,-49041.517968417225,168.42859901457996
0.8429166666666668,0.5375000000000001,-49031.98402389444,158.8946544917926
0.8429166666666668,0.54375,-49022.75899513546,149.6696257328149
0.8429166666666668,0.55,-49013.84014470712,140.75077530447743
0.8429166666666668,0.55625,-49005.224782438236,132.13541303559032
0.8429166666666668,0.5625,-48996.91026431702,123.82089491437364
0.8429166666666668,0.5687500000000001,-48988.89399142157,115.80462201892806
0.8429166666666668,0.575,-48981.17340888237,108.08403947972693
0.8429166666666668,0.58125,-48973.74600487553,100.65663547288568
0.8429166666666668,0.5875,-48966.60930964578,93.51994024313171
0.8429166666666668,0.59375,-48959.76089455794,86.67152515529597
0.8429166666666668,0.6000000000000001,-48953.19837117617,80.10900177352596
0.8429166666666668,0.60625,-48946.91939036962,73.83002096697601
0.8429166666666668,0.6125,-48940.92164144393,67.83227204128343
0.8429166666666668,0.61875,-48935.20285129735,62.113481894703
0.8429166666666668,0.625,-48929.7607836009,56.67141419825202
0.8429166666666668,0.6312500000000001,-48924.593238001544,51.50386859889841
0.8429166666666668,0.6375,-48919.69804934764,46.60867994499131
0.8429166666666668,0.64375,-48915.07308693596,41.98371753331594
0.8429166666666668,0.65,-48910.716253779545,37.6268843768994
0.8429166666666668,0.65625,-48906.62548589555,33.53611649290542
0.8429166666666668,0.6625000000000001,-48902.79875161263,29.70938220998505
0.8429166666666668,0.66875,-48899.23405089705,26.14468149440654
0.8429166666666668,0.675,-48895.929414696926,22.84004529428057
0.8429166666666668,0.68125,-48892.88290430415,19.793534901502426
0.8429166666666668,0.6875,-48890.09261073315,17.003241330501623
0.8429166666666668,0.6937500000000001,-48887.55665411621,14.467284713566187
0.8429166666666668,0.7,-48885.27318311464,12.183813711992116
0.8429166666666668,0.70625,-48883.24037434533,10.151004942686995
0.8429166666666668,0.7125000000000001,-48881.456431822306,8.367062419660215
0.8429166666666668,0.71875,-48879.91958641259,6.830217009941407
0.8429166666666668,0.7250000000000001,-48878.62809530612,5.538725903476006
0.8429166666666668,0.73125,-48877.58024149923,4.490872096583189
0.8429166666666668,0.7375,-48876.77433329119,3.6849638885469176
0.8429166666666668,0.7437500000000001,-48876.2087037935,3.1193343908526003
0.8429166666666668,0.75,-48875.8817104515,2.7923410488510854
0.8429166666666668,0.7562500000000001,-48875.791734577906,2.7023651752606384
0.8429166666666668,0.7625,-48875.93718089799,2.847811495346832
0.8429166666666668,0.76875,-48876.31647710591,3.227107703263755
0.8429166666666668,0.7750000000000001,-48876.92807343199,3.8387040293455357
0.8429166666666668,0.78125,-48877.770442220586,4.681072817940731
0.8429166666666668,0.7875000000000001,-48878.842077518115,5.7527081154694315
0.8429166666666668,0.79375,-48880.141494671145,7.052125268499367
0.8429166666666668,0.8,-48881.667229934086,8.57786053144082
0.8429166666666668,0.8062500000000001,-48883.417840086244,10.328470683598425
0.8429166666666668,0.8125,-48885.39190205803,12.302532655383402
0.8429166666666668,0.8187500000000001,-48887.58801256597,14.498643163322413
0.8429166666666668,0.825,-48890.004787756276,16.91541835363023
0.8429166666666668,0.83125,-48892.640862856846,19.55149345420068
0.8429166666666668,0.8375000000000001,-48895.49489183727,22.40552243462298
0.8429166666666668,0.84375,-48898.56554707673,25.476177674085193
0.8429166666666668,0.8500000000000001,-48901.851519039636,28.762149636990216
0.8429166666666668,0.85625,-48905.351515958566,32.26214655592048
0.8429166666666668,0.8625,-48909.06426352452,35.97489412187133
0.8429166666666668,0.8687500000000001,-48912.98850458418,39.8991351815348
0.8429166666666668,0.875,-48917.12299884399,44.03362944134278
0.8429166666666668,0.8812500000000001,-48921.46652258094,48.37715317829134
0.8429166666666668,0.8875,-48926.01786835972,52.928498957073316
0.8429166666666668,0.89375,-48930.77584475624,57.68647535359196
0.8429166666666668,0.9000000000000001,-48935.73927608723,62.64990668458631
0.8429166666666668,0.90625,-48940.90700214585,67.8176327432011
0.8429166666666668,0.9125000000000001,-48946.27787794297,73.18850854032644
0.8429166666666668,0.91875,-48951.85077345428,78.7614040516346
0.8429166666666668,0.925,-48957.6245733727,84.53520397005195
0.8429166666666668,0.9312500000000001,-48963.59817686622,90.50880746357143
0.8429166666666668,0.9375,-48969.770497341044,96.68112793839828
0.8429166666666668,0.9437500000000001,-48976.14046220959,103.0510928069416
0.8429166666666668,0.95,-48982.70701266359,109.61764326094271
0.8460000000000001,0.2,-50109.78338909408,1236.6940196914366
0.8460000000000001,0.20625000000000002,-50077.99404665714,1204.904677254497
0.8460000000000001,0.21250000000000002,-50046.769514074054,1173.680144671409
0.8460000000000001,0.21875,-50016.10140063742,1143.0120312347717
0.8460000000000001,0.225,-49985.98153692421,1112.892167521568
0.8460000000000001,0.23125,-49956.40196669179,1083.312597289143
0.8460000000000001,0.23750000000000002,-49927.354939155324,1054.2655697526789
0.8460000000000001,0.24375000000000002,-49898.83290162505,1025.7435322224046
0.8460000000000001,0.25,-49870.82849248273,997.7391230800858
0.8460000000000001,0.25625000000000003,-49843.334534478294,970.2451650756484
0.8460000000000001,0.2625,-49816.34402832885,943.2546589262056
0.8460000000000001,0.26875000000000004,-49789.85014660354,916.7607772008923
0.8460000000000001,0.275,-49763.8462278785,890.7568584758556
0.8460000000000001,0.28125,-49738.3257711476,865.2364017449581
0.8460000000000001,0.28750000000000003,-49713.28243047507,840.193061072423
0.8460000000000001,0.29375,-49688.710009877366,815.6206404747209
0.8460000000000001,0.30000000000000004,-49664.602458422465,791.5130890198197
0.8460000000000001,0.30625,-49640.953865534924,767.8644961322789
0.8460000000000001,0.3125,-49617.758456496565,744.6690870939201
0.8460000000000001,0.31875000000000003,-49595.01058813254,721.9212187298981
0.8460000000000001,0.325,-49572.704744673734,699.6153752710889
0.8460000000000001,0.33125000000000004,-49550.835533786434,677.7461643837887
0.8460000000000001,0.3375,-49529.397682761286,656.3083133586406
0.8460000000000001,0.34375,-49508.38603485348,635.2966654508346
0.8460000000000001,0.35000000000000003,-49487.795545767134,614.7061763644888
0.8460000000000001,0.35625,-49467.62128027664,594.5319108739932
0.8460000000000001,0.36250000000000004,-49447.85840897873,574.7690395760874
0.8460000000000001,0.36875,-49428.502205168916,555.4128357662703
0.8460000000000001,0.375,-49409.548041836555,536.4586724339097
0.8460000000000001,0.38125000000000003,-49390.991388773095,517.9020193704491
0.8460000000000001,0.3875,-49372.827809788214,499.73844038556854
0.8460000000000001,0.39375000000000004,-49355.05296002893,481.9635906262847
0.8460000000000001,0.4,-49337.66258339721,464.57321399456123
0.8460000000000001,0.40625,-49320.65251006142,447.56314065877814
0.8460000000000001,0.41250000000000003,-49304.018654057596,430.9292846549506
0.8460000000000001,0.41875,-49287.75701097664,414.667641573993
0.8460000000000001,0.42500000000000004,-49271.86365573348,398.77428633083764
0.8460000000000001,0.43125,-49256.33474041485,383.2453710122063
0.8460000000000001,0.4375,-49241.16649220224,368.0771227995938
0.8460000000000001,0.44375000000000003,-49226.35521136677,353.26584196412296
0.8460000000000001,0.45,-49211.897269333014,338.8078999303689
0.8460000000000001,0.45625000000000004,-49197.78910680881,324.69973740616115
0.8460000000000001,0.4625,-49184.02723197843,310.93786257578176
0.8460000000000001,0.46875,-49170.60821875636,297.51884935371345
0.8460000000000001,0.47500000000000003,-49157.528705099285,284.4393356966393
0.8460000000000001,0.48125,-49144.785391373916,271.69602197127097
0.8460000000000001,0.48750000000000004,-49132.37503877832,259.28566937567666
0.8460000000000001,0.49375,-49120.29446781477,247.20509841212333
0.8460000000000001,0.5,-49108.54055681189,235.45118740924227
0.8460000000000001,0.5062500000000001,-49097.110240494265,224.02087109161948
0.8460000000000001,0.5125,-49086.0005085977,212.91113919505733
0.8460000000000001,0.51875,-49075.208404528115,202.11903512546996
0.8460000000000001,0.525,-49064.731024062705,191.64165466005943
0.8460000000000001,0.53125,-49054.56551409153,181.47614468888787
0.8460000000000001,0.5375000000000001,-49044.70907139813,171.61970199548523
0.8460000000000001,0.54375,-49035.15894147751,162.06957207486266
0.8460000000000001,0.55,-49025.91241739032,152.8230479876729
0.8460000000000001,0.55625,-49016.966838651744,143.8774692490988
0.8460000000000001,0.5625,-49008.31959015381,135.2302207511675
0.8460000000000001,0.5687500000000001,-48999.96810111997,126.87873171732645
0.8460000000000001,0.575,-48991.9098440907,118.82047468805104
0.8460000000000001,0.58125,-48984.14233393901,111.05296453636402
0.8460000000000001,0.5875,-48976.66312691491,103.57375751226209
0.8460000000000001,0.59375,-48969.469819717524,96.38045031487854
0.8460000000000001,0.6000000000000001,-48962.5600485942,89.47067919155234
0.8460000000000001,0.60625,-48955.93148846536,82.8421190627123
0.8460000000000001,0.6125,-48949.58185207448,76.4924826718343
0.8460000000000001,0.61875,-48943.508889161996,70.4195197593508
0.8460000000000001,0.625,-48937.71038566268,64.62101626003277
0.8460000000000001,0.6312500000000001,-48932.18416292533,59.094793522686814
0.8460000000000001,0.6375,-48926.92807695427,53.838707551622065
0.8460000000000001,0.64375,-48921.94001767175,48.850648269108206
0.8460000000000001,0.65,-48917.21790820066,44.12853879801696
0.8460000000000001,0.65625,-48912.759704166834,39.67033476418874
0.8460000000000001,0.6625000000000001,-48908.5633930202,35.47402361755667
0.8460000000000001,0.66875,-48904.62699337442,31.537623971773428
0.8460000000000001,0.675,-48900.94855436397,27.85918496132217
0.8460000000000001,0.68125,-48897.52615501861,24.436785615966073
0.8460000000000001,0.6875,-48894.35790365427,21.26853425162699
0.8460000000000001,0.6937500000000001,-48891.44193727999,18.352567877343972
0.8460000000000001,0.7,-48888.776421020455,15.68705161780963
0.8460000000000001,0.70625,-48886.35954755344,13.270178150793072
0.8460000000000001,0.7125000000000001,-48884.189536561906,11.100167159260309
0.8460000000000001,0.71875,-48882.264634200124,9.17526479747903
0.8460000000000001,0.7250000000000001,-48880.58311257352,7.49374317087495
0.8460000000000001,0.73125,-48879.143269231616,6.053899828970316
0.8460000000000001,0.7375,-48877.94342667391,4.854057271266356
0.8460000000000001,0.7437500000000001,-48876.98193186818,3.8925624655312276
0.8460000000000001,0.75,-48876.25715578065,3.167786378005985
0.8460000000000001,0.7562500000000001,-48875.76749291808,2.678123515433981
0.8460000000000001,0.7625,-48875.51136088098,2.42199147833162
0.8460000000000001,0.76875,-48875.48719992791,2.3978305252676364
0.8460000000000001,0.7750000000000001,-48875.693472550374,2.6041031477288925
0.8460000000000001,0.78125,-48876.12866305807,3.039293655427173
0.8460000000000001,0.7875000000000001,-48876.791277174154,3.7019077715085587
0.8460000000000001,0.79375,-48877.67984164029,4.590472237643553
0.8460000000000001,0.8,-48878.79290383104,5.70353442839405
0.8460000000000001,0.8062500000000001,-48880.12903137755,7.0396619749080855
0.8460000000000001,0.8125,-48881.686811800035,8.597442397389386
0.8460000000000001,0.8187500000000001,-48883.46485214896,10.375482746312628
0.8460000000000001,0.825,-48885.46177865467,12.372409252027865
0.8460000000000001,0.83125,-48887.67623638509,14.586866982441279
0.8460000000000001,0.8375000000000001,-48890.10688891139,17.017519508743135
0.8460000000000001,0.84375,-48892.75241798141,19.663048578768212
0.8460000000000001,0.8500000000000001,-48895.61152320053,22.52215379788686
0.8460000000000001,0.85625,-48898.68292171976,25.59355231711379
0.8460000000000001,0.8625,-48901.965347931065,28.87597852842009
0.8460000000000001,0.8687500000000001,-48905.45755316941,32.3681837667682
0.8460000000000001,0.875,-48909.15830542163,36.06893601898628
0.8460000000000001,0.8812500000000001,-48913.06638904173,39.977019639081846
0.8460000000000001,0.8875,-48917.18060447251,44.091235069863615
0.8460000000000001,0.89375,-48921.49976797345,48.41039857080614
0.8460000000000001,0.9000000000000001,-48926.02271135454,52.93334195189527
0.8460000000000001,0.90625,-48930.74828171583,57.65891231318528
0.8460000000000001,0.9125000000000001,-48935.675341192924,62.58597179027856
0.8460000000000001,0.91875,-48940.80276670771,67.71339730506588
0.8460000000000001,0.925,-48946.12944972471,73.04008032206184
0.8460000000000001,0.9312500000000001,-48951.654296012515,78.56492660986987
0.8460000000000001,0.9375,-48957.37622541043,84.28685600778408
0.8460000000000001,0.9437500000000001,-48963.29417160005,90.2048021974042
0.8460000000000001,0.95,-48969.407081881625,96.31771247897996
0.8490833333333334,0.2,-50135.280816925806,1262.1914475231606
0.8490833333333334,0.20625000000000002,-50103.39269299018,1230.3033235875337
0.8490833333333334,0.21250000000000002,-50072.062635902286,1198.9732664996409
0.8490833333333334,0.21875,-50041.28242314591,1168.1930537432636
0.8490833333333334,0.225,-50011.04404695422,1137.9546775515773
0.8490833333333334,0.23125,-49981.33970652412,1108.250337121477
0.8490833333333334,0.23750000000000002,-49952.161800593414,1079.0724311907688
0.8490833333333334,0.24375000000000002,-49923.50292036011,1050.4135509574626
0.8490833333333334,0.25,-49895.355842724784,1022.2664733221391
0.8490833333333334,0.25625000000000003,-49867.7135238379,994.6241544352524
0.8490833333333334,0.2625,-49840.569092935315,967.4797235326696
0.8490833333333334,0.26875000000000004,-49813.91584644641,940.8264770437672
0.8490833333333334,0.275,-49787.74724236003,914.6578729573812
0.8490833333333334,0.28125,-49762.05689483438,888.9675254317335
0.8490833333333334,0.28750000000000003,-49736.83856903838,863.7491996357348
0.8490833333333334,0.29375,-49712.086176211866,838.9968068092203
0.8490833333333334,0.30000000000000004,-49687.79376893367,814.7043995310232
0.8490833333333334,0.30625,-49663.955536586815,790.8661671841692
0.8490833333333334,0.3125,-49640.56580101067,767.4764316080255
0.8490833333333334,0.31875000000000003,-49617.61901233099,744.529642928348
0.8490833333333334,0.325,-49595.10974495859,722.0203755559414
0.8490833333333334,0.33125000000000004,-49573.03269374855,699.9433243459061
0.8490833333333334,0.3375,-49551.38267031216,678.2933009095141
0.8490833333333334,0.34375,-49530.154599473986,657.0652300713409
0.8490833333333334,0.35000000000000003,-49509.34351586725,636.2541464646056
0.8490833333333334,0.35625,-49488.944560660835,615.8551912581897
0.8490833333333334,0.36250000000000004,-49468.95297841191,595.8636090092623
0.8490833333333334,0.36875,-49449.36411403798,576.2747446353314
0.8490833333333334,0.375,-49430.1734099031,557.0840405004565
0.8490833333333334,0.38125000000000003,-49411.376403012895,538.2870336102496
0.8490833333333334,0.3875,-49392.968722313424,519.8793529107788
0.8490833333333334,0.39375000000000004,-49374.94608608921,501.8567166865614
0.8490833333333334,0.4,-49357.30429945605,484.21493005340744
0.8490833333333334,0.40625,-49340.03925194433,466.9498825416813
0.8490833333333334,0.41250000000000003,-49323.14691516879,450.0575457661471
0.8490833333333334,0.41875,-49306.62334058121,433.53397117856366
0.8490833333333334,0.42500000000000004,-49290.46465730213,417.37528789948556
0.8490833333333334,0.43125,-49274.6670700284,401.5777006257558
0.8490833333333334,0.4375,-49259.2268570133,386.13748761065654
0.8490833333333334,0.44375000000000003,-49244.140368116015,371.05099871337006
0.8490833333333334,0.45,-49229.40402291785,356.31465351520455
0.8490833333333334,0.45625000000000004,-49215.01430890204,341.9249394993967
0.8490833333333334,0.4625,-49200.967779694896,327.8784102922509
0.8490833333333334,0.46875,-49187.26105336542,314.171683962777
0.8490833333333334,0.47500000000000003,-49173.89081078135,300.8014413787023
0.8490833333333334,0.48125,-49160.853794019065,287.76442461642
0.8490833333333334,0.48750000000000004,-49148.14680482541,275.0574354227647
0.8490833333333334,0.49375,-49135.76670312922,262.67733372657676
0.8490833333333334,0.5,-49123.7104056007,250.62103619805566
0.8490833333333334,0.5062500000000001,-49111.97488425669,238.88551485404605
0.8490833333333334,0.5125,-49100.557165110135,227.46779570748913
0.8490833333333334,0.51875,-49089.454326861945,216.36495745930006
0.8490833333333334,0.525,-49078.66349963368,205.57413023103436
0.8490833333333334,0.53125,-49068.18186373949,195.09249433684454
0.8490833333333334,0.5375000000000001,-49058.00664849588,184.91727909323527
0.8490833333333334,0.54375,-49048.135131067786,175.04576166514016
0.8490833333333334,0.55,-49038.56463534964,165.47526594699593
0.8490833333333334,0.55625,-49029.292530880215,156.20316147756967
0.8490833333333334,0.5625,-49020.31623178989,147.22686238724418
0.8490833333333334,0.5687500000000001,-49011.6331957792,138.54382637655362
0.8490833333333334,0.575,-49003.24092312758,130.1515537249361
0.8490833333333334,0.58125,-48995.13695573111,122.04758632846642
0.8490833333333334,0.5875,-48987.31887616838,114.22950676573237
0.8490833333333334,0.59375,-48979.78430679328,106.69493739063182
0.8490833333333334,0.6000000000000001,-48972.53090885397,99.44153945132712
0.8490833333333334,0.60625,-48965.55638163694,92.46701223429409
0.8490833333333334,0.6125,-48958.85846163539,85.7690922327456
0.8490833333333334,0.61875,-48952.43492174106,79.3455523384182
0.8490833333333334,0.625,-48946.28357045871,73.19420105606696
0.8490833333333334,0.6312500000000001,-48940.40225114242,67.31288173977373
0.8490833333333334,0.6375,-48934.78884125306,61.69947185041383
0.8490833333333334,0.64375,-48929.44125163616,56.351882233517244
0.8490833333333334,0.65,-48924.35742581958,51.268056416934996
0.8490833333333334,0.65625,-48919.535339330054,46.44596992740844
0.8490833333333334,0.6625000000000001,-48914.97299902841,41.883629625765025
0.8490833333333334,0.66875,-48910.668442462505,37.57907305986009
0.8490833333333334,0.675,-48906.61973723737,33.53036783472635
0.8490833333333334,0.68125,-48902.82498040216,29.73561099951621
0.8490833333333334,0.6875,-48899.28229785318,26.192928450531326
0.8490833333333334,0.6937500000000001,-48895.98984375254,22.900474349895376
0.8490833333333334,0.7,-48892.945799962006,19.856430559360888
0.8490833333333334,0.70625,-48890.14837549141,17.059006088762544
0.8490833333333334,0.7125000000000001,-48887.595805961355,14.506436558709538
0.8490833333333334,0.71875,-48885.28635307959,12.196983676942182
0.8490833333333334,0.7250000000000001,-48883.218304130736,10.128934728090826
0.8490833333333334,0.73125,-48881.3899714789,8.300602076255018
0.8490833333333334,0.7375,-48879.79969208283,6.710322680184618
0.8490833333333334,0.7437500000000001,-48878.44582702314,5.356457620495348
0.8490833333333334,0.75,-48877.32676104138,4.237391638736881
0.8490833333333334,0.7562500000000001,-48876.44090209038,3.3515326877313782
0.8490833333333334,0.7625,-48875.78668089574,2.697311493095185
0.8490833333333334,0.76875,-48875.362550528036,2.2731811253906926
0.8490833333333334,0.7750000000000001,-48875.16698598544,2.0776165827919613
0.8490833333333334,0.78125,-48875.19848378633,2.1091143836820265
0.8490833333333334,0.7875000000000001,-48875.45556157186,2.36619216921099
0.8490833333333334,0.79375,-48875.93675771794,2.8473883152910275
0.8490833333333334,0.8,-48876.64063095649,3.551261553846416
0.8490833333333334,0.8062500000000001,-48877.5657600056,4.47639060295478
0.8490833333333334,0.8125,-48878.71074320852,5.621373805872281
0.8490833333333334,0.8187500000000001,-48880.07419818098,6.9848287783315754
0.8490833333333334,0.825,-48881.65476146678,8.565392064134357
0.8490833333333334,0.83125,-48883.451088201444,10.361718798798393
0.8490833333333334,0.8375000000000001,-48885.46185178345,12.372482380807924
0.8490833333333334,0.84375,-48887.685743553215,14.596374150569318
0.8490833333333334,0.8500000000000001,-48890.12147247922,17.032103076577187
0.8490833333333334,0.85625,-48892.76776485144,19.67839544879098
0.8490833333333334,0.8625,-48895.6233639815,22.53399457885098
0.8490833333333334,0.8687500000000001,-48898.68702990979,25.597660507148248
0.8490833333333334,0.875,-48901.95753911898,28.868169716333796
0.8490833333333334,0.8812500000000001,-48905.43368425397,32.34431485132518
0.8490833333333334,0.8875,-48909.11427384804,36.024904445395805
0.8490833333333334,0.89375,-48912.99813205503,39.9087626523833
0.8490833333333334,0.9000000000000001,-48917.0840983874,43.994728984755056
0.8490833333333334,0.90625,-48921.37102746003,48.28165805738536
0.8490833333333334,0.9125000000000001,-48925.85778873952,52.76841933687683
0.8490833333333334,0.91875,-48930.54326629902,57.45389689637523
0.8490833333333334,0.925,-48935.426358578196,62.336989175550116
0.8490833333333334,0.9312500000000001,-48940.50597814849,67.4166087458434
0.8490833333333334,0.9375,-48945.781051483245,72.6916820806
0.8490833333333334,0.9437500000000001,-48951.25051873281,78.16114933016797
0.8490833333333334,0.95,-48956.91333350434,83.82396410169167
0.8521666666666667,0.2,-50161.12694668867,1288.037577286028
0.8521666666666667,0.20625000000000002,-50129.14494579926,1256.0555763966113
0.8521666666666667,0.21250000000000002,-50097.71424511966,1224.6248757170179
0.8521666666666667,0.21875,-50066.82678982798,1193.7374204253356
0.8521666666666667,0.225,-50036.474733398034,1163.3853639953886
0.8521666666666667,0.23125,-50006.65043012507,1133.5610607224226
0.8521666666666667,0.23750000000000002,-49977.34642799619,1104.2570585935464
0.8521666666666667,0.24375000000000002,-49948.55546188593,1075.466092483286
0.8521666666666667,0.25,-49920.27044705907,1047.1810776564234
0.8521666666666667,0.25625000000000003,-49892.48447296373,1019.395103561088
0.8521666666666667,0.2625,-49865.1907972989,992.1014278962539
0.8521666666666667,0.26875000000000004,-49838.38284034163,965.293470938981
0.8521666666666667,0.275,-49812.054179520135,938.9648101174898
0.8521666666666667,0.28125,-49786.19854421958,913.1091748169347
0.8521666666666667,0.28750000000000003,-49760.809810808656,887.7204414060107
0.8521666666666667,0.29375,-49735.88199787531,862.7926284726636
0.8521666666666667,0.30000000000000004,-49711.409261661,838.3198922583542
0.8521666666666667,0.30625,-49687.38589168334,814.2965222806961
0.8521666666666667,0.3125,-49663.806306537736,790.7169371350901
0.8521666666666667,0.31875000000000003,-49640.665049868956,767.5756804663106
0.8521666666666667,0.325,-49617.956786504365,744.8674171017192
0.8521666666666667,0.33125000000000004,-49595.67629874094,722.586929338293
0.8521666666666667,0.3375,-49573.818482778384,700.729113375739
0.8521666666666667,0.34375,-49552.37834529169,679.2889758890451
0.8521666666666667,0.35000000000000003,-49531.35100013609,658.2616307334465
0.8521666666666667,0.35625,-49510.73166517858,637.642295775935
0.8521666666666667,0.36250000000000004,-49490.51565924972,617.426289847077
0.8521666666666667,0.36875,-49470.69839921036,597.6090298077179
0.8521666666666667,0.375,-49451.275397128,578.1860277253581
0.8521666666666667,0.38125000000000003,-49432.242257557664,559.1528881550184
0.8521666666666667,0.3875,-49413.59467492263,540.5053055199824
0.8521666666666667,0.39375000000000004,-49395.32843099066,522.239061588014
0.8521666666666667,0.4,-49377.43939244128,504.3500230386344
0.8521666666666667,0.40625,-49359.92350852027,486.8341391176218
0.8521666666666667,0.41250000000000003,-49342.7768087774,469.68743937475665
0.8521666666666667,0.41875,-49325.99540088406,452.90603148141236
0.8521666666666667,0.42500000000000004,-49309.57546852695,436.486099124304
0.8521666666666667,0.43125,-49293.513269375035,420.42389997238934
0.8521666666666667,0.4375,-49277.8051331163,404.7157637136552
0.8521666666666667,0.44375000000000003,-49262.44745956165,389.35809015900304
0.8521666666666667,0.45,-49247.436716812925,374.3473474102793
0.8521666666666667,0.45625000000000004,-49232.769439492535,359.68007008988934
0.8521666666666667,0.4625,-49218.44222703221,345.3528576295648
0.8521666666666667,0.46875,-49204.45174201827,331.362372615622
0.8521666666666667,0.47500000000000003,-49190.79470859136,317.7053391887166
0.8521666666666667,0.48125,-49177.467910898384,304.3785414957383
0.8521666666666667,0.48750000000000004,-49164.46819159441,291.3788221917639
0.8521666666666667,0.49375,-49151.792450392844,278.70308099019894
0.8521666666666667,0.5,-49139.43764266183,266.3482732591874
0.8521666666666667,0.5062500000000001,-49127.400778065035,254.31140866239002
0.8521666666666667,0.5125,-49115.67891924518,242.58954984253796
0.8521666666666667,0.51875,-49104.26918054871,231.17981114606664
0.8521666666666667,0.525,-49093.168726789954,220.07935738730885
0.8521666666666667,0.53125,-49082.374772053314,209.2854026506684
0.8521666666666667,0.5375000000000001,-49071.88457853207,198.79520912942098
0.8521666666666667,0.54375,-49061.69545540244,188.60608599979605
0.8521666666666667,0.55,-49051.80475773157,178.7153883289211
0.8521666666666667,0.55625,-49042.20988541817,169.1205160155223
0.8521666666666667,0.5625,-49032.908282164724,159.81891276207898
0.8521666666666667,0.5687500000000001,-49023.89743447999,150.80806507734815
0.8521666666666667,0.575,-49015.17487071085,142.08550130820367
0.8521666666666667,0.58125,-49006.73816010216,133.64879069951712
0.8521666666666667,0.5875,-48998.584911884194,125.49554248154891
0.8521666666666667,0.59375,-48990.71277438589,117.62340498324193
0.8521666666666667,0.6000000000000001,-48983.11943417377,110.03006477112649
0.8521666666666667,0.60625,-48975.80261521519,102.71324581254157
0.8521666666666667,0.6125,-48968.760078065134,95.67070866248832
0.8521666666666667,0.61875,-48961.98961907589,88.9002496732428
0.8521666666666667,0.625,-48955.48906962869,82.39970022604393
0.8521666666666667,0.6312500000000001,-48949.256295386636,76.16692598399095
0.8521666666666667,0.6375,-48943.28919556819,70.19982616554626
0.8521666666666667,0.64375,-48937.58570224045,64.49633283780713
0.8521666666666667,0.65,-48932.1437796317,59.05441022905143
0.8521666666666667,0.65625,-48926.961423462475,53.87205405982968
0.8521666666666667,0.6625000000000001,-48922.03666029464,48.94729089199245
0.8521666666666667,0.66875,-48917.36754689773,44.2781774950854
0.8521666666666667,0.675,-48912.952169632175,39.86280022952997
0.8521666666666667,0.68125,-48908.78864384873,35.69927444608766
0.8521666666666667,0.6875,-48904.875113303715,31.78574390106951
0.8521666666666667,0.6937500000000001,-48901.20974958935,28.120380186701368
0.8521666666666667,0.7,-48897.79075157897,24.70138217632484
0.8521666666666667,0.70625,-48894.61634488651,21.52697548386641
0.8521666666666667,0.7125000000000001,-48891.68478133968,18.59541193703626
0.8521666666666667,0.71875,-48888.99433846674,15.904969064096804
0.8521666666666667,0.7250000000000001,-48886.54331899615,13.45394959350233
0.8521666666666667,0.73125,-48884.33005036883,11.2406809661843
0.8521666666666667,0.7375,-48882.35288426259,9.263514859943825
0.8521666666666667,0.7437500000000001,-48880.610196128495,7.520826725849474
0.8521666666666667,0.75,-48879.10038473855,6.01101533590554
0.8521666666666667,0.7562500000000001,-48877.82187174466,4.7325023420125945
0.8521666666666667,0.7625,-48876.77310124822,3.6837318455727655
0.8521666666666667,0.76875,-48875.952539380385,2.8631699777397444
0.8521666666666667,0.7750000000000001,-48875.358673892275,2.269304489629576
0.8521666666666667,0.78125,-48874.99001375523,1.9006443525868235
0.8521666666666667,0.7875000000000001,-48874.84508877047,1.7557193678221665
0.8521666666666667,0.79375,-48874.922449188234,1.8330797855887795
0.8521666666666667,0.8,-48875.22066533576,2.131295933111687
0.8521666666666667,0.8062500000000001,-48875.738327254134,2.648957851488376
0.8521666666666667,0.8125,-48876.474044343646,3.384674941000412
0.8521666666666667,0.8187500000000001,-48877.42644501738,4.3370756147342036
0.8521666666666667,0.825,-48878.59417636284,5.504806960198039
0.8521666666666667,0.83125,-48879.97590381143,6.886534408782609
0.8521666666666667,0.8375000000000001,-48881.57031081544,8.4809414127958
0.8521666666666667,0.84375,-48883.376098532535,10.286729129889864
0.8521666666666667,0.8500000000000001,-48885.39198551726,12.302616114611737
0.8521666666666667,0.85625,-48887.61670741963,14.527338016981957
0.8521666666666667,0.8625,-48890.049016690464,16.95964728781837
0.8521666666666667,0.8687500000000001,-48892.687682293326,19.598312890680972
0.8521666666666667,0.875,-48895.53148942288,22.442120020234142
0.8521666666666667,0.8812500000000001,-48898.57923922944,25.489869826793438
0.8521666666666667,0.8875,-48901.82974854967,28.740379147027852
0.8521666666666667,0.89375,-48905.281849643165,32.19248024051922
0.8521666666666667,0.9000000000000001,-48908.934389934744,35.845020532098715
0.8521666666666667,0.90625,-48912.786231762424,39.696862359778606
0.8521666666666667,0.9125000000000001,-48916.83625213076,43.746882728111814
0.8521666666666667,0.91875,-48921.08334246955,47.99397306690662
0.8521666666666667,0.925,-48925.52640839774,52.437038995092735
0.8521666666666667,0.9312500000000001,-48930.16436949223,57.075000089585956
0.8521666666666667,0.9375,-48934.99615906177,61.906789659122296
0.8521666666666667,0.9437500000000001,-48940.02072392546,66.93135452281422
0.8521666666666667,0.95,-48945.237024196045,72.14765479339985
0.8552500000000001,0.2,-50187.32539017615,1314.2360207735037
0.8552500000000001,0.20625000000000002,-50155.2545026102,1282.1651332075562
0.8552500000000001,0.21250000000000002,-50123.7281253125,1250.6387559098512
0.8552500000000001,0.21875,-50092.73837061241,1219.6490012097638
0.8552500000000001,0.225,-50062.277552764775,1189.18818336213
0.8552500000000001,0.23125,-50032.338180779916,1159.2488113772706
0.8552500000000001,0.23750000000000002,-50002.912951580794,1129.823582178149
0.8552500000000001,0.24375000000000002,-49973.994743468924,1100.9053740662785
0.8552500000000001,0.25,-49945.57660988227,1072.487240479626
0.8552500000000001,0.25625000000000003,-49917.65177342907,1044.5624040264229
0.8552500000000001,0.2625,-49890.21362018279,1017.1242507801435
0.8552500000000001,0.26875000000000004,-49863.255694224266,990.166324821621
0.8552500000000001,0.275,-49836.77169241798,963.6823230153313
0.8552500000000001,0.28125,-49810.75545941027,937.666090007624
0.8552500000000001,0.28750000000000003,-49785.20098283784,912.1116134351978
0.8552500000000001,0.29375,-49760.10238873605,887.0130193334044
0.8552500000000001,0.30000000000000004,-49735.4539371365,862.3645677338573
0.8552500000000001,0.30625,-49711.25001784475,838.1606484421063
0.8552500000000001,0.3125,-49687.48514638883,814.3957769861881
0.8552500000000001,0.31875000000000003,-49664.15396013052,791.064590727874
0.8552500000000001,0.325,-49641.25121453096,768.1618451283139
0.8552500000000001,0.33125000000000004,-49618.77177956358,745.6824101609382
0.8552500000000001,0.3375,-49596.71063626699,723.621266864342
0.8552500000000001,0.34375,-49575.062873431176,701.9735040285304
0.8552500000000001,0.35000000000000003,-49553.823684410876,680.7343150082306
0.8552500000000001,0.35625,-49532.98836406003,659.8989946573856
0.8552500000000001,0.36250000000000004,-49512.552305781806,639.462936379161
0.8552500000000001,0.36875,-49492.510998688784,619.4216292861383
0.8552500000000001,0.375,-49472.86002486832,599.7706554656761
0.8552500000000001,0.38125000000000003,-49453.59505674854,580.5056873458961
0.8552500000000001,0.3875,-49434.71185455995,561.6224851573061
0.8552500000000001,0.39375000000000004,-49416.20626388905,543.1168944864039
0.8552500000000001,0.4,-49398.0742133194,524.9848439167545
0.8552500000000001,0.40625,-49380.311712156545,507.2223427538993
0.8552500000000001,0.41250000000000003,-49362.91484823324,489.82547883059306
0.8552500000000001,0.41875,-49345.8797857912,472.79041638855415
0.8552500000000001,0.42500000000000004,-49329.20276343649,456.1133940338477
0.8552500000000001,0.43125,-49312.88009216524,439.79072276259103
0.8552500000000001,0.4375,-49296.9081534567,423.81878405405587
0.8552500000000001,0.44375000000000003,-49281.283397431005,408.19402802835975
0.8552500000000001,0.45,-49266.00234106875,392.91297166610457
0.8552500000000001,0.45625000000000004,-49251.06156649008,377.97219708743796
0.8552500000000001,0.4625,-49236.45771929069,363.36834988804185
0.8552500000000001,0.46875,-49222.18750693248,349.0981375298361
0.8552500000000001,0.47500000000000003,-49208.24769718677,335.1583277841273
0.8552500000000001,0.48125,-49194.63511662786,321.5457472252165
0.8552500000000001,0.48750000000000004,-49181.34664917504,308.2572797723915
0.8552500000000001,0.49375,-49168.379234681044,295.2898652783988
0.8552500000000001,0.5,-49155.729867565315,282.64049816266925
0.8552500000000001,0.5062500000000001,-49143.39559549012,270.30622608747217
0.8552500000000001,0.5125,-49131.37351807811,258.28414867546235
0.8552500000000001,0.51875,-49119.66078566958,246.57141626693192
0.8552500000000001,0.525,-49108.25459811798,235.1652287153338
0.8552500000000001,0.53125,-49097.152203622245,224.0628342195996
0.8552500000000001,0.5375000000000001,-49086.3508975946,213.26152819195704
0.8552500000000001,0.54375,-49075.84802156247,202.75865215982776
0.8552500000000001,0.55,-49065.640962103265,192.55159270061995
0.8552500000000001,0.55625,-49055.7271498109,182.63778040825127
0.8552500000000001,0.5625,-49046.10405829272,173.0146888900781
0.8552500000000001,0.5687500000000001,-49036.76920319603,163.67983379338693
0.8552500000000001,0.575,-49027.72014126285,154.63077186020382
0.8552500000000001,0.58125,-49018.954469412114,145.86510000946873
0.8552500000000001,0.5875,-49010.46982384825,137.38045444560703
0.8552500000000001,0.59375,-49002.26387919528,129.1745097926323
0.8552500000000001,0.6000000000000001,-48994.33434765541,121.24497825276194
0.8552500000000001,0.60625,-48986.67897819147,113.58960878882499
0.8552500000000001,0.6125,-48979.29555573225,106.20618632960395
0.8552500000000001,0.61875,-48972.18190039986,99.09253099721536
0.8552500000000001,0.625,-48965.33586675867,92.24649735602725
0.8552500000000001,0.6312500000000001,-48958.75534308476,85.6659736821166
0.8552500000000001,0.6375,-48952.43825065541,79.34888125276484
0.8552500000000001,0.64375,-48946.382543057865,73.29317365522002
0.8552500000000001,0.65,-48940.586205516825,67.49683611418004
0.8552500000000001,0.65625,-48935.04725423989,61.95788483724755
0.8552500000000001,0.6625000000000001,-48929.7637357806,56.674366377956176
0.8552500000000001,0.66875,-48924.73372641822,51.644357015575224
0.8552500000000001,0.675,-48919.955331553996,46.865962151350686
0.8552500000000001,0.68125,-48915.42668512315,42.33731572050601
0.8552500000000001,0.6875,-48911.14594902228,38.05657961963152
0.8552500000000001,0.6937500000000001,-48907.11131255147,34.021943148822174
0.8552500000000001,0.7,-48903.32099187091,30.231622468265414
0.8552500000000001,0.70625,-48899.77322947129,26.683860068646027
0.8552500000000001,0.7125000000000001,-48896.466293657766,23.376924255120684
0.8552500000000001,0.71875,-48893.39847804696,20.30910864431644
0.8552500000000001,0.7250000000000001,-48890.568101076606,17.478731673960283
0.8552500000000001,0.73125,-48887.97350552745,14.884136124805082
0.8552500000000001,0.7375,-48885.61305805713,12.523688654488069
0.8552500000000001,0.7437500000000001,-48883.4851487455,10.395779342856258
0.8552500000000001,0.75,-48881.58819065113,8.498821248482272
0.8552500000000001,0.7562500000000001,-48879.92061937881,6.831249976166873
0.8552500000000001,0.7625,-48878.48089265736,5.391523254715139
0.8552500000000001,0.76875,-48877.267489927865,4.1781205252191285
0.8552500000000001,0.7750000000000001,-48876.278911941685,3.189542539039394
0.8552500000000001,0.78125,-48875.51368036814,2.424310965492623
0.8552500000000001,0.7875000000000001,-48874.97033741157,1.8809680089252652
0.8552500000000001,0.79375,-48874.64744543741,1.5580760347656906
0.8552500000000001,0.8,-48874.543586607106,1.4542172044602921
0.8552500000000001,0.8062500000000001,-48874.65736252161,1.5679931189661147
0.8552500000000001,0.8125,-48874.98739387313,1.8980244704871438
0.8552500000000001,0.8187500000000001,-48875.53232010505,2.442950702403323
0.8552500000000001,0.825,-48876.29079907958,3.2014296769339126
0.8552500000000001,0.83125,-48877.26150675316,4.172137350513367
0.8552500000000001,0.8375000000000001,-48878.443136859205,5.353767456559581
0.8552500000000001,0.84375,-48879.83440059806,6.745031195416232
0.8552500000000001,0.8500000000000001,-48881.43402633403,8.344656931381905
0.8552500000000001,0.85625,-48883.24075929911,10.151389896462206
0.8552500000000001,0.8625,-48885.253361303505,12.1639919008594
0.8552500000000001,0.8687500000000001,-48887.47061045247,14.381241049821256
0.8552500000000001,0.875,-48889.891300869436,16.801931466790847
0.8552500000000001,0.8812500000000001,-48892.51424242539,19.424873022748216
0.8552500000000001,0.8875,-48895.33826047398,22.248891071336402
0.8552500000000001,0.89375,-48898.362195592534,25.272826189888292
0.8552500000000001,0.9000000000000001,-48901.58490332874,28.49553392609232
0.8552500000000001,0.90625,-48905.00525395268,31.915884550035116
0.8552500000000001,0.9125000000000001,-48908.62213221434,35.53276281169383
0.8552500000000001,0.91875,-48912.43443710622,39.34506770357257
0.8552500000000001,0.925,-48916.44108163104,43.35171222839563
0.8552500000000001,0.9312500000000001,-48920.6409925744,47.55162317175564
0.8552500000000001,0.9375,-48925.03311028221,51.94374087956385
0.8552500000000001,0.9437500000000001,-48929.616388442795,56.52701904014975
0.8552500000000001,0.95,-48934.389793873626,61.30042447098094
0.8583333333333334,0.2,-50213.87982541132,1340.7904560086754
0.8583333333333334,0.20625000000000002,-50181.72512952749,1308.6357601248455
0.8583333333333334,0.21250000000000002,-50150.1081310344,1277.0187616317562
0.8583333333333334,0.21875,-50119.02110882215,1245.9317394195023
0.8583333333333334,0.225,-50088.456537421414,1215.367168018769
0.8583333333333334,0.23125,-50058.4070801308,1185.3177107281517
0.8583333333333334,0.23750000000000002,-50028.86558245411,1155.7762130514675
0.8583333333333334,0.24375000000000002,-49999.82506583071,1126.7356964280625
0.8583333333333334,0.25,-49971.278721642884,1098.1893522402388
0.8583333333333334,0.25625000000000003,-49943.2199054854,1070.1305360827537
0.8583333333333334,0.2625,-49915.64213168326,1042.5527622806112
0.8583333333333334,0.26875000000000004,-49888.539068044425,1015.4496986417798
0.8583333333333334,0.275,-49861.904530835556,988.8151614329108
0.8583333333333334,0.28125,-49835.73247996873,962.6431105660813
0.8583333333333334,0.28750000000000003,-49810.017014388846,936.9276449862009
0.8583333333333334,0.29375,-49784.75236765124,911.6629982485974
0.8583333333333334,0.30000000000000004,-49759.93290367989,886.8435342772427
0.8583333333333334,0.30625,-49735.55311269746,862.4637432948148
0.8583333333333334,0.3125,-49711.607607318554,838.5182379159087
0.8583333333333334,0.31875000000000003,-49688.091118798184,815.0017493955384
0.8583333333333334,0.325,-49664.99849342798,791.9091240253329
0.8583333333333334,0.33125000000000004,-49642.32468907309,769.2353196704425
0.8583333333333334,0.3375,-49620.06477184298,746.9754024403373
0.8583333333333334,0.34375,-49598.21391288993,725.1245434872835
0.8583333333333334,0.35000000000000003,-49576.767385329105,703.6780159264599
0.8583333333333334,0.35625,-49555.72056127478,682.6311918721331
0.8583333333333334,0.36250000000000004,-49535.06890898719,661.9795395845431
0.8583333333333334,0.36875,-49514.80799012509,641.718620722444
0.8583333333333334,0.375,-49494.93345709918,621.8440876965324
0.8583333333333334,0.38125000000000003,-49475.4410505219,602.351681119253
0.8583333333333334,0.3875,-49456.32659674939,583.2372273467481
0.8583333333333334,0.39375000000000004,-49437.58600551144,564.4966361087936
0.8583333333333334,0.4,-49419.2152676256,546.1258982229556
0.8583333333333334,0.40625,-49401.210452791966,528.1210833893201
0.8583333333333334,0.41250000000000003,-49383.567707464936,510.4783380622903
0.8583333333333334,0.41875,-49366.28325279884,493.19388339619763
0.8583333333333334,0.42500000000000004,-49349.35338266426,476.2640132616143
0.8583333333333334,0.43125,-49332.77446173199,459.68509232934593
0.8583333333333334,0.4375,-49316.54292362205,443.4535542194062
0.8583333333333334,0.44375000000000003,-49300.65526911474,427.5658997120918
0.8583333333333334,0.45,-49285.108064421496,412.01869501885085
0.8583333333333334,0.45625000000000004,-49269.897939512986,396.80857011034095
0.8583333333333334,0.4625,-49255.02158650207,381.93221709942736
0.8583333333333334,0.46875,-49240.475758079505,367.3863886768595
0.8583333333333334,0.47500000000000003,-49226.257266000386,353.16789659774076
0.8583333333333334,0.48125,-49212.362979619094,339.273610216449
0.8583333333333334,0.48750000000000004,-49198.78982447107,325.70045506842143
0.8583333333333334,0.49375,-49185.53478089946,312.44541149681754
0.8583333333333334,0.5,-49172.59488272497,299.50551332232135
0.8583333333333334,0.5062500000000001,-49159.9672159572,286.8778465545547
0.8583333333333334,0.5125,-49147.64891754599,274.5595481433411
0.8583333333333334,0.51875,-49135.63717417116,262.5478047685174
0.8583333333333334,0.525,-49123.929221069266,250.83985166662023
0.8583333333333334,0.53125,-49112.52234089591,239.432971493261
0.8583333333333334,0.5375000000000001,-49101.41386262243,228.32449321978493
0.8583333333333334,0.54375,-49090.60116046563,217.51179106298514
0.8583333333333334,0.55,-49080.08165284923,206.99228344658331
0.8583333333333334,0.55625,-49069.8528013961,196.76343199345138
0.8583333333333334,0.5625,-49059.91210995006,186.8227405474172
0.8583333333333334,0.5687500000000001,-49050.25712362613,177.16775422348292
0.8583333333333334,0.575,-49040.88542788834,167.7960584856919
0.8583333333333334,0.58125,-49031.794647654024,158.70527825137833
0.8583333333333334,0.5875,-49022.98244642377,149.89307702112274
0.8583333333333334,0.59375,-49014.44652543604,141.35715603339486
0.8583333333333334,0.6000000000000001,-49006.18462284564,133.09525344299618
0.8583333333333334,0.60625,-48998.194512925256,125.10514352261089
0.8583333333333334,0.6125,-48990.474005289194,117.3846358865485
0.8583333333333334,0.61875,-48983.02094413861,109.93157473596511
0.8583333333333334,0.625,-48975.833207527605,102.74383812495944
0.8583333333333334,0.6312500000000001,-48968.90870664921,95.81933724656119
0.8583333333333334,0.6375,-48962.24538514093,89.15601573828462
0.8583333333333334,0.64375,-48955.84121840898,82.75184900633758
0.8583333333333334,0.65,-48949.694212970666,76.60484356802044
0.8583333333333334,0.65625,-48943.802405814306,70.71303641166014
0.8583333333333334,0.6625000000000001,-48938.16386377612,65.07449437347532
0.8583333333333334,0.66875,-48932.77668293362,59.68731353097246
0.8583333333333334,0.675,-48927.63898801476,54.54961861211632
0.8583333333333334,0.68125,-48922.74893182267,49.659562420027214
0.8583333333333334,0.6875,-48918.104694675065,45.01532527241943
0.8583333333333334,0.6937500000000001,-48913.70448385831,40.6151144556643
0.8583333333333334,0.7,-48909.54653309527,36.45716369262664
0.8583333333333334,0.70625,-48905.62910202693,32.539732624281896
0.8583333333333334,0.7125000000000001,-48901.95047570684,28.861106304197165
0.8583333333333334,0.71875,-48898.508964108594,25.41959470594884
0.8583333333333334,0.7250000000000001,-48895.30290164538,22.2135322427348
0.8583333333333334,0.73125,-48892.33064670167,19.24127729902102
0.8583333333333334,0.7375,-48889.5905811764,16.50121177375695
0.8583333333333334,0.7437500000000001,-48887.08111003743,13.991740634781308
0.8583333333333334,0.75,-48884.800660886845,11.711291484200046
0.8583333333333334,0.7562500000000001,-48882.747683536974,9.658314134328975
0.8583333333333334,0.7625,-48880.92064959653,7.831280193888233
0.8583333333333334,0.76875,-48879.31805206679,6.22868266414298
0.8583333333333334,0.7750000000000001,-48877.93840494744,4.849035544793878
0.8583333333333334,0.78125,-48876.780242851775,3.6908734491298674
0.8583333333333334,0.7875000000000001,-48875.842120631074,2.7527512284286786
0.8583333333333334,0.79375,-48875.122613007785,2.0332436051394325
0.8583333333333334,0.8,-48874.620314217296,1.5309448146508657
0.8583333333333334,0.8062500000000001,-48874.33383765814,1.244468255492393
0.8583333333333334,0.8125,-48874.26181555022,1.1724461475751013
0.8583333333333334,0.8187500000000001,-48874.40289860098,1.313529198334436
0.8583333333333334,0.825,-48874.755755679216,1.6663862765708473
0.8583333333333334,0.83125,-48875.3190734964,2.229704093755572
0.8583333333333334,0.8375000000000001,-48876.091556295156,3.002186892510508
0.8583333333333334,0.84375,-48877.071925544835,3.9825561421894236
0.8583333333333334,0.8500000000000001,-48878.25891964392,5.169550241276738
0.8583333333333334,0.85625,-48879.65129362918,6.561924226531119
0.8583333333333334,0.8625,-48881.247818891105,8.158449488459155
0.8583333333333334,0.8687500000000001,-48883.04728289591,9.957913493264641
0.8583333333333334,0.875,-48885.04848891345,11.959119510807795
0.8583333333333334,0.8812500000000001,-48887.25025575121,14.160886348567146
0.8583333333333334,0.8875,-48889.65141749414,16.562048091494944
0.8583333333333334,0.89375,-48892.250823250055,19.161453847409575
0.8583333333333334,0.9000000000000001,-48895.047336900585,21.957967497939535
0.8583333333333334,0.90625,-48898.03983685753,24.950467454887985
0.8583333333333334,0.9125000000000001,-48901.22721582438,28.13784642173414
0.8583333333333334,0.91875,-48904.6083805629,31.519011160256923
0.8583333333333334,0.925,-48908.182251664824,35.092882262179046
0.8583333333333334,0.9312500000000001,-48911.94776332812,38.85839392547496
0.8583333333333334,0.9375,-48915.9038631382,42.8144937355537
0.8583333333333334,0.9437500000000001,-48920.04951185358,46.960142450931016
0.8583333333333334,0.95,-48924.38368319602,51.294313793376205
0.8614166666666667,0.2,-50240.79399832342,1367.704628920772
0.8614166666666667,0.20625000000000002,-50208.56066299139,1335.4712935887437
0.8614166666666667,0.21250000000000002,-50176.858189646606,1303.7688202439604
0.8614166666666667,0.21875,-50145.679023100165,1272.5896536975197
0.8614166666666667,0.225,-50115.015797606495,1241.9264282038494
0.8614166666666667,0.23125,-50084.861330280706,1211.7719608780608
0.8614166666666667,0.23750000000000002,-50055.208614809475,1182.1192454068296
0.8614166666666667,0.24375000000000002,-50026.05081543973,1152.9614460370867
0.8614166666666667,0.25,-49997.38126123001,1124.2918918273645
0.8614166666666667,0.25625000000000003,-49969.193440550574,1096.104071147929
0.8614166666666667,0.2625,-49941.48099581928,1068.3916264166328
0.8614166666666667,0.26875000000000004,-49914.23771846062,1041.1483490579776
0.8614166666666667,0.275,-49887.45754407675,1014.3681746741058
0.8614166666666667,0.28125,-49861.13454781931,988.0451784166653
0.8614166666666667,0.28750000000000003,-49835.26293995215,962.1735705495012
0.8614166666666667,0.29375,-49809.83706159517,936.7476921925263
0.8614166666666667,0.30000000000000004,-49784.85138064035,911.7620112377044
0.8614166666666667,0.30625,-49760.30048783148,887.2111184288369
0.8614166666666667,0.3125,-49736.17909299956,863.0897235969169
0.8614166666666667,0.31875000000000003,-49712.48202144637,839.3926520437235
0.8614166666666667,0.325,-49689.20421046912,816.1148410664755
0.8614166666666667,0.33125000000000004,-49666.34070601936,793.2513366167113
0.8614166666666667,0.3375,-49643.88665949005,770.797290087401
0.8614166666666667,0.34375,-49621.8373246245,748.7479552218574
0.8614166666666667,0.35000000000000003,-49600.18805454188,727.0986851392372
0.8614166666666667,0.35625,-49578.93429887362,705.8449294709717
0.8614166666666667,0.36250000000000004,-49558.07160100588,684.9822316032369
0.8614166666666667,0.36875,-49537.59559542331,664.5062260206614
0.8614166666666667,0.375,-49517.50200514928,644.4126357466375
0.8614166666666667,0.38125000000000003,-49497.78663927879,624.6972698761456
0.8614166666666667,0.3875,-49478.445390599445,605.3560211967997
0.8614166666666667,0.39375000000000004,-49459.47423329712,586.3848638944764
0.8614166666666667,0.4,-49440.86922074229,567.779851339641
0.8614166666666667,0.40625,-49422.6264833538,549.5371139511553
0.8614166666666667,0.41250000000000003,-49404.742226536684,531.6528571340386
0.8614166666666667,0.41875,-49387.21272869085,514.1233592882054
0.8614166666666667,0.42500000000000004,-49370.03433928781,496.94496988516767
0.8614166666666667,0.43125,-49353.20347701243,480.1141076097847
0.8614166666666667,0.4375,-49336.71662796725,463.6272585646075
0.8614166666666667,0.44375000000000003,-49320.570343936546,447.48097453390073
0.8614166666666667,0.45,-49304.761240707914,431.6718713052687
0.8614166666666667,0.45625000000000004,-49289.285996449034,416.19662704638904
0.8614166666666667,0.4625,-49274.141350137215,401.05198073456995
0.8614166666666667,0.46875,-49259.324100039885,386.2347306372394
0.8614166666666667,0.47500000000000003,-49244.83110224388,371.7417328412339
0.8614166666666667,0.48125,-49230.659269231524,357.569899828879
0.8614166666666667,0.48750000000000004,-49216.805568501964,343.71619909931906
0.8614166666666667,0.49375,-49203.26702123569,330.17765183304437
0.8614166666666667,0.5,-49190.04070100085,316.951331598204
0.8614166666666667,0.5062500000000001,-49177.123732499545,304.03436309690005
0.8614166666666667,0.5125,-49164.51329035283,291.42392095018295
0.8614166666666667,0.51875,-49152.20659792275,279.1172285201028
0.8614166666666667,0.525,-49140.20092617015,267.11155676750786
0.8614166666666667,0.53125,-49128.49359254696,255.40422314431635
0.8614166666666667,0.5375000000000001,-49117.08195992156,243.99259051891568
0.8614166666666667,0.54375,-49105.96343553614,232.87406613349594
0.8614166666666667,0.55,-49095.13546999489,222.04610059224797
0.8614166666666667,0.55625,-49084.59555628181,211.50618687916722
0.8614166666666667,0.5625,-49074.34122880717,201.25185940452502
0.8614166666666667,0.5687500000000001,-49064.3700624816,191.28069307895203
0.8614166666666667,0.575,-49054.67967181673,181.59030241408618
0.8614166666666667,0.58125,-49045.26771005172,172.1783406490722
0.8614166666666667,0.5875,-49036.13186830429,163.04249890164647
0.8614166666666667,0.59375,-49027.26987474607,154.18050534342183
0.8614166666666667,0.6000000000000001,-49018.679493800664,145.59012439801882
0.8614166666666667,0.60625,-49010.358525364456,137.2691559618106
0.8614166666666667,0.6125,-49002.30480404862,129.21543464597198
0.8614166666666667,0.61875,-48994.516198442274,121.4268290396285
0.8614166666666667,0.625,-48986.99061039562,113.901240992971
0.8614166666666667,0.6312500000000001,-48979.72597432253,106.63660491988412
0.8614166666666667,0.6375,-48972.72025652216,99.63088711951423
0.8614166666666667,0.64375,-48965.97145451853,92.88208511588164
0.8614166666666667,0.65,-48959.47759641789,86.38822701524623
0.8614166666666667,0.65625,-48953.23674028309,80.14737088044785
0.8614166666666667,0.6625000000000001,-48947.24697352441,74.15760412176314
0.8614166666666667,0.66875,-48941.50641230637,68.41704290372581
0.8614166666666667,0.675,-48936.01320097002,62.92383156737196
0.8614166666666667,0.68125,-48930.76551147015,57.67614206750295
0.8614166666666667,0.6875,-48925.76154282704,52.672173424391076
0.8614166666666667,0.6937500000000001,-48920.99952059219,47.910151189542376
0.8614166666666667,0.7,-48916.477696327725,43.38832692508004
0.8614166666666667,0.70625,-48912.19434709886,39.10497769621725
0.8614166666666667,0.7125000000000001,-48908.14777497928,35.0584055766376
0.8614166666666667,0.71875,-48904.336306568795,31.24693716615002
0.8614166666666667,0.7250000000000001,-48900.75829252301,27.668923120363615
0.8614166666666667,0.73125,-48897.4121070947,24.322737692054943
0.8614166666666667,0.7375,-48894.29614768636,21.206778283711174
0.8614166666666667,0.7437500000000001,-48891.40883441384,18.31946501119819
0.8614166666666667,0.75,-48888.748609680515,15.659240277869685
0.8614166666666667,0.7562500000000001,-48886.31393776173,13.224568359088153
0.8614166666666667,0.7625,-48884.10330439936,11.013934996713942
0.8614166666666667,0.76875,-48882.115216406,9.025847003351373
0.8614166666666667,0.7750000000000001,-48880.34820127858,7.258831875937176
0.8614166666666667,0.78125,-48878.80080682124,5.711437418591231
0.8614166666666667,0.7875000000000001,-48877.47160077687,4.382231374227558
0.8614166666666667,0.79375,-48876.359170467615,3.269801064969215
0.8614166666666667,0.8,-48875.462122443416,2.372753040770476
0.8614166666666667,0.8062500000000001,-48874.77908213897,1.689712736326328
0.8614166666666667,0.8125,-48874.30869353846,1.2193241358181695
0.8614166666666667,0.8187500000000001,-48874.04961884809,0.9602494454447879
0.8614166666666667,0.825,-48874.000538175955,0.9111687733093277
0.8614166666666667,0.83125,-48874.16014921937,1.070779816727736
0.8614166666666667,0.8375000000000001,-48874.52716695913,1.437797556485748
0.8614166666666667,0.84375,-48875.100323360704,2.0109539580589626
0.8614166666666667,0.8500000000000001,-48875.878367082114,2.7889976794685936
0.8614166666666667,0.85625,-48876.860063188346,3.770693785700132
0.8614166666666667,0.8625,-48878.04419287201,4.954823469364783
0.8614166666666667,0.8687500000000001,-48879.42955318029,6.340183777647326
0.8614166666666667,0.875,-48881.01495674781,7.925587345162057
0.8614166666666667,0.8812500000000001,-48882.79923153527,9.70986213262222
0.8614166666666667,0.8875,-48884.78122057395,11.691851171301096
0.8614166666666667,0.89375,-48886.95978171553,13.870412312884582
0.8614166666666667,0.9000000000000001,-48889.3337873875,16.2444179848535
0.8614166666666667,0.90625,-48891.90212435362,18.812754950973613
0.8614166666666667,0.9125000000000001,-48894.66369347965,21.57432407700253
0.8614166666666667,0.91875,-48897.617409503924,24.528040101278748
0.8614166666666667,0.925,-48900.76220081288,27.67283141023654
0.8614166666666667,0.9312500000000001,-48904.09700922127,31.0076398186211
0.8614166666666667,0.9375,-48907.620789756875,34.53142035422934
0.8614166666666667,0.9437500000000001,-48911.33251044994,38.24314104729274
0.8614166666666667,0.95,-48915.23115212671,42.141782724065706
0.8645,0.2,-50268.0717244791,1394.9823550764559
0.8645,0.20625000000000002,-50235.76501159334,1362.6756421906975
0.8645,0.21250000000000002,-50203.9823032199,1330.892933817253
0.8645,0.21875,-50172.71620940065,1299.6268399980036
0.8645,0.225,-50141.95952351317,1268.8701541105256
0.8645,0.23125,-50111.70521597082,1238.6158465681729
0.8645,0.23750000000000002,-50081.946428200696,1208.8570587980503
0.8645,0.24375000000000002,-50052.676466884484,1179.587097481839
0.8645,0.25,-50023.88879844816,1150.7994290455172
0.8645,0.25625000000000003,-49995.57704378761,1122.4876743849672
0.8645,0.2625,-49967.7349732177,1094.6456038150573
0.8645,0.26875000000000004,-49940.35650163338,1067.267132230736
0.8645,0.275,-49913.435683871874,1040.3463144692287
0.8645,0.28125,-49886.96671026593,1013.8773408632842
0.8645,0.28750000000000003,-49860.94390237837,987.8545329757253
0.8645,0.29375,-49835.36170890905,962.2723395064022
0.8645,0.30000000000000004,-49810.214701765726,937.1253323630808
0.8645,0.30625,-49785.49757229075,912.4082028881021
0.8645,0.3125,-49761.20512763619,888.1157582335436
0.8645,0.31875000000000003,-49737.33228728017,864.2429178775274
0.8645,0.325,-49713.874079677735,840.7847102750893
0.8645,0.33125000000000004,-49690.82563903998,817.7362696373311
0.8645,0.3375,-49668.18220223534,795.0928328326918
0.8645,0.34375,-49645.939105807556,772.8497364049108
0.8645,0.35000000000000003,-49624.09178310476,751.0024137021173
0.8645,0.35625,-49602.63576151488,729.5463921122355
0.8645,0.36250000000000004,-49581.566659802265,708.47729039962
0.8645,0.36875,-49560.88018554136,687.7908161387168
0.8645,0.375,-49540.57213264282,667.4827632401721
0.8645,0.38125000000000003,-49520.638378968135,647.5490095654895
0.8645,0.3875,-49501.07488402901,627.9855146263653
0.8645,0.39375000000000004,-49481.87768676759,608.7883173649461
0.8645,0.4,-49463.04290341426,589.9535340116126
0.8645,0.40625,-49444.566725419674,571.4773560170288
0.8645,0.41250000000000003,-49426.4454174578,553.3560480551532
0.8645,0.41875,-49408.67531549712,535.5859460944775
0.8645,0.42500000000000004,-49391.25282493711,518.1634555344644
0.8645,0.43125,-49374.17441880723,501.08504940458806
0.8645,0.4375,-49357.436636025974,484.3472666233283
0.8645,0.44375000000000003,-49341.03607971752,467.94671031487815
0.8645,0.45,-49324.96941558363,451.88004618098785
0.8645,0.45625000000000004,-49309.23337032854,436.14400092589494
0.8645,0.4625,-49293.82473013489,420.73536073224386
0.8645,0.46875,-49278.7403391885,405.65096978585643
0.8645,0.47500000000000003,-49263.97709825021,390.88772884756327
0.8645,0.48125,-49249.53196327293,376.4425938702843
0.8645,0.48750000000000004,-49235.401944062076,362.31257465943054
0.8645,0.49375,-49221.58410297787,348.4947335752222
0.8645,0.5,-49208.075553677736,334.98618427509064
0.8645,0.5062500000000001,-49194.87345989755,321.7840904949044
0.8645,0.5125,-49181.97503426989,308.8856648672445
0.8645,0.51875,-49169.377537178305,296.28816777565953
0.8645,0.525,-49157.07827564607,283.9889062434231
0.8645,0.53125,-49145.07460225813,271.98523285548436
0.8645,0.5375000000000001,-49133.36391411515,260.2745447125053
0.8645,0.54375,-49121.943651818394,248.85428241574846
0.8645,0.55,-49110.811298484434,237.7219290817884
0.8645,0.55625,-49099.964378788485,226.8750093858398
0.8645,0.5625,-49089.400458035496,216.31108863285044
0.8645,0.5687500000000001,-49079.11714125791,206.02777185526793
0.8645,0.575,-49069.11207233921,196.0227029365633
0.8645,0.58125,-49059.38293316233,186.293563759682
0.8645,0.5875,-49049.92744278209,176.83807337944745
0.8645,0.59375,-49040.74335662085,167.65398721820384
0.8645,0.6000000000000001,-49031.8284656865,158.73909628385445
0.8645,0.60625,-49023.180595812126,150.09122640948044
0.8645,0.6125,-49014.79760691659,141.70823751394346
0.8645,0.61875,-49006.677392285324,133.58802288267907
0.8645,0.625,-48998.817877870635,125.72850846798974
0.8645,0.6312500000000001,-48991.21702161088,118.12765220823348
0.8645,0.6375,-48983.872812767986,110.78344336534064
0.8645,0.64375,-48976.78327128257,103.69390187992394
0.8645,0.65,-48969.94644714617,96.8570777435234
0.8645,0.65625,-48963.360419790064,90.27105038741865
0.8645,0.6625000000000001,-48957.023297490014,83.93392808736826
0.8645,0.66875,-48950.93321678661,77.8438473839633
0.8645,0.675,-48945.088341920564,71.99897251791845
0.8645,0.68125,-48939.486864282546,66.39749487990048
0.8645,0.6875,-48934.12700187712,61.03763247447205
0.8645,0.6937500000000001,-48929.00699880031,55.917629397663404
0.8645,0.7,-48924.1251247304,51.035755327757215
0.8645,0.70625,-48919.47967443153,46.39030502888636
0.8645,0.7125000000000001,-48915.068967269704,41.979597867059056
0.8645,0.71875,-48910.89134674083,37.80197733818204
0.8645,0.7250000000000001,-48906.945180010516,33.85581060787081
0.8645,0.73125,-48903.228857465074,30.139488062428427
0.8645,0.7375,-48899.74079227362,26.651422870971146
0.8645,0.7437500000000001,-48896.47941996069,23.390050558045914
0.8645,0.75,-48893.443197989385,20.353828586739837
0.8645,0.7562500000000001,-48890.63060535438,17.54123595173587
0.8645,0.7625,-48888.04014218478,14.950772782132844
0.8645,0.76875,-48885.670329356406,12.580959953760612
0.8645,0.7750000000000001,-48883.51970811325,10.430338710604701
0.8645,0.78125,-48881.58683969785,8.49747029520222
0.8645,0.7875000000000001,-48879.8703049904,6.780935587754357
0.8645,0.79375,-48878.36870415614,5.279334753497096
0.8645,0.8,-48877.08065630107,3.9912868984247325
0.8645,0.8062500000000001,-48876.00479913549,2.9154297328423127
0.8645,0.8125,-48875.13978864536,2.0504192427179078
0.8645,0.8187500000000001,-48874.48429877112,1.3949293684781878
0.8645,0.825,-48874.03702109377,0.9476516911236104
0.8645,0.83125,-48873.79666452816,0.7072951255177031
0.8645,0.8375000000000001,-48873.76195502306,0.6725856204138836
0.8645,0.84375,-48873.931635268,0.8422658653580584
0.8645,0.8500000000000001,-48874.304464406705,1.215095004059549
0.8645,0.85625,-48874.87921775673,1.7898483540848247
0.8645,0.8625,-48875.6546865354,2.5653171327576274
0.8645,0.8687500000000001,-48876.62967759174,3.540308189098141
0.8645,0.875,-48877.80301314425,4.713643741604756
0.8645,0.8812500000000001,-48879.17353052435,6.084161121703801
0.8645,0.8875,-48880.74008192544,7.6507125227944925
0.8645,0.89375,-48882.5015341573,9.41216475465626
0.8645,0.9000000000000001,-48884.456768405806,11.367399003160244
0.8645,0.90625,-48886.604679997734,13.515310595088522
0.8645,0.9125000000000001,-48888.94417817056,15.854808767915529
0.8645,0.91875,-48891.47418584714,18.38481644449348
0.8645,0.925,-48894.19363941511,21.10427001246717
0.8645,0.9312500000000001,-48897.101488510925,24.012119108279876
0.8645,0.9375,-48900.19669580838,27.107326405734057
0.8645,0.9437500000000001,-48903.478236811505,30.38886740885937
0.8645,0.95,-48906.94509965178,33.85573024913174
0.8675833333333334,0.2,-50295.71689087077,1422.6275214681227
0.8675833333333334,0.20625000000000002,-50263.34215795184,1390.2527885491945
0.8675833333333334,0.21250000000000002,-50231.484550500914,1358.395181098269
0.8675833333333334,0.21875,-50200.136843048356,1327.0474736457109
0.8675833333333334,0.225,-50169.29198744426,1296.2026180416142
0.8675833333333334,0.23125,-50138.94310683405,1265.8537374314037
0.8675833333333334,0.23750000000000002,-50109.08348989677,1235.9941204941279
0.8675833333333334,0.24375000000000002,-50079.70658533194,1206.617215929291
0.8675833333333334,0.25,-50050.80599658203,1177.716627179383
0.8675833333333334,0.25625000000000003,-50022.37547677825,1149.2861073756067
0.8675833333333334,0.2625,-49994.408923898074,1121.3195544954287
0.8675833333333334,0.26875000000000004,-49966.9003761239,1093.8110067212547
0.8675833333333334,0.275,-49939.84400739241,1066.7546379897612
0.8675833333333334,0.28125,-49913.23412312534,1040.1447537226923
0.8675833333333334,0.28750000000000003,-49887.06515613242,1013.975786729774
0.8675833333333334,0.29375,-49861.331662678225,988.2422932755799
0.8675833333333334,0.30000000000000004,-49836.02831870489,962.9389493022463
0.8675833333333334,0.30625,-49811.14991620299,938.0605468003414
0.8675833333333334,0.3125,-49786.691359723845,913.6019903212
0.8675833333333334,0.31875000000000003,-49762.64766302625,889.5582936236024
0.8675833333333334,0.325,-49739.01394585144,865.9245764487932
0.8675833333333334,0.33125000000000004,-49715.78543082028,842.6960614176351
0.8675833333333334,0.3375,-49692.957440447084,819.8680710444387
0.8675833333333334,0.34375,-49670.525394264696,797.4360248620505
0.8675833333333334,0.35000000000000003,-49648.48480605571,775.395436653067
0.8675833333333334,0.35625,-49626.83128118521,753.741911782563
0.8675833333333334,0.36250000000000004,-49605.560514030374,732.4711446277288
0.8675833333333334,0.36875,-49584.66828550266,711.5789161000139
0.8675833333333334,0.375,-49564.150460658624,691.0610912559787
0.8675833333333334,0.38125000000000003,-49544.0029863953,670.9136169926569
0.8675833333333334,0.3875,-49524.22188922678,651.132519824132
0.8675833333333334,0.39375000000000004,-49504.8032731382,631.7139037355519
0.8675833333333334,0.4,-49485.743317514105,612.6539481114596
0.8675833333333334,0.40625,-49467.03827513788,593.948905735233
0.8675833333333334,0.41250000000000003,-49448.68447025937,575.5951008567281
0.8675833333333334,0.41875,-49430.67829672787,557.5889273252251
0.8675833333333334,0.42500000000000004,-49413.01621618764,539.9268467849979
0.8675833333333334,0.43125,-49395.69475633363,522.6053869309835
0.8675833333333334,0.4375,-49378.71050922474,505.6211398220912
0.8675833333333334,0.44375000000000003,-49362.06012965247,488.9707602498238
0.8675833333333334,0.45,-49345.74033356265,472.65096416000597
0.8675833333333334,0.45625000000000004,-49329.74789652817,456.6585271255244
0.8675833333333334,0.4625,-49314.07965227072,440.9902828680715
0.8675833333333334,0.46875,-49298.73249122957,425.6431218269281
0.8675833333333334,0.47500000000000003,-49283.7033591757,410.6139897730536
0.8675833333333334,0.48125,-49268.98925586927,395.89988646662823
0.8675833333333334,0.48750000000000004,-49254.58723375915,381.4978643565046
0.8675833333333334,0.49375,-49240.49439672249,367.4050273198445
0.8675833333333334,0.5,-49226.70789884319,353.6185294405441
0.8675833333333334,0.5062500000000001,-49213.22494322757,340.1355738249258
0.8675833333333334,0.5125,-49200.04278085596,326.9534114533162
0.8675833333333334,0.51875,-49187.15870946892,314.06934006627125
0.8675833333333334,0.525,-49174.57007248662,301.4807030839729
0.8675833333333334,0.53125,-49162.274257960475,289.18488855782925
0.8675833333333334,0.5375000000000001,-49150.26869755564,277.1793281529972
0.8675833333333334,0.54375,-49138.550865563295,265.4614961606494
0.8675833333333334,0.55,-49127.11827794173,254.0289085390832
0.8675833333333334,0.55625,-49115.96849138514,242.8791219824925
0.8675833333333334,0.5625,-49105.099102419204,232.00973301655904
0.8675833333333334,0.5687500000000001,-49094.507746522475,221.41837711982953
0.8675833333333334,0.575,-49084.19209727263,211.10272786998394
0.8675833333333334,0.58125,-49074.149865516876,201.06049611423077
0.8675833333333334,0.5875,-49064.378798565565,191.28942916292
0.8675833333333334,0.59375,-49054.87667940819,181.787310005544
0.8675833333333334,0.6000000000000001,-49045.64132595115,172.55195654850104
0.8675833333333334,0.60625,-49036.670590276364,163.58122087371885
0.8675833333333334,0.6125,-49027.962357920296,154.8729885176508
0.8675833333333334,0.61875,-49019.51454717233,146.42517776968452
0.8675833333333334,0.625,-49011.32510839229,138.2357389896424
0.8675833333333334,0.6312500000000001,-49003.39202334611,130.30265394346497
0.8675833333333334,0.6375,-48995.71330455934,122.623935156691
0.8675833333333334,0.64375,-48988.286994687616,115.19762528497085
0.8675833333333334,0.65,-48981.111165903945,108.02179650129983
0.8675833333333334,0.65625,-48974.18391930178,101.09454989913502
0.8675833333333334,0.6625000000000001,-48967.50338431385,94.41401491120632
0.8675833333333334,0.66875,-48961.06771814587,87.97834874322143
0.8675833333333334,0.675,-48954.87510522493,81.78573582228273
0.8675833333333334,0.68125,-48948.92375666197,75.83438725932501
0.8675833333333334,0.6875,-48943.21190972785,70.12254032520286
0.8675833333333334,0.6937500000000001,-48937.737827342826,64.64845794018038
0.8675833333333334,0.7,-48932.49979757868,59.410428176037385
0.8675833333333334,0.70625,-48927.49613317347,54.40676377082127
0.8675833333333334,0.7125000000000001,-48922.72517105822,49.63580165557505
0.8675833333333334,0.71875,-48918.18527189543,45.09590249278699
0.8675833333333334,0.7250000000000001,-48913.874819628785,40.7854502261398
0.8675833333333334,0.73125,-48909.79222104404,36.702851641392044
0.8675833333333334,0.7375,-48905.93590534048,32.846535937831504
0.8675833333333334,0.7437500000000001,-48902.304323712786,29.214954310140456
0.8675833333333334,0.75,-48898.895948942925,25.806579540279927
0.8675833333333334,0.7562500000000001,-48895.70927500192,22.619905599276535
0.8675833333333334,0.7625,-48892.74281666092,19.653447258271626
0.8675833333333334,0.76875,-48889.99510911164,16.90573970899277
0.8675833333333334,0.7750000000000001,-48887.46470759566,14.375338193014613
0.8675833333333334,0.78125,-48885.150187042454,12.060817639809102
0.8675833333333334,0.7875000000000001,-48883.05014171579,9.960772313141206
0.8675833333333334,0.79375,-48881.1631848684,8.073815465751977
0.8675833333333334,0.8,-48879.4879484046,6.398579001957842
0.8675833333333334,0.8062500000000001,-48878.02308255062,4.93371314797696
0.8675833333333334,0.8125,-48876.7672555325,3.677886129851686
0.8675833333333334,0.8187500000000001,-48875.71915326125,2.629783858603332
0.8675833333333334,0.825,-48874.87747902525,1.7881096226046793
0.8675833333333334,0.83125,-48874.24095318939,1.1515837867482333
0.8675833333333334,0.8375000000000001,-48873.808312901085,0.7189434984393301
0.8675833333333334,0.84375,-48873.57831180279,0.4889424001448788
0.8675833333333334,0.8500000000000001,-48873.54971975086,0.4603503482139786
0.8675833333333334,0.85625,-48873.721322540645,0.6319531379995169
0.8675833333333334,0.8625,-48874.09192163762,1.0025522349751554
0.8675833333333334,0.8687500000000001,-48874.66033391432,1.5709645116730826
0.8675833333333334,0.875,-48875.425391393095,2.336021990449808
0.8675833333333334,0.8812500000000001,-48876.385940994354,3.2965715917089256
0.8675833333333334,0.8875,-48877.54084429024,4.451474887595396
0.8675833333333334,0.89375,-48878.88897726361,5.7996078609648976
0.8675833333333334,0.9000000000000001,-48880.42923007209,7.339860669446352
0.8675833333333334,0.90625,-48882.16050681725,9.071137414604891
0.8675833333333334,0.9125000000000001,-48884.0817253185,10.992355915856024
0.8675833333333334,0.91875,-48886.19181689189,13.102447489247425
0.8675833333333334,0.925,-48888.48972613343,15.40035673078819
0.8675833333333334,0.9312500000000001,-48890.97441070699,17.885041304347396
0.8675833333333334,0.9375,-48893.644841136556,20.555471733910963
0.8675833333333334,0.9437500000000001,-48896.500000602784,23.410631200138596
0.8675833333333334,0.95,-48899.53888474376,26.44951534111169
0.8706666666666667,0.2,-50323.73345776421,1450.644088361565
0.8706666666666667,0.20625000000000002,-50291.29616065134,1418.2067912486964
0.8706666666666667,0.21250000000000002,-50259.36908894525,1386.2797195426028
0.8706666666666667,0.21875,-50227.94518086889,1354.8558114662446
0.8706666666666667,0.225,-50197.01754604265,1323.9281766400018
0.8706666666666667,0.23125,-50166.57945972831,1293.490090325664
0.8706666666666667,0.23750000000000002,-50136.62435732079,1263.534987918145
0.8706666666666667,0.24375000000000002,-50107.14582907499,1234.0564596723416
0.8706666666666667,0.25,-50078.13761505513,1205.0482456524842
0.8706666666666667,0.25625000000000003,-50049.59360029556,1176.5042308929114
0.8706666666666667,0.2625,-50021.50781016186,1148.418440759211
0.8706666666666667,0.26875000000000004,-49993.8744059025,1120.7850364998521
0.8706666666666667,0.275,-49966.68768038128,1093.598310978632
0.8706666666666667,0.28125,-49939.94205398172,1066.8526845790766
0.8706666666666667,0.28750000000000003,-49913.63207067488,1040.5427012722357
0.8706666666666667,0.29375,-49887.752394242845,1014.6630248401998
0.8706666666666667,0.30000000000000004,-49862.297804650094,989.2084352474485
0.8706666666666667,0.30625,-49837.263194555984,964.1738251533388
0.8706666666666667,0.3125,-49812.64356596148,939.5541965588345
0.8706666666666667,0.31875000000000003,-49788.4340269839,915.3446575812559
0.8706666666666667,0.325,-49764.6297887537,891.5404193510549
0.8706666666666667,0.33125000000000004,-49741.22616242779,868.1367930251436
0.8706666666666667,0.3375,-49718.21855631379,845.1291869111446
0.8706666666666667,0.34375,-49695.60247310057,822.5131036979219
0.8706666666666667,0.35000000000000003,-49673.373507189914,800.2841377872683
0.8706666666666667,0.35625,-49651.5273421251,778.4379727224514
0.8706666666666667,0.36250000000000004,-49630.05974811198,756.9703787093313
0.8706666666666667,0.36875,-49608.96657962848,735.8772102258372
0.8706666666666667,0.375,-49588.2437731188,715.1544037161511
0.8706666666666667,0.38125000000000003,-49567.887344768475,694.7979753658292
0.8706666666666667,0.3875,-49547.89338835708,674.8040189544336
0.8706666666666667,0.39375000000000004,-49528.25807318505,655.1687037824013
0.8706666666666667,0.4,-49508.97764207161,635.8882726689626
0.8706666666666667,0.40625,-49490.04840942091,616.9590400182642
0.8706666666666667,0.41250000000000003,-49471.46675935335,598.3773899507069
0.8706666666666667,0.41875,-49453.22914389959,580.1397744969436
0.8706666666666667,0.42500000000000004,-49435.33208125459,562.2427118519481
0.8706666666666667,0.43125,-49417.77215408931,544.6827846866654
0.8706666666666667,0.4375,-49400.54600791766,527.4566385150174
0.8706666666666667,0.44375000000000003,-49383.65034951664,510.56098011399445
0.8706666666666667,0.45,-49367.08194539736,493.99257599471457
0.8706666666666667,0.45625000000000004,-49350.83762032518,477.7482509225374
0.8706666666666667,0.4625,-49334.91425588683,461.824886484188
0.8706666666666667,0.46875,-49319.30878910287,446.21941970022453
0.8706666666666667,0.47500000000000003,-49304.018211083545,430.9288416808995
0.8706666666666667,0.48125,-49289.03956572665,415.9501963240036
0.8706666666666667,0.48750000000000004,-49274.36994845552,401.2805790528728
0.8706666666666667,0.49375,-49260.006504995865,386.9171355932194
0.8706666666666667,0.5,-49245.946430189826,372.85706078718067
0.8706666666666667,0.5062500000000001,-49232.18696684603,359.09759744338226
0.8706666666666667,0.5125,-49218.7254046241,345.6360352214542
0.8706666666666667,0.51875,-49205.5590789527,332.46970955005236
0.8706666666666667,0.525,-49192.68536997943,319.5960005767847
0.8706666666666667,0.53125,-49180.101701551874,307.0123321492283
0.8706666666666667,0.5375000000000001,-49167.80554022839,294.7161708257481
0.8706666666666667,0.54375,-49155.79439431771,282.7050249150634
0.8706666666666667,0.55,-49144.0658129462,270.97644354355725
0.8706666666666667,0.55625,-49132.61738515209,259.5280157494417
0.8706666666666667,0.5625,-49121.44673900528,248.35736960263603
0.8706666666666667,0.5687500000000001,-49110.55154075239,237.46217134974722
0.8706666666666667,0.575,-49099.9294939856,226.84012458295183
0.8706666666666667,0.58125,-49089.57833883493,216.48896943228465
0.8706666666666667,0.5875,-49079.495851182946,206.40648178030096
0.8706666666666667,0.59375,-49069.6798419011,196.59047249845753
0.8706666666666667,0.6000000000000001,-49060.12815610715,187.0387867045065
0.8706666666666667,0.60625,-49050.83867244273,177.7493030400874
0.8706666666666667,0.6125,-49041.80930237063,168.7199329679861
0.8706666666666667,0.61875,-49033.03798949093,159.94862008828204
0.8706666666666667,0.625,-49024.52270887551,151.43333947286737
0.8706666666666667,0.6312500000000001,-49016.26146642029,143.1720970176466
0.8706666666666667,0.6375,-49008.2522982146,135.16292881195113
0.8706666666666667,0.64375,-49000.493269927145,127.40390052449948
0.8706666666666667,0.65,-48992.982476208075,119.89310680542985
0.8706666666666667,0.65625,-48985.718040106585,112.62867070393986
0.8706666666666667,0.6625000000000001,-48978.69811250357,105.60874310092186
0.8706666666666667,0.66875,-48971.92087155885,98.83150215620117
0.8706666666666667,0.675,-48965.3845221726,92.29515276995517
0.8706666666666667,0.68125,-48959.08729546043,85.99792605778202
0.8706666666666667,0.6875,-48953.02744824167,79.93807883902628
0.8706666666666667,0.6937500000000001,-48947.20326254063,74.11389313798281
0.8706666666666667,0.7,-48941.61304510021,68.52367569756461
0.8706666666666667,0.70625,-48936.25512690772,63.165757505077636
0.8706666666666667,0.7125000000000001,-48931.127862732326,58.03849332968093
0.8706666666666667,0.71875,-48926.22963067385,53.14026127120451
0.8706666666666667,0.7250000000000001,-48921.55883172272,48.46946232007758
0.8706666666666667,0.73125,-48917.11388933048,44.02451992783608
0.8706666666666667,0.7375,-48912.893248990775,39.80387958812935
0.8706666666666667,0.7437500000000001,-48908.89537783037,35.80600842772401
0.8706666666666667,0.75,-48905.11876420995,32.02939480730129
0.8706666666666667,0.7562500000000001,-48901.56191733446,28.472547931814916
0.8706666666666667,0.7625,-48898.22336687263,25.133997469987662
0.8706666666666667,0.76875,-48895.10166258546,22.012293182815483
0.8706666666666667,0.7750000000000001,-48892.195373963405,19.106004560759175
0.8706666666666667,0.78125,-48889.503089872014,16.413720469368855
0.8706666666666667,0.7875000000000001,-48887.023418205834,13.934048803188489
0.8706666666666667,0.79375,-48884.75498555017,11.665616147525725
0.8706666666666667,0.8,-48882.696436850776,9.607067448130692
0.8706666666666667,0.8062500000000001,-48880.84643509086,7.757065688216244
0.8706666666666667,0.8125,-48879.20366097572,6.114291573074297
0.8706666666666667,0.8187500000000001,-48877.76681262415,4.677443221502472
0.8706666666666667,0.825,-48876.53460526714,3.4452358644921333
0.8706666666666667,0.83125,-48875.50577095301,2.4164015503629344
0.8706666666666667,0.8375000000000001,-48874.67905825934,1.5896888566931011
0.8706666666666667,0.84375,-48874.05323201115,0.9638626085070428
0.8706666666666667,0.8500000000000001,-48873.62707300528,0.5377036026329733
0.8706666666666667,0.85625,-48873.399377740905,0.31000833825964946
0.8706666666666667,0.8625,-48873.368958155916,0.27958875327021815
0.8706666666666667,0.8687500000000001,-48873.53464136888,0.4452719662367599
0.8706666666666667,0.875,-48873.89526942684,0.8059000241919421
0.8706666666666667,0.8812500000000001,-48874.44969905824,1.3603296555957058
0.8706666666666667,0.8875,-48875.19680143145,2.1074320288025774
0.8706666666666667,0.89375,-48876.13546191812,3.04609251547663
0.8706666666666667,0.9000000000000001,-48877.26457986186,4.175210459216032
0.8706666666666667,0.90625,-48878.58306835153,5.4936989488851395
0.8706666666666667,0.9125000000000001,-48880.089853999525,7.000484596879687
0.8706666666666667,0.91875,-48881.78387672451,8.694507321866695
0.8706666666666667,0.925,-48883.6640895388,10.574720136151882
0.8706666666666667,0.9312500000000001,-48885.72945834008,12.640088937434484
0.8706666666666667,0.9375,-48887.9789617075,14.889592304854887
0.8706666666666667,0.9437500000000001,-48890.41159070184,17.322221299196826
0.8706666666666667,0.95,-48893.026348669846,19.936979267200513
0.87375,0.2,-50352.1254606079,1479.0360912052565
0.87375,0.20625000000000002,-50319.63115624685,1446.5417868442019
0.87375,0.21250000000000002,-50287.64015682039,1414.550787417742
0.87375,0.21875,-50256.14556339297,1383.0561939903273
0.87375,0.225,-50225.14064260002,1352.0512731973722
0.87375,0.23125,-50194.61882115273,1321.529451750088
0.87375,0.23750000000000002,-50164.57368057681,1291.4843111741648
0.87375,0.24375000000000002,-50134.99895217276,1261.9095827701167
0.87375,0.25,-50105.88851218659,1232.7991427839443
0.87375,0.25625000000000003,-50077.23637718012,1204.147007777472
0.87375,0.2625,-50049.03669959085,1175.9473301882026
0.87375,0.26875000000000004,-50021.28376347207,1148.1943940694255
0.87375,0.275,-49993.9719804041,1120.882611001456
0.87375,0.28125,-49967.095885568466,1094.0065161658204
0.87375,0.28750000000000003,-49940.650133977004,1067.5607645743585
0.87375,0.29375,-49914.62949684857,1041.5401274459218
0.87375,0.30000000000000004,-49889.02885812608,1015.9394887234375
0.87375,0.30625,-49863.84321112764,990.7538417249962
0.87375,0.3125,-49839.06765532505,965.9782859224069
0.87375,0.31875000000000003,-49814.69739324415,941.6080238415016
0.87375,0.325,-49790.727727481164,917.6383580785186
0.87375,0.33125000000000004,-49767.15405782987,894.0646884272282
0.87375,0.3375,-49743.97187851458,870.8825091119361
0.87375,0.34375,-49721.17677552406,848.0874061214126
0.87375,0.35000000000000003,-49698.76442404206,825.6750546394178
0.87375,0.35625,-49676.73058597025,803.6412165676011
0.87375,0.36250000000000004,-49655.071107539115,781.9817381364701
0.87375,0.36875,-49633.78191700358,760.6925476009346
0.87375,0.375,-49612.859022419274,739.7696530166286
0.87375,0.38125000000000003,-49592.29850949609,719.2091400934441
0.87375,0.3875,-49572.09653952597,699.0071701233246
0.87375,0.39375000000000004,-49552.24934738148,679.1599779788376
0.87375,0.4,-49532.7532395825,659.6638701798511
0.87375,0.40625,-49513.604592428004,640.5152230253589
0.87375,0.41250000000000003,-49494.79985019042,621.7104807877768
0.87375,0.41875,-49476.33552336991,603.2461539672659
0.87375,0.42500000000000004,-49458.208187006174,585.1188176035284
0.87375,0.43125,-49440.41447904549,567.325109642843
0.87375,0.4375,-49422.95109876081,549.8617293581628
0.87375,0.44375000000000003,-49405.81480522273,532.725435820088
0.87375,0.45,-49389.002415819414,515.9130464167683
0.87375,0.45625000000000004,-49372.51080482353,499.4214354208816
0.87375,0.4625,-49356.33690200442,483.24753260177386
0.87375,0.46875,-49340.47769128366,467.38832188101514
0.87375,0.47500000000000003,-49324.930209432554,451.8408400299086
0.87375,0.48125,-49309.691544809684,436.6021754070389
0.87375,0.48750000000000004,-49294.75883613731,421.66946673466737
0.87375,0.49375,-49280.129271315,407.0399019123579
0.87375,0.5,-49265.80008626908,392.710716866437
0.87375,0.5062500000000001,-49251.768563836726,378.6791944340803
0.87375,0.5125,-49238.0320326833,364.94266328065714
0.87375,0.51875,-49224.58786625183,351.49849684918445
0.87375,0.525,-49211.43348174333,338.344112340681
0.87375,0.53125,-49198.566339127006,325.47696972436097
0.87375,0.5375000000000001,-49185.98394017924,312.8945707765961
0.87375,0.54375,-49173.68382755023,300.5944581475851
0.87375,0.55,-49161.663583857444,288.5742144547985
0.87375,0.55625,-49149.92083080494,276.83146140229655
0.87375,0.5625,-49138.45322832755,265.36385892490216
0.87375,0.5687500000000001,-49127.25847375914,254.16910435649334
0.87375,0.575,-49116.33430102424,243.24493162159342
0.87375,0.58125,-49105.67847985192,232.58911044927663
0.87375,0.5875,-49095.288815011605,222.19944560895965
0.87375,0.59375,-49085.16314556962,212.0737761669734
0.87375,0.6000000000000001,-49075.2993441662,202.20997476355114
0.87375,0.60625,-49065.69531631198,192.60594690933794
0.87375,0.6125,-49056.34899970349,183.25963030084677
0.87375,0.61875,-49047.25836355693,174.16899415428634
0.87375,0.625,-49038.4214079597,165.33203855705506
0.87375,0.6312500000000001,-49029.83616323912,156.74679383647162
0.87375,0.6375,-49021.500689347646,148.4113199450003
0.87375,0.64375,-49013.41307526432,140.32370586167235
0.87375,0.65,-49005.571438411585,132.48206900894002
0.87375,0.65625,-48997.97392408736,124.88455468471511
0.87375,0.6625000000000001,-48990.61870491154,117.52933550889429
0.87375,0.66875,-48983.50398028674,110.41461088409415
0.87375,0.675,-48976.6279758727,103.53860647005786
0.87375,0.68125,-48969.98894307399,96.89957367134775
0.87375,0.6875,-48963.585158540496,90.4957891378508
0.87375,0.6937500000000001,-48957.41492368047,84.3255542778279
0.87375,0.7,-48951.476564185665,78.38719478301937
0.87375,0.70625,-48945.768429568125,72.67906016547931
0.87375,0.7125000000000001,-48940.28889270841,67.1995233057678
0.87375,0.71875,-48935.036349414884,61.94698001223878
0.87375,0.7250000000000001,-48930.00921799359,56.91984859094373
0.87375,0.73125,-48925.20593882866,52.116569426012575
0.87375,0.7375,-48920.624973972685,47.53560457003914
0.87375,0.7437500000000001,-48916.26480674698,43.17543734433275
0.87375,0.75,-48912.12394135127,39.034571948621306
0.87375,0.7562500000000001,-48908.20090248267,35.111533080023946
0.87375,0.7625,-48904.49423496354,31.404865560893086
0.87375,0.76875,-48901.002503378186,27.913133975540404
0.87375,0.7750000000000001,-48897.724291717874,24.634922315228323
0.87375,0.78125,-48894.65820303417,21.568833631521557
0.87375,0.7875000000000001,-48891.80285910019,18.71348969754763
0.87375,0.79375,-48889.15690007972,16.067530677071773
0.87375,0.8,-48886.718984203704,13.629614801058779
0.87375,0.8062500000000001,-48884.487787454316,11.398418051670888
0.87375,0.8125,-48882.462003255925,9.372633853279694
0.87375,0.8187500000000001,-48880.64034217317,7.550972770521184
0.87375,0.825,-48879.02153161568,5.932162213037373
0.87375,0.83125,-48877.604315549455,4.514946146809962
0.87375,0.8375000000000001,-48876.38745421455,3.2980848119041184
0.87375,0.84375,-48875.369723849,2.280354446353158
0.87375,0.8500000000000001,-48874.54991641886,1.4605470162132406
0.87375,0.85625,-48873.926839354,0.8374699513515225
0.87375,0.8625,-48873.499315289795,0.40994588714966085
0.87375,0.8687500000000001,-48873.26618181425,0.17681241160607897
0.87375,0.875,-48873.22629122068,0.13692181803344283
0.87375,0.8812500000000001,-48873.37851026556,0.2891408629147918
0.87375,0.8875,-48873.72171993168,0.6323505290347384
0.87375,0.89375,-48874.25481519618,1.1654457935364917
0.87375,0.9000000000000001,-48874.97670480353,1.8873354008828755
0.87375,0.90625,-48875.88631104335,2.796941640706791
0.87375,0.9125000000000001,-48876.98256953274,3.893200130092737
0.87375,0.91875,-48878.26442900324,5.175059600594977
0.87375,0.925,-48879.73085109215,6.641481689504872
0.87375,0.9312500000000001,-48881.38081013822,8.291440735571086
0.87375,0.9375,-48883.213292981396,10.123923578750691
0.87375,0.9437500000000001,-48885.22729876684,12.13792936419486
0.87375,0.95,-48887.421838752794,14.33246935014904
0.8768333333333334,0.2,-50380.8970120066,1507.8076426039552
0.8768333333333334,0.20625000000000002,-50348.35136133674,1475.261991934094
0.8768333333333334,0.21250000000000002,-50316.30207538114,1443.212705978498
0.8768333333333334,0.21875,-50284.742417137924,1411.653047735279
0.8768333333333334,0.225,-50253.66580944745,1380.5764400448024
0.8768333333333334,0.23125,-50223.065829750805,1349.97646034816
0.8768333333333334,0.23750000000000002,-50192.93620506851,1319.8468356658632
0.8768333333333334,0.24375000000000002,-50163.27080718818,1290.1814377855335
0.8768333333333334,0.25,-50134.06364805066,1260.9742786480128
0.8768333333333334,0.25625000000000003,-50105.308875324554,1232.2195059219084
0.8768333333333334,0.2625,-50077.00076815985,1203.9113987572055
0.8768333333333334,0.26875000000000004,-50049.13373311188,1176.0443637092321
0.8768333333333334,0.275,-50021.702300227116,1148.6129308244708
0.8768333333333334,0.28125,-49994.701119283185,1121.6117498805397
0.8768333333333334,0.28750000000000003,-49968.12495617563,1095.0355867729813
0.8768333333333334,0.29375,-49941.968689444344,1068.8793200416985
0.8768333333333334,0.30000000000000004,-49916.22730693338,1043.137937530737
0.8768333333333334,0.30625,-49890.89590257747,1017.8065331748221
0.8768333333333334,0.3125,-49865.9696733099,992.8803039072518
0.8768333333333334,0.31875000000000003,-49841.4439160858,968.3545466831565
0.8768333333333334,0.325,-49817.3140250157,944.2246556130558
0.8768333333333334,0.33125000000000004,-49793.57548860452,920.4861192018725
0.8768333333333334,0.3375,-49770.223887091015,897.1345176883697
0.8768333333333334,0.34375,-49747.25488988348,874.165520480834
0.8768333333333334,0.35000000000000003,-49724.66425308732,851.574883684676
0.8768333333333334,0.35625,-49702.44781712053,829.3584477178811
0.8768333333333334,0.36250000000000004,-49680.60150441323,807.5121350105837
0.8768333333333334,0.36875,-49659.12131718779,786.0319477851444
0.8768333333333334,0.375,-49638.003335315894,764.9139659132488
0.8768333333333334,0.38125000000000003,-49617.24371424951,744.1543448468656
0.8768333333333334,0.3875,-49596.83868302245,723.7493136198027
0.8768333333333334,0.39375000000000004,-49576.784542319845,703.6951729171997
0.8768333333333334,0.4,-49557.07766261243,683.9882932097826
0.8768333333333334,0.40625,-49537.71448235325,664.6251129506054
0.8768333333333334,0.41250000000000003,-49518.69150623412,645.602136831476
0.8768333333333334,0.41875,-49500.005303499354,626.915934096709
0.8768333333333334,0.42500000000000004,-49481.652506314684,608.5631369120383
0.8768333333333334,0.43125,-49463.629808188976,590.5404387863309
0.8768333333333334,0.4375,-49445.93396244673,572.8445930440867
0.8768333333333334,0.44375000000000003,-49428.56178074942,555.4724113467746
0.8768333333333334,0.45,-49411.51013166369,538.4207622610411
0.8768333333333334,0.45625000000000004,-49394.77593927466,521.6865698720139
0.8768333333333334,0.4625,-49378.35618184258,505.26681243993517
0.8768333333333334,0.46875,-49362.247890501225,489.1585210985795
0.8768333333333334,0.47500000000000003,-49346.44814799632,473.3587785936761
0.8768333333333334,0.48125,-49330.95408746274,457.8647180600965
0.8768333333333334,0.48750000000000004,-49315.76289123877,442.6735218361282
0.8768333333333334,0.49375,-49300.871789716206,427.7824203135606
0.8768333333333334,0.5,-49286.278060225,413.18869082235324
0.8768333333333334,0.5062500000000001,-49271.97902595105,398.88965654840285
0.8768333333333334,0.5125,-49257.97205488609,384.88268548344786
0.8768333333333334,0.51875,-49244.25455880841,371.165189405765
0.8768333333333334,0.525,-49230.82399229331,357.7346228906681
0.8768333333333334,0.53125,-49217.67785175239,344.5884823497472
0.8768333333333334,0.5375000000000001,-49204.81367450037,331.72430509772676
0.8768333333333334,0.54375,-49192.22903784875,319.13966844610695
0.8768333333333334,0.55,-49179.92155822518,306.83218882253277
0.8768333333333334,0.55625,-49167.8888903178,294.7995209151559
0.8768333333333334,0.5625,-49156.12872624361,283.0393568409636
0.8768333333333334,0.5687500000000001,-49144.638794739934,271.549425337289
0.8768333333333334,0.575,-49133.41686037854,260.3274909758911
0.8768333333333334,0.58125,-49122.46072280116,249.37135339851375
0.8768333333333334,0.5875,-49111.768215976204,238.67884657355899
0.8768333333333334,0.59375,-49101.337207475546,228.24783807290078
0.8768333333333334,0.6000000000000001,-49091.16559777099,218.07622836834344
0.8768333333333334,0.60625,-49081.25131954954,208.16195014689583
0.8768333333333334,0.6125,-49071.592337047165,198.50296764451923
0.8768333333333334,0.61875,-49062.18664540004,189.09727599739563
0.8768333333333334,0.625,-49053.032270013166,179.94290061052016
0.8768333333333334,0.6312500000000001,-49044.127265945404,171.03789654275897
0.8768333333333334,0.6375,-49035.46971731061,162.3803479079652
0.8768333333333334,0.64375,-49027.05773669439,153.96836729174538
0.8768333333333334,0.65,-49018.889464585816,145.80009518317092
0.8768333333333334,0.65625,-49010.963068823745,137.87369942109945
0.8768333333333334,0.6625000000000001,-49003.27674405731,130.18737465466256
0.8768333333333334,0.66875,-48995.82871122006,122.73934181741788
0.8768333333333334,0.675,-48988.61721701739,115.52784761474322
0.8768333333333334,0.68125,-48981.64053342674,108.55116402409476
0.8768333333333334,0.6875,-48974.896957210454,101.80758780780889
0.8768333333333334,0.6937500000000001,-48968.384809440504,95.2954400378585
0.8768333333333334,0.7,-48962.10243503506,89.01306563241815
0.8768333333333334,0.70625,-48956.048202306454,82.9588329038088
0.8768333333333334,0.7125000000000001,-48950.22050252005,77.13113311740744
0.8768333333333334,0.71875,-48944.61774946394,71.52838006129605
0.8768333333333334,0.7250000000000001,-48939.23837902898,66.14900962633692
0.8768333333333334,0.73125,-48934.0808487989,60.991479396252544
0.8768333333333334,0.7375,-48929.14363765019,56.054268247542495
0.8768333333333334,0.7437500000000001,-48924.42524536153,51.33587595888821
0.8768333333333334,0.75,-48919.92419223245,46.83482282980549
0.8768333333333334,0.7562500000000001,-48915.63901871086,42.54964930821734
0.8768333333333334,0.7625,-48911.56828502941,38.47891562676523
0.8768333333333334,0.76875,-48907.710570850235,34.621201447589556
0.8768333333333334,0.7750000000000001,-48904.06447491795,30.975105515302857
0.8768333333333334,0.78125,-48900.6286147206,27.53924531795201
0.8768333333333334,0.7875000000000001,-48897.40162615842,24.312256755772978
0.8768333333333334,0.79375,-48894.38216322011,21.292793817461643
0.8768333333333334,0.8,-48891.56889766644,18.479528263793327
0.8768333333333334,0.8062500000000001,-48888.96051872104,15.8711493183946
0.8768333333333334,0.8125,-48886.55573276807,13.466363365427242
0.8768333333333334,0.8187500000000001,-48884.35326305672,11.263893654075218
0.8768333333333334,0.825,-48882.35184941215,9.262480009507271
0.8768333333333334,0.83125,-48880.55024795298,7.460878550336929
0.8768333333333334,0.8375000000000001,-48878.94723081486,5.8578614122161525
0.8768333333333334,0.84375,-48877.54158588017,4.452216477526235
0.8768333333333334,0.8500000000000001,-48876.332116513615,3.2427471109695034
0.8768333333333334,0.85625,-48875.31764130349,2.228271900843538
0.8768333333333334,0.8625,-48874.496993808585,1.407624405939714
0.8768333333333334,0.8687500000000001,-48873.86902231051,0.779652907862328
0.8768333333333334,0.875,-48873.432589571334,0.3432201686882763
0.8768333333333334,0.8812500000000001,-48873.186572596314,0.09720319366897456
0.8768333333333334,0.8875,-48873.12986240177,0.040492999127309304
0.8768333333333334,0.89375,-48873.261363787715,0.17199438506941078
0.8768333333333334,0.9000000000000001,-48873.579995115346,0.490625712700421
0.8768333333333334,0.90625,-48874.08468808918,0.995318686531391
0.8768333333333334,0.9125000000000001,-48874.77438754363,1.68501814098272
0.8768333333333334,0.91875,-48875.648051234166,2.5586818315205164
0.8768333333333334,0.925,-48876.70464963259,3.6152802299475297
0.8768333333333334,0.9312500000000001,-48877.94316572663,4.853796323986899
0.8768333333333334,0.9375,-48879.362594823586,6.273225420940435
0.8768333333333334,0.9437500000000001,-48880.96194435797,7.872574955326854
0.8768333333333334,0.95,-48882.74023370305,9.650864300405374
0.8799166666666667,0.2,-50410.05230376187,1536.9629343592242
0.8799166666666667,0.20625000000000002,-50377.461074706946,1504.3717053043001
0.8799166666666667,0.21250000000000002,-50345.359251120986,1472.269881718341
0.8799166666666667,0.21875,-50313.74025696953,1440.6508875668878
0.8799166666666667,0.225,-50282.5976704315,1409.508301028858
0.8799166666666667,0.23125,-50251.925218903925,1378.8358495012799
0.8799166666666667,0.23750000000000002,-50221.71677421382,1348.6274048111736
0.8799166666666667,0.24375000000000002,-50191.96634802695,1318.8769786243065
0.8799166666666667,0.25,-50162.668087443504,1289.5787180408588
0.8799166666666667,0.25625000000000003,-50133.81627077146,1260.7269013688128
0.8799166666666667,0.2625,-50105.405303468986,1232.3159340663406
0.8799166666666667,0.26875000000000004,-50077.42971424753,1204.340344844888
0.8799166666666667,0.275,-50049.88415132799,1176.794781925346
0.8799166666666667,0.28125,-50022.76337884247,1149.6740094398265
0.8799166666666667,0.28750000000000003,-49996.062273375006,1122.9729039723607
0.8799166666666667,0.29375,-49969.77582063442,1096.686451231777
0.8799166666666667,0.30000000000000004,-49943.89911225339,1070.8097428507463
0.8799166666666667,0.30625,-49918.42734270783,1045.3379733051843
0.8799166666666667,0.3125,-49893.35580635101,1020.2664369483682
0.8799166666666667,0.31875000000000003,-49868.6798945574,995.590525154752
0.8799166666666667,0.325,-49844.39509297105,971.3057235684028
0.8799166666666667,0.33125000000000004,-49820.49697885411,947.4076094514676
0.8799166666666667,0.3375,-49796.98121853084,923.8918491281947
0.8799166666666667,0.34375,-49773.843564922994,900.7541955203487
0.8799166666666667,0.35000000000000003,-49751.07985517272,877.9904857700749
0.8799166666666667,0.35625,-49728.68600834903,855.5966389463865
0.8799166666666667,0.36250000000000004,-49706.658023234275,833.5686538316295
0.8799166666666667,0.36875,-49684.99197618741,811.9026067847662
0.8799166666666667,0.375,-49663.68401908056,790.5946496779143
0.8799166666666667,0.38125000000000003,-49642.730377306,769.6410079033521
0.8799166666666667,0.3875,-49622.12734785057,749.0379784479228
0.8799166666666667,0.39375000000000004,-49601.87129743472,728.7819280320764
0.8799166666666667,0.4,-49581.958660713586,708.8692913109408
0.8799166666666667,0.40625,-49562.385938537576,689.2965691349309
0.8799166666666667,0.41250000000000003,-49543.149696270004,670.0603268673585
0.8799166666666667,0.41875,-49524.24656215965,651.1571927570039
0.8799166666666667,0.42500000000000004,-49505.673225765844,632.5838563631987
0.8799166666666667,0.43125,-49487.426436434216,614.3370670315708
0.8799166666666667,0.4375,-49469.503001821,596.4136324183564
0.8799166666666667,0.44375000000000003,-49451.89978646406,578.810417061417
0.8799166666666667,0.45,-49434.61371039882,561.5243409961768
0.8799166666666667,0.45625000000000004,-49417.64174781741,544.5523784147663
0.8799166666666667,0.4625,-49400.9809257693,527.8915563666524
0.8799166666666667,0.46875,-49384.62832290199,511.53895349934464
0.8799166666666667,0.47500000000000003,-49368.5810682402,495.4916988375553
0.8799166666666667,0.48125,-49352.83634000199,479.7469705993426
0.8799166666666667,0.48750000000000004,-49337.39136445073,464.30199504808115
0.8799166666666667,0.49375,-49322.24341478126,449.1540453786147
0.8799166666666667,0.5,-49307.389810039414,434.30044063676905
0.8799166666666667,0.5062500000000001,-49292.82791407322,419.7385446705739
0.8799166666666667,0.5125,-49278.555134515016,405.4657651123707
0.8799166666666667,0.51875,-49264.56892179323,391.479552390585
0.8799166666666667,0.525,-49250.86676817274,377.777398770093
0.8799166666666667,0.53125,-49237.44620682291,364.35683742026595
0.8799166666666667,0.5375000000000001,-49224.304810912174,351.2154415095283
0.8799166666666667,0.54375,-49211.440192728456,338.3508233258108
0.8799166666666667,0.55,-49198.85000282432,325.7606334216762
0.8799166666666667,0.55625,-49186.53192918617,313.4425597835216
0.8799166666666667,0.5625,-49174.48369642654,301.39432702389604
0.8799166666666667,0.5687500000000001,-49162.703064998845,289.61369559619925
0.8799166666666667,0.575,-49151.18783043363,278.09846103098243
0.8799166666666667,0.58125,-49139.93582259584,266.8464531931968
0.8799166666666667,0.5875,-49128.944904962176,255.85553555953084
0.8799166666666667,0.59375,-49118.21297391805,245.12360451540735
0.8799166666666667,0.6000000000000001,-49107.73795807343,234.64858867078146
0.8799166666666667,0.60625,-49097.51781759687,224.42844819422317
0.8799166666666667,0.6125,-49087.550543567326,214.46117416468041
0.8799166666666667,0.61875,-49077.83415734302,204.74478794037714
0.8799166666666667,0.625,-49068.36670994683,195.27734054418397
0.8799166666666667,0.6312500000000001,-49059.14628146776,186.05691206511256
0.8799166666666667,0.6375,-49050.17098047789,177.0816110752421
0.8799166666666667,0.64375,-49041.43894346441,168.34957406176545
0.8799166666666667,0.65,-49032.94833427612,159.85896487347782
0.8799166666666667,0.65625,-49024.69734358413,151.60797418148286
0.8799166666666667,0.6625000000000001,-49016.68418835613,143.5948189534829
0.8799166666666667,0.66875,-49008.907111343986,135.8177419413405
0.8799166666666667,0.675,-49001.36438058411,128.27501118146756
0.8799166666666667,0.68125,-48994.05428891034,120.96491950769268
0.8799166666666667,0.6875,-48986.97515347884,113.88578407619207
0.8799166666666667,0.6937500000000001,-48980.125315304664,107.03594590201828
0.8799166666666667,0.7,-48973.503138809836,100.41376940719056
0.8799166666666667,0.70625,-48967.107011382235,94.01764197958983
0.8799166666666667,0.7125000000000001,-48960.93534294533,87.84597354268772
0.8799166666666667,0.71875,-48954.986565538245,81.8971961356001
0.8799166666666667,0.7250000000000001,-48949.259132905776,76.16976350313053
0.8799166666666667,0.73125,-48943.75152009842,70.66215069577447
0.8799166666666667,0.7375,-48938.46222308168,65.37285367903678
0.8799166666666667,0.7437500000000001,-48933.38975835468,60.300388952033245
0.8799166666666667,0.75,-48928.532662577745,55.443293175099825
0.8799166666666667,0.7562500000000001,-48923.88949220863,50.800122805987485
0.8799166666666667,0.7625,-48919.458823147266,46.36945374462084
0.8799166666666667,0.76875,-48915.23925038861,42.14988098596223
0.8799166666666667,0.7750000000000001,-48911.22938768359,38.14001828094479
0.8799166666666667,0.78125,-48907.4278672078,34.338497805154475
0.8799166666666667,0.7875000000000001,-48903.8333392376,30.74396983495535
0.8799166666666667,0.79375,-48900.44447183372,27.355102431072737
0.8799166666666667,0.8,-48897.25995053189,24.170581129241327
0.8799166666666667,0.8062500000000001,-48894.27847804043,21.189108637787285
0.8799166666666667,0.8125,-48891.49877394465,18.409404542006087
0.8799166666666667,0.8187500000000001,-48888.91957441769,15.830205015045067
0.8799166666666667,0.825,-48886.53963193779,13.450262535145157
0.8799166666666667,0.83125,-48884.35771501192,11.268345609278185
0.8799166666666667,0.8375000000000001,-48882.3726079052,9.283238502554013
0.8799166666666667,0.84375,-48880.58311037642,7.493740973775857
0.8799166666666667,0.8500000000000001,-48878.988037419185,5.898668016539887
0.8799166666666667,0.85625,-48877.58621900868,4.496849606031901
0.8799166666666667,0.8625,-48876.37649985385,3.2871304512082133
0.8799166666666667,0.8687500000000001,-48875.357739154926,2.268369752280705
0.8799166666666667,0.875,-48874.52881036597,1.4394409633241594
0.8799166666666667,0.8812500000000001,-48873.88860096263,0.7992315599840367
0.8799166666666667,0.8875,-48873.436012214624,0.34664281197910896
0.8799166666666667,0.89375,-48873.169958963124,0.08058956047898391
0.8799166666666667,0.9000000000000001,-48873.089369402645,0.0
0.8799166666666667,0.90625,-48873.19318486762,0.10381546497228555
0.8799166666666667,0.9125000000000001,-48873.48035962322,0.3909902205778053
0.8799166666666667,0.91875,-48873.94986066067,0.860491258026741
0.8799166666666667,0.925,-48874.600667496576,1.511298093930236
0.8799166666666667,0.9312500000000001,-48875.43177197644,2.3424025737913325
0.8799166666666667,0.9375,-48876.44217808216,3.3528086795122363
0.8799166666666667,0.9437500000000001,-48877.63090174342,4.541532340772392
0.8799166666666667,0.95,-48878.99697065285,5.907601250204607
0.883,0.2,-50439.59560898222,1566.5062395795758
0.883,0.20625000000000002,-50406.96467954929,1533.8753101466427
0.883,0.21250000000000002,-50374.81617810226,1501.7268086996119
0.883,0.21875,-50343.143688547905,1470.0543191452598
0.883,0.225,-50311.94094347935,1438.8515740767034
0.883,0.23125,-50281.2018194196,1408.1124500169535
0.883,0.23750000000000002,-50250.920332259826,1377.8309628571806
0.883,0.24375000000000002,-50221.09063288281,1348.0012634801678
0.883,0.25,-50191.707002962365,1318.6176335597193
0.883,0.25625000000000003,-50162.763850930074,1289.6744815274287
0.883,0.2625,-50134.25570810136,1261.166338698713
0.883,0.26875000000000004,-50106.17722495317,1233.087855550526
0.883,0.275,-50078.523167545965,1205.43379814332
0.883,0.28125,-50051.288414083385,1178.1990446807395
0.883,0.28750000000000003,-50024.46795160306,1151.3785822004138
0.883,0.29375,-49998.05687279239,1124.9675033897438
0.883,0.30000000000000004,-49972.05037292379,1098.9610035211444
0.883,0.30625,-49946.44374690365,1073.354377501004
0.883,0.3125,-49921.23238643019,1048.1430170275416
0.883,0.31875000000000003,-49896.41177725505,1023.3224078524072
0.883,0.325,-49871.97749654416,998.8881271415157
0.883,0.33125000000000004,-49847.92521033349,974.8358409308421
0.883,0.3375,-49824.25067107546,951.1613016728152
0.883,0.34375,-49800.94971527225,927.8603458696016
0.883,0.35000000000000003,-49778.01826119199,904.9288917893427
0.883,0.35625,-49755.45230666458,882.3629372619325
0.883,0.36250000000000004,-49733.24792695361,860.1585575509671
0.883,0.36875,-49711.40127270117,838.3119032985269
0.883,0.375,-49689.90856794259,816.8191985399462
0.883,0.38125000000000003,-49668.766108188196,795.6767387855507
0.883,0.3875,-49647.970258569236,774.8808891665904
0.883,0.39375000000000004,-49627.51745204558,754.4280826429313
0.883,0.4,-49607.40418767235,734.3148182697041
0.883,0.40625,-49587.627028923525,714.53765952088
0.883,0.41250000000000003,-49568.18260206991,695.0932326672628
0.883,0.41875,-49549.06759460948,675.9782252068326
0.883,0.42500000000000004,-49530.27875374801,657.1893843453654
0.883,0.43125,-49511.81288492809,638.7235155254457
0.883,0.4375,-49493.666850404494,620.5774810018484
0.883,0.44375000000000003,-49475.83756786428,602.7481984616315
0.883,0.45,-49458.3220090899,585.2326396872522
0.883,0.45625000000000004,-49441.117198663545,568.0278292609
0.883,0.4625,-49424.220212711356,551.1308433087106
0.883,0.46875,-49407.62817768585,534.5388082832069
0.883,0.47500000000000003,-49391.33826918536,518.2488997827168
0.883,0.48125,-49375.34771080881,502.25834140616644
0.883,0.48750000000000004,-49359.653773044876,486.5644036422309
0.883,0.49375,-49344.25377219396,471.1644027913135
0.883,0.5,-49329.1450693221,456.0556999194523
0.883,0.5062500000000001,-49314.325069245344,441.2356998426985
0.883,0.5125,-49299.79121954391,426.70185014126764
0.883,0.51875,-49285.541009604574,412.45164020192897
0.883,0.525,-49271.57196969073,398.48260028808727
0.883,0.53125,-49257.881670038994,384.79230063634895
0.883,0.5375000000000001,-49244.467719981316,371.3783505786705
0.883,0.54375,-49231.327767091905,358.2383976892597
0.883,0.55,-49218.45949635802,345.37012695537123
0.883,0.55625,-49205.86062937383,332.7712599711813
0.883,0.5625,-49193.52892355653,320.43955415388336
0.883,0.5687500000000001,-49181.46217138408,308.3728019814371
0.883,0.575,-49169.65819965366,296.56883025101706
0.883,0.58125,-49158.11486876031,285.0254993576673
0.883,0.5875,-49146.830071995035,273.7407025923894
0.883,0.59375,-49135.80173486171,262.7123654590614
0.883,0.6000000000000001,-49125.02781441219,251.93844500954583
0.883,0.60625,-49114.50629859909,241.41692919644265
0.883,0.6125,-49104.23520564551,231.14583624286752
0.883,0.61875,-49094.21258343139,221.1232140287466
0.883,0.625,-49084.43650889576,211.34713949311117
0.883,0.6312500000000001,-49074.905087454434,201.81571805178828
0.883,0.6375,-49065.61645243282,192.52708303017425
0.883,0.64375,-49056.56876451307,183.47939511042205
0.883,0.65,-49047.76021119547,174.67084179282392
0.883,0.65625,-49039.189006273285,166.0996368706401
0.883,0.6625000000000001,-49030.85338932095,157.7640199183079
0.883,0.66875,-49022.75162519501,149.66225579236198
0.883,0.675,-49014.882003547405,141.7926341447601
0.883,0.68125,-49007.242838350954,134.15346894830873
0.883,0.6875,-48999.83246743637,126.74309803372307
0.883,0.6937500000000001,-48992.64925204069,119.55988263804466
0.883,0.7,-48985.691576366575,112.60220696392935
0.883,0.70625,-48978.95784715246,105.86847774981288
0.883,0.7125000000000001,-48972.44649325289,99.35712385024817
0.883,0.71875,-48966.155965229,93.0665958263562
0.883,0.7250000000000001,-48960.084734948665,86.99536554601946
0.883,0.73125,-48954.2312951962,81.14192579355586
0.883,0.7375,-48948.59415929123,75.50478988858231
0.883,0.7437500000000001,-48943.17186071645,70.0824913138058
0.883,0.75,-48937.96295275422,64.87358335157478
0.883,0.7562500000000001,-48932.96600813131,59.876638728666876
0.883,0.7625,-48928.17961867216,55.09024926951679
0.883,0.76875,-48923.60239495989,50.513025557243964
0.883,0.7750000000000001,-48919.23296600512,46.143596602472826
0.883,0.78125,-48915.06997892234,41.98060951969819
0.883,0.7875000000000001,-48911.11209861357,38.02272921092663
0.883,0.79375,-48907.358007459145,34.268638056499185
0.883,0.8,-48903.80640501542,30.717035612775362
0.883,0.8062500000000001,-48900.45600771923,27.366638316583703
0.883,0.8125,-48897.30554859889,24.216179196242592
0.883,0.8187500000000001,-48894.35377699154,21.264407588896574
0.883,0.825,-48891.59945826678,18.51008886413183
0.883,0.83125,-48889.04137355623,15.95200415358704
0.883,0.8375000000000001,-48886.678319489074,13.588950086428667
0.883,0.84375,-48884.50910793326,11.419738530617906
0.883,0.8500000000000001,-48882.53256574231,9.4431963396637
0.883,0.85625,-48880.74753450751,7.658165104861837
0.883,0.8625,-48879.15287031546,6.06350091281638
0.883,0.8687500000000001,-48877.747443510714,4.658074108068831
0.883,0.875,-48876.530138463444,3.4407690607986297
0.883,0.8812500000000001,-48875.49985334201,2.410483939362166
0.883,0.8875,-48874.65549989027,1.5661304876266513
0.883,0.89375,-48873.99600320957,0.9066338069242192
0.883,0.9000000000000001,-48873.5203015452,0.43093214255350176
0.883,0.90625,-48873.22734607731,0.13797667466133134
0.883,0.9125000000000001,-48873.116100716055,0.02673131340998225
0.883,0.91875,-48873.18554190108,0.09617249843722675
0.883,0.925,-48873.434658404905,0.3452890022599604
0.883,0.9312500000000001,-48873.86245114039,0.7730817377450876
0.883,0.9375,-48874.46793297212,1.3785635694730445
0.883,0.9437500000000001,-48875.25012853154,2.1607591288920958
0.883,0.95,-48876.20807403574,3.1187046330960584
0.8860833333333333,0.2,-50469.531284266035,1596.4419148633897
0.8860833333333333,0.20625000000000002,-50436.86664575721,1563.7772763545654
0.8860833333333333,0.21250000000000002,-50404.67744036878,1531.588070966136
0.8860833333333333,0.21875,-50372.95741086098,1499.868041458336
0.8860833333333333,0.225,-50341.70044325714,1468.6110738544958
0.8860833333333333,0.23125,-50310.90056231859,1437.8111929159422
0.8860833333333333,0.23750000000000002,-50280.55192720254,1407.4625577998959
0.8860833333333333,0.24375000000000002,-50250.64882729386,1377.5594578912132
0.8860833333333333,0.25,-50221.1856782023,1348.096308799657
0.8860833333333333,0.25625000000000003,-50192.15701791719,1319.067648514545
0.8860833333333333,0.2625,-50163.55750311208,1290.468133709437
0.8860833333333333,0.26875000000000004,-50135.38190559219,1262.2925361895468
0.8860833333333333,0.275,-50107.62510887806,1234.5357394754174
0.8860833333333333,0.28125,-50080.28210491883,1207.1927355161824
0.8860833333333333,0.28750000000000003,-50053.34799092939,1180.2586215267438
0.8860833333333333,0.29375,-50026.81796634567,1153.7285969430231
0.8860833333333333,0.30000000000000004,-50000.68732989261,1127.5979604899621
0.8860833333333333,0.30625,-49974.95147675983,1101.8621073571849
0.8860833333333333,0.3125,-49949.60589588016,1076.5165264775133
0.8860833333333333,0.31875000000000003,-49924.64616730646,1051.556797903817
0.8860833333333333,0.325,-49900.06795968248,1026.9785902798321
0.8860833333333333,0.33125000000000004,-49875.8670278035,1002.7776584008534
0.8860833333333333,0.3375,-49852.039210263145,978.9498408604995
0.8860833333333333,0.34375,-49828.5804271823,955.4910577796545
0.8860833333333333,0.35000000000000003,-49805.48667801704,932.397308614396
0.8860833333333333,0.35625,-49782.75403944197,909.6646700393248
0.8860833333333333,0.36250000000000004,-49760.37866330579,887.2892939031444
0.8860833333333333,0.36875,-49738.35677465637,865.2674052537259
0.8860833333333333,0.375,-49716.68466983213,843.5953004294861
0.8860833333333333,0.38125000000000003,-49695.358714617236,822.2693452145904
0.8860833333333333,0.3875,-49674.375342457904,801.2859730552591
0.8860833333333333,0.39375000000000004,-49653.73105273742,780.6416833347757
0.8860833333333333,0.4,-49633.422409107494,760.3330397048485
0.8860833333333333,0.40625,-49613.446037873655,740.3566684710095
0.8860833333333333,0.41250000000000003,-49593.798626432705,720.7092570300592
0.8860833333333333,0.41875,-49574.476921760004,701.3875523573588
0.8860833333333333,0.42500000000000004,-49555.47772894481,682.3883595421648
0.8860833333333333,0.43125,-49536.79790977171,663.7085403690653
0.8860833333333333,0.4375,-49518.43438134648,645.3450119438348
0.8860833333333333,0.44375000000000003,-49500.384114764514,627.294745361869
0.8860833333333333,0.45,-49482.64413382045,609.5547644178077
0.8860833333333333,0.45625000000000004,-49465.21151375724,592.1221443545946
0.8860833333333333,0.4625,-49448.08338005324,574.9940106505965
0.8860833333333333,0.46875,-49431.256907246076,558.1675378434302
0.8860833333333333,0.47500000000000003,-49414.72931779166,541.6399483890127
0.8860833333333333,0.48125,-49398.49788095732,525.4085115546768
0.8860833333333333,0.48750000000000004,-49382.55991174762,509.47054234497773
0.8860833333333333,0.49375,-49366.91276986187,493.8234004592232
0.8860833333333333,0.5,-49351.553858681975,478.4644892793294
0.8860833333333333,0.5062500000000001,-49336.4806242898,463.3912548871522
0.8860833333333333,0.5125,-49321.690554512774,448.6011851101284
0.8860833333333333,0.51875,-49307.181177996885,434.0918085942394
0.8860833333333333,0.525,-49292.95006330608,419.8606939034362
0.8860833333333333,0.53125,-49278.99481804711,405.90544864446565
0.8860833333333333,0.5375000000000001,-49265.31308801897,392.22371861632564
0.8860833333333333,0.54375,-49251.90255638618,378.81318698353425
0.8860833333333333,0.55,-49238.760942874935,365.6715734722893
0.8860833333333333,0.55625,-49225.88600299146,352.79663358881226
0.8860833333333333,0.5625,-49213.27552726181,340.18615785916336
0.8860833333333333,0.5687500000000001,-49200.92734049235,327.8379710897061
0.8860833333333333,0.575,-49188.83930105036,315.7499316477115
0.8860833333333333,0.58125,-49177.00930016386,303.91993076121435
0.8860833333333333,0.5875,-49165.435261240345,292.34589183770004
0.8860833333333333,0.59375,-49154.11513920348,281.0257698008354
0.8860833333333333,0.6000000000000001,-49143.04691984746,269.95755044481484
0.8860833333333333,0.60625,-49132.22861920831,259.1392498056666
0.8860833333333333,0.6125,-49121.658282951576,248.56891354893014
0.8860833333333333,0.61875,-49111.333985775935,238.24461637328932
0.8860833333333333,0.625,-49101.25383083231,228.16446142966743
0.8860833333333333,0.6312500000000001,-49091.41594915775,218.32657975510665
0.8860833333333333,0.6375,-49081.81849912391,208.72912972126505
0.8860833333333333,0.64375,-49072.45966589941,199.37029649676697
0.8860833333333333,0.65,-49063.3376609259,190.248291523254
0.8860833333333333,0.65625,-49054.450721407164,181.36135200451827
0.8860833333333333,0.6625000000000001,-49045.79710981106,172.70774040841206
0.8860833333333333,0.66875,-49037.37511338378,164.28574398113415
0.8860833333333333,0.675,-49029.183043676145,156.09367427349935
0.8860833333333333,0.68125,-49021.21923608149,148.12986667884252
0.8860833333333333,0.6875,-49013.48204938487,140.39267998222203
0.8860833333333333,0.6937500000000001,-49005.96986532319,132.8804959205445
0.8860833333333333,0.7,-48998.68108815601,125.59171875336324
0.8860833333333333,0.70625,-48991.61414424659,118.5247748439433
0.8860833333333333,0.7125000000000001,-48984.76748165301,111.67811225036712
0.8860833333333333,0.71875,-48978.139569729035,105.05020032639004
0.8860833333333333,0.7250000000000001,-48971.72889873428,98.63952933163819
0.8860833333333333,0.73125,-48965.53397945374,92.4446100510977
0.8860833333333333,0.7375,-48959.55334282611,86.46397342346609
0.8860833333333333,0.7437500000000001,-48953.78553958073,80.69617017808196
0.8860833333333333,0.75,-48948.22913988304,75.13977048039669
0.8860833333333333,0.7562500000000001,-48942.882732988175,69.79336358552973
0.8860833333333333,0.7625,-48937.74492690239,64.65555749974737
0.8860833333333333,0.76875,-48932.81434805243,59.724978649785044
0.8860833333333333,0.7750000000000001,-48928.08964096218,55.00027155953285
0.8860833333333333,0.78125,-48923.5694679367,50.48009853405529
0.8860833333333333,0.7875000000000001,-48919.2525087535,46.16313935085782
0.8860833333333333,0.79375,-48915.13746036046,42.048090957818204
0.8860833333333333,0.8,-48911.22303658064,38.13366717799363
0.8860833333333333,0.8062500000000001,-48907.50796782361,34.418598420961644
0.8860833333333333,0.8125,-48903.991000803115,30.90163140046934
0.8860833333333333,0.8187500000000001,-48900.67089826088,27.581528858238016
0.8860833333333333,0.825,-48897.54643869656,24.457069293915993
0.8860833333333333,0.83125,-48894.61641610346,21.527046700815845
0.8860833333333333,0.8375000000000001,-48891.879639709965,18.790270307319588
0.8860833333333333,0.84375,-48889.3349337266,16.24556432395184
0.8860833333333333,0.8500000000000001,-48886.981137098424,13.89176769577898
0.8860833333333333,0.85625,-48884.81710326276,11.727733860112494
0.8860833333333333,0.8625,-48882.84169991203,9.752330509385502
0.8860833333333333,0.8687500000000001,-48881.053808761615,7.964439358969685
0.8860833333333333,0.875,-48879.45232532258,6.362955919932574
0.8860833333333333,0.8812500000000001,-48878.03615867908,4.946789276436903
0.8860833333333333,0.8875,-48876.80423127061,3.7148618679639185
0.8860833333333333,0.89375,-48875.7554786785,2.6661092758513405
0.8860833333333333,0.9000000000000001,-48874.88884941701,1.799480014364235
0.8860833333333333,0.90625,-48874.203304728595,1.1139353259495692
0.8860833333333333,0.9125000000000001,-48873.69781838344,0.6084489807981299
0.8860833333333333,0.91875,-48873.37137648307,0.28200708042277256
0.8860833333333333,0.925,-48873.22297726778,0.1336078651365824
0.8860833333333333,0.9312500000000001,-48873.25163092824,0.16226152559102047
0.8860833333333333,0.9375,-48873.45635942056,0.36699001791566843
0.8860833333333333,0.9437500000000001,-48873.83619628533,0.7468268826851272
0.8860833333333333,0.95,-48874.390186470046,1.300817067400203
0.8891666666666667,0.2,-50499.86377195998,1626.7744025573338
0.8891666666666667,0.20625000000000002,-50467.17153230225,1594.0821628996055
0.8891666666666667,0.21250000000000002,-50434.947714444526,1561.858345041881
0.8891666666666667,0.21875,-50403.18621884956,1530.0968494469125
0.8891666666666667,0.225,-50371.881083925575,1498.7917145229294
0.8891666666666667,0.23125,-50341.02648172525,1467.937112322601
0.8891666666666667,0.23750000000000002,-50310.61671381627,1437.5273444136255
0.8891666666666667,0.24375000000000002,-50280.64620731508,1407.556837912438
0.8891666666666667,0.25,-50251.109511076036,1378.0201416733908
0.8891666666666667,0.25625000000000003,-50222.001292028486,1348.9119226258408
0.8891666666666667,0.2625,-50193.316331654925,1320.22696225228
0.8891666666666667,0.26875000000000004,-50165.04952260351,1291.9601532008674
0.8891666666666667,0.275,-50137.195865428774,1264.1064960261283
0.8891666666666667,0.28125,-50109.750465454534,1236.6610960518883
0.8891666666666667,0.28750000000000003,-50082.70852975361,1209.619160350965
0.8891666666666667,0.29375,-50056.06536423885,1182.9759948362043
0.8891666666666667,0.30000000000000004,-50029.81637086067,1156.727001458028
0.8891666666666667,0.30625,-50003.957044906216,1130.8676755035704
0.8891666666666667,0.3125,-49978.48297239575,1105.3936029931065
0.8891666666666667,0.31875000000000003,-49953.38982757203,1080.3004581693822
0.8891666666666667,0.325,-49928.673370478515,1055.5840010758693
0.8891666666666667,0.33125000000000004,-49904.329444622716,1031.2400752200701
0.8891666666666667,0.3375,-49880.35397472099,1007.2646053183416
0.8891666666666667,0.34375,-49856.74296452134,983.6535951186961
0.8891666666666667,0.35000000000000003,-49833.492494700906,960.4031252982604
0.8891666666666667,0.35625,-49810.598720835056,937.5093514324108
0.8891666666666667,0.36250000000000004,-49788.05787143513,914.9685020324832
0.8891666666666667,0.36875,-49765.866246052035,892.77687664939
0.8891666666666667,0.375,-49744.020213442855,870.9308440402092
0.8891666666666667,0.38125000000000003,-49722.51620979817,849.4268403955211
0.8891666666666667,0.3875,-49701.3507370274,828.2613676247565
0.8891666666666667,0.39375000000000004,-49680.52036110007,807.4309916974235
0.8891666666666667,0.4,-49660.02171044059,786.9323410379438
0.8891666666666667,0.40625,-49639.851474374605,766.7621049719601
0.8891666666666667,0.41250000000000003,-49620.00640162483,746.9170322221835
0.8891666666666667,0.41875,-49600.483298854415,727.3939294517695
0.8891666666666667,0.42500000000000004,-49581.27902925612,708.1896598534731
0.8891666666666667,0.43125,-49562.390511185426,689.3011417827802
0.8891666666666667,0.4375,-49543.81471683603,670.7253474333847
0.8891666666666667,0.44375000000000003,-49525.548670956035,652.4593015533901
0.8891666666666667,0.45,-49507.58944960337,634.5000802007271
0.8891666666666667,0.45625000000000004,-49489.93417893896,616.8448095363128
0.8891666666666667,0.4625,-49472.58003405624,599.4906646535965
0.8891666666666667,0.46875,-49455.52423784573,582.4348684430879
0.8891666666666667,0.47500000000000003,-49438.764059893365,565.6746904907195
0.8891666666666667,0.48125,-49422.29681541129,549.2074460086442
0.8891666666666667,0.48750000000000004,-49406.119864200096,533.030494797451
0.8891666666666667,0.49375,-49390.23060964128,517.141240238634
0.8891666666666667,0.5,-49374.62649771887,501.53712831622397
0.8891666666666667,0.5062500000000001,-49359.30501606918,486.21564666653285
0.8891666666666667,0.5125,-49344.26369305776,471.17432365511195
0.8891666666666667,0.51875,-49329.500096882504,456.4107274798589
0.8891666666666667,0.525,-49315.01183470218,441.92246529953263
0.8891666666666667,0.53125,-49300.79655178926,427.70718238661357
0.8891666666666667,0.5375000000000001,-49286.85193070646,413.7625613038181
0.8891666666666667,0.54375,-49273.17569050607,400.08632110342296
0.8891666666666667,0.55,-49259.76558595124,386.6762165485925
0.8891666666666667,0.55625,-49246.61940675872,373.5300373560749
0.8891666666666667,0.5625,-49233.734976862055,360.6456074594098
0.8891666666666667,0.5687500000000001,-49221.110153694724,348.02078429207904
0.8891666666666667,0.575,-49208.74282749263,335.65345808998245
0.8891666666666667,0.58125,-49196.63092061505,323.5415512124018
0.8891666666666667,0.5875,-49184.77238688378,311.683017481133
0.8891666666666667,0.59375,-49173.16521093955,300.0758415369055
0.8891666666666667,0.6000000000000001,-49161.80740761552,288.71803821287176
0.8891666666666667,0.60625,-49150.697021326894,277.6076519242488
0.8891666666666667,0.6125,-49139.83212547653,266.742756073887
0.8891666666666667,0.61875,-49129.21082187584,256.1214524731913
0.8891666666666667,0.625,-49118.83124018039,245.74187077774695
0.8891666666666667,0.6312500000000001,-49108.69153734018,235.60216793753352
0.8891666666666667,0.6375,-49098.789897063514,225.70052766086883
0.8891666666666667,0.64375,-49089.12452929461,216.03515989196603
0.8891666666666667,0.65,-49079.693669704255,206.60430030160933
0.8891666666666667,0.65625,-49070.49557919306,197.40620979041705
0.8891666666666667,0.6625000000000001,-49061.528543407185,188.43917400453938
0.8891666666666667,0.66875,-49052.7908722658,179.70150286315766
0.8891666666666667,0.675,-49044.28089950034,171.19153009769798
0.8891666666666667,0.68125,-49035.99698220484,162.90761280219158
0.8891666666666667,0.6875,-49027.93750039718,154.84813099453459
0.8891666666666667,0.6937500000000001,-49020.10085659103,147.01148718838522
0.8891666666666667,0.7,-49012.48547537793,139.39610597528372
0.8891666666666667,0.70625,-49005.08980301941,132.00043361676217
0.8891666666666667,0.7125000000000001,-48997.912307048784,124.8229376461386
0.8891666666666667,0.71875,-48990.951475882306,117.86210647966072
0.8891666666666667,0.7250000000000001,-48984.20581843953,111.11644903688284
0.8891666666666667,0.73125,-48977.673863772434,104.58449436978844
0.8891666666666667,0.7375,-48971.354160703326,98.26479130068037
0.8891666666666667,0.7437500000000001,-48965.245277470895,92.15590806824912
0.8891666666666667,0.75,-48959.345801384654,86.25643198200851
0.8891666666666667,0.7562500000000001,-48953.65433848712,80.56496908447298
0.8891666666666667,0.7625,-48948.16951322368,75.08014382103283
0.8891666666666667,0.76875,-48942.889968120115,69.80059871746926
0.8891666666666667,0.7750000000000001,-48937.81436346717,64.72499406452698
0.8891666666666667,0.78125,-48932.94137701237,59.85200760972657
0.8891666666666667,0.7875000000000001,-48928.26970365861,55.180334255965136
0.8891666666666667,0.79375,-48923.79805516949,50.70868576684734
0.8891666666666667,0.8,-48919.52515988116,46.43579047851381
0.8891666666666667,0.8062500000000001,-48915.449762420474,42.360393017828756
0.8891666666666667,0.8125,-48911.57062342935,38.48125402670121
0.8891666666666667,0.8187500000000001,-48907.886519295105,34.797149892459856
0.8891666666666667,0.825,-48904.396241886665,31.30687248401955
0.8891666666666667,0.83125,-48901.09859829642,28.00922889377398
0.8891666666666667,0.8375000000000001,-48897.992410587685,24.90304118503991
0.8891666666666667,0.84375,-48895.076515547495,21.98714614484925
0.8891666666666667,0.8500000000000001,-48892.34976444469,19.260395042045275
0.8891666666666667,0.85625,-48889.81102279314,16.721653390493884
0.8891666666666667,0.8625,-48887.45917011991,14.369800717264297
0.8891666666666667,0.8687500000000001,-48885.29309973832,12.203730335677392
0.8891666666666667,0.875,-48883.31171852577,10.22234912312706
0.8891666666666667,0.8812500000000001,-48881.51394670609,8.424577303441765
0.8891666666666667,0.8875,-48879.898717636504,6.809348233859055
0.8891666666666667,0.89375,-48878.46497759891,5.375608196263784
0.8891666666666667,0.9000000000000001,-48877.211685595445,4.12231619279919
0.8891666666666667,0.90625,-48876.13781314828,3.0484437456325395
0.8891666666666667,0.9125000000000001,-48875.24234410335,2.1529747007080005
0.8891666666666667,0.91875,-48874.52427443827,1.434905035624979
0.8891666666666667,0.925,-48873.98261207388,0.893242671234475
0.8891666666666667,0.9312500000000001,-48873.61637668971,0.5270072870625881
0.8891666666666667,0.9375,-48873.42459954313,0.3352301404811442
0.8891666666666667,0.9437500000000001,-48873.406323292,0.3169538893562276
0.8891666666666667,0.95,-48873.56060182098,0.47123241833469365
0.89225,0.2,-50530.59760249654,1657.5082330938967
0.89225,0.20625000000000002,-50497.88398969468,1624.7946202920357
0.89225,0.21250000000000002,-50465.63177192196,1592.5424025193133
0.89225,0.21875,-50433.83500612785,1560.7456367252016
0.89225,0.225,-50402.48788199722,1529.3985125945765
0.89225,0.23125,-50371.584717866084,1498.4953484634389
0.89225,0.23750000000000002,-50341.11995679783,1468.0305873951875
0.89225,0.24375000000000002,-50311.088162812695,1437.99879341005
0.89225,0.25,-50281.48401726282,1408.394647860172
0.89225,0.25625000000000003,-50252.302315346264,1379.2129459436183
0.89225,0.2625,-50223.537962753515,1350.4485933508695
0.89225,0.26875000000000004,-50195.18597244025,1322.0966030376076
0.89225,0.275,-50167.241461520694,1294.152092118049
0.89225,0.28125,-50139.699648276015,1266.6102788733697
0.89225,0.28750000000000003,-50112.55584927264,1239.466479869996
0.89225,0.29375,-50085.80547658554,1212.716107182896
0.89225,0.30000000000000004,-50059.44403512189,1186.354665719242
0.89225,0.30625,-50033.46712004059,1160.377750637941
0.89225,0.3125,-50007.87041426361,1134.781044860967
0.89225,0.31875000000000003,-49982.64968607511,1109.5603166724613
0.89225,0.325,-49957.80078680451,1084.7114174018643
0.89225,0.33125000000000004,-49933.31964859012,1060.2302791874754
0.89225,0.3375,-49909.20228221975,1036.1129128171015
0.89225,0.34375,-49885.44477504513,1012.3554056424837
0.89225,0.35000000000000003,-49862.0432889672,988.9539195645557
0.89225,0.35625,-49838.994058489094,965.9046890864483
0.89225,0.36250000000000004,-49816.29338883428,943.204019431636
0.89225,0.36875,-49793.93765412706,920.8482847244159
0.89225,0.375,-49771.923295633096,898.8339262304507
0.89225,0.38125000000000003,-49750.246820057204,877.1574506545585
0.89225,0.3875,-49728.90479789667,855.8154284940247
0.89225,0.39375000000000004,-49707.893861847326,834.8044924446804
0.89225,0.4,-49687.210705260775,814.1213358581299
0.89225,0.40625,-49666.852080650526,793.7627112478804
0.89225,0.41250000000000003,-49646.814798245236,773.7254288425902
0.89225,0.41875,-49627.095724587205,754.0063551845597
0.89225,0.42500000000000004,-49607.69178117453,734.6024117718844
0.89225,0.43125,-49588.59994314503,715.5105737423874
0.89225,0.4375,-49569.81723800068,696.7278685980345
0.89225,0.44375000000000003,-49551.340744370704,678.2513749680584
0.89225,0.45,-49533.16759081224,660.0782214095962
0.89225,0.45625000000000004,-49515.294954646924,642.2055852442791
0.89225,0.4625,-49497.72006083223,624.6306914295856
0.89225,0.46875,-49480.4401808662,607.3508114635551
0.89225,0.47500000000000003,-49463.45263172455,590.3632623219019
0.89225,0.48125,-49446.75477482869,573.6654054260434
0.89225,0.48750000000000004,-49430.3440150439,557.2546456412529
0.89225,0.49375,-49414.21779970629,541.1284303036446
0.89225,0.5,-49398.37361767778,525.2842482751366
0.89225,0.5062500000000001,-49382.808998427936,509.7196290252905
0.89225,0.5125,-49367.52151114186,494.43214173921297
0.89225,0.51875,-49352.508763853155,479.41939445050957
0.89225,0.525,-49337.76840260116,464.6790331985176
0.89225,0.53125,-49323.29811061162,450.20874120897497
0.89225,0.5375000000000001,-49309.09560749991,436.00623809726676
0.89225,0.54375,-49295.15864849623,422.0692790935864
0.89225,0.55,-49281.48502369191,408.3956542892629
0.89225,0.55625,-49268.072557306084,394.9831879034391
0.89225,0.5625,-49254.91910697226,381.8297375696129
0.89225,0.5687500000000001,-49242.02256304388,368.93319364123454
0.89225,0.575,-49229.38084791845,356.2914785158064
0.89225,0.58125,-49216.99191537956,343.9025459769182
0.89225,0.5875,-49204.85374995617,331.7643805535263
0.89225,0.59375,-49192.96436629875,319.8749968961056
0.89225,0.6000000000000001,-49181.32180857158,308.2324391689326
0.89225,0.60625,-49169.92414986073,296.8347804580844
0.89225,0.6125,-49158.76949159746,285.6801221948117
0.89225,0.61875,-49147.85596299607,274.7665935934274
0.89225,0.625,-49137.18172050635,264.09235110370355
0.89225,0.6312500000000001,-49126.7449472796,253.65557787695434
0.89225,0.6375,-49116.543852648276,243.4544832456304
0.89225,0.64375,-49106.576671618546,233.48730221590085
0.89225,0.65,-49096.84166437549,223.75229497284454
0.89225,0.65625,-49087.3371158005,214.24774639785755
0.89225,0.6625000000000001,-49078.06133500062,204.97196559797158
0.89225,0.66875,-49069.01265484933,195.9232854466827
0.89225,0.675,-49060.189431538485,187.10006213583983
0.89225,0.68125,-49051.59004414124,178.50067473859235
0.89225,0.6875,-49043.21289418524,170.1235247825971
0.89225,0.6937500000000001,-49035.0564052363,161.9670358336516
0.89225,0.7,-49027.119022491745,154.02965308909916
0.89225,0.70625,-49019.3992123836,146.30984298095427
0.89225,0.7125000000000001,-49011.895462190994,138.8060927883489
0.89225,0.71875,-49004.60627966165,131.516910259008
0.89225,0.7250000000000001,-48997.530192642305,124.44082323965995
0.89225,0.73125,-48990.66574871758,117.5763793149381
0.89225,0.7375,-48984.011514857215,110.92214545456955
0.89225,0.7437500000000001,-48977.5660770715,104.4767076688513
0.89225,0.75,-48971.32804007442,98.23867067177343
0.89225,0.7562500000000001,-48965.29602695458,92.20665755193477
0.89225,0.7625,-48959.46867885352,86.37930945087282
0.89225,0.76875,-48953.84465465127,80.75528524862602
0.89225,0.7750000000000001,-48948.42263065894,75.33326125629537
0.89225,0.78125,-48943.201300318164,70.11193091551831
0.89225,0.7875000000000001,-48938.17937390727,65.0900045046219
0.89225,0.79375,-48933.35557825377,60.266208851127885
0.89225,0.8,-48928.72865645338,55.6392870507334
0.89225,0.8062500000000001,-48924.297367594954,51.20799819230888
0.89225,0.8125,-48920.06048649159,46.971117088942265
0.89225,0.8187500000000001,-48916.016803417435,42.92743401478947
0.89225,0.825,-48912.16512385021,39.07575444756367
0.89225,0.83125,-48908.5042682192,35.41489881655434
0.89225,0.8375000000000001,-48905.03307165875,31.94370225610328
0.89225,0.84375,-48901.750383766775,28.661014364130097
0.89225,0.8500000000000001,-48898.65506836862,25.56569896597648
0.89225,0.85625,-48895.74600328572,22.65663388307439
0.89225,0.8625,-48893.022080109105,19.932710706460057
0.89225,0.8687500000000001,-48890.482203977794,17.3928345751483
0.89225,0.875,-48888.125293361525,15.03592395887972
0.89225,0.8812500000000001,-48885.95027984823,12.860910445582704
0.89225,0.8875,-48883.95610793568,10.86673853303364
0.89225,0.89375,-48882.141734827535,9.052365424890013
0.89225,0.9000000000000001,-48880.506130233465,7.41676083081984
0.89225,0.90625,-48879.04827617333,5.958906770683825
0.89225,0.9125000000000001,-48877.76716678539,4.677797382741119
0.89225,0.91875,-48876.66180813822,3.572438735573087
0.89225,0.925,-48875.731218046625,2.641848643979756
0.89225,0.9312500000000001,-48874.974425890956,1.8850564883105108
0.89225,0.9375,-48874.390472440195,1.3011030375491828
0.89225,0.9437500000000001,-48873.97840967847,0.8890402758261189
0.89225,0.95,-48873.73730063501,0.647931232364499
0.8953333333333333,0.2,-50561.73739681375,1688.6480274111018
0.8953333333333333,0.20625000000000002,-50529.008762532045,1655.9193931293994
0.8953333333333333,0.21250000000000002,-50496.734482144115,1623.6451127414693
0.8953333333333333,0.21875,-50464.90876780391,1591.8193984012614
0.8953333333333333,0.225,-50433.52595930014,1560.4365898974938
0.8953333333333333,0.23125,-50402.58052018127,1529.4911507786237
0.8953333333333333,0.23750000000000002,-50372.0670340308,1498.9776646281534
0.8953333333333333,0.24375000000000002,-50341.980200885875,1468.8908314832297
0.8953333333333333,0.25,-50312.31483379239,1439.2254643897468
0.8953333333333333,0.25625000000000003,-50283.06585549044,1409.9764860877913
0.8953333333333333,0.2625,-50254.22829522389,1381.138925821244
0.8953333333333333,0.26875000000000004,-50225.79728566872,1352.7079162660739
0.8953333333333333,0.275,-50197.768059974434,1324.678690571789
0.8953333333333333,0.28125,-50170.13594891384,1297.046579511196
0.8953333333333333,0.28750000000000003,-50142.89637813602,1269.8070087333763
0.8953333333333333,0.29375,-50116.04486551819,1242.9554961155445
0.8953333333333333,0.30000000000000004,-50089.57701861212,1216.4876492094772
0.8953333333333333,0.30625,-50063.48853218085,1190.3991627782016
0.8953333333333333,0.3125,-50037.77518582194,1164.6858164192963
0.8953333333333333,0.31875000000000003,-50012.432841673624,1139.343472270979
0.8953333333333333,0.325,-49987.45744220014,1114.3680727974934
0.8953333333333333,0.33125000000000004,-49962.84500805315,1089.755638650502
0.8953333333333333,0.3375,-49938.59163600594,1065.5022666032964
0.8953333333333333,0.34375,-49914.693496957385,1041.6041275547395
0.8953333333333333,0.35000000000000003,-49891.146834002895,1018.0574646002497
0.8953333333333333,0.35625,-49867.94796056955,994.858591166907
0.8953333333333333,0.36250000000000004,-49845.09325861286,972.0038892102166
0.8953333333333333,0.36875,-49822.579176872576,949.4898074699304
0.8953333333333333,0.375,-49800.40222918542,927.3128597827745
0.8953333333333333,0.38125000000000003,-49778.55899285224,905.4696234495932
0.8953333333333333,0.3875,-49757.0461070576,883.956737654953
0.8953333333333333,0.39375000000000004,-49735.86027133968,862.7709019370377
0.8953333333333333,0.4,-49714.99824410863,841.9088747059868
0.8953333333333333,0.40625,-49694.45684121142,821.3674718087714
0.8953333333333333,0.41250000000000003,-49674.23293454139,801.1435651387437
0.8953333333333333,0.41875,-49654.32345069108,781.2340812884358
0.8953333333333333,0.42500000000000004,-49634.72536964618,761.6360002435322
0.8953333333333333,0.43125,-49615.43572351967,742.3463541170277
0.8953333333333333,0.4375,-49596.4515953242,723.3622259215554
0.8953333333333333,0.44375000000000003,-49577.770117781496,704.6807483788507
0.8953333333333333,0.45,-49559.388472167426,686.2991027647804
0.8953333333333333,0.45625000000000004,-49541.30388719142,668.2145177887724
0.8953333333333333,0.4625,-49523.51363790894,650.4242685062927
0.8953333333333333,0.46875,-49506.01504466591,632.9256752632646
0.8953333333333333,0.47500000000000003,-49488.80547207392,615.7161026712711
0.8953333333333333,0.48125,-49471.88232801505,598.792958612401
0.8953333333333333,0.48750000000000004,-49455.243062675385,582.1536932727395
0.8953333333333333,0.49375,-49438.88516760622,565.7957982035732
0.8953333333333333,0.5,-49422.806174811776,549.7168054091308
0.8953333333333333,0.5062500000000001,-49407.003655862856,533.9142864602109
0.8953333333333333,0.5125,-49391.47522103523,518.3858516325854
0.8953333333333333,0.51875,-49376.21851847214,503.129149069493
0.8953333333333333,0.525,-49361.23123336992,488.14186396727746
0.8953333333333333,0.53125,-49346.51108718616,473.4217177835162
0.8953333333333333,0.5375000000000001,-49332.05583686939,458.9664674667438
0.8953333333333333,0.54375,-49317.86327410987,444.7739047072246
0.8953333333333333,0.55,-49303.93122461051,430.8418552078656
0.8953333333333333,0.55625,-49290.25754737754,417.16817797489784
0.8953333333333333,0.5625,-49276.84013402995,403.75076462730794
0.8953333333333333,0.5687500000000001,-49263.67690812739,390.58753872474335
0.8953333333333333,0.575,-49250.7658245158,377.6764551131564
0.8953333333333333,0.58125,-49238.10486869019,365.01549928754685
0.8953333333333333,0.5875,-49225.69205617404,352.6026867713954
0.8953333333333333,0.59375,-49213.525431914866,340.4360625122208
0.8953333333333333,0.6000000000000001,-49201.603069695295,328.51370029264945
0.8953333333333333,0.60625,-49189.92307155929,316.83370215664763
0.8953333333333333,0.6125,-49178.483567253024,305.394197850379
0.8953333333333333,0.61875,-49167.28271367988,294.19334427723516
0.8953333333333333,0.625,-49156.318694369234,283.22932496658905
0.8953333333333333,0.6312500000000001,-49145.58971895855,272.5003495559067
0.8953333333333333,0.6375,-49135.094022688405,262.00465328575956
0.8953333333333333,0.64375,-49124.82986590998,251.7404965073365
0.8953333333333333,0.65,-49114.79553360476,241.70616420211445
0.8953333333333333,0.65625,-49104.98933491601,231.89996551336662
0.8953333333333333,0.6625000000000001,-49095.40960269164,222.3202332889923
0.8953333333333333,0.66875,-49086.05469303817,212.9653236355225
0.8953333333333333,0.675,-49076.92298488552,203.83361548287212
0.8953333333333333,0.68125,-49068.01287956216,194.92351015951135
0.8953333333333333,0.6875,-49059.32280038048,186.233430977838
0.8953333333333333,0.6937500000000001,-49050.851192231945,177.7618228292995
0.8953333333333333,0.7,-49042.59652119185,169.50715178920655
0.8953333333333333,0.70625,-49034.55727413338,161.46790473073634
0.8953333333333333,0.7125000000000001,-49026.73195835067,153.64258894802333
0.8953333333333333,0.71875,-49019.11910119061,146.02973178796674
0.8953333333333333,0.7250000000000001,-49011.71724969322,138.62788029057265
0.8953333333333333,0.73125,-49004.52497024028,131.4356008376344
0.8953333333333333,0.7375,-48997.54084821201,124.45147880936565
0.8953333333333333,0.7437500000000001,-48990.76348765158,117.67411824893497
0.8953333333333333,0.75,-48984.19151093722,111.10214153457491
0.8953333333333333,0.7562500000000001,-48977.823558461736,104.73418905909057
0.8953333333333333,0.7625,-48971.65828831921,98.56891891656414
0.8953333333333333,0.76875,-48965.69437599873,92.60500659608806
0.8953333333333333,0.7750000000000001,-48959.93051408485,86.8411446822065
0.8953333333333333,0.78125,-48954.36541196483,81.27604256218183
0.8953333333333333,0.7875000000000001,-48948.99779554209,75.90842613944551
0.8953333333333333,0.79375,-48943.826406956236,70.7370375535902
0.8953333333333333,0.8,-48938.850004308864,65.76063490621891
0.8953333333333333,0.8062500000000001,-48934.067361395595,60.97799199294968
0.8953333333333333,0.8125,-48929.47726744373,56.38789804108819
0.8953333333333333,0.8187500000000001,-48925.07852685561,51.98915745296108
0.8953333333333333,0.825,-48920.86995895742,47.78058955477172
0.8953333333333333,0.83125,-48916.85039775339,43.76102835074562
0.8953333333333333,0.8375000000000001,-48913.0186916852,39.92932228255813
0.8953333333333333,0.84375,-48909.37370339641,36.28433399376809
0.8953333333333333,0.8500000000000001,-48905.91430950188,32.82494009923539
0.8953333333333333,0.85625,-48902.63940036201,29.55003095936263
0.8953333333333333,0.8625,-48899.547879861624,26.458510458978708
0.8953333333333333,0.8687500000000001,-48896.63866519351,23.549295790864562
0.8953333333333333,0.875,-48893.910686646384,20.82131724373903
0.8953333333333333,0.8812500000000001,-48891.36288739716,18.273517994515714
0.8953333333333333,0.8875,-48888.994223307556,15.904853904910851
0.8953333333333333,0.89375,-48886.80366272478,13.714293322133017
0.8953333333333333,0.9000000000000001,-48884.79018628619,11.700816883545485
0.8953333333333333,0.90625,-48882.952786728085,9.863417325439514
0.8953333333333333,0.9125000000000001,-48881.29046869807,8.201099295423774
0.8953333333333333,0.91875,-48879.80224857142,6.712879168771906
0.8953333333333333,0.925,-48878.48715427091,5.397784868262534
0.8953333333333333,0.9312500000000001,-48877.34422509032,4.254855687671807
0.8953333333333333,0.9375,-48876.372511521375,3.2831421187293017
0.8953333333333333,0.9437500000000001,-48875.571075084124,2.4817056814790703
0.8953333333333333,0.95,-48874.938988160546,1.8496187579003163
0.8984166666666666,0.2,-50593.28786886083,1720.1984994581871
0.8984166666666666,0.20625000000000002,-50560.55069213943,1687.4613227367881
0.8984166666666666,0.21250000000000002,-50528.26081498458,1655.171445581931
0.8984166666666666,0.21875,-50496.41260340446,1623.3232340018149
0.8984166666666666,0.225,-50465.00054605253,1591.9111766498827
0.8984166666666666,0.23125,-50434.01925055446,1560.9298811518165
0.8984166666666666,0.23750000000000002,-50403.46343997554,1530.3740705728924
0.8984166666666666,0.24375000000000002,-50373.3279494221,1500.2385800194534
0.8984166666666666,0.25,-50343.6077227708,1470.5183533681557
0.8984166666666666,0.25625000000000003,-50314.29780951975,1441.2084401171014
0.8984166666666666,0.2625,-50285.39336175622,1412.3039923535762
0.8984166666666666,0.26875000000000004,-50256.889631235565,1383.8002618329192
0.8984166666666666,0.275,-50228.78196656626,1355.6925971636156
0.8984166666666666,0.28125,-50201.065810496795,1327.9764410941498
0.8984166666666666,0.28750000000000003,-50173.73669729935,1300.6473278967023
0.8984166666666666,0.29375,-50146.79025024666,1273.700880844015
0.8984166666666666,0.30000000000000004,-50120.22217917765,1247.132809775001
0.8984166666666666,0.30625,-50094.02827814812,1220.9389087454765
0.8984166666666666,0.3125,-50068.20442316299,1195.1150537603462
0.8984166666666666,0.31875000000000003,-50042.74656998656,1169.6572005839116
0.8984166666666666,0.325,-50017.650752027526,1144.561382624881
0.8984166666666666,0.33125000000000004,-49992.91307829572,1119.8237088930764
0.8984166666666666,0.3375,-49968.52973142752,1095.4403620248777
0.8984166666666666,0.34375,-49944.49696577729,1071.4075963746436
0.8984166666666666,0.35000000000000003,-49920.811105571884,1047.7217361692383
0.8984166666666666,0.35625,-49897.468543126066,1024.3791737234205
0.8984166666666666,0.36250000000000004,-49874.46573711603,1001.3763677133829
0.8984166666666666,0.36875,-49851.79921090898,978.7098415063374
0.8984166666666666,0.375,-49829.46555094642,956.3761815437756
0.8984166666666666,0.38125000000000003,-49807.46140517914,934.3720357764978
0.8984166666666666,0.3875,-49785.783481551814,912.6941121491691
0.8984166666666666,0.39375000000000004,-49764.42854653536,891.3391771327151
0.8984166666666666,0.4,-49743.393423705216,870.3040543025709
0.8984166666666666,0.40625,-49722.67499236374,849.5856229610945
0.8984166666666666,0.41250000000000003,-49702.27018620516,829.1808168025163
0.8984166666666666,0.41875,-49682.17599202143,809.0866226187864
0.8984166666666666,0.42500000000000004,-49662.38944844734,789.3000790446968
0.8984166666666666,0.43125,-49642.90764474376,769.8182753411165
0.8984166666666666,0.4375,-49623.72771961728,750.6383502146346
0.8984166666666666,0.44375000000000003,-49604.84686007507,731.7574906724258
0.8984166666666666,0.45,-49586.26230031364,713.1729309109942
0.8984166666666666,0.45625000000000004,-49567.9713206404,694.8819512377522
0.8984166666666666,0.4625,-49549.97124642665,676.8818770240032
0.8984166666666666,0.46875,-49532.259447091004,659.170077688359
0.8984166666666666,0.47500000000000003,-49514.83333511222,641.7439657095747
0.8984166666666666,0.48125,-49497.69036507025,624.6009956676062
0.8984166666666666,0.48750000000000004,-49480.82803271465,607.7386633120041
0.8984166666666666,0.49375,-49464.24387405939,591.154504656748
0.8984166666666666,0.5,-49447.93546450311,574.8460951004672
0.8984166666666666,0.5062500000000001,-49431.90041797396,558.8110485713114
0.8984166666666666,0.5125,-49416.13638609822,543.0470166955711
0.8984166666666666,0.51875,-49400.64105739187,527.5516879892239
0.8984166666666666,0.525,-49385.41215647442,512.3227870717747
0.8984166666666666,0.53125,-49370.44744330403,497.35807390138507
0.8984166666666666,0.5375000000000001,-49355.74471243353,482.655343030885
0.8984166666666666,0.54375,-49341.30179228641,468.2124228837638
0.8984166666666666,0.55,-49327.11654445221,454.0271750495667
0.8984166666666666,0.55625,-49313.186863000716,440.0974935980703
0.8984166666666666,0.5625,-49299.510673814286,426.42130441164045
0.8984166666666666,0.5687500000000001,-49286.08593393772,412.99656453507487
0.8984166666666666,0.575,-49272.910630945225,399.82126154258003
0.8984166666666666,0.58125,-49259.98278232375,386.89341292110475
0.8984166666666666,0.5875,-49247.30043487236,374.21106546971714
0.8984166666666666,0.59375,-49234.861664116994,361.7722947143484
0.8984166666666666,0.6000000000000001,-49222.66457374023,349.5752043375833
0.8984166666666666,0.60625,-49210.70729502552,337.61792562287155
0.8984166666666666,0.6125,-49198.9879863155,325.8986169128548
0.8984166666666666,0.61875,-49187.504832483915,314.41546308127
0.8984166666666666,0.625,-49176.256044420734,303.1666750180884
0.8984166666666666,0.6312500000000001,-49165.239858530076,292.1504891274308
0.8984166666666666,0.6375,-49154.45453624056,281.36516683791706
0.8984166666666666,0.64375,-49143.8983635277,270.80899412505823
0.8984166666666666,0.65,-49133.56965044797,260.4802810453257
0.8984166666666666,0.65625,-49123.46673068418,250.37736128153483
0.8984166666666666,0.6625000000000001,-49113.587961101926,240.49859169928095
0.8984166666666666,0.66875,-49103.93172131664,230.84235191399785
0.8984166666666666,0.675,-49094.49641327107,221.40704386842117
0.8984166666666666,0.68125,-49085.28046082274,212.19109142009256
0.8984166666666666,0.6875,-49076.28230934125,203.1929399386063
0.8984166666666666,0.6937500000000001,-49067.5004253151,194.41105591245287
0.8984166666666666,0.7,-49058.93329596759,185.8439265649431
0.8984166666666666,0.70625,-49050.57942888183,177.4900594791834
0.8984166666666666,0.7125000000000001,-49042.437351634355,169.34798223170947
0.8984166666666666,0.71875,-49034.50561143727,161.4162420346256
0.8984166666666666,0.7250000000000001,-49026.7827747885,153.69340538585675
0.8984166666666666,0.73125,-49019.267427130195,146.17805772754946
0.8984166666666666,0.7375,-49011.95817251474,138.86880311209825
0.8984166666666666,0.7437500000000001,-49004.85363327844,131.76426387579704
0.8984166666666666,0.75,-48997.95244972245,124.86308031980298
0.8984166666666666,0.7562500000000001,-48991.25327980096,118.16391039831797
0.8984166666666666,0.7625,-48984.754798816226,111.66542941358057
0.8984166666666666,0.76875,-48978.45569912046,105.36632971781364
0.8984166666666666,0.7750000000000001,-48972.35468982419,99.26532042154577
0.8984166666666666,0.78125,-48966.45049651111,93.36112710846646
0.8984166666666666,0.7875000000000001,-48960.7418609592,87.65249155655329
0.8984166666666666,0.79375,-48955.22754086772,82.1381714650779
0.8984166666666666,0.8,-48949.906309590355,76.8169401877094
0.8984166666666666,0.8062500000000001,-48944.77695587397,71.68758647132199
0.8984166666666666,0.8125,-48939.838283602934,66.74891420028871
0.8984166666666666,0.8187500000000001,-48935.089111549074,61.999742146428616
0.8984166666666666,0.825,-48930.52827312672,57.438903724076226
0.8984166666666666,0.83125,-48926.154616153086,53.065246750440565
0.8984166666666666,0.8375000000000001,-48921.96700261366,48.877633211013745
0.8984166666666666,0.84375,-48917.964308432456,44.874939029810776
0.8984166666666666,0.8500000000000001,-48914.14542324712,41.05605384447699
0.8984166666666666,0.85625,-48910.50925018866,37.41988078601571
0.8984166666666666,0.8625,-48907.05470566577,33.96533626312157
0.8984166666666666,0.8687500000000001,-48903.78071915352,30.691349750872178
0.8984166666666666,0.875,-48900.68623298646,27.59686358381441
0.8984166666666666,0.8812500000000001,-48897.770202155894,24.68083275324898
0.8984166666666666,0.8875,-48895.03159411127,21.942224708625872
0.8984166666666666,0.89375,-48892.46938856555,19.380019162905228
0.8984166666666666,0.9000000000000001,-48890.082577304594,16.993207901949063
0.8984166666666666,0.90625,-48887.87016400024,14.78079459759465
0.8984166666666666,0.9125000000000001,-48885.8311640272,12.741794624555041
0.8984166666666666,0.91875,-48883.964604283574,10.875234880928474
0.8984166666666666,0.925,-48882.269523014846,9.180153612200229
0.8984166666666666,0.9312500000000001,-48880.74496964144,7.655600238795159
0.8984166666666666,0.9375,-48879.39000458957,6.300635186926229
0.8984166666666666,0.9437500000000001,-48878.2036991255,5.114329722855473
0.8984166666666666,0.95,-48877.18513519286,4.095765790218138
0.9015,0.2,-50625.253828193505,1752.1644587908595
0.9015,0.20625000000000002,-50592.514719305516,1719.425349902871
0.9015,0.21250000000000002,-50560.21584372977,1687.126474327124
0.9015,0.21875,-50528.35171990884,1655.262350506193
0.9015,0.225,-50496.91698405395,1623.8276146513017
0.9015,0.23125,-50465.90638666652,1592.817017263871
0.9015,0.23750000000000002,-50435.314789190954,1562.2254197883085
0.9015,0.24375000000000002,-50405.1371607925,1532.0477913898576
0.9015,0.25,-50375.36857525463,1502.2792058519844
0.9015,0.25625000000000003,-50346.004207990496,1472.9148385878507
0.9015,0.2625,-50317.03933316347,1443.9499637608242
0.9015,0.26875000000000004,-50288.46932091177,1415.3799515091232
0.9015,0.275,-50260.28963467271,1387.2002652700612
0.9015,0.28125,-50232.49582860235,1359.4064591997012
0.9015,0.28750000000000003,-50205.08354508603,1331.9941756833869
0.9015,0.29375,-50178.04851233647,1304.9591429338252
0.9015,0.30000000000000004,-50151.38654207507,1278.2971726724281
0.9015,0.30625,-50125.09352729349,1252.0041578908422
0.9015,0.3125,-50099.16544009168,1226.076070689036
0.9015,0.31875000000000003,-50073.5983295895,1200.508960186853
0.9015,0.325,-50048.38831990867,1175.298950506025
0.9015,0.33125000000000004,-50023.53160822239,1150.4422388197418
0.9015,0.3375,-49999.0244628696,1125.9350934669565
0.9015,0.34375,-49974.86322153159,1101.773852128943
0.9015,0.35000000000000003,-49951.04428946819,1077.9549200655456
0.9015,0.35625,-49927.56413781132,1054.474768408676
0.9015,0.36250000000000004,-49904.41930191363,1031.3299325109838
0.9015,0.36875,-49881.606379749974,1008.5170103473283
0.9015,0.375,-49859.1220303698,986.0326609671538
0.9015,0.38125000000000003,-49836.96297239838,963.8736029957363
0.9015,0.3875,-49815.12598258503,942.036613182383
0.9015,0.39375000000000004,-49793.60789439658,920.5185249939314
0.9015,0.4,-49772.405596654324,899.3162272516784
0.9015,0.40625,-49751.51603221285,878.426662810205
0.9015,0.41250000000000003,-49730.93619667916,857.8468272765167
0.9015,0.41875,-49710.66313717064,837.5737677679936
0.9015,0.42500000000000004,-49690.69395111034,817.6045817076956
0.9015,0.43125,-49671.02578505836,797.9364156557131
0.9015,0.4375,-49651.65583357789,778.5664641752446
0.9015,0.44375000000000003,-49632.5813381347,759.491968732058
0.9015,0.45,-49613.799586028945,740.7102166262994
0.9015,0.45625000000000004,-49595.307909358,722.2185399553564
0.9015,0.4625,-49577.10368400936,704.014314606713
0.9015,0.46875,-49559.18432868249,686.0949592798424
0.9015,0.47500000000000003,-49541.547303938554,668.4579345359089
0.9015,0.48125,-49524.19011127722,651.1007418745721
0.9015,0.48750000000000004,-49507.110292239435,634.0209228367894
0.9015,0.49375,-49490.305427535335,617.2160581326898
0.9015,0.5,-49473.7731361965,600.6837667938526
0.9015,0.5062500000000001,-49457.51107475166,584.4217053490138
0.9015,0.5125,-49441.51693642509,568.4275670224451
0.9015,0.51875,-49425.78845035688,552.6990809542331
0.9015,0.525,-49410.32338084448,537.234011441833
0.9015,0.53125,-49395.11952660463,522.0301572019816
0.9015,0.5375000000000001,-49380.17472005528,507.08535065263277
0.9015,0.54375,-49365.486826616485,492.3974572138395
0.9015,0.55,-49351.05374403,477.96437462735776
0.9015,0.55625,-49336.873401696765,463.78403229411924
0.9015,0.5625,-49322.94376003176,449.8543906291161
0.9015,0.5687500000000001,-49309.26280983578,436.1734404331364
0.9015,0.575,-49295.82857168332,422.73920228067436
0.9015,0.58125,-49282.63909532643,409.5497259237818
0.9015,0.5875,-49269.69245911374,396.6030897110977
0.9015,0.59375,-49256.986769424344,383.89740002169856
0.9015,0.6000000000000001,-49244.52016011597,371.43079071332613
0.9015,0.60625,-49232.290791987136,359.2014225844905
0.9015,0.6125,-49220.29685225275,347.2074828501063
0.9015,0.61875,-49208.53655403276,335.4471846301167
0.9015,0.625,-49197.00813585352,323.9187664508718
0.9015,0.6312500000000001,-49185.70986116142,312.62049175877473
0.9015,0.6375,-49174.64001784848,301.55064844583103
0.9015,0.64375,-49163.79691778943,290.7075483867811
0.9015,0.65,-49153.17889639012,280.0895269874745
0.9015,0.65625,-49142.784312146774,269.69494274412864
0.9015,0.6625000000000001,-49132.6115462158,259.5221768131523
0.9015,0.66875,-49122.6590019939,249.5696325912577
0.9015,0.675,-49112.92510470818,239.83573530553258
0.9015,0.68125,-49103.40830101584,230.3189316131975
0.9015,0.6875,-49094.107058613416,221.0176892107702
0.9015,0.6937500000000001,-49085.01986585499,211.93049645234714
0.9015,0.7,-49076.145231379436,203.05586197679077
0.9015,0.70625,-49067.481683746206,194.39231434356043
0.9015,0.7125000000000001,-49059.02777107947,185.93840167682356
0.9015,0.71875,-49050.78206072051,177.69269131786132
0.9015,0.7250000000000001,-49042.74313888794,169.65376948529592
0.9015,0.73125,-49034.90961034568,161.8202409430378
0.9015,0.7375,-49027.280098078416,154.19072867577052
0.9015,0.7437500000000001,-49019.85324297428,146.76387357163185
0.9015,0.75,-49012.62770351475,139.53833411210508
0.9015,0.7562500000000001,-49005.60215547134,132.51278606869164
0.9015,0.7625,-48998.775291608974,125.68592220632854
0.9015,0.76875,-48992.145821396036,119.05645199339051
0.9015,0.7750000000000001,-48985.7124707206,112.62310131795675
0.9015,0.78125,-48979.47398161296,106.38461221031321
0.9015,0.7875000000000001,-48973.429111974125,100.33974257147929
0.9015,0.79375,-48967.57663531021,94.48726590756269
0.9015,0.8,-48961.91534047251,88.82597106986213
0.9015,0.8062500000000001,-48956.44403140314,83.35466200049268
0.9015,0.8125,-48951.16152688614,78.072157483497
0.9015,0.8187500000000001,-48946.066660303724,72.97729090107896
0.9015,0.825,-48941.158279397816,68.06890999517054
0.9015,0.83125,-48936.43524603653,63.34587663388811
0.9015,0.8375000000000001,-48931.89643598547,58.80706658282725
0.9015,0.84375,-48927.54073868395,54.45136928130523
0.9015,0.8500000000000001,-48923.367057025636,50.277687622990925
0.9015,0.85625,-48919.374307143895,46.28493774124945
0.9015,0.8625,-48915.56141820144,42.472048798794276
0.9015,0.8687500000000001,-48911.92733218431,38.83796278166119
0.9015,0.875,-48908.471003700055,35.38163429740962
0.9015,0.8812500000000001,-48905.19139977996,32.102030377311166
0.9015,0.8875,-48902.087499685265,28.998130282619968
0.9015,0.89375,-48899.15829471736,26.06892531471385
0.9015,0.9000000000000001,-48896.40278803164,23.31341862899717
0.9015,0.90625,-48893.81999445516,20.73062505251437
0.9015,0.9125000000000001,-48891.408940307825,18.319570905179717
0.9015,0.91875,-48889.168663227225,16.07929382457951
0.9015,0.925,-48887.09821199677,14.008842594121234
0.9015,0.9312500000000001,-48885.196646377255,12.107276974609704
0.9015,0.9375,-48883.463036941735,10.373667539090093
0.9015,0.9437500000000001,-48881.89646491355,8.807095510906947
0.9015,0.95,-48880.49602200747,7.406652604826377
0.9045833333333333,0.2,-50657.6401826628,1784.5508132601535
0.9045833333333333,0.20625000000000002,-50624.90588711867,1751.8165177160263
0.9045833333333333,0.21250000000000002,-50592.604748068115,1719.51537866547
0.9045833333333333,0.21875,-50560.73143489706,1687.6420654944159
0.9045833333333333,0.225,-50529.28072999799,1656.191360595345
0.9045833333333333,0.23125,-50498.247525478866,1625.1581560762206
0.9045833333333333,0.23750000000000002,-50467.62681999437,1594.537450591728
0.9045833333333333,0.24375000000000002,-50437.41371569397,1564.3243462913233
0.9045833333333333,0.25,-50407.6034152814,1534.5140458787573
0.9045833333333333,0.25625000000000003,-50378.19121918097,1505.1018497783225
0.9045833333333333,0.2625,-50349.17252280559,1476.0831534029421
0.9045833333333333,0.26875000000000004,-50320.54281392245,1447.4534445198078
0.9045833333333333,0.275,-50292.29767011182,1419.2083007091715
0.9045833333333333,0.28125,-50264.43275631516,1391.3433869125147
0.9045833333333333,0.28750000000000003,-50236.94382246866,1363.8544530660147
0.9045833333333333,0.29375,-50209.82670121867,1336.7373318160244
0.9045833333333333,0.30000000000000004,-50183.07730571538,1309.987936312733
0.9045833333333333,0.30625,-50156.69162748179,1283.6022580791468
0.9045833333333333,0.3125,-50130.66573435464,1257.576364951994
0.9045833333333333,0.31875000000000003,-50104.99576849432,1231.9063990916766
0.9045833333333333,0.325,-50079.67794446128,1206.5885750586312
0.9045833333333333,0.33125000000000004,-50054.7085473557,1181.6191779530564
0.9045833333333333,0.3375,-50030.08393101848,1156.9945616158366
0.9045833333333333,0.34375,-50005.80051629065,1132.711146888003
0.9045833333333333,0.35000000000000003,-49981.85478932908,1108.7654199264362
0.9045833333333333,0.35625,-49958.24329997637,1085.1539305737242
0.9045833333333333,0.36250000000000004,-49934.96266018258,1061.873290779935
0.9045833333333333,0.36875,-49912.00954247697,1038.9201730743225
0.9045833333333333,0.375,-49889.38067848776,1016.2913090851143
0.9045833333333333,0.38125000000000003,-49867.07285750811,993.983488105463
0.9045833333333333,0.3875,-49845.082925106515,971.9935557038698
0.9045833333333333,0.39375000000000004,-49823.407781780006,950.3184123773608
0.9045833333333333,0.4,-49802.0443816485,928.9550122458531
0.9045833333333333,0.40625,-49780.98973118884,907.9003617861963
0.9045833333333333,0.41250000000000003,-49760.24088800697,887.1515186043252
0.9045833333333333,0.41875,-49739.79495964694,866.7055902442953
0.9045833333333333,0.42500000000000004,-49719.649102435316,846.5597330326709
0.9045833333333333,0.43125,-49699.80052035983,826.7111509571841
0.9045833333333333,0.4375,-49680.24646398089,807.1570945782441
0.9045833333333333,0.44375000000000003,-49660.98422937488,787.8948599722353
0.9045833333333333,0.45,-49642.01115710815,768.9217877055053
0.9045833333333333,0.45625000000000004,-49623.324631240495,750.23526183785
0.9045833333333333,0.4625,-49604.922078357195,731.8327089545492
0.9045833333333333,0.46875,-49586.800966628594,713.7115972259489
0.9045833333333333,0.47500000000000003,-49568.95880489625,695.8694354936015
0.9045833333333333,0.48125,-49551.39314178476,678.303772382118
0.9045833333333333,0.48750000000000004,-49534.10156483839,661.0121954357455
0.9045833333333333,0.49375,-49517.081699681614,643.9923302789684
0.9045833333333333,0.5,-49500.331209202865,627.2418398002192
0.9045833333333333,0.5062500000000001,-49483.847792760615,610.7584233579691
0.9045833333333333,0.5125,-49467.629185411104,594.5398160084587
0.9045833333333333,0.51875,-49451.673157156954,578.583787754309
0.9045833333333333,0.525,-49435.977512216006,562.8881428133609
0.9045833333333333,0.53125,-49420.540088309775,547.4507189071301
0.9045833333333333,0.5375000000000001,-49405.35875597075,532.2693865681067
0.9045833333333333,0.54375,-49390.431417868094,517.3420484654489
0.9045833333333333,0.55,-49375.75600815096,502.66663874831283
0.9045833333333333,0.55625,-49361.3304918091,488.24112240645627
0.9045833333333333,0.5625,-49347.15286404999,474.06349464734376
0.9045833333333333,0.5687500000000001,-49333.221149692086,460.13178028944094
0.9045833333333333,0.575,-49319.53340257366,446.44403317101387
0.9045833333333333,0.58125,-49306.08770497672,432.9983355740769
0.9045833333333333,0.5875,-49292.88216706562,419.7927976629726
0.9045833333333333,0.59375,-49279.91492633977,406.82555693712493
0.9045833333333333,0.6000000000000001,-49267.18414710014,394.09477769749356
0.9045833333333333,0.60625,-49254.68801992906,381.59865052641544
0.9045833333333333,0.6125,-49242.424761183014,369.3353917803688
0.9045833333333333,0.61875,-49230.39261249786,357.3032430952153
0.9045833333333333,0.625,-49218.589840306246,345.5004709036002
0.9045833333333333,0.6312500000000001,-49207.014735366916,333.9253659642709
0.9045833333333333,0.6375,-49195.66561230525,322.5762429026072
0.9045833333333333,0.64375,-49184.54080916513,311.451439762488
0.9045833333333333,0.65,-49173.63868697145,300.5493175688025
0.9045833333333333,0.65625,-49162.9576293031,289.86825990045327
0.9045833333333333,0.6625000000000001,-49152.496041876184,279.4066724735385
0.9045833333333333,0.66875,-49142.25235213702,269.1629827343713
0.9045833333333333,0.675,-49132.225008864756,259.1356394621107
0.9045833333333333,0.68125,-49122.41248178332,249.32311238067632
0.9045833333333333,0.6875,-49112.813261182404,239.72389177975856
0.9045833333333333,0.6937500000000001,-49103.42585754715,230.33648814450135
0.9045833333333333,0.7,-49094.24880119651,221.15943179386522
0.9045833333333333,0.70625,-49085.28064192984,212.19127252719773
0.9045833333333333,0.7125000000000001,-49076.51994868154,203.43057927889458
0.9045833333333333,0.71875,-49067.96530918361,194.87593978096265
0.9045833333333333,0.7250000000000001,-49059.61532963572,186.52596023307706
0.9045833333333333,0.73125,-49051.468634382865,178.3792649802199
0.9045833333333333,0.7375,-49043.523865600066,170.43449619742023
0.9045833333333333,0.7437500000000001,-49035.77968298423,162.690313581581
0.9045833333333333,0.75,-49028.2347634527,155.1453940500578
0.9045833333333333,0.7562500000000001,-49020.887800848664,147.7984314460191
0.9045833333333333,0.7625,-49013.73750565277,140.64813625012175
0.9045833333333333,0.76875,-49006.782604701235,133.69323529858957
0.9045833333333333,0.7750000000000001,-49000.02184091004,126.93247150739626
0.9045833333333333,0.78125,-48993.453973005,120.36460360235651
0.9045833333333333,0.7875000000000001,-48987.07777525777,113.98840585512517
0.9045833333333333,0.79375,-48980.89203722746,107.8026678248134
0.9045833333333333,0.8,-48974.89556350773,101.8061941050837
0.9045833333333333,0.8062500000000001,-48969.08717347926,95.99780407661456
0.9045833333333333,0.8125,-48963.46570106757,90.37633166492742
0.9045833333333333,0.8187500000000001,-48958.02999450571,84.94062510306685
0.9045833333333333,0.825,-48952.77891610216,79.689546699512
0.9045833333333333,0.83125,-48947.71134201337,74.62197261072288
0.9045833333333333,0.8375000000000001,-48942.82616202113,69.73679261848156
0.9045833333333333,0.84375,-48938.12227931456,65.0329099119117
0.9045833333333333,0.8500000000000001,-48933.598610276444,60.50924087379826
0.9045833333333333,0.85625,-48929.25408427408,56.16471487143281
0.9045833333333333,0.8625,-48925.08764345436,51.99827405171527
0.9045833333333333,0.8687500000000001,-48921.0982425429,48.00887314025749
0.9045833333333333,0.875,-48917.284848647454,44.195479244808666
0.9045833333333333,0.8812500000000001,-48913.64644106494,40.55707166229695
0.9045833333333333,0.8875,-48910.18201109274,37.092641690091114
0.9045833333333333,0.89375,-48906.890561843364,33.801192440718296
0.9045833333333333,0.9000000000000001,-48903.77110806312,30.681738660474366
0.9045833333333333,0.90625,-48900.82267595413,27.73330655148311
0.9045833333333333,0.9125000000000001,-48898.04430299998,24.954933597335184
0.9045833333333333,0.91875,-48895.435037794734,22.345668392088555
0.9045833333333333,0.925,-48892.99393987531,19.90457047266682
0.9045833333333333,0.9312500000000001,-48890.72007955707,17.63071015442256
0.9045833333333333,0.9375,-48888.61253777265,15.523168370003987
0.9045833333333333,0.9437500000000001,-48886.67040591383,13.581036511182901
0.9045833333333333,0.95,-48884.892785676464,11.803416273818584
0.9076666666666667,0.2,-50690.451941201616,1817.3625717989707
0.9076666666666667,0.20625000000000002,-50657.729343907704,1784.6399745050585
0.9076666666666667,0.21250000000000002,-50625.43281719107,1752.343447788422
0.9076666666666667,0.21875,-50593.55717981733,1720.4678104146878
0.9076666666666667,0.225,-50562.097358912644,1689.0079895099989
0.9076666666666667,0.23125,-50531.04838685278,1657.9590174501354
0.9076666666666667,0.23750000000000002,-50500.405398266084,1627.316028863439
0.9076666666666667,0.24375000000000002,-50470.16362714534,1597.0742577426936
0.9076666666666667,0.25,-50440.318404063575,1567.2290346609298
0.9076666666666667,0.25625000000000003,-50410.86515348952,1537.7757840868726
0.9076666666666667,0.2625,-50381.7993911981,1508.7100217954576
0.9076666666666667,0.26875000000000004,-50353.11672177217,1480.0273523695214
0.9076666666666667,0.275,-50324.812836191326,1451.7234667886805
0.9076666666666667,0.28125,-50296.883509504325,1423.7941401016797
0.9076666666666667,0.28750000000000003,-50269.324598581516,1396.2352291788702
0.9076666666666667,0.29375,-50242.13203994385,1369.0426705412028
0.9076666666666667,0.30000000000000004,-50215.30184766545,1342.2124782628016
0.9076666666666667,0.30625,-50188.83011134669,1315.7407419440424
0.9076666666666667,0.3125,-50162.71299415482,1289.6236247521738
0.9076666666666667,0.31875000000000003,-50136.94673092943,1263.8573615267815
0.9076666666666667,0.325,-50111.527626350304,1238.4382569476584
0.9076666666666667,0.33125000000000004,-50086.452053164925,1213.3626837622796
0.9076666666666667,0.3375,-50061.71645047341,1188.6270810707647
0.9076666666666667,0.34375,-50037.31732206872,1164.2279526660714
0.9076666666666667,0.35000000000000003,-50013.251234829644,1140.1618654269987
0.9076666666666667,0.35625,-49989.51481716501,1116.4254477623617
0.9076666666666667,0.36250000000000004,-49966.10475750663,1093.0153881039878
0.9076666666666667,0.36875,-49943.01780284953,1069.928433446883
0.9076666666666667,0.375,-49920.25075733743,1047.161387934786
0.9076666666666667,0.38125000000000003,-49897.80048089185,1024.7111114892032
0.9076666666666667,0.3875,-49875.663887883224,1002.5745184805783
0.9076666666666667,0.39375000000000004,-49853.83794584242,980.7485764397716
0.9076666666666667,0.4,-49832.31967421121,959.2303048085669
0.9076666666666667,0.40625,-49811.106143130244,938.0167737275988
0.9076666666666667,0.41250000000000003,-49790.19447226312,917.1051028604779
0.9076666666666667,0.41875,-49769.58182965535,896.4924602527026
0.9076666666666667,0.42500000000000004,-49749.26543062683,876.1760612241851
0.9076666666666667,0.43125,-49729.24253669678,856.1531672941346
0.9076666666666667,0.4375,-49709.51045453983,836.4210851371827
0.9076666666666667,0.44375000000000003,-49690.06653497225,816.9771655696022
0.9076666666666667,0.45,-49670.908171967305,797.8188025646596
0.9076666666666667,0.45625000000000004,-49652.03280169859,778.9434322959423
0.9076666666666667,0.4625,-49633.437901610516,760.3485322078704
0.9076666666666667,0.46875,-49615.12098951493,742.0316201122841
0.9076666666666667,0.47500000000000003,-49597.079622713005,723.9902533103595
0.9076666666666667,0.48125,-49579.31139714151,706.2220277388624
0.9076666666666667,0.48750000000000004,-49561.81394654269,688.7245771400412
0.9076666666666667,0.49375,-49544.58494165694,671.4955722542945
0.9076666666666667,0.5,-49527.6220894375,654.5327200348547
0.9076666666666667,0.5062500000000001,-49510.923132286436,637.8337628837908
0.9076666666666667,0.5125,-49494.485847311254,621.3964779086091
0.9076666666666667,0.51875,-49478.3080456014,605.2186761987541
0.9076666666666667,0.525,-49462.3875715241,589.2982021214557
0.9076666666666667,0.53125,-49446.72230203874,573.6329326360938
0.9076666666666667,0.5375000000000001,-49431.31014602946,558.2207766268111
0.9076666666666667,0.54375,-49416.14904365504,543.0596742523921
0.9076666666666667,0.55,-49401.23696571589,528.147596313247
0.9076666666666667,0.55625,-49386.57191303728,513.4825436346364
0.9076666666666667,0.5625,-49372.1519158685,499.0625464658515
0.9076666666666667,0.5687500000000001,-49357.975033297414,484.8856638947691
0.9076666666666667,0.575,-49344.03935267987,470.94998327722715
0.9076666666666667,0.58125,-49330.34298908358,457.25361968093785
0.9076666666666667,0.5875,-49316.88408474595,443.79471534330514
0.9076666666666667,0.59375,-49303.66080854552,430.57143914287735
0.9076666666666667,0.6000000000000001,-49290.67135548656,417.58198608391103
0.9076666666666667,0.60625,-49277.91394619636,404.82457679371146
0.9076666666666667,0.6125,-49265.38682643494,392.2974570322913
0.9076666666666667,0.61875,-49253.088266616796,379.99889721415093
0.9076666666666667,0.625,-49241.01656134421,367.92719194156234
0.9076666666666667,0.6312500000000001,-49229.17002895191,356.0806595492613
0.9076666666666667,0.6375,-49217.54701106272,344.45764166007575
0.9076666666666667,0.64375,-49206.145872153786,333.0565027511402
0.9076666666666667,0.65,-49194.96499913322,321.87562973057356
0.9076666666666667,0.65625,-49184.00280092674,310.91343152409536
0.9076666666666667,0.6625000000000001,-49173.257708074045,300.1683386713994
0.9076666666666667,0.66875,-49162.72817233472,289.6388029320733
0.9076666666666667,0.675,-49152.412666303266,279.32329690062033
0.9076666666666667,0.68125,-49142.30968303315,269.22031363050337
0.9076666666666667,0.6875,-49132.417735669456,259.3283662668109
0.9076666666666667,0.6937500000000001,-49122.73535709008,249.645987687436
0.9076666666666667,0.7,-49113.26109955502,240.17173015237495
0.9076666666666667,0.70625,-49103.99353436376,230.9041649611172
0.9076666666666667,0.7125000000000001,-49094.931251520335,221.84188211768924
0.9076666666666667,0.71875,-49086.07285940595,212.983490003302
0.9076666666666667,0.7250000000000001,-49077.41698445897,204.32761505632516
0.9076666666666667,0.73125,-49068.96227086207,195.87290145942825
0.9076666666666667,0.7375,-49060.707380236265,187.61801083361934
0.9076666666666667,0.7437500000000001,-49052.65099134171,179.56162193906493
0.9076666666666667,0.75,-49044.79179978515,171.70243038250192
0.9076666666666667,0.7562500000000001,-49037.1285177337,164.03914833105227
0.9076666666666667,0.7625,-49029.65987363486,156.57050423221517
0.9076666666666667,0.76875,-49022.384611942674,149.295242540029
0.9076666666666667,0.7750000000000001,-49015.3014928497,142.21212344705418
0.9076666666666667,0.78125,-49008.40929202475,135.31992262210406
0.9076666666666667,0.7875000000000001,-49001.706800356325,128.61743095368
0.9076666666666667,0.79375,-48995.19282370141,122.10345429876179
0.9076666666666667,0.8,-48988.86618263959,115.7768132369456
0.9076666666666667,0.8062500000000001,-48982.72571223242,109.63634282977728
0.9076666666666667,0.8125,-48976.770261787744,103.68089238509856
0.9076666666666667,0.8187500000000001,-48970.99869462907,97.90932522642106
0.9076666666666667,0.825,-48965.40988786952,92.32051846687682
0.9076666666666667,0.83125,-48960.00273219077,86.91336278812378
0.9076666666666667,0.8375000000000001,-48954.77613162619,81.68676222354406
0.9076666666666667,0.84375,-48949.72900334871,76.63963394606253
0.9076666666666667,0.8500000000000001,-48944.86027746286,71.77090806021442
0.9076666666666667,0.85625,-48940.16889680113,67.07952739848406
0.9076666666666667,0.8625,-48935.65381672437,62.56444732172531
0.9076666666666667,0.8687500000000001,-48931.314004926244,58.22463552359841
0.9076666666666667,0.875,-48927.14844124162,54.05907183897216
0.9076666666666667,0.8812500000000001,-48923.156117458755,50.066748056109645
0.9076666666666667,0.8875,-48919.336037135276,46.24666773263016
0.9076666666666667,0.89375,-48915.68721541766,42.59784601501451
0.9076666666666667,0.9000000000000001,-48912.208678864496,39.11930946185021
0.9076666666666667,0.90625,-48908.899465272945,35.81009587029985
0.9076666666666667,0.9125000000000001,-48905.75862350888,32.66925410623662
0.9076666666666667,0.91875,-48902.785213340045,29.69584393739933
0.9076666666666667,0.925,-48899.978305272685,26.88893587003986
0.9076666666666667,0.9312500000000001,-48897.33698039115,24.247610988502856
0.9076666666666667,0.9375,-48894.860330200725,21.770960798079614
0.9076666666666667,0.9437500000000001,-48892.547456473345,19.45808707069955
0.9076666666666667,0.95,-48890.39747109633,17.308101693684875
0.9107500000000001,0.2,-50723.69421671338,1850.6048473107367
0.9107500000000001,0.20625000000000002,-50690.99034629182,1817.9009768891774
0.9107500000000001,0.21250000000000002,-50658.70545301105,1785.6160836084018
0.9107500000000001,0.21875,-50626.83450337857,1753.7451339759282
0.9107500000000001,0.225,-50595.37256773402,1722.2831983313736
0.9107500000000001,0.23125,-50564.31481731111,1691.2254479084659
0.9107500000000001,0.23750000000000002,-50533.65652140571,1660.5671520030664
0.9107500000000001,0.24375000000000002,-50503.39304464515,1630.3036752425032
0.9107500000000001,0.25,-50473.519844354465,1600.4304749518196
0.9107500000000001,0.25625000000000003,-50444.032468015495,1570.94309861285
0.9107500000000001,0.2625,-50414.92655081465,1541.8371814120037
0.9107500000000001,0.26875000000000004,-50386.19781327582,1513.1084438731777
0.9107500000000001,0.275,-50357.842058974755,1484.7526895721094
0.9107500000000001,0.28125,-50329.85517233138,1456.765802928734
0.9107500000000001,0.28750000000000003,-50302.2331164771,1429.1437470744568
0.9107500000000001,0.29375,-50274.971931193766,1401.8825617911207
0.9107500000000001,0.30000000000000004,-50248.067730921466,1374.9783615188207
0.9107500000000001,0.30625,-50221.51670283241,1348.4273334297613
0.9107500000000001,0.3125,-50195.315104968126,1322.2257355654801
0.9107500000000001,0.31875000000000003,-50169.45926443755,1296.3698950349062
0.9107500000000001,0.325,-50143.94557567357,1270.8562062709243
0.9107500000000001,0.33125000000000004,-50118.77049874567,1245.681129343022
0.9107500000000001,0.3375,-50093.93055772653,1220.8411883238878
0.9107500000000001,0.34375,-50069.422339110555,1196.3329697079098
0.9107500000000001,0.35000000000000003,-50045.242490282115,1172.1531208794695
0.9107500000000001,0.35625,-50021.387718031896,1148.2983486292505
0.9107500000000001,0.36250000000000004,-49997.85478711926,1124.7654177166114
0.9107500000000001,0.36875,-49974.64051887905,1101.5511494764069
0.9107500000000001,0.375,-49951.74178987117,1078.6524204685265
0.9107500000000001,0.38125000000000003,-49929.15553057115,1056.0661611685064
0.9107500000000001,0.3875,-49906.878724100505,1033.7893546978594
0.9107500000000001,0.39375000000000004,-49884.90840499512,1011.8190355924744
0.9107500000000001,0.4,-49863.24165801048,990.152288607831
0.9107500000000001,0.40625,-49841.875616962316,968.7862475596703
0.9107500000000001,0.41250000000000003,-49820.807463601406,947.7180941987608
0.9107500000000001,0.41875,-49800.034426521335,926.9450571186899
0.9107500000000001,0.42500000000000004,-49779.55378009798,906.4644106953347
0.9107500000000001,0.43125,-49759.36284345973,886.2734740570813
0.9107500000000001,0.4375,-49739.45897948714,866.3696100844973
0.9107500000000001,0.44375000000000003,-49719.83959384133,846.7502244386851
0.9107500000000001,0.45,-49700.502134019705,827.41276461706
0.9107500000000001,0.45625000000000004,-49681.44408843847,808.3547190358222
0.9107500000000001,0.4625,-49662.66298554075,789.5736161381064
0.9107500000000001,0.46875,-49644.15639292953,771.0670235268844
0.9107500000000001,0.47500000000000003,-49625.92191652463,752.8325471219869
0.9107500000000001,0.48125,-49607.957199742814,734.8678303401684
0.9107500000000001,0.48750000000000004,-49590.25992270031,717.170553297663
0.9107500000000001,0.49375,-49572.82780143699,699.7384320343481
0.9107500000000001,0.5,-49555.658587161575,682.5692177589299
0.9107500000000001,0.5062500000000001,-49538.750065516935,665.6606961142897
0.9107500000000001,0.5125,-49522.10005586514,649.0106864624977
0.9107500000000001,0.51875,-49505.70641059145,632.6170411888015
0.9107500000000001,0.525,-49489.56701442658,616.4776450239369
0.9107500000000001,0.53125,-49473.67978378682,600.5904143841763
0.9107500000000001,0.5375000000000001,-49458.04266613133,584.9532967286868
0.9107500000000001,0.54375,-49442.65363933607,569.5642699334276
0.9107500000000001,0.55,-49427.510711083894,554.421341681249
0.9107500000000001,0.55625,-49412.61191827025,539.5225488676078
0.9107500000000001,0.5625,-49397.95532642407,524.8659570214222
0.9107500000000001,0.5687500000000001,-49383.53902914323,510.4496597405814
0.9107500000000001,0.575,-49369.36114754437,496.2717781417232
0.9107500000000001,0.58125,-49355.41982972639,482.33046032374114
0.9107500000000001,0.5875,-49341.71325024739,468.62388084474514
0.9107500000000001,0.59375,-49328.23960961452,455.1502402118713
0.9107500000000001,0.6000000000000001,-49314.99713378641,441.90776438376633
0.9107500000000001,0.60625,-49301.98407368788,428.8947042852378
0.9107500000000001,0.6125,-49289.19870473632,416.1093353336764
0.9107500000000001,0.61875,-49276.639326379765,403.54995697712
0.9107500000000001,0.625,-49264.304261645884,391.21489224323886
0.9107500000000001,0.6312500000000001,-49252.19185670201,379.10248729936575
0.9107500000000001,0.6375,-49240.30048042553,367.21111102288705
0.9107500000000001,0.64375,-49228.62852398453,355.53915458188567
0.9107500000000001,0.65,-49217.17440042831,344.08503102566465
0.9107500000000001,0.65625,-49205.93654428757,332.84717488492606
0.9107500000000001,0.6625000000000001,-49194.91341118393,321.8240417812849
0.9107500000000001,0.66875,-49184.10347744849,311.01410804584157
0.9107500000000001,0.675,-49173.50523974927,300.4158703466237
0.9107500000000001,0.68125,-49163.1172147272,290.0278453245555
0.9107500000000001,0.6875,-49152.93793864046,279.84856923781626
0.9107500000000001,0.6937500000000001,-49142.96596701691,269.87659761426767
0.9107500000000001,0.7,-49133.19987431443,260.1105049117832
0.9107500000000001,0.70625,-49123.638253588855,250.54888418620976
0.9107500000000001,0.7125000000000001,-49114.27971616951,241.19034676686715
0.9107500000000001,0.71875,-49105.12289134182,232.03352193917817
0.9107500000000001,0.7250000000000001,-49096.1664260371,223.07705663445813
0.9107500000000001,0.73125,-49087.408984529146,214.31961512650014
0.9107500000000001,0.7375,-49078.84924813756,205.7598787349125
0.9107500000000001,0.7437500000000001,-49070.485914937526,197.39654553488072
0.9107500000000001,0.75,-49062.31769947593,189.22833007328154
0.9107500000000001,0.7562500000000001,-49054.343332493656,181.25396309101052
0.9107500000000001,0.7625,-49046.56156065389,173.47219125124684
0.9107500000000001,0.76875,-49038.971146276206,165.88177687356074
0.9107500000000001,0.7750000000000001,-49031.5708670764,158.48149767375435
0.9107500000000001,0.78125,-49024.359515911885,151.27014650923957
0.9107500000000001,0.7875000000000001,-49017.33590053237,144.24653112972737
0.9107500000000001,0.79375,-49010.498843335954,137.40947393330862
0.9107500000000001,0.8,-49003.84718113023,130.75781172758434
0.9107500000000001,0.8062500000000001,-48997.379764898375,124.29039549572917
0.9107500000000001,0.8125,-48991.09545957025,118.00609016760427
0.9107500000000001,0.8187500000000001,-48984.99314379807,111.90377439542499
0.9107500000000001,0.825,-48979.0717097368,105.98234033415793
0.9107500000000001,0.83125,-48973.330062829045,100.24069342639996
0.9107500000000001,0.8375000000000001,-48967.76712159428,94.67775219163741
0.9107500000000001,0.84375,-48962.3818174225,89.29244801985624
0.9107500000000001,0.8500000000000001,-48957.173094371865,84.08372496921947
0.9107500000000001,0.85625,-48952.139908970625,79.05053956797929
0.9107500000000001,0.8625,-48947.281230022825,74.1918606201798
0.9107500000000001,0.8687500000000001,-48942.59603841808,69.50666901543445
0.9107500000000001,0.875,-48938.08332694504,64.99395754239231
0.9107500000000001,0.8812500000000001,-48933.74210010847,60.65273070582771
0.9107500000000001,0.8875,-48929.57137395018,56.482004547535325
0.9107500000000001,0.89375,-48925.5701758732,52.48080647055758
0.9107500000000001,0.9000000000000001,-48921.73754446957,48.64817506692634
0.9107500000000001,0.90625,-48918.07252935145,44.983159948802495
0.9107500000000001,0.9125000000000001,-48914.57419098544,41.48482158279512
0.9107500000000001,0.91875,-48911.24160053025,38.15223112760577
0.9107500000000001,0.925,-48908.073839677265,34.984470274619525
0.9107500000000001,0.9312500000000001,-48905.07000049442,31.980631091777468
0.9107500000000001,0.9375,-48902.22918527283,29.139815870184975
0.9107500000000001,0.9437500000000001,-48899.55050637648,26.461136973834073
0.9107500000000001,0.95,-48897.033086094714,23.943716692068847
0.9138333333333334,0.2,-50757.372229067434,1884.2828596647887
0.9138333333333334,0.20625000000000002,-50724.694262345016,1851.6048929423705
0.9138333333333334,0.21250000000000002,-50692.42817350179,1819.3388040991413
0.9138333333333334,0.21875,-50660.56907507388,1787.4797056712341
0.9138333333333334,0.225,-50629.11217901999,1756.022809617345
0.9138333333333334,0.23125,-50598.052793949304,1724.9634245466586
0.9138333333333334,0.23750000000000002,-50567.38632244787,1694.2969530452247
0.9138333333333334,0.24375000000000002,-50537.10825849916,1664.0188890965146
0.9138333333333334,0.25,-50507.214184994875,1634.1248155922294
0.9138333333333334,0.25625000000000003,-50477.69977133217,1604.6104019295235
0.9138333333333334,0.2625,-50448.56077109357,1575.4714016909275
0.9138333333333334,0.26875000000000004,-50419.79301980623,1546.703650403586
0.9138333333333334,0.275,-50391.39243277714,1518.303063374493
0.9138333333333334,0.28125,-50363.355003001314,1490.2656335986685
0.9138333333333334,0.28750000000000003,-50335.67679913984,1462.587429737192
0.9138333333333334,0.29375,-50308.35396356491,1435.2645941622613
0.9138333333333334,0.30000000000000004,-50281.38271046947,1408.2933410668265
0.9138333333333334,0.30625,-50254.7593240384,1381.6699546357559
0.9138333333333334,0.3125,-50228.480156679245,1355.3907872765994
0.9138333333333334,0.31875000000000003,-50202.54162730988,1329.4522579072363
0.9138333333333334,0.325,-50176.940219701035,1303.8508502983896
0.9138333333333334,0.33125000000000004,-50151.67248087139,1278.5831114687462
0.9138333333333334,0.3375,-50126.7350195334,1253.6456501307548
0.9138333333333334,0.34375,-50102.12450458776,1229.0351351851132
0.9138333333333334,0.35000000000000003,-50077.83766366475,1204.7482942621064
0.9138333333333334,0.35625,-50053.87128171067,1180.7819123080262
0.9138333333333334,0.36250000000000004,-50030.222199617594,1157.1328302149486
0.9138333333333334,0.36875,-50006.887312895014,1133.797943492369
0.9138333333333334,0.375,-49983.86357038161,1110.7742009789654
0.9138333333333334,0.38125000000000003,-49961.147972995845,1088.0586035931992
0.9138333333333334,0.3875,-49938.73757252382,1065.648203121178
0.9138333333333334,0.39375000000000004,-49916.62947044324,1043.5401010405913
0.9138333333333334,0.4,-49894.82081678192,1021.7314473792721
0.9138333333333334,0.40625,-49873.30880900983,1000.2194396071864
0.9138333333333334,0.41250000000000003,-49852.090690963385,979.0013215607396
0.9138333333333334,0.41875,-49831.163751800865,958.0743823982193
0.9138333333333334,0.42500000000000004,-49810.525324987815,937.4359555851697
0.9138333333333334,0.43125,-49790.172787311465,917.0834179088197
0.9138333333333334,0.4375,-49770.103557923096,897.0141885204503
0.9138333333333334,0.44375000000000003,-49750.31509740748,877.2257280048361
0.9138333333333334,0.45,-49730.804906878315,857.7155374756694
0.9138333333333334,0.45625000000000004,-49711.57052709895,838.4811576963039
0.9138333333333334,0.4625,-49692.60953762739,819.5201682247425
0.9138333333333334,0.46875,-49673.91955598486,800.8301865822141
0.9138333333333334,0.47500000000000003,-49655.49823684711,782.4088674444647
0.9138333333333334,0.48125,-49637.34327125777,764.2539018551252
0.9138333333333334,0.48750000000000004,-49619.45238586281,746.3630164601636
0.9138333333333334,0.49375,-49601.823342165735,728.7339727630897
0.9138333333333334,0.5,-49584.45393580261,711.3645663999632
0.9138333333333334,0.5062500000000001,-49567.34199583627,694.2526264336266
0.9138333333333334,0.5125,-49550.485384069325,677.3960146666795
0.9138333333333334,0.51875,-49533.881994375,660.7926249723532
0.9138333333333334,0.525,-49517.5297520456,644.4403826429552
0.9138333333333334,0.53125,-49501.42661315779,628.3372437551443
0.9138333333333334,0.5375000000000001,-49485.57056395425,612.4811945516049
0.9138333333333334,0.54375,-49469.95962024129,596.8702508386414
0.9138333333333334,0.55,-49454.591826801654,581.5024573990086
0.9138333333333334,0.55625,-49439.46525682241,566.3758874197665
0.9138333333333334,0.5625,-49424.578011337144,551.4886419344984
0.9138333333333334,0.5687500000000001,-49409.92821868218,536.8388492795348
0.9138333333333334,0.575,-49395.51403396639,522.4246645637468
0.9138333333333334,0.58125,-49381.33363855413,508.24426915148797
0.9138333333333334,0.5875,-49367.38523956094,494.2958701582975
0.9138333333333334,0.59375,-49353.66706936165,480.5776999590016
0.9138333333333334,0.6000000000000001,-49340.17738511044,467.0880157077918
0.9138333333333334,0.60625,-49326.914468272604,453.8250988699583
0.9138333333333334,0.6125,-49313.87662416758,440.7872547649313
0.9138333333333334,0.61875,-49301.06218152301,427.97281212036614
0.9138333333333334,0.625,-49288.46949203942,415.3801226367723
0.9138333333333334,0.6312500000000001,-49276.096929965206,403.0075605625607
0.9138333333333334,0.6375,-49263.94289168181,390.85352227916155
0.9138333333333334,0.64375,-49252.005795298464,378.916425895819
0.9138333333333334,0.65,-49240.284080256635,367.1947108539898
0.9138333333333334,0.65625,-49228.77620694342,355.6868375407721
0.9138333333333334,0.6625000000000001,-49217.48065631419,344.39128691154474
0.9138333333333334,0.66875,-49206.3959295237,333.30656012105464
0.9138333333333334,0.675,-49195.52054756577,322.4311781631259
0.9138333333333334,0.68125,-49184.85305092114,311.763681518496
0.9138333333333334,0.6875,-49174.39199921336,301.3026298107143
0.9138333333333334,0.6937500000000001,-49164.13597087246,291.0466014698177
0.9138333333333334,0.7,-49154.0835628061,280.99419340345776
0.9138333333333334,0.70625,-49144.233390078174,271.14402067552874
0.9138333333333334,0.7125000000000001,-49134.58408559451,261.49471619186806
0.9138333333333334,0.71875,-49125.13429979559,252.04493039294175
0.9138333333333334,0.7250000000000001,-49115.88270035591,242.7933309532673
0.9138333333333334,0.73125,-49106.82797189016,233.7386024875159
0.9138333333333334,0.7375,-49097.96881566555,224.87944626290118
0.9138333333333334,0.7437500000000001,-49089.30394932063,216.21457991798525
0.9138333333333334,0.75,-49080.83210659005,207.74273718740733
0.9138333333333334,0.7562500000000001,-49072.552037035275,199.46266763262975
0.9138333333333334,0.7625,-49064.46250578106,191.37313637841726
0.9138333333333334,0.76875,-49056.56229325762,183.47292385497713
0.9138333333333334,0.7750000000000001,-49048.850194948136,175.76082554549066
0.9138333333333334,0.78125,-49041.32502114172,168.23565173907264
0.9138333333333334,0.7875000000000001,-49033.985596691506,160.89622728886025
0.9138333333333334,0.79375,-49026.830760777826,153.74139137518068
0.9138333333333334,0.8,-49019.859366676326,146.76999727368093
0.9138333333333334,0.8062500000000001,-49013.070281530876,139.98091212823056
0.9138333333333334,0.8125,-49006.462386131185,133.37301672853937
0.9138333333333334,0.8187500000000001,-49000.03457469496,126.94520529231522
0.9138333333333334,0.825,-48993.78575465457,120.69638525192568
0.9138333333333334,0.83125,-48987.71484644801,114.625477045367
0.9138333333333334,0.8375000000000001,-48981.82078331412,108.7314139114751
0.9138333333333334,0.84375,-48976.10251109197,103.01314168932731
0.9138333333333334,0.8500000000000001,-48970.558988024204,97.46961862155877
0.9138333333333334,0.85625,-48965.18918456442,92.09981516177504
0.9138333333333334,0.8625,-48959.99208318828,86.90271378563193
0.9138333333333334,0.8687500000000001,-48954.96667820847,81.8773088058224
0.9138333333333334,0.875,-48950.11197559323,77.02260619058507
0.9138333333333334,0.8812500000000001,-48945.426992788525,72.33762338587985
0.9138333333333334,0.8875,-48940.91075854365,67.82138914100506
0.9138333333333334,0.89375,-48936.562312740265,63.472943337619654
0.9138333333333334,0.9000000000000001,-48932.38070622471,59.29133682206157
0.9138333333333334,0.90625,-48928.36500064362,55.27563124097651
0.9138333333333334,0.9125000000000001,-48924.514268282684,51.42489888003911
0.9138333333333334,0.91875,-48920.82759190844,47.73822250579542
0.9138333333333334,0.925,-48917.304064613214,44.21469521056861
0.9138333333333334,0.9312500000000001,-48913.94278966286,40.85342026021681
0.9138333333333334,0.9375,-48910.74288034755,37.653510944903246
0.9138333333333334,0.9437500000000001,-48907.70345983517,34.61409043252206
0.9138333333333334,0.95,-48904.823661027694,31.73429162504908
0.9169166666666667,0.2,-50791.49130820579,1918.4019388031447
0.9169166666666667,0.20625000000000002,-50758.84657487994,1885.7572054772972
0.9169166666666667,0.21250000000000002,-50726.60661616683,1853.5172467641823
0.9169166666666667,0.21875,-50694.76668884104,1821.6773194383932
0.9169166666666667,0.225,-50663.3221448105,1790.2327754078578
0.9169166666666667,0.23125,-50632.26842850312,1759.1790591004756
0.9169166666666667,0.23750000000000002,-50601.60107434502,1728.5117049423716
0.9169166666666667,0.24375000000000002,-50571.31570432607,1698.2263349234272
0.9169166666666667,0.25,-50541.40802564949,1668.3186562468472
0.9169166666666667,0.25625000000000003,-50511.873828461714,1638.7844590590685
0.9169166666666667,0.2625,-50482.70898365927,1609.619614256626
0.9169166666666667,0.26875000000000004,-50453.90944076957,1580.8200713669212
0.9169166666666667,0.275,-50425.47122590252,1552.3818564998728
0.9169166666666667,0.28125,-50397.390439770104,1524.301070367459
0.9169166666666667,0.28750000000000003,-50369.66325577123,1496.5738863685838
0.9169166666666667,0.29375,-50342.2859181392,1469.1965487365524
0.9169166666666667,0.30000000000000004,-50315.25474014933,1442.165370746683
0.9169166666666667,0.30625,-50288.56610238434,1415.4767329816968
0.9169166666666667,0.3125,-50262.216451055385,1389.1270816527394
0.9169166666666667,0.31875000000000003,-50236.20229637623,1363.112926973583
0.9169166666666667,0.325,-50210.52021098901,1337.4308415863634
0.9169166666666667,0.33125000000000004,-50185.166828439134,1312.077459036489
0.9169166666666667,0.3375,-50160.138841697786,1287.0494722951407
0.9169166666666667,0.34375,-50135.43300173005,1262.3436323274072
0.9169166666666667,0.35000000000000003,-50111.04611610705,1237.9567467044035
0.9169166666666667,0.35625,-50086.97504766039,1213.8856782577423
0.9169166666666667,0.36250000000000004,-50063.21671317738,1190.1273437747368
0.9169166666666667,0.36875,-50039.76808213555,1166.678712732908
0.9169166666666667,0.375,-50016.62617547496,1143.5368060723122
0.9169166666666667,0.38125000000000003,-49993.788064407,1120.6986950043574
0.9169166666666667,0.3875,-49971.25086925838,1098.1614998557343
0.9169166666666667,0.39375000000000004,-49949.01175834895,1075.9223889463028
0.9169166666666667,0.4,-49927.06794690223,1053.9785774995835
0.9169166666666667,0.40625,-49905.416695987515,1032.3273265848693
0.9169166666666667,0.41250000000000003,-49884.05531149234,1010.9659420896933
0.9169166666666667,0.41875,-49862.98114312439,989.8917737217416
0.9169166666666667,0.42500000000000004,-49842.191583441694,969.1022140390487
0.9169166666666667,0.43125,-49821.684066910195,948.5946975075494
0.9169166666666667,0.4375,-49801.45606898783,928.3666995851818
0.9169166666666667,0.44375000000000003,-49781.50510523402,908.4157358313751
0.9169166666666667,0.45,-49761.828730443944,888.7393610412983
0.9169166666666667,0.45625000000000004,-49742.42453780661,869.3351684039662
0.9169166666666667,0.4625,-49723.290158085976,850.2007886833308
0.9169166666666667,0.46875,-49704.423258824354,831.3338894217086
0.9169166666666667,0.47500000000000003,-49685.821543567334,812.7321741646883
0.9169166666666667,0.48125,-49667.48275110961,794.3933817069628
0.9169166666666667,0.48750000000000004,-49649.40465476088,776.315285358236
0.9169166666666667,0.49375,-49631.58506163137,758.4956922287238
0.9169166666666667,0.5,-49614.021811936065,740.9324425334198
0.9169166666666667,0.5062500000000001,-49596.712778317415,723.6234089147692
0.9169166666666667,0.5125,-49579.65586518554,706.5664957828922
0.9169166666666667,0.51875,-49562.84900807569,689.7596386730438
0.9169166666666667,0.525,-49546.29017302227,673.2008036196275
0.9169166666666667,0.53125,-49529.97735594888,656.8879865462368
0.9169166666666667,0.5375000000000001,-49513.908582074,640.8192126713548
0.9169166666666667,0.54375,-49498.081905331695,624.9925359290501
0.9169166666666667,0.55,-49482.49540780701,609.4060384043623
0.9169166666666667,0.55625,-49467.14719918546,594.0578297828179
0.9169166666666667,0.5625,-49452.03541621637,578.9460468137258
0.9169166666666667,0.5687500000000001,-49437.15822218943,564.0688527867824
0.9169166666666667,0.575,-49422.513806424235,549.4244370215893
0.9169166666666667,0.58125,-49408.100383772355,535.0110143697093
0.9169166666666667,0.5875,-49393.91619413159,520.8268247289452
0.9169166666666667,0.59375,-49379.95950197199,506.87013256934733
0.9169166666666667,0.6000000000000001,-49366.228595873334,493.1392264706883
0.9169166666666667,0.60625,-49352.72178807377,479.6324186711281
0.9169166666666667,0.6125,-49339.437414029206,466.3480446265603
0.9169166666666667,0.61875,-49326.37383198321,453.28446258056647
0.9169166666666667,0.625,-49313.52942254708,440.4400531444335
0.9169166666666667,0.6312500000000001,-49300.9025882898,427.8132188871532
0.9169166666666667,0.6375,-49288.49175333759,415.40238393494656
0.9169166666666667,0.64375,-49276.295362982855,403.2059935802099
0.9169166666666667,0.65,-49264.31188330207,391.2225138994254
0.9169166666666667,0.65625,-49252.53980078262,379.4504313799771
0.9169166666666667,0.6625000000000001,-49240.97762195812,367.8882525554727
0.9169166666666667,0.66875,-49229.62387305207,356.53450364942546
0.9169166666666667,0.675,-49218.47709962966,345.38773022701207
0.9169166666666667,0.68125,-49207.53586625737,334.4464968547254
0.9169166666666667,0.6875,-49196.79875617032,323.709386767674
0.9169166666666667,0.6937500000000001,-49186.264370946956,313.17500154431036
0.9169166666666667,0.7,-49175.9313301911,302.8419607884571
0.9169166666666667,0.70625,-49165.798271220985,292.70890181833965
0.9169166666666667,0.7125000000000001,-49155.86384876513,282.7744793624879
0.9169166666666667,0.71875,-49146.12673466495,273.03736526230205
0.9169166666666667,0.7250000000000001,-49136.58561758383,263.4962481811817
0.9169166666666667,0.73125,-49127.23920272256,254.14983331991243
0.9169166666666667,0.7375,-49118.08621154085,244.99684213820728
0.9169166666666667,0.7437500000000001,-49109.12538148498,236.03601208233158
0.9169166666666667,0.75,-49100.355465721106,227.26609631846077
0.9169166666666667,0.7562500000000001,-49091.77523287447,218.6858634718228
0.9169166666666667,0.7625,-49083.38346677394,210.29409737129754
0.9169166666666667,0.76875,-49075.17896620216,202.08959679951658
0.9169166666666667,0.7750000000000001,-49067.16054465073,194.07117524808564
0.9169166666666667,0.78125,-49059.327030080734,186.23766067808901
0.9169166666666667,0.7875000000000001,-49051.67726468813,178.58789528548368
0.9169166666666667,0.79375,-49044.21010467402,171.12073527137545
0.9169166666666667,0.8,-49036.92442001974,163.8350506170973
0.9169166666666667,0.8062500000000001,-49029.819094266524,156.7297248638788
0.9169166666666667,0.8125,-49022.893024299614,149.8036548969685
0.9169166666666667,0.8187500000000001,-49016.14512013695,143.05575073430373
0.9169166666666667,0.825,-49009.574304722,136.48493531935674
0.9169166666666667,0.83125,-49003.17951372078,130.09014431813557
0.9169166666666667,0.8375000000000001,-48996.95969532308,123.87032592043397
0.9169166666666667,0.84375,-48990.91381004754,117.82444064489391
0.9169166666666667,0.8500000000000001,-48985.040830550664,111.951461148019
0.9169166666666667,0.85625,-48979.33974143966,106.25037203701504
0.9169166666666667,0.8625,-48973.809539088936,100.72016968629032
0.9169166666666667,0.8687500000000001,-48968.44923146022,95.35986205757217
0.9169166666666667,0.875,-48963.25783792621,90.16846852356684
0.9169166666666667,0.8812500000000001,-48958.23438909769,85.14501969504636
0.9169166666666667,0.8875,-48953.37792665395,80.28855725130416
0.9169166666666667,0.89375,-48948.68750317652,75.59813377387763
0.9169166666666667,0.9000000000000001,-48944.162181986176,71.07281258353032
0.9169166666666667,0.90625,-48939.80103698292,66.71166758027539
0.9169166666666667,0.9125000000000001,-48935.60315248918,62.51378308653511
0.9169166666666667,0.91875,-48931.56762309589,58.4782536932471
0.9169166666666667,0.925,-48927.693553511526,54.60418410888087
0.9169166666666667,0.9312500000000001,-48923.980058413996,50.89068901135033
0.9169166666666667,0.9375,-48920.42626230531,47.33689290266193
0.9169166666666667,0.9437500000000001,-48917.03129936896,43.94192996631318
0.9169166666666667,0.95,-48913.79431332995,40.70494392730325
0.92,0.2,-50826.056897366725,1952.9675279640796
0.92,0.20625000000000002,-50793.452884857004,1920.363515454359
0.92,0.21250000000000002,-50761.246541642104,1888.1571722394583
0.92,0.21875,-50729.43326686688,1856.343897464234
0.92,0.225,-50698.00855064164,1824.9191812389981
0.92,0.23125,-50666.967971580736,1793.8786021780907
0.92,0.23750000000000002,-50636.30719442584,1763.2178250231955
0.92,0.24375000000000002,-50606.02196775061,1732.9325983479648
0.92,0.25,-50576.10812174307,1703.0187523404238
0.92,0.25625000000000003,-50546.56156606281,1673.4721966601646
0.92,0.2625,-50517.37828776971,1644.2889183670632
0.92,0.26875000000000004,-50488.554349321406,1615.464979918761
0.92,0.275,-50460.0858866368,1586.9965172341545
0.92,0.28125,-50431.96910722278,1558.8797378201343
0.92,0.28750000000000003,-50404.20028836184,1531.1109189591953
0.92,0.29375,-50376.775775358125,1503.6864059554791
0.92,0.30000000000000004,-50349.69197983959,1476.6026104369448
0.92,0.30625,-50322.94537811418,1449.856008711533
0.92,0.3125,-50296.53250957781,1423.4431401751644
0.92,0.31875000000000003,-50270.44997517236,1397.360605769718
0.92,0.325,-50244.69443589164,1371.6050664889917
0.92,0.33125000000000004,-50219.26261133344,1346.1732419307955
0.92,0.3375,-50194.15127829626,1321.0619088936146
0.92,0.34375,-50169.35726941868,1296.2679000160351
0.92,0.35000000000000003,-50144.87747186002,1271.7881024573726
0.92,0.35625,-50120.708826020724,1247.6194566180784
0.92,0.36250000000000004,-50096.848324301,1223.7589548983524
0.92,0.36875,-50073.29300989628,1200.203640493637
0.92,0.375,-50050.03997562837,1176.9506062257278
0.92,0.38125000000000003,-50027.0863628107,1153.9969934080582
0.92,0.3875,-50004.42936014683,1131.3399907441853
0.92,0.39375000000000004,-49982.06620266062,1108.976833257977
0.92,0.4,-49959.9941706574,1086.9048012547573
0.92,0.40625,-49938.21058871468,1065.1212193120373
0.92,0.41250000000000003,-49916.71282470161,1043.6234552989627
0.92,0.41875,-49895.49828882608,1022.408919423433
0.92,0.42500000000000004,-49874.564432708576,1001.4750633059302
0.92,0.43125,-49853.90874848189,980.8193790792429
0.92,0.4375,-49833.52876791568,960.4393985130373
0.92,0.44375000000000003,-49813.42206156532,940.3326921626722
0.92,0.45,-49793.58623794383,920.4968685411877
0.92,0.45625000000000004,-49774.01894271659,900.9295733139443
0.92,0.4625,-49754.7178579176,881.628488514958
0.92,0.46875,-49735.68070118704,862.5913317843952
0.92,0.47500000000000003,-49716.90522502904,843.8158556263952
0.92,0.48125,-49698.38921608927,825.2998466866266
0.92,0.48750000000000004,-49680.130494451645,807.0411250489997
0.92,0.49375,-49662.12691295339,789.0375435507449
0.92,0.5,-49644.37635651815,771.2869871155053
0.92,0.5062500000000001,-49626.87674150629,753.7873721036449
0.92,0.5125,-49609.62601508207,736.5366456794218
0.92,0.51875,-49592.622154597,719.5327851943512
0.92,0.525,-49575.863166989,702.7737975863565
0.92,0.53125,-49559.34708819681,686.2577187941642
0.92,0.5375000000000001,-49543.07198258913,669.9826131864829
0.92,0.54375,-49527.035942408154,653.946573005509
0.92,0.55,-49511.237087227,638.1477178243513
0.92,0.55625,-49495.673563420634,622.5841940179889
0.92,0.5625,-49480.34354364976,607.2541742471149
0.92,0.5687500000000001,-49465.24522635754,592.1558569548943
0.92,0.575,-49450.37683527854,577.2874658758956
0.92,0.58125,-49435.73661895956,562.6472495569178
0.92,0.5875,-49421.322850292214,548.2334808895685
0.92,0.59375,-49407.133826056524,534.044456653879
0.92,0.6000000000000001,-49393.16786647569,520.0784970730456
0.92,0.60625,-49379.42331478123,506.3339453785811
0.92,0.6125,-49365.89853678856,492.8091673859162
0.92,0.61875,-49352.59192048255,479.50255107990233
0.92,0.625,-49339.5018756127,466.4125062100575
0.92,0.6312500000000001,-49326.626833297916,453.5374638952708
0.92,0.6375,-49313.9652456403,440.87587623765285
0.92,0.64375,-49301.51558534794,428.4262159452919
0.92,0.65,-49289.27634536635,416.18697596370475
0.92,0.65625,-49277.24603851834,404.15666911569133
0.92,0.6625000000000001,-49265.423197151984,392.3338277493385
0.92,0.66875,-49253.806372796724,380.71700339407835
0.92,0.675,-49242.39413582705,369.3047664244077
0.92,0.68125,-49231.18507513382,358.09570573117526
0.92,0.6875,-49220.17779780281,347.08842840016587
0.92,0.6937500000000001,-49209.37092880052,336.28155939787393
0.92,0.7,-49198.76311066684,325.673741264196
0.92,0.70625,-49188.353003214404,315.26363381175906
0.92,0.7125000000000001,-49178.13928323472,305.0499138320738
0.92,0.71875,-49168.120644210445,295.0312748077995
0.92,0.7250000000000001,-49158.29579603407,285.20642663142644
0.92,0.73125,-49148.663464732614,275.57409532996826
0.92,0.7375,-49139.22239219821,266.1330227955623
0.92,0.7437500000000001,-49129.97133592445,256.8819665218034
0.92,0.75,-49120.9090687484,247.81969934575318
0.92,0.7562500000000001,-49112.03437859789,238.9450091952458
0.92,0.7625,-49103.346068244406,230.25669884176023
0.92,0.76875,-49094.842955060885,221.7535856582399
0.92,0.7750000000000001,-49086.52387078473,213.43450138208573
0.92,0.78125,-49078.38766128574,205.29829188309668
0.92,0.7875000000000001,-49070.433186338734,197.34381693608884
0.92,0.79375,-49062.65931940099,189.5699499983457
0.92,0.8,-49055.06494739414,181.97557799149217
0.92,0.8062500000000001,-49047.64897049057,174.5596010879235
0.92,0.8125,-49040.41030190413,167.32093250148318
0.92,0.8187500000000001,-49033.34786768514,160.25849828249193
0.92,0.825,-49026.46060651942,153.37123711677123
0.92,0.83125,-49019.74746953143,146.658100128785
0.92,0.8375000000000001,-49013.207420091305,140.11805068865942
0.92,0.84375,-49006.83943362573,133.75006422308797
0.92,0.8500000000000001,-49000.64249743261,127.55312802996195
0.92,0.85625,-48994.615610499226,121.52624109658063
0.92,0.8625,-48988.75778332422,115.66841392157221
0.92,0.8687500000000001,-48983.06803774278,109.97866834013257
0.92,0.875,-48977.54540675547,104.45603735282202
0.92,0.8812500000000001,-48972.18893436016,99.09956495751248
0.92,0.8875,-48966.99767538738,93.90830598473258
0.92,0.89375,-48961.970695338736,88.88132593609043
0.92,0.9000000000000001,-48957.1070702284,84.0177008257524
0.92,0.90625,-48952.4058864277,79.31651702505769
0.92,0.9125000000000001,-48947.86624051264,74.7768711099925
0.92,0.91875,-48943.48723911417,70.39786971152353
0.92,0.925,-48939.2679987715,66.17862936885649
0.92,0.9312500000000001,-48935.207645788,62.1182763853576
0.92,0.9375,-48931.30531608979,58.21594668714533
0.92,0.9437500000000001,-48927.56015508706,54.47078568441793
0.92,0.95,-48923.971317537886,50.881948135240236
